{"type":"FeatureCollection", "features": [
{"type":"Feature","geometry":{"type":"Polygon","coordinates":[[[31.4856,37.6104],[31.5263,37.6357],[31.5825,37.6413],[31.7064,37.6764],[31.7023,37.7049],[31.6464,37.7959],[31.6022,37.7812],[31.5616,37.8695],[31.5277,37.8868],[31.4185,37.9772],[31.3187,37.9504],[31.3538,37.8692],[31.4126,37.8009],[31.4591,37.7179],[31.4565,37.6281],[31.4856,37.6104]]]},"properties":{"name":"Beyşehir","scalerank":7,"min_zoom":5.7}},
{"type":"Feature","geometry":{"type":"Polygon","coordinates":[[[33.4485,65.6527],[33.5712,65.6095],[33.7063,65.6327],[33.6127,65.6624],[33.6033,65.6995],[33.7057,65.7593],[33.9477,65.7999],[33.8488,65.8241],[33.5827,65.7964],[33.4446,65.8043],[33.2668,65.734],[33.1491,65.7343],[33.2059,65.6663],[33.3487,65.6733],[33.4485,65.6527]]]},"properties":{"name":"Engozero","scalerank":5,"min_zoom":4.7}},
{"type":"Feature","geometry":{"type":"Polygon","coordinates":[[[31.279,66.0289],[31.1742,66.071],[31.1609,66.1311],[31.2051,66.157],[31.0718,66.2041],[31.1415,66.2303],[31.1374,66.2709],[31.1886,66.3133],[31.3358,66.3483],[31.4023,66.3848],[31.3008,66.4231],[31.3579,66.4513],[31.5213,66.4428],[31.7977,66.4672],[31.6567,66.4934],[31.571,66.4823],[31.4527,66.5058],[31.2569,66.4652],[31.2504,66.4166],[31.1586,66.3822],[31.1412,66.3204],[30.9631,66.2818],[30.884,66.2953],[30.8954,66.3327],[30.7288,66.3389],[30.846,66.2753],[30.8669,66.2253],[30.6096,66.1717],[30.7362,66.1208],[30.6279,66.0781],[30.6417,66.0354],[30.8851,65.9548],[31.1892,65.895],[31.2395,65.8656],[31.3443,65.8791],[31.3137,65.9397],[31.2404,65.9536],[31.279,66.0289]]]},"properties":{"name":"Pääjärvi","scalerank":4,"min_zoom":4}},
{"type":"Feature","geometry":{"type":"Polygon","coordinates":[[[-118.8369,65.7752],[-118.8317,65.7466],[-118.6617,65.6998],[-118.7088,65.6686],[-118.6412,65.6451],[-118.5613,65.6798],[-118.4345,65.6963],[-118.3675,65.6551],[-118.1851,65.6884],[-118.0438,65.6898],[-117.9828,65.734],[-117.8337,65.7316],[-117.8602,65.7664],[-117.963,65.7549],[-118.0038,65.7823],[-118.1692,65.8146],[-118.2662,65.8558],[-118.113,65.981],[-118.1105,66.0331],[-117.9508,66.0625],[-118.031,66.0975],[-117.9173,66.157],[-117.8044,66.1705],[-117.7574,66.1523],[-117.6133,66.2827],[-117.7118,66.3027],[-117.6884,66.3371],[-117.5818,66.3672],[-117.5964,66.474],[-117.7228,66.4299],[-117.8604,66.4095],[-117.8721,66.4828],[-117.764,66.5137],[-117.6937,66.595],[-117.7362,66.6662],[-117.8222,66.6306],[-118.0521,66.5973],[-118.2174,66.5126],[-118.2103,66.4505],[-118.3211,66.3913],[-118.5866,66.3371],[-118.6782,66.3533],[-118.8333,66.3092],[-118.895,66.3236],[-119.2017,66.3186],[-119.3763,66.343],[-119.518,66.3395],[-119.5573,66.3018],[-119.7644,66.3092],[-119.8362,66.3368],[-119.9491,66.3362],[-120.0056,66.3795],[-120.14,66.4084],[-120.3126,66.3798],[-120.4673,66.3884],[-120.4934,66.4237],[-120.4354,66.4678],[-120.3196,66.4949],[-120.3212,66.5488],[-120.2067,66.5541],[-120.1388,66.6056],[-119.9712,66.6633],[-119.806,66.6774],[-119.7054,66.726],[-119.522,66.7307],[-119.4431,66.7822],[-119.3022,66.8311],[-118.9805,66.8661],[-118.9993,66.9038],[-119.1237,66.8973],[-119.2781,66.9332],[-119.4864,66.9432],[-119.6555,66.9815],[-119.7785,66.9771],[-119.784,67.0448],[-119.936,67.0368],[-120.0526,67.0015],[-120.1543,67.0018],[-120.2667,66.9574],[-120.4291,66.9462],[-120.5359,66.9535],[-120.6428,66.9191],[-120.9775,66.8579],[-121.1628,66.8717],[-121.3603,66.7763],[-121.4629,66.7737],[-121.4639,66.7239],[-121.7486,66.6939],[-121.9969,66.6227],[-122.2529,66.5997],[-122.3479,66.6156],[-122.4696,66.5782],[-122.5154,66.6082],[-122.6186,66.5426],[-122.8923,66.5555],[-122.9893,66.4749],[-123.1073,66.4672],[-123.1977,66.4979],[-123.2701,66.4696],[-123.5016,66.4399],[-123.5474,66.4172],[-123.8007,66.3892],[-124.048,66.3121],[-124.2505,66.3651],[-124.3182,66.3648],[-124.4557,66.2597],[-124.7575,66.2921],[-124.8827,66.2656],[-124.9455,66.2894],[-125.073,66.2659],[-125.1237,66.1585],[-125.0317,66.0498],[-124.7963,65.9118],[-124.8046,66.0089],[-124.735,66.0507],[-124.6772,66.0007],[-124.5546,66.0151],[-124.5855,66.0722],[-124.5546,66.0975],[-124.5961,66.1523],[-124.1852,66.1796],[-124.0442,66.1119],[-123.8639,66.1058],[-123.7723,66.1255],[-123.2734,66.1726],[-123.1708,66.0849],[-123.0549,66.1052],[-122.9376,66.1796],[-123.0402,66.2276],[-123.0445,66.2529],[-121.9071,66.2497],[-121.662,66.1849],[-121.55,66.0934],[-121.3685,66.1175],[-121.2546,66.0928],[-121.235,66.0648],[-121.2826,65.9874],[-121.395,65.9524],[-121.838,65.9288],[-122.017,65.9824],[-122.1702,65.9874],[-122.2307,66.0095],[-122.3972,66.0127],[-122.6016,65.9812],[-122.511,65.9041],[-122.201,65.8514],[-122.1486,65.8217],[-122.1563,65.7749],[-122.3343,65.6513],[-122.5483,65.6006],[-122.6159,65.5741],[-122.7609,65.5656],[-122.8901,65.4823],[-122.7532,65.4119],[-122.7316,65.3434],[-122.8498,65.2709],[-122.9971,65.2262],[-123.4307,65.2021],[-123.4925,65.1653],[-123.3389,65.1126],[-122.224,64.9978],[-122.1667,64.9669],[-121.7852,65.0352],[-121.7109,65.0731],[-121.5877,65.0902],[-121.6703,65.1238],[-121.5945,65.1723],[-121.6187,65.268],[-121.5119,65.351],[-121.5331,65.3899],[-121.3548,65.4323],[-121.1556,65.4944],[-120.9577,65.568],[-120.7174,65.618],[-120.3884,65.5833],[-120.4089,65.5353],[-120.3333,65.5079],[-120.3608,65.4367],[-120.4123,65.3784],[-120.7037,65.1926],[-120.7652,65.1859],[-120.9804,65.1211],[-121.0135,65.0828],[-120.957,65.0419],[-121.0836,64.9866],[-121.2314,65.001],[-121.3139,64.973],[-121.3974,64.9931],[-121.4991,64.9433],[-121.5051,64.8841],[-121.3481,64.8159],[-121.2047,64.8094],[-121.1709,64.8462],[-121.0328,64.9048],[-121.0037,64.9377],[-120.9161,64.9395],[-120.7797,64.9842],[-120.6696,64.9866],[-120.3484,65.1143],[-120.2625,65.1585],[-120.131,65.1923],[-120.0558,65.1926],[-119.985,65.2824],[-119.8208,65.3528],[-119.7722,65.3398],[-119.6165,65.3484],[-119.4772,65.3225],[-119.5501,65.4284],[-119.6312,65.4738],[-119.8299,65.4914],[-119.8598,65.5244],[-120.0083,65.5768],[-120.0661,65.6357],[-119.9434,65.6242],[-119.854,65.6792],[-119.7172,65.6836],[-119.6131,65.7296],[-119.7647,65.7481],[-119.7032,65.7961],[-119.3053,65.789],[-119.1955,65.8096],[-118.9007,65.789],[-118.8369,65.7752]],[[-118.5465,65.7131],[-118.3176,65.8252],[-118.23,65.8302],[-118.1466,65.7982],[-118.1442,65.7669],[-118.2993,65.724],[-118.4976,65.6884],[-118.5465,65.7131]],[[-119.45,66.8375],[-119.4221,66.8717],[-119.2713,66.9053],[-119.1136,66.8785],[-119.3604,66.8328],[-119.45,66.8375]],[[-122.3735,66.2971],[-122.5807,66.2956],[-122.4999,66.3315],[-122.3697,66.3463],[-122.3735,66.2971]]]},"properties":{"name":"Great Bear Lake","scalerank":0,"min_zoom":1}},
{"type":"Feature","geometry":{"type":"Polygon","coordinates":[[[-111.6688,62.3876],[-111.7025,62.4003],[-111.7287,62.3821],[-111.9324,62.3264],[-111.9726,62.2776],[-112.1298,62.2216],[-112.2059,62.1707],[-112.2569,62.1675],[-112.3349,62.1189],[-112.4391,62.0794],[-112.6425,62.0624],[-112.7066,62.0683],[-112.8823,62.0356],[-112.9319,62.0753],[-113.0289,62.0341],[-113.1466,62.0338],[-113.2188,61.9991],[-113.3579,62.0067],[-113.4048,62.0359],[-113.5437,62.0103],[-113.5645,62.063],[-113.7411,62.0912],[-113.9266,62.219],[-114.0662,62.287],[-114.1388,62.294],[-114.2588,62.335],[-114.2412,62.4038],[-114.3409,62.4177],[-114.4221,62.38],[-114.6223,62.355],[-114.8035,62.4312],[-115.0789,62.488],[-115.2026,62.5392],[-115.2322,62.5887],[-115.3807,62.6311],[-115.5866,62.6461],[-115.7023,62.6847],[-115.9249,62.7789],[-115.9876,62.7859],[-116.0541,62.7112],[-115.948,62.6508],[-115.804,62.6093],[-115.8239,62.5684],[-115.6904,62.476],[-115.4974,62.4742],[-115.3413,62.4927],[-115.2625,62.4683],[-115.306,62.4262],[-115.3023,62.3355],[-115.2409,62.3132],[-115.3289,62.2469],[-115.3037,62.2243],[-115.1666,62.2525],[-115.1666,62.2184],[-115.0363,62.1781],[-115.0635,62.1295],[-114.947,62.0524],[-114.7898,62.0129],[-114.7524,61.9373],[-114.6391,61.934],[-114.6342,61.8575],[-114.7626,61.793],[-114.9543,61.7521],[-115.1957,61.7359],[-115.2237,61.7774],[-115.3753,61.7789],[-115.5437,61.7521],[-115.5406,61.6921],[-115.6396,61.6635],[-115.6601,61.6088],[-115.7699,61.5196],[-115.7562,61.4722],[-115.7079,61.4545],[-115.851,61.4045],[-115.907,61.4239],[-116.0333,61.393],[-116.0023,61.355],[-115.8586,61.3173],[-115.8586,61.2885],[-115.9939,61.2408],[-115.9946,61.1816],[-116.2058,61.2735],[-116.4201,61.2732],[-116.5408,61.3209],[-116.693,61.3338],[-116.7944,61.3173],[-116.7976,61.2911],[-116.7015,61.2246],[-116.9417,61.1837],[-117.0732,61.151],[-117.606,61.3073],[-117.5957,61.2708],[-117.4932,61.2561],[-117.4625,61.2037],[-117.3697,61.1737],[-117.3042,61.1086],[-117.1999,61.0633],[-117.0789,61.0465],[-116.9482,61.0539],[-116.8568,61.0409],[-116.7463,61.0474],[-116.6363,61.0124],[-116.5371,61.0327],[-116.4135,60.9479],[-115.9431,60.8437],[-115.6771,60.8617],[-115.5434,60.8349],[-115.2628,60.8478],[-115.1809,60.8711],[-114.8813,60.9064],[-114.7961,60.9305],[-114.7034,60.8996],[-114.5452,60.9411],[-114.4315,60.9526],[-114.2638,60.9974],[-114.0667,60.9862],[-114.043,60.97],[-113.762,61.0056],[-113.6872,61.0398],[-113.6316,61.0942],[-113.7096,61.2635],[-113.6656,61.3138],[-113.5273,61.3759],[-113.4105,61.3989],[-113.3384,61.4545],[-113.2089,61.4666],[-113.0079,61.4648],[-112.9571,61.3892],[-112.8851,61.4071],[-112.885,61.4442],[-112.7027,61.4439],[-112.6687,61.4725],[-112.4902,61.5181],[-112.3251,61.5855],[-112.2184,61.6108],[-112.1551,61.6988],[-112.0824,61.7256],[-112.0521,61.763],[-111.8261,61.8669],[-111.8183,61.8975],[-111.6288,61.9508],[-111.5565,62.0188],[-111.4763,62.0559],[-111.4969,62.0818],[-111.6383,62.0568],[-111.6788,62.0721],[-111.5003,62.1227],[-111.5256,62.1598],[-111.4351,62.1707],[-111.3836,62.2075],[-111.2479,62.2578],[-111.2827,62.2905],[-111.1401,62.3167],[-111.1378,62.3417],[-111.0346,62.3932],[-110.9221,62.4056],[-110.7758,62.3809],[-110.6727,62.4056],[-110.6579,62.3556],[-110.2636,62.3726],[-110.2451,62.398],[-110.3971,62.4106],[-110.3188,62.4536],[-110.173,62.4542],[-110.2716,62.5228],[-110.3352,62.5175],[-110.4909,62.4739],[-110.5062,62.5101],[-110.6618,62.4954],[-110.6443,62.541],[-110.4863,62.5337],[-110.3628,62.5684],[-110.2299,62.5719],[-110.1721,62.5478],[-109.887,62.5855],[-109.684,62.6708],[-110.0964,62.6888],[-110.1661,62.6747],[-110.2873,62.692],[-110.4279,62.6882],[-110.3898,62.7459],[-110.2018,62.7391],[-109.8492,62.7459],[-109.8973,62.7762],[-110.1031,62.7815],[-110.2138,62.7724],[-110.4177,62.7739],[-110.5481,62.6617],[-110.6783,62.6726],[-110.9903,62.649],[-111.0749,62.6293],[-111.2602,62.6237],[-111.3423,62.5631],[-111.535,62.4783],[-111.6305,62.3829],[-111.6688,62.3876]],[[-116.5098,61.1086],[-116.5542,61.0813],[-116.6537,61.0851],[-116.7264,61.068],[-116.907,61.1222],[-116.8437,61.1758],[-116.6961,61.1919],[-116.5302,61.1345],[-116.5098,61.1086]],[[-113.2447,61.9031],[-113.313,61.944],[-113.1408,61.9508],[-113.0787,61.9246],[-113.2447,61.9031]],[[-113.1687,61.7895],[-113.1291,61.8192],[-113.002,61.8231],[-112.5946,61.884],[-112.7482,61.8304],[-112.8911,61.8048],[-112.9427,61.8107],[-113.1687,61.7895]],[[-112.7136,61.6567],[-112.7119,61.7265],[-112.5807,61.768],[-112.5182,61.7324],[-112.5796,61.667],[-112.6505,61.6444],[-112.7136,61.6567]],[[-112.2335,61.8063],[-112.2884,61.7324],[-112.384,61.7141],[-112.4069,61.6788],[-112.3199,61.6473],[-112.4253,61.6252],[-112.474,61.5973],[-112.663,61.5708],[-112.6789,61.6088],[-112.5588,61.6226],[-112.5107,61.705],[-112.4533,61.7083],[-112.2903,61.7966],[-112.2335,61.8063]],[[-112.3121,61.869],[-112.4147,61.8413],[-112.4965,61.7977],[-112.6209,61.7801],[-112.9045,61.7542],[-112.871,61.7901],[-112.5787,61.8395],[-112.4592,61.8964],[-112.0793,61.9667],[-112.3121,61.869]],[[-111.7883,62.0085],[-111.8788,61.9276],[-111.9605,61.9446],[-111.852,62.0041],[-111.7883,62.0085]],[[-111.9933,62.0362],[-111.8018,62.1227],[-111.6579,62.1295],[-111.8927,62.0167],[-111.9933,62.0362]],[[-112.7744,61.9535],[-112.6863,61.9923],[-112.6796,62.0232],[-112.4188,62.0403],[-112.3332,62.078],[-112.0522,62.1318],[-112.0621,62.0924],[-112.1858,62.0821],[-112.3167,62.0397],[-112.4696,61.9561],[-112.7526,61.9167],[-112.7744,61.9535]],[[-111.8386,62.1898],[-111.7911,62.2408],[-111.726,62.2693],[-111.7125,62.335],[-111.6145,62.3435],[-111.6373,62.294],[-111.5759,62.2525],[-111.6681,62.2016],[-111.7677,62.1781],[-111.8386,62.1898]],[[-111.3847,62.3008],[-111.3357,62.3556],[-111.2601,62.3282],[-111.3847,62.3008]]]},"properties":{"name":"Great Slave Lake","scalerank":0,"min_zoom":1}},
{"type":"Feature","geometry":{"type":"Polygon","coordinates":[[[-111.7025,62.4003],[-111.6688,62.3876],[-111.4766,62.5646],[-111.4198,62.6281],[-110.8166,62.7597],[-110.5754,62.7739],[-110.699,62.8283],[-110.6334,62.8377],[-110.5133,62.8148],[-110.454,62.833],[-109.9447,62.8221],[-109.8409,62.798],[-109.7743,62.808],[-109.6636,62.7671],[-109.3067,62.7297],[-109.2378,62.5987],[-109.0158,62.6847],[-109.013,62.7329],[-108.9321,62.7585],[-108.9368,62.7939],[-109.0883,62.8354],[-109.2042,62.8407],[-109.2578,62.8619],[-109.4957,62.8633],[-109.6206,62.8828],[-109.6225,62.911],[-109.9242,62.9514],[-110.1284,62.9446],[-110.2332,62.9537],[-110.4504,62.9537],[-110.7467,62.9178],[-111.1924,62.808],[-111.3175,62.76],[-111.3766,62.7123],[-111.4604,62.6932],[-111.5297,62.5625],[-111.6139,62.5339],[-111.7025,62.4003]]]},"properties":{"name":"McLeod Bay","scalerank":0,"min_zoom":1}},
{"type":"Feature","geometry":{"type":"Polygon","coordinates":[[[-96.2803,51.241],[-96.3713,51.3378],[-96.4455,51.359],[-96.5423,51.4794],[-96.5792,51.4941],[-96.541,51.5427],[-96.721,51.6922],[-96.7828,51.7576],[-96.6776,51.782],[-96.7154,51.8267],[-96.7874,51.8641],[-96.8632,51.8671],[-96.864,51.9003],[-96.8206,51.9586],[-96.8693,52.0148],[-96.9596,52.0702],[-96.9519,52.0973],[-97.0111,52.1408],[-97.0364,52.1926],[-97.0891,52.2409],[-97.009,52.2509],[-97.0003,52.2757],[-97.0604,52.3401],[-97.0318,52.4052],[-97.1034,52.4502],[-97.1034,52.4879],[-97.1513,52.5886],[-97.1983,52.6392],[-97.1976,52.6842],[-97.3203,52.7664],[-97.3578,52.8314],[-97.3949,52.8555],[-97.3771,52.8994],[-97.4351,52.9474],[-97.3302,53.0095],[-97.4226,53.0669],[-97.4425,53.1502],[-97.4186,53.1738],[-97.5894,53.2997],[-97.6047,53.378],[-97.6787,53.4269],[-97.665,53.4814],[-97.7198,53.5361],[-97.7922,53.5753],[-97.8362,53.6253],[-97.8153,53.6494],[-97.8153,53.7213],[-97.8818,53.7787],[-97.8983,53.8272],[-97.9567,53.8743],[-97.9318,53.8994],[-97.9753,53.9441],[-97.9688,53.9847],[-97.7917,53.9953],[-97.7258,54.0501],[-97.7811,54.0713],[-97.836,54.0251],[-97.9364,54.0336],[-98.0311,53.9883],[-98.0384,53.9438],[-98.0993,53.9288],[-98.2336,54.0159],[-98.1553,54.063],[-98.1757,54.0981],[-98.1492,54.1867],[-98.0004,54.214],[-97.8646,54.2561],[-97.8025,54.3026],[-97.8257,54.3244],[-97.9407,54.3091],[-97.923,54.3733],[-97.9934,54.4139],[-98.0389,54.3562],[-98.107,54.3121],[-98.1544,54.2594],[-98.1544,54.2252],[-98.2168,54.159],[-98.2284,54.1037],[-98.3183,53.9921],[-98.288,53.9762],[-98.2417,53.8858],[-98.0902,53.8378],[-98.0319,53.7772],[-97.9046,53.7492],[-97.885,53.7063],[-97.9895,53.6915],[-98.0452,53.7522],[-98.2766,53.8402],[-98.3769,53.8573],[-98.6542,53.8508],[-98.744,53.8899],[-98.8332,53.8994],[-98.9612,53.8567],[-98.9548,53.8143],[-99.0045,53.7866],[-98.9755,53.7107],[-98.991,53.6706],[-99.056,53.6044],[-99.0272,53.58],[-99.0878,53.4873],[-99.0936,53.4304],[-99.1932,53.3783],[-99.2137,53.3239],[-99.2062,53.2685],[-99.253,53.2085],[-99.0834,53.1184],[-99.0423,53.0501],[-99.0119,53.0404],[-98.9253,53.0696],[-98.8192,53.0392],[-98.7817,53.091],[-98.6966,53.0716],[-98.607,53.0701],[-98.446,53.041],[-98.522,53.0051],[-98.7331,52.9786],[-98.8906,52.9235],[-98.8915,52.8441],[-98.8169,52.7911],[-98.8295,52.7584],[-98.7883,52.7022],[-98.7202,52.6524],[-98.6619,52.6357],[-98.6092,52.5783],[-98.4701,52.5041],[-98.4664,52.4325],[-98.4365,52.3799],[-98.325,52.3207],[-98.218,52.3057],[-98.1495,52.2391],[-98.1375,52.1385],[-98.0599,52.1099],[-98.0322,51.946],[-97.8775,51.8886],[-97.7803,51.8632],[-97.8054,51.9136],[-97.7742,52.0019],[-97.7123,52.0837],[-97.7635,52.087],[-97.7607,52.1308],[-97.6894,52.1485],[-97.6379,52.1043],[-97.5483,52.1385],[-97.4794,52.1308],[-97.5412,52.0381],[-97.6104,51.9942],[-97.5689,51.9672],[-97.4208,52.0407],[-97.3353,52.0396],[-97.3361,52.0081],[-97.246,51.8806],[-97.2258,51.7835],[-97.2962,51.6445],[-97.3022,51.5892],[-97.2778,51.5533],[-97.2878,51.4735],[-97.2691,51.4402],[-97.2036,51.4535],[-97.1201,51.5183],[-97.1375,51.5904],[-97.0959,51.6593],[-96.9713,51.6828],[-96.8988,51.7252],[-96.8255,51.7211],[-96.8284,51.6784],[-96.7818,51.6698],[-96.779,51.5998],[-96.726,51.5827],[-96.7618,51.5112],[-96.8021,51.4891],[-96.827,51.437],[-96.8701,51.4149],[-96.932,51.3431],[-96.9078,51.3275],[-96.9791,51.2645],[-96.9887,51.2101],[-96.9519,51.1862],[-96.8935,51.2121],[-96.7983,51.2934],[-96.7737,51.3431],[-96.6119,51.3455],[-96.6714,51.2613],[-96.7385,51.248],[-96.8284,51.1721],[-96.8598,51.1003],[-96.9207,51.0938],[-96.939,51.0252],[-96.9103,50.9975],[-96.9769,50.888],[-96.9457,50.8289],[-96.9847,50.7138],[-96.973,50.624],[-96.9382,50.6034],[-96.9696,50.5589],[-96.9047,50.4191],[-96.77,50.3879],[-96.6505,50.4],[-96.5666,50.4812],[-96.616,50.5418],[-96.5819,50.5831],[-96.5973,50.6614],[-96.5616,50.7135],[-96.5202,50.7317],[-96.4799,50.6622],[-96.4243,50.6302],[-96.294,50.624],[-96.3758,50.7032],[-96.3499,50.7762],[-96.3909,51.009],[-96.42,51.1011],[-96.3841,51.1214],[-96.3357,51.1962],[-96.2803,51.241]],[[-96.6025,51.1862],[-96.6624,51.0711],[-96.6918,51.0417],[-96.7856,51.0117],[-96.8501,51.0417],[-96.7684,51.0861],[-96.7403,51.1515],[-96.694,51.2056],[-96.6025,51.1862]],[[-96.3607,51.2195],[-96.4296,51.1956],[-96.5586,51.1771],[-96.5485,51.2136],[-96.4416,51.2613],[-96.3697,51.2672],[-96.3607,51.2195]],[[-97.1163,51.7064],[-97.1588,51.6207],[-97.1979,51.6307],[-97.1597,51.6934],[-97.1163,51.7064]],[[-97.2327,52.3192],[-97.3331,52.2759],[-97.3439,52.3213],[-97.3051,52.3495],[-97.2263,52.3581],[-97.2327,52.3192]],[[-97.8984,52.3336],[-97.9697,52.3169],[-98.0218,52.3616],[-98.0555,52.4325],[-98.0084,52.4585],[-98.0193,52.5167],[-97.9592,52.5423],[-97.9183,52.4537],[-97.9291,52.4111],[-97.8984,52.3336]]]},"properties":{"name":"Lake Winnipeg","scalerank":0,"min_zoom":1}},
{"type":"Feature","geometry":{"type":"Polygon","coordinates":[[[-83.0768,42.3044],[-83.0816,42.3091],[-83.1461,42.2328],[-83.2213,41.9947],[-83.2669,41.9826],[-83.2602,41.9343],[-83.3096,41.9352],[-83.3358,41.8872],[-83.3708,41.8775],[-83.4207,41.8104],[-83.4246,41.7636],[-83.4591,41.7215],[-83.3817,41.703],[-83.3148,41.7089],[-83.2185,41.6462],[-83.0956,41.6197],[-83.0189,41.5537],[-82.9378,41.5314],[-82.8845,41.5364],[-82.8282,41.5864],[-82.7856,41.5437],[-82.8218,41.4954],[-82.8675,41.5037],[-82.959,41.4893],[-82.9792,41.4687],[-82.9256,41.4325],[-82.8291,41.4707],[-82.709,41.4687],[-82.6164,41.4545],[-82.5048,41.3957],[-82.4384,41.3992],[-82.3631,41.4389],[-82.2509,41.4501],[-82.1732,41.4828],[-82.0407,41.511],[-81.8775,41.4901],[-81.7991,41.5081],[-81.743,41.4975],[-81.6722,41.5222],[-81.3484,41.7295],[-81.0262,41.8454],[-80.896,41.8728],[-80.8693,41.8934],[-80.3758,42.0235],[-80.1626,42.1183],[-80.0192,42.1672],[-79.8891,42.2296],[-79.7518,42.272],[-79.6284,42.3388],[-79.5601,42.3582],[-79.4708,42.4071],[-79.3684,42.4898],[-79.2559,42.5354],[-79.2352,42.5569],[-79.1507,42.5811],[-79.0313,42.7141],[-78.9159,42.7574],[-78.8709,42.7983],[-78.8675,42.8457],[-78.9364,42.9796],[-78.8931,43.0294],[-78.9149,43.0765],[-79.0755,43.0888],[-79.0319,43.0553],[-79.0422,43.01],[-78.927,42.9458],[-78.9654,42.8899],[-79.0766,42.8704],[-79.0949,42.8501],[-79.2029,42.8801],[-79.3685,42.8731],[-79.447,42.8807],[-79.4955,42.8575],[-79.5791,42.8616],[-79.6429,42.8451],[-79.7173,42.8672],[-79.8346,42.8324],[-79.8748,42.8324],[-80.1877,42.7924],[-80.2317,42.7777],[-80.444,42.6373],[-80.4434,42.5996],[-80.3411,42.6031],[-80.3,42.5825],[-80.0956,42.5713],[-80.1097,42.5425],[-80.2516,42.5581],[-80.3583,42.5793],[-80.5112,42.5722],[-80.7036,42.6117],[-80.7556,42.6343],[-80.9325,42.6667],[-81.229,42.6697],[-81.3591,42.6494],[-81.5402,42.5716],[-81.6569,42.4827],[-81.7932,42.4047],[-81.8591,42.3014],[-81.9237,42.2637],[-82.0612,42.2614],[-82.37,42.1366],[-82.4867,42.035],[-82.5066,41.9282],[-82.5487,41.9873],[-82.6227,42.038],[-82.7125,42.0353],[-82.8294,41.9897],[-82.9188,41.9888],[-82.9895,42.0235],[-83.1068,42.0556],[-83.1236,42.0721],[-83.1024,42.2434],[-83.0768,42.3044]],[[-78.9817,42.979],[-79.022,43.0105],[-79.0114,43.0653],[-78.9589,43.0709],[-78.9127,43.037],[-78.9817,42.979]]]},"properties":{"name":"Lake Erie","scalerank":0,"min_zoom":1}},
{"type":"Feature","geometry":{"type":"Polygon","coordinates":[[[-76.0872,43.9705],[-76.1847,44.0126],[-76.1327,44.0458],[-76.2097,44.0856],[-76.2747,44.062],[-76.3607,44.0959],[-76.3575,44.1315],[-76.1835,44.223],[-76.0538,44.2657],[-75.7808,44.4323],[-75.7792,44.4824],[-75.8445,44.4877],[-75.9415,44.4014],[-76.0095,44.3746],[-76.1083,44.3623],[-76.1682,44.3325],[-76.2357,44.3319],[-76.4524,44.2439],[-76.4771,44.2592],[-76.5442,44.2254],[-76.6593,44.2233],[-76.8367,44.1642],[-76.9737,44.0767],[-77.0725,44.0929],[-77.022,44.1435],[-77.0385,44.2151],[-77.1708,44.1718],[-77.2464,44.1939],[-77.2623,44.1447],[-77.1854,44.1483],[-77.0663,44.1824],[-77.1212,44.0446],[-77.0626,44.0588],[-77.009,44.0496],[-76.9207,44.0847],[-76.9012,44.052],[-76.9914,44.0128],[-77.0036,43.9625],[-76.9081,43.9422],[-77.0854,43.8872],[-77.1163,43.8651],[-77.2363,43.8807],[-77.1815,43.9357],[-77.3005,43.9234],[-77.3601,43.9681],[-77.4918,43.9522],[-77.5638,43.9911],[-77.5318,44.0179],[-77.6007,44.0452],[-77.8032,44.019],[-77.9066,43.9858],[-78.2795,43.9587],[-78.4224,43.9293],[-78.5013,43.9013],[-78.6074,43.9154],[-78.6701,43.8972],[-78.8784,43.8604],[-78.9527,43.8657],[-79.041,43.8298],[-79.0884,43.8265],[-79.1351,43.7844],[-79.2009,43.7541],[-79.3715,43.6446],[-79.4708,43.6481],[-79.5082,43.6002],[-79.5893,43.571],[-79.617,43.4942],[-79.683,43.4153],[-79.7747,43.3293],[-79.7725,43.2917],[-79.6923,43.2413],[-79.545,43.2095],[-79.395,43.2098],[-79.3304,43.1901],[-79.1744,43.2596],[-78.9907,43.2869],[-78.8621,43.3243],[-78.7542,43.3382],[-78.6894,43.3614],[-78.3802,43.3962],[-78.227,43.38],[-78.1066,43.3941],[-77.7488,43.3446],[-77.6247,43.2713],[-77.538,43.2569],[-77.3667,43.2978],[-76.9831,43.2843],[-76.7128,43.3388],[-76.6679,43.4015],[-76.5949,43.4474],[-76.4904,43.4842],[-76.4193,43.5339],[-76.3341,43.521],[-76.2463,43.5383],[-76.1881,43.5866],[-76.2104,43.6234],[-76.1682,43.6684],[-76.2204,43.6952],[-76.2097,43.7373],[-76.2483,43.8239],[-76.3032,43.8586],[-76.2784,43.8839],[-76.2048,43.8745],[-76.1458,43.9169],[-76.1335,43.9566],[-76.0872,43.9705]],[[-76.6405,44.1756],[-76.7032,44.1247],[-76.7784,44.1229],[-76.7943,44.1627],[-76.6601,44.2007],[-76.6405,44.1756]],[[-76.4162,44.2227],[-76.36,44.2372],[-76.2715,44.238],[-76.2528,44.2163],[-76.4162,44.2227]],[[-76.4085,44.135],[-76.4333,44.1203],[-76.4993,44.1665],[-76.4596,44.2062],[-76.4013,44.211],[-76.351,44.1892],[-76.4085,44.135]]]},"properties":{"name":"Lake Ontario","scalerank":0,"min_zoom":1}},
{"type":"Feature","geometry":{"type":"Polygon","coordinates":[[[-83.0816,42.3091],[-83.0768,42.3044],[-82.9477,42.3432],[-82.7734,42.3108],[-82.6264,42.3108],[-82.5755,42.3253],[-82.4788,42.3253],[-82.4389,42.3391],[-82.4075,42.4024],[-82.4309,42.4618],[-82.4159,42.4969],[-82.5217,42.5128],[-82.5925,42.5101],[-82.6443,42.5513],[-82.6315,42.6694],[-82.7053,42.702],[-82.8143,42.6317],[-82.7734,42.5996],[-82.8635,42.5575],[-82.8834,42.4966],[-82.8723,42.4498],[-82.89,42.4033],[-82.938,42.3662],[-83.0426,42.3409],[-83.0816,42.3091]]]},"properties":{"name":"Lake Saint Clair","scalerank":0,"min_zoom":1}},
{"type":"Feature","geometry":{"type":"Polygon","coordinates":[[[-80.6284,27.0116],[-80.6792,27.1134],[-80.7519,27.1879],[-80.7885,27.1964],[-80.845,27.1726],[-80.9765,27.0436],[-81.033,27.003],[-81.102,26.9756],[-81.0692,26.897],[-81.02,26.872],[-80.9884,26.8817],[-80.931,26.7784],[-80.8141,26.7034],[-80.7417,26.6878],[-80.7357,26.7525],[-80.6942,26.749],[-80.6874,26.814],[-80.636,26.8661],[-80.6147,26.938],[-80.6284,27.0116]]]},"properties":{"name":"Lake Okeechobee","scalerank":1,"min_zoom":1.7}},
{"type":"Feature","geometry":{"type":"Polygon","coordinates":[[[-84.782,11.1627],[-84.782,11.2413],[-84.7978,11.2784],[-84.8862,11.3682],[-84.9048,11.4329],[-85.0577,11.5801],[-85.0656,11.6063],[-85.1473,11.6961],[-85.1862,11.7553],[-85.2721,11.7953],[-85.296,11.8377],[-85.3675,11.8777],[-85.4102,11.8862],[-85.4326,11.865],[-85.5631,12.0284],[-85.6182,12.0364],[-85.7752,12.1182],[-85.8445,12.0896],[-85.8713,12.0979],[-85.9221,12.0125],[-85.938,11.9469],[-85.9043,11.8998],[-85.8851,11.7535],[-85.9191,11.7179],[-85.8567,11.6637],[-85.8335,11.5769],[-85.7957,11.5089],[-85.7683,11.4064],[-85.7503,11.3755],[-85.628,11.2554],[-85.5628,11.2413],[-85.4972,11.1936],[-85.4089,11.1624],[-85.296,11.1389],[-85.2574,11.1047],[-85.1526,11.0979],[-84.9728,11.0573],[-84.8883,11.0311],[-84.8195,11.0494],[-84.7677,11.0903],[-84.782,11.1627]],[[-85.8782,11.7079],[-85.8713,11.7485],[-85.7993,11.7694],[-85.782,11.7111],[-85.8782,11.7079]],[[-85.4526,11.4273],[-85.4976,11.3988],[-85.5474,11.4188],[-85.5663,11.4744],[-85.6388,11.4794],[-85.7137,11.5089],[-85.6857,11.5601],[-85.6522,11.5854],[-85.5977,11.5913],[-85.5555,11.5571],[-85.5497,11.5068],[-85.4724,11.4862],[-85.4526,11.4273]]]},"properties":{"name":"Lago de Nicaragua","scalerank":1,"min_zoom":1.7}},
{"type":"Feature","geometry":{"type":"Polygon","coordinates":[[[-100.2856,53.6303],[-100.2687,53.6258],[-100.2582,53.6415],[-100.1227,53.6686],[-100.0183,53.7042],[-100.0118,53.7436],[-99.9282,53.7395],[-99.9404,53.7902],[-99.8872,53.8493],[-99.799,53.7869],[-99.7198,53.8293],[-99.6977,53.9373],[-99.5874,53.9915],[-99.6072,54.0633],[-99.7259,54.0209],[-99.764,53.9677],[-99.8273,53.922],[-99.8807,53.9182],[-99.9739,53.8576],[-100.0354,53.8576],[-100.1154,53.8034],[-100.1831,53.8808],[-100.0688,53.917],[-100.0513,53.9615],[-100.2111,53.9947],[-100.232,54.0474],[-100.1709,54.0527],[-100.1275,54.1001],[-99.953,54.1263],[-99.8047,54.1834],[-99.8356,54.209],[-99.945,54.2005],[-100.1138,54.2279],[-100.1979,54.252],[-100.2516,54.1964],[-100.3165,54.2426],[-100.3923,54.194],[-100.2654,54.0881],[-100.3265,54.0095],[-100.2722,53.9418],[-100.3289,53.925],[-100.3676,53.9515],[-100.4587,53.9656],[-100.5206,53.9379],[-100.514,53.9047],[-100.4033,53.8711],[-100.3574,53.8982],[-100.184,53.907],[-100.4625,53.8187],[-100.4534,53.7893],[-100.3788,53.7698],[-100.284,53.6553],[-100.2856,53.6303]]]},"properties":{"name":null,"scalerank":4,"min_zoom":4}},
{"type":"Feature","geometry":{"type":"Polygon","coordinates":[[[-103.6405,58.3881],[-103.5942,58.3658],[-103.6881,58.2804],[-103.5953,58.2804],[-103.6412,58.2283],[-103.6328,58.1721],[-103.6672,58.1403],[-103.6329,58.0932],[-103.568,58.0523],[-103.7319,58.0175],[-103.7469,57.9531],[-103.6329,57.9357],[-103.6814,57.8803],[-103.8503,57.79],[-103.7344,57.7723],[-103.6814,57.8332],[-103.615,57.8547],[-103.3972,57.8742],[-103.3351,57.8612],[-103.2757,57.7864],[-103.1746,57.8365],[-103.305,57.8898],[-103.2569,57.9636],[-103.2774,58.0455],[-103.2361,58.107],[-102.9509,58.1585],[-102.9159,58.2171],[-103.0204,58.1988],[-103.0167,58.2645],[-102.9222,58.3393],[-102.8541,58.3072],[-102.7674,58.3996],[-102.8042,58.4426],[-102.9278,58.4632],[-102.9756,58.5109],[-103.0629,58.5441],[-103.1309,58.5215],[-103.188,58.5321],[-103.23,58.4641],[-103.387,58.4226],[-103.5243,58.4205],[-103.5711,58.4346],[-103.6405,58.3881]],[[-103.5039,58.0661],[-103.4506,58.0808],[-103.4011,58.0231],[-103.5317,57.984],[-103.5786,58.0178],[-103.5039,58.0661]]]},"properties":{"name":"Wollaston Lake","scalerank":2,"min_zoom":2}},
{"type":"Feature","geometry":{"type":"Polygon","coordinates":[[[-101.5157,57.9289],[-101.7252,57.8715],[-101.7891,57.8159],[-101.8354,57.8512],[-101.9062,57.7847],[-101.9404,57.8126],[-101.7707,57.9478],[-101.8341,58.0634],[-101.8701,57.9949],[-101.9754,57.9433],[-102.0633,57.9722],[-101.9983,58.0402],[-101.9512,58.1241],[-102.0241,58.1276],[-102.0677,58.0796],[-102.1502,58.0514],[-102.1677,58.0019],[-102.1192,57.984],[-102.1464,57.943],[-102.4081,57.8536],[-102.4487,57.7985],[-102.5688,57.6775],[-102.6511,57.7199],[-102.7251,57.6763],[-102.6876,57.6552],[-102.6958,57.5427],[-102.7768,57.493],[-102.9151,57.4356],[-102.9051,57.3976],[-102.9515,57.3629],[-102.9068,57.3322],[-102.7834,57.2834],[-102.6739,57.2057],[-102.7357,57.1871],[-102.7474,57.1227],[-102.7088,57.0791],[-102.6353,57.0979],[-102.5766,57.075],[-102.5921,57.0176],[-102.5437,57.004],[-102.5568,56.891],[-102.5506,56.8015],[-102.6841,56.7765],[-102.7088,56.7438],[-102.6991,56.6858],[-102.8429,56.6057],[-102.8863,56.6234],[-102.7646,56.7155],[-102.8112,56.7364],[-102.8655,56.6999],[-102.8861,56.6505],[-102.9424,56.596],[-102.9591,56.5351],[-103.1127,56.475],[-103.085,56.5857],[-103.1122,56.6128],[-103.0687,56.6661],[-103.085,56.7297],[-103.0539,56.7626],[-103.0541,56.8824],[-103.114,56.8695],[-103.14,56.7906],[-103.1162,56.7217],[-103.147,56.6749],[-103.1612,56.5893],[-103.2242,56.6007],[-103.2903,56.5857],[-103.325,56.5445],[-103.2978,56.5071],[-103.1923,56.4998],[-103.3034,56.3906],[-103.2978,56.2778],[-103.2513,56.2702],[-103.2363,56.3391],[-103.111,56.44],[-103.0597,56.362],[-102.9459,56.3682],[-102.8829,56.4659],[-102.8204,56.5139],[-102.7506,56.5007],[-102.6707,56.5466],[-102.5784,56.5592],[-102.5747,56.6002],[-102.4668,56.596],[-102.5027,56.6402],[-102.3798,56.7364],[-102.3457,56.7774],[-102.4246,56.7921],[-102.3148,56.8563],[-102.1963,56.8489],[-102.1226,56.9316],[-102.0365,56.9896],[-101.9567,56.9887],[-101.9869,57.0482],[-102.0684,57.1194],[-102.0672,57.1904],[-101.939,57.2607],[-101.8981,57.2372],[-101.825,57.271],[-101.8447,57.3057],[-102.0092,57.3322],[-102.1675,57.3467],[-102.0858,57.4306],[-102.0949,57.4941],[-101.9342,57.5036],[-101.9028,57.5483],[-101.7629,57.6072],[-101.638,57.7579],[-101.5812,57.7814],[-101.531,57.8391],[-101.5157,57.9289]],[[-102.1501,57.0691],[-102.1398,56.9587],[-102.1873,56.9504],[-102.2618,56.8904],[-102.283,56.9766],[-102.2254,57.0499],[-102.1501,57.0691]],[[-102.4596,57.46],[-102.5538,57.3979],[-102.6487,57.4353],[-102.5878,57.4594],[-102.4596,57.46]]]},"properties":{"name":"Reindeer Lake","scalerank":2,"min_zoom":2}},
{"type":"Feature","geometry":{"type":"Polygon","coordinates":[[[-94.3306,49.0909],[-94.2608,49.123],[-94.2146,49.0956],[-94.1502,49.0956],[-94.0124,49.1845],[-94.247,49.1786],[-94.3065,49.2802],[-94.3461,49.2814],[-94.4435,49.2363],[-94.5144,49.2555],[-94.6082,49.3082],[-94.5686,49.3485],[-94.7021,49.3665],[-94.7664,49.3352],[-94.8089,49.3411],[-94.759,49.4174],[-94.6818,49.4268],[-94.6361,49.4656],[-94.3187,49.4866],[-94.2491,49.4656],[-94.1967,49.3968],[-94.2208,49.3244],[-94.1613,49.3129],[-94.0752,49.2622],[-94.0245,49.3214],[-94.0449,49.3647],[-94.1774,49.445],[-94.2003,49.4936],[-94.3165,49.5116],[-94.4015,49.5787],[-94.3823,49.637],[-94.2954,49.6661],[-94.2729,49.6917],[-94.4447,49.7273],[-94.4934,49.7803],[-94.5012,49.8245],[-94.5611,49.8698],[-94.5305,49.8869],[-94.5294,49.9475],[-94.6236,49.9943],[-94.6779,49.9834],[-94.6941,49.9216],[-94.6169,49.8828],[-94.5331,49.7809],[-94.5611,49.7326],[-94.5421,49.6964],[-94.6566,49.7126],[-94.8229,49.6935],[-94.8157,49.6228],[-94.8825,49.5681],[-94.9925,49.5893],[-94.9869,49.6358],[-95.0606,49.6308],[-95.1157,49.654],[-95.1787,49.6131],[-95.0948,49.5378],[-95.1569,49.4801],[-95.1123,49.445],[-94.9448,49.5192],[-94.8484,49.5407],[-94.8556,49.5704],[-94.7763,49.5987],[-94.759,49.6234],[-94.6631,49.644],[-94.6335,49.5981],[-94.7108,49.5366],[-94.7832,49.5157],[-94.8432,49.5219],[-94.8543,49.4671],[-94.9073,49.4618],[-94.9105,49.4174],[-95.0238,49.3744],[-94.9713,49.3429],[-94.9304,49.2911],[-94.9448,49.2151],[-94.9717,49.1928],[-95.118,49.1507],[-95.1248,49.1851],[-95.2271,49.1716],[-95.2904,49.1124],[-95.2804,49.0618],[-95.2319,49.0276],[-95.3276,48.9791],[-95.3276,48.9314],[-95.2524,48.8828],[-95.1414,48.899],[-95.0677,48.9623],[-94.9651,48.9699],[-94.8387,48.8663],[-94.7352,48.854],[-94.6497,48.8749],[-94.6155,48.9237],[-94.5626,48.9543],[-94.4581,48.967],[-94.3207,49.0691],[-94.3306,49.0909]],[[-94.5149,49.1174],[-94.5069,49.0641],[-94.5468,49.0276],[-94.6051,49.0474],[-94.6219,49.0844],[-94.5149,49.1174]],[[-94.4613,49.151],[-94.5442,49.1583],[-94.6125,49.1112],[-94.6566,49.1095],[-94.7118,49.0747],[-94.7461,49.1439],[-94.7386,49.1784],[-94.6696,49.2057],[-94.6225,49.1784],[-94.4987,49.2175],[-94.4486,49.2057],[-94.4613,49.151]]]},"properties":{"name":"Lake of the Woods","scalerank":2,"min_zoom":2}},
{"type":"Feature","geometry":{"type":"Polygon","coordinates":[[[-88.9418,50.0503],[-88.8871,49.999],[-88.85,49.9381],[-88.8828,49.9066],[-88.9755,49.8931],[-88.9389,49.8463],[-88.986,49.7753],[-89.0599,49.7653],[-89.005,49.7026],[-88.9618,49.7394],[-88.9071,49.6717],[-88.9193,49.6458],[-88.891,49.5846],[-88.9031,49.5534],[-88.9838,49.5392],[-88.9446,49.496],[-88.8177,49.5481],[-88.6675,49.6437],[-88.6458,49.6075],[-88.7312,49.5828],[-88.7495,49.5345],[-88.8046,49.4936],[-88.7829,49.4589],[-88.6342,49.4103],[-88.5391,49.4656],[-88.4683,49.4309],[-88.4348,49.3673],[-88.3958,49.3935],[-88.3459,49.4742],[-88.2745,49.4795],[-88.2281,49.4383],[-88.1772,49.4621],[-88.1604,49.5272],[-88.1735,49.5908],[-88.1052,49.6576],[-88.1129,49.7597],[-88.1492,49.7724],[-88.1052,49.8227],[-88.1052,49.9181],[-88.0334,49.9899],[-88.1835,50.0258],[-88.2423,50.1303],[-88.1603,50.1418],[-88.2142,50.2207],[-88.2932,50.2328],[-88.316,50.2678],[-88.3962,50.3011],[-88.441,50.2813],[-88.3693,50.2292],[-88.3385,50.2404],[-88.2752,50.1768],[-88.2767,50.1327],[-88.3786,50.1618],[-88.4114,50.211],[-88.5042,50.2513],[-88.5815,50.2607],[-88.646,50.2863],[-88.6906,50.2728],[-88.8177,50.1924],[-88.8439,50.0832],[-88.9003,50.0485],[-88.9418,50.0503]],[[-88.4957,49.6317],[-88.3993,49.7],[-88.3727,49.6855],[-88.3897,49.6199],[-88.4583,49.6096],[-88.4957,49.6317]],[[-88.6458,49.9728],[-88.6404,50.0494],[-88.5762,50.0455],[-88.568,49.994],[-88.6458,49.9728]],[[-88.7228,49.8907],[-88.6976,49.9193],[-88.6154,49.8669],[-88.7158,49.853],[-88.7228,49.8907]]]},"properties":{"name":"Lake Nipigon","scalerank":2,"min_zoom":2}},
{"type":"Feature","geometry":{"type":"Polygon","coordinates":[[[-97.9455,50.432],[-97.9713,50.4815],[-98.0671,50.5289],[-98.1164,50.6169],[-98.3108,50.7629],[-98.3906,50.8362],[-98.4788,50.8736],[-98.6017,50.9021],[-98.7029,50.891],[-98.7555,50.926],[-98.7748,50.9728],[-98.7656,51.0446],[-98.6427,51.1047],[-98.6551,51.1718],[-98.5569,51.2209],[-98.5628,51.2901],[-98.7408,51.3166],[-98.7765,51.3961],[-98.8096,51.4123],[-98.7667,51.4714],[-98.7804,51.5138],[-98.7259,51.5727],[-98.7752,51.613],[-98.8417,51.7217],[-98.9791,51.6872],[-98.9908,51.6484],[-98.9125,51.5804],[-98.9108,51.5035],[-98.8797,51.3834],[-98.8988,51.3455],[-98.9824,51.4558],[-98.9939,51.5221],[-99.0248,51.5662],[-99.0409,51.6878],[-99.1932,51.7752],[-99.1412,51.6487],[-99.2431,51.6369],[-99.3257,51.7652],[-99.4812,51.7882],[-99.5486,51.719],[-99.5619,51.6828],[-99.5531,51.5865],[-99.498,51.5865],[-99.4634,51.6398],[-99.3988,51.6522],[-99.3513,51.6236],[-99.3012,51.6354],[-99.2842,51.568],[-99.1514,51.5492],[-99.1093,51.4932],[-99.1037,51.3502],[-99.0652,51.2822],[-99.0219,51.2892],[-98.9926,51.2286],[-98.846,51.2268],[-98.8754,51.1362],[-98.9418,51.1079],[-99.0219,51.1309],[-99.0101,51.0761],[-98.9738,51.0605],[-98.913,50.9666],[-98.8517,50.9769],[-98.8537,50.8736],[-98.8021,50.8436],[-98.7079,50.7553],[-98.6941,50.7026],[-98.5921,50.5542],[-98.5899,50.5142],[-98.5369,50.4591],[-98.5169,50.3917],[-98.5656,50.3529],[-98.5762,50.3122],[-98.549,50.2404],[-98.5132,50.211],[-98.4174,50.1868],[-98.3175,50.188],[-98.1722,50.2198],[-98.0505,50.289],[-97.9405,50.3337],[-97.9455,50.432]]]},"properties":{"name":"Lake Manitoba","scalerank":2,"min_zoom":2}},
{"type":"Feature","geometry":{"type":"Polygon","coordinates":[[[-99.635,51.6796],[-99.6518,51.7717],[-99.6246,51.8132],[-99.6405,51.8521],[-99.7036,51.8329],[-99.7155,51.7426],[-99.8022,51.744],[-99.817,51.8541],[-99.7622,51.9065],[-99.7332,51.9633],[-99.7488,52.0584],[-99.824,52.059],[-99.8231,52.1762],[-99.8563,52.2453],[-99.7989,52.3063],[-99.7597,52.3201],[-99.7413,52.371],[-99.6932,52.4099],[-99.6976,52.4585],[-99.6352,52.5459],[-99.673,52.5977],[-99.6655,52.6901],[-99.7133,52.7484],[-99.6867,52.7825],[-99.7344,52.8167],[-99.6929,52.8782],[-99.7437,52.9618],[-99.9502,52.9904],[-100.0839,53.0663],[-100.3684,53.0972],[-100.4264,53.152],[-100.5315,53.1764],[-100.5561,53.1352],[-100.6462,53.1225],[-100.6627,53.091],[-100.7457,53.0978],[-100.8374,53.0769],[-100.9308,53.0981],[-100.9338,53.1473],[-101.0553,53.1387],[-101.108,53.1078],[-101.0977,53.0631],[-100.9862,53.0154],[-100.966,52.935],[-101.014,52.9003],[-101.0019,52.8647],[-100.933,52.8576],[-100.9576,52.7958],[-100.8358,52.8223],[-100.8511,52.7752],[-100.8268,52.7407],[-100.6736,52.7546],[-100.6605,52.8397],[-100.5978,52.8576],[-100.5998,52.9035],[-100.7051,52.9497],[-100.7145,52.9845],[-100.635,53.0013],[-100.51,52.9471],[-100.4584,52.9721],[-100.4101,52.9439],[-100.4507,52.8744],[-100.406,52.8441],[-100.4354,52.7984],[-100.43,52.7449],[-100.3234,52.7137],[-100.3651,52.6592],[-100.2267,52.6483],[-100.2825,52.7275],[-100.2645,52.7784],[-100.3624,52.8132],[-100.303,52.8373],[-100.2401,52.895],[-100.1949,52.8235],[-100.1481,52.8029],[-100.0535,52.8046],[-100.0399,52.7531],[-100.0669,52.6145],[-100.0184,52.6039],[-99.9808,52.5568],[-100.0293,52.5076],[-100.0157,52.4434],[-100.1316,52.3854],[-100.1801,52.2854],[-100.1531,52.225],[-100.1733,52.2068],[-100.1516,52.1326],[-100.1596,52.0251],[-100.1112,51.9739],[-100.1453,51.9186],[-100.0497,51.782],[-100.0466,51.7234],[-99.9925,51.7267],[-100.0018,51.8103],[-99.9709,51.8267],[-99.974,51.895],[-99.9971,51.9106],[-100.0293,52.0284],[-99.9688,52.0402],[-99.9331,51.9704],[-99.944,51.9265],[-99.8858,51.8509],[-99.9406,51.7649],[-99.9459,51.7078],[-99.8755,51.656],[-99.8027,51.5827],[-99.7518,51.5789],[-99.6929,51.6107],[-99.6106,51.6172],[-99.635,51.6796]],[[-99.8716,52.3746],[-99.9269,52.3475],[-99.9615,52.3875],[-99.9694,52.4387],[-99.9309,52.5106],[-99.8359,52.5368],[-99.8505,52.409],[-99.8716,52.3746]]]},"properties":{"name":"Lake Winnipegosis","scalerank":2,"min_zoom":2}},
{"type":"Feature","geometry":{"type":"Polygon","coordinates":[[[-109.1807,59.0905],[-109.0543,59.0884],[-108.9069,59.1332],[-108.8517,59.1014],[-108.6399,59.1246],[-108.602,59.1408],[-108.1944,59.152],[-108.0399,59.2038],[-107.9498,59.2085],[-107.7845,59.265],[-107.7586,59.3401],[-107.6261,59.3425],[-107.5905,59.2889],[-107.5131,59.3154],[-107.4503,59.293],[-107.3131,59.293],[-107.1633,59.3089],[-107.0904,59.2865],[-106.9329,59.2889],[-106.9089,59.265],[-106.8053,59.2756],[-106.7534,59.2583],[-106.0183,59.2712],[-106.0941,59.2939],[-106.3199,59.2712],[-106.6402,59.2892],[-106.6499,59.3174],[-106.8065,59.3266],[-106.8658,59.3139],[-106.922,59.3448],[-107.1895,59.3198],[-107.3194,59.3372],[-107.5227,59.4122],[-107.6631,59.4022],[-107.864,59.416],[-108.1224,59.4705],[-108.2274,59.4623],[-108.2832,59.4773],[-108.3341,59.4437],[-108.4439,59.457],[-108.5606,59.4502],[-108.6049,59.4122],[-108.8158,59.3678],[-108.9478,59.3887],[-108.7677,59.487],[-108.8349,59.532],[-108.9259,59.5238],[-109.0148,59.4793],[-109.1186,59.5426],[-109.1496,59.598],[-109.2256,59.615],[-109.4861,59.6077],[-109.6057,59.5491],[-109.7492,59.4929],[-109.8673,59.3954],[-109.8458,59.3648],[-109.9752,59.3383],[-110.0563,59.2824],[-110.1433,59.2538],[-110.1706,59.2241],[-110.3898,59.1279],[-110.5399,59.1123],[-110.6675,59.0219],[-110.705,58.9504],[-110.8201,58.8806],[-110.8143,58.84],[-110.9108,58.7926],[-110.9834,58.7793],[-111.0689,58.7308],[-111.1852,58.7205],[-111.1341,58.7681],[-111.2149,58.8041],[-111.3013,58.7835],[-111.2879,58.6966],[-111.1751,58.6754],[-111.0961,58.5798],[-111.0415,58.5594],[-110.945,58.6439],[-110.836,58.6316],[-110.8559,58.4876],[-110.8181,58.485],[-110.7613,58.54],[-110.786,58.6189],[-110.617,58.6177],[-110.5982,58.648],[-110.4451,58.621],[-110.3746,58.6292],[-110.3455,58.6863],[-110.4135,58.7001],[-110.4436,58.7493],[-110.3035,58.8567],[-110.2117,58.9021],[-109.9743,58.9827],[-109.9206,59.0113],[-109.3926,59.0866],[-109.2768,59.1399],[-109.1807,59.0905]]]},"properties":{"name":"Lake Athabasca","scalerank":2,"min_zoom":2}},
{"type":"Feature","geometry":{"type":"Polygon","coordinates":[[[-73.3962,50.8218],[-73.3089,50.8636],[-73.0972,51.0255],[-73.0545,51.0752],[-72.9637,51.1335],[-72.7683,51.2083],[-72.6177,51.241],[-72.7801,51.2572],[-72.8664,51.2477],[-72.9105,51.2101],[-73.0379,51.145],[-73.1044,51.1992],[-72.9493,51.2742],[-72.8456,51.2945],[-72.7867,51.3284],[-72.9246,51.3528],[-73.0999,51.2831],[-73.1092,51.3148],[-73.0229,51.3522],[-73.0997,51.3681],[-73.249,51.2928],[-73.3377,51.2675],[-73.5638,51.1447],[-73.6119,51.0961],[-73.7326,51.0273],[-73.819,51.0249],[-73.8626,50.9869],[-73.9312,50.9893],[-73.9169,50.9354],[-73.9343,50.8771],[-73.8312,50.8845],[-73.8976,50.8318],[-73.9134,50.7856],[-74.0002,50.6549],[-74.023,50.5551],[-74.0776,50.4562],[-73.9858,50.4868],[-73.8844,50.591],[-73.8452,50.5951],[-73.8928,50.4288],[-73.8561,50.3746],[-73.9209,50.3782],[-73.8901,50.2819],[-73.8245,50.2675],[-73.8312,50.2198],[-73.9114,50.1874],[-73.9681,50.2007],[-74.1686,50.0394],[-74.0932,50.0423],[-74.096,50.082],[-73.8296,50.2175],[-73.8075,50.2525],[-73.8273,50.387],[-73.7862,50.4011],[-73.8245,50.4559],[-73.8187,50.5842],[-73.6852,50.7464],[-73.6252,50.8362],[-73.5843,50.8327],[-73.4787,50.9345],[-73.3433,51.0326],[-73.1736,51.1721],[-73.1119,51.11],[-73.1923,51.0814],[-73.2416,51.0278],[-73.2245,50.9804],[-73.3467,50.9348],[-73.4622,50.8277],[-73.3962,50.8218]]]},"properties":{"name":"Lake Mistassini","scalerank":2,"min_zoom":2}},
{"type":"Feature","geometry":{"type":"Polygon","coordinates":[[[-75.7774,43.2351],[-75.9757,43.2637],[-76.1204,43.2637],[-76.0685,43.216],[-75.9602,43.1827],[-75.8801,43.1751],[-75.7645,43.1851],[-75.7774,43.2351]]]},"properties":{"name":"Oneida Lake","scalerank":3,"min_zoom":3}},
{"type":"Feature","geometry":{"type":"Polygon","coordinates":[[[-154.0262,59.7811],[-154.1308,59.7811],[-154.1915,59.7984],[-154.4851,59.7884],[-154.6243,59.7722],[-154.6741,59.784],[-154.8123,59.7652],[-154.9224,59.6863],[-154.9833,59.6663],[-155.6748,59.6277],[-155.8893,59.5258],[-155.9292,59.4708],[-155.9067,59.3583],[-155.7826,59.3198],[-155.5661,59.3289],[-155.3873,59.3848],[-155.327,59.3863],[-155.2491,59.4246],[-155.0095,59.4175],[-154.8026,59.4502],[-154.5685,59.4355],[-154.7343,59.5185],[-154.6074,59.5188],[-154.5709,59.5665],[-154.6399,59.6171],[-154.3706,59.6766],[-154.1578,59.6857],[-153.9932,59.731],[-153.905,59.779],[-154.0262,59.7811]]]},"properties":{"name":"Iliamna Lake","scalerank":3,"min_zoom":3}},
{"type":"Feature","geometry":{"type":"Polygon","coordinates":[[[-155.9607,57.9115],[-156.0296,57.9492],[-156.1039,57.9445],[-156.2552,58.0146],[-156.5188,58.0605],[-156.6067,58.1046],[-156.7239,58.0932],[-156.8415,58.0623],[-156.8862,58.004],[-156.8753,57.9666],[-156.8036,57.9151],[-156.6687,57.8715],[-156.6239,57.8803],[-156.4417,57.8603],[-156.3443,57.8188],[-156.1499,57.8144],[-156.101,57.6922],[-156.0047,57.7264],[-155.9827,57.8009],[-156.0223,57.8188],[-155.9513,57.875],[-155.9607,57.9115]]]},"properties":{"name":null,"scalerank":3,"min_zoom":3}},
{"type":"Feature","geometry":{"type":"Polygon","coordinates":[[[-119.9256,39.2439],[-119.9707,39.2621],[-120.0775,39.2097],[-120.1418,39.1349],[-120.149,39.087],[-120.1073,39.0699],[-120.0791,38.961],[-120.0315,38.9398],[-119.9625,38.958],[-119.9353,39.0419],[-119.9395,39.1364],[-119.9223,39.1694],[-119.9256,39.2439]]]},"properties":{"name":"Lake Tahoe","scalerank":3,"min_zoom":3}},
{"type":"Feature","geometry":{"type":"Polygon","coordinates":[[[-88.3038,44.1686],[-88.3575,44.2004],[-88.4604,44.2045],[-88.441,44.1721],[-88.516,44.0823],[-88.516,43.9731],[-88.4701,43.8898],[-88.472,43.8253],[-88.4076,43.8253],[-88.3931,43.8671],[-88.3281,43.9187],[-88.3344,44.0914],[-88.3038,44.1686]]]},"properties":{"name":"Lake Winnebago","scalerank":3,"min_zoom":3}},
{"type":"Feature","geometry":{"type":"Polygon","coordinates":[[[-71.362,66.5579],[-71.289,66.5152],[-71.2616,66.4328],[-71.0972,66.3304],[-71.1686,66.2662],[-71.117,66.2341],[-71.1856,66.1399],[-71.2707,66.0816],[-71.0972,66.0922],[-71.0844,66.0631],[-71.1859,66.0219],[-71.2953,66.0192],[-71.3361,65.9665],[-71.1884,65.9659],[-71.0205,66.0401],[-71.0074,66.0799],[-70.9263,66.0972],[-70.8412,66.1796],[-70.7461,66.1732],[-70.6235,66.2894],[-70.4586,66.2668],[-70.4665,66.2135],[-70.2434,66.1902],[-70.2132,66.2212],[-70.0821,66.2665],[-69.973,66.2485],[-69.8923,66.2706],[-69.8388,66.2282],[-69.7335,66.1994],[-69.5806,66.192],[-69.5144,66.2135],[-69.5144,66.2924],[-69.4178,66.3277],[-69.1707,66.3951],[-69.1595,66.4278],[-69.2458,66.4643],[-69.3241,66.4519],[-69.4178,66.4717],[-69.4281,66.4193],[-69.5677,66.4281],[-69.6661,66.4725],[-69.4871,66.4949],[-69.2263,66.57],[-69.3161,66.5764],[-69.4548,66.5093],[-69.4629,66.5868],[-69.7677,66.6321],[-69.7839,66.6609],[-69.939,66.6659],[-69.9935,66.7139],[-70.137,66.7139],[-70.1864,66.7333],[-70.3605,66.7298],[-70.5137,66.7513],[-70.5934,66.7963],[-70.6583,66.8717],[-70.631,66.8958],[-70.8371,66.9462],[-70.7956,66.9883],[-70.937,66.9947],[-71.0354,67.0374],[-71.1859,67.033],[-71.2678,66.9944],[-71.158,66.9738],[-71.1859,66.9267],[-71.1928,66.8364],[-71.2985,66.7943],[-71.3088,66.7275],[-71.3714,66.6933],[-71.3914,66.6456],[-71.4762,66.5947],[-71.362,66.5579]]]},"properties":{"name":"Nettilling Lake","scalerank":3,"min_zoom":3}},
{"type":"Feature","geometry":{"type":"Polygon","coordinates":[[[-102.1982,63.1659],[-102.1948,63.1097],[-102.1251,63.0768],[-102.1129,63.0408],[-101.9888,62.9731],[-102.0356,62.9255],[-101.9807,62.9063],[-101.7891,62.8751],[-101.7701,62.8056],[-101.6838,62.8098],[-101.4982,62.7803],[-101.4052,62.8424],[-101.428,62.9137],[-101.3684,62.9416],[-101.3103,62.8837],[-101.3353,62.7524],[-101.4339,62.7391],[-101.4061,62.6505],[-101.2607,62.6711],[-101.1784,62.7167],[-101.13,62.702],[-101.0462,62.7362],[-101.0383,62.8027],[-101.0839,62.8695],[-101.0127,62.9146],[-100.9389,62.9016],[-100.8459,62.964],[-100.8347,63.0202],[-100.9152,63.0214],[-101.0458,63.0529],[-101.1127,63.0974],[-101.1434,63.1592],[-101.0633,63.2325],[-101.0399,63.3172],[-100.9957,63.3214],[-100.833,63.2746],[-100.6697,63.3458],[-100.617,63.5048],[-100.6847,63.5563],[-100.7828,63.5813],[-100.7978,63.5139],[-100.9635,63.5106],[-100.9841,63.4368],[-101.0732,63.455],[-101.0776,63.3835],[-101.1322,63.3903],[-101.2083,63.4721],[-101.3173,63.5056],[-101.4133,63.4727],[-101.3007,63.4462],[-101.3044,63.3841],[-101.3856,63.3923],[-101.4264,63.445],[-101.5889,63.4647],[-101.6189,63.445],[-101.5184,63.4026],[-101.6252,63.3667],[-101.6762,63.3926],[-101.7833,63.3214],[-101.797,63.2672],[-101.8716,63.2254],[-102.027,63.1901],[-102.1982,63.1659]]]},"properties":{"name":"Dubawnt Lake","scalerank":3,"min_zoom":3}},
{"type":"Feature","geometry":{"type":"Polygon","coordinates":[[[-96.1431,64.1989],[-96.0342,64.1406],[-95.821,64.0823],[-95.8121,64.0405],[-95.7115,64.0364],[-95.6162,64.0549],[-95.5145,64.0482],[-95.2927,64.0797],[-95.1913,64.0761],[-95.0026,64.1238],[-94.8961,64.1138],[-94.6423,64.0193],[-94.5262,64.014],[-94.4221,63.9846],[-94.3259,63.9852],[-94.2285,64.0655],[-94.1967,64.1238],[-94.2754,64.1391],[-94.5948,64.1353],[-94.6665,64.1547],[-94.6563,64.1989],[-94.7664,64.2268],[-95.1233,64.2342],[-95.3058,64.2987],[-95.4585,64.309],[-95.556,64.2854],[-95.6133,64.3098],[-95.7923,64.2878],[-96.0141,64.3151],[-96.2064,64.2922],[-96.1059,64.2301],[-96.1431,64.1989]]]},"properties":{"name":"Baker Lake","scalerank":3,"min_zoom":3}},
{"type":"Feature","geometry":{"type":"Polygon","coordinates":[[[-73.365,44.2083],[-73.2887,44.2622],[-73.3011,44.2922],[-73.2568,44.4414],[-73.2242,44.4791],[-73.2968,44.5492],[-73.2416,44.5733],[-73.2006,44.689],[-73.1733,44.7988],[-73.1835,44.8371],[-73.1702,44.9277],[-73.2162,44.9486],[-73.1683,45.001],[-73.1124,44.981],[-73.0787,45.054],[-73.0959,45.0852],[-73.1586,45.0782],[-73.254,44.9651],[-73.3651,44.9981],[-73.4004,44.835],[-73.3732,44.8023],[-73.4355,44.7128],[-73.4544,44.6416],[-73.4381,44.573],[-73.4018,44.5392],[-73.4203,44.4971],[-73.3769,44.4385],[-73.3538,44.2896],[-73.3377,44.2642],[-73.4334,44.1954],[-73.424,44.1612],[-73.4584,44.0602],[-73.4069,44.0847],[-73.3626,44.1512],[-73.365,44.2083]],[[-73.338,44.6263],[-73.3514,44.7105],[-73.3299,44.7485],[-73.2652,44.7382],[-73.2899,44.689],[-73.2815,44.6245],[-73.338,44.6263]]]},"properties":{"name":"Lake Champlain","scalerank":3,"min_zoom":3}},
{"type":"Feature","geometry":{"type":"Polygon","coordinates":[[[-108.2333,55.9105],[-108.177,56.0376],[-108.1136,56.0585],[-108.1464,56.113],[-108.209,56.1415],[-108.1659,56.1925],[-108.1634,56.2499],[-108.084,56.2643],[-108.043,56.4112],[-108.1336,56.4362],[-108.1904,56.4144],[-108.3005,56.4621],[-108.3649,56.4147],[-108.4199,56.4606],[-108.4412,56.5219],[-108.4024,56.5857],[-108.4576,56.6749],[-108.5984,56.684],[-108.691,56.7438],[-108.6443,56.8015],[-108.7934,56.8127],[-108.8349,56.798],[-108.9159,56.6811],[-108.8316,56.6782],[-108.7795,56.702],[-108.6767,56.6888],[-108.7456,56.5987],[-108.7381,56.4901],[-108.6788,56.4742],[-108.5538,56.4756],[-108.4826,56.609],[-108.4439,56.5931],[-108.4926,56.5354],[-108.4923,56.4833],[-108.5834,56.3735],[-108.564,56.3255],[-108.4671,56.3464],[-108.4167,56.3152],[-108.3261,56.3055],[-108.2509,56.2519],[-108.2459,56.168],[-108.3414,56.176],[-108.4651,56.1065],[-108.4576,55.9861],[-108.4963,55.8701],[-108.6439,55.8598],[-108.5933,55.9199],[-108.7877,56.0594],[-108.8355,56.0712],[-108.8828,56.1195],[-109.0094,56.115],[-109.1505,56.1371],[-109.2061,56.0865],[-109.1496,56.0438],[-109.0908,55.9581],[-108.9829,55.9178],[-108.848,55.9414],[-108.7356,55.9116],[-108.7381,55.8595],[-108.6757,55.7954],[-108.666,55.7206],[-108.691,55.6296],[-108.6694,55.5502],[-108.6015,55.5646],[-108.6321,55.6929],[-108.4933,55.7268],[-108.4445,55.8304],[-108.3756,55.8083],[-108.2951,55.8369],[-108.2932,55.8737],[-108.2333,55.9105]],[[-108.5465,56.619],[-108.5606,56.5584],[-108.6276,56.5557],[-108.6972,56.6128],[-108.6602,56.652],[-108.5465,56.619]]]},"properties":{"name":"Churchill Lake","scalerank":3,"min_zoom":3}},
{"type":"Feature","geometry":{"type":"Polygon","coordinates":[[[-117.795,63.1374],[-117.782,63.1133],[-117.5854,63.0959],[-117.2742,63.1365],[-117.3291,63.2242],[-117.3868,63.2392],[-117.3881,63.3019],[-117.524,63.3152],[-117.5097,63.3493],[-117.6201,63.3932],[-117.7636,63.4038],[-117.953,63.4574],[-118.0054,63.5663],[-118.0745,63.5878],[-118.3191,63.541],[-118.4215,63.4794],[-118.5587,63.4574],[-118.545,63.4182],[-118.6679,63.3287],[-118.5649,63.3064],[-118.3354,63.309],[-118.2324,63.2852],[-118.1257,63.3114],[-118.1273,63.2392],[-118.0827,63.1954],[-117.9622,63.2122],[-117.9075,63.1506],[-117.795,63.1374]],[[-117.8108,63.3058],[-117.9008,63.2878],[-117.9355,63.3214],[-117.8554,63.3449],[-117.8108,63.3058]]]},"properties":{"name":"Lac la Martre","scalerank":3,"min_zoom":3}},
{"type":"Feature","geometry":{"type":"Polygon","coordinates":[[[-77.1034,42.5599],[-77.0666,42.6202],[-77.0873,42.6235],[-77.1034,42.5599]]]},"properties":{"name":"Keuka Lake","scalerank":4,"min_zoom":4}},
{"type":"Feature","geometry":{"type":"Polygon","coordinates":[[[-76.8705,42.4298],[-76.8936,42.5581],[-76.8664,42.6611],[-76.9764,42.8528],[-76.9662,42.745],[-76.9082,42.6658],[-76.9257,42.6214],[-76.9107,42.4568],[-76.8705,42.4298]]]},"properties":{"name":"Seneca Lake","scalerank":4,"min_zoom":4}},
{"type":"Feature","geometry":{"type":"Polygon","coordinates":[[[-76.5425,42.5454],[-76.6405,42.6129],[-76.6819,42.7065],[-76.7223,42.7574],[-76.7443,42.8613],[-76.7802,42.7883],[-76.7503,42.7227],[-76.7094,42.6885],[-76.6567,42.5931],[-76.5425,42.5454]]]},"properties":{"name":"Cayuga Lake","scalerank":4,"min_zoom":4}},
{"type":"Feature","geometry":{"type":"Polygon","coordinates":[[[-106.1717,57.4397],[-106.0962,57.4197],[-106.0837,57.4794],[-106.1286,57.4983],[-106.1889,57.5663],[-106.0501,57.6372],[-106.1138,57.6755],[-106.2971,57.7229],[-106.367,57.6914],[-106.3986,57.6519],[-106.5906,57.621],[-106.7582,57.5445],[-106.8143,57.4965],[-106.9924,57.4291],[-107.0362,57.384],[-107.1064,57.369],[-106.9959,57.3158],[-107.1351,57.2463],[-107.0122,57.2277],[-106.9232,57.2645],[-106.9525,57.2943],[-106.868,57.3399],[-106.8165,57.3431],[-106.81,57.3908],[-106.7045,57.3976],[-106.7096,57.3467],[-106.5261,57.3658],[-106.4435,57.3528],[-106.3654,57.3643],[-106.2682,57.402],[-106.203,57.3967],[-106.1717,57.4397]],[[-106.4886,57.5197],[-106.5753,57.4579],[-106.7298,57.4768],[-106.4915,57.5348],[-106.4886,57.5197]]]},"properties":{"name":"Cree Lake","scalerank":4,"min_zoom":4}},
{"type":"Feature","geometry":{"type":"Polygon","coordinates":[[[-99.7219,62.8834],[-99.7588,62.8148],[-99.6319,62.8012],[-99.5772,62.8145],[-99.4154,62.7977],[-99.2356,62.8628],[-99.195,62.9101],[-99.1044,62.9284],[-99.1523,62.9934],[-99.2962,63.0332],[-99.3963,63.0921],[-99.5768,62.9934],[-99.5631,62.9793],[-99.7219,62.8834]]]},"properties":{"name":null,"scalerank":4,"min_zoom":4}},
{"type":"Feature","geometry":{"type":"Polygon","coordinates":[[[-102.5916,60.3415],[-102.6283,60.245],[-102.2631,60.2173],[-102.2147,60.1711],[-102.1732,60.0739],[-102.0229,59.9709],[-101.9583,59.9653],[-101.8254,60.1693],[-101.8759,60.2391],[-101.9404,60.2788],[-101.9459,60.3768],[-102.1485,60.4546],[-102.201,60.605],[-102.2881,60.6488],[-102.3656,60.6468],[-102.4543,60.5773],[-102.463,60.5373],[-102.4071,60.454],[-102.3317,60.4593],[-102.306,60.4239],[-102.3386,60.3745],[-102.4268,60.3595],[-102.4759,60.2882],[-102.5916,60.3415]]]},"properties":{"name":"Kasba Lake","scalerank":4,"min_zoom":4}},
{"type":"Feature","geometry":{"type":"Polygon","coordinates":[[[-90.4223,30.3096],[-90.4756,30.3541],[-90.523,30.3317],[-90.576,30.2843],[-90.5755,30.1901],[-90.5114,30.1763],[-90.4493,30.2113],[-90.4011,30.2987],[-90.4223,30.3096]]]},"properties":{"name":null,"scalerank":4,"min_zoom":4}},
{"type":"Feature","geometry":{"type":"Polygon","coordinates":[[[-73.9553,56.1089],[-74.034,56.1492],[-74.1665,56.1342],[-74.2345,56.1409],[-74.3021,56.2025],[-74.2564,56.236],[-74.355,56.3076],[-74.4554,56.3476],[-74.6053,56.3391],[-74.8028,56.3131],[-74.8015,56.2696],[-74.8466,56.239],[-74.7561,56.1268],[-74.8097,56.0938],[-74.5364,56.0718],[-74.3661,56.0456],[-74.2701,55.9693],[-74.1118,55.9475],[-74.0361,55.962],[-73.9837,56.0158],[-73.9553,56.1089]]]},"properties":{"name":"Lac-à-l'Eau-Claire","scalerank":4,"min_zoom":4}},
{"type":"Feature","geometry":{"type":"Polygon","coordinates":[[[-80.4359,46.2571],[-80.3601,46.2824],[-80.3274,46.2312],[-80.2821,46.2203],[-80.0366,46.2518],[-79.9098,46.2247],[-79.868,46.2047],[-79.7715,46.2212],[-79.6763,46.2047],[-79.5924,46.1482],[-79.5254,46.1493],[-79.5291,46.1938],[-79.4664,46.2138],[-79.3821,46.197],[-79.3695,46.2221],[-79.4314,46.2477],[-79.5027,46.3257],[-79.5806,46.3413],[-79.6284,46.3684],[-79.7304,46.3757],[-79.7711,46.3445],[-79.8748,46.3213],[-79.9032,46.3401],[-80.0662,46.3451],[-80.1427,46.316],[-80.0965,46.2753],[-80.3215,46.2515],[-80.3168,46.3062],[-80.3792,46.2995],[-80.4359,46.2571]]]},"properties":{"name":"Lake Nipissing","scalerank":4,"min_zoom":4}},
{"type":"Feature","geometry":{"type":"Polygon","coordinates":[[[-76.5463,56.1383],[-76.4471,56.1365],[-76.3046,56.1127],[-76.2022,56.1268],[-76.0787,56.1127],[-75.9006,56.156],[-75.9683,56.1816],[-75.9718,56.2181],[-76.1542,56.2808],[-76.1817,56.3187],[-76.2881,56.3479],[-76.3059,56.4968],[-76.4352,56.4368],[-76.4355,56.3708],[-76.3681,56.337],[-76.463,56.2908],[-76.4936,56.1601],[-76.5463,56.1383]]]},"properties":{"name":null,"scalerank":4,"min_zoom":4}},
{"type":"Feature","geometry":{"type":"Polygon","coordinates":[[[-156.5783,57.7982],[-156.6613,57.7776],[-156.8525,57.6552],[-156.8482,57.5657],[-157.0196,57.5577],[-157.0381,57.5097],[-156.9516,57.4671],[-156.8421,57.4744],[-156.7867,57.576],[-156.7214,57.5948],[-156.5707,57.7176],[-156.5783,57.7982]]]},"properties":{"name":null,"scalerank":4,"min_zoom":4}},
{"type":"Feature","geometry":{"type":"Polygon","coordinates":[[[-159.7276,66.5232],[-159.8425,66.5564],[-159.9208,66.5523],[-160.0162,66.4923],[-159.9738,66.4272],[-159.8377,66.4458],[-159.6722,66.4216],[-159.6407,66.4602],[-159.7276,66.5232]]]},"properties":{"name":null,"scalerank":4,"min_zoom":4}},
{"type":"Feature","geometry":{"type":"Polygon","coordinates":[[[-115.0737,60.3571],[-115.133,60.3677],[-115.2413,60.3509],[-115.3292,60.2885],[-115.4963,60.2514],[-115.804,60.257],[-115.9412,60.1967],[-115.8978,60.1549],[-115.804,60.1422],[-115.7147,60.1764],[-115.5843,60.1764],[-115.4268,60.1207],[-115.2933,60.1013],[-115.2861,60.1352],[-115.2,60.1976],[-115.1388,60.1938],[-115.1257,60.2514],[-115.0506,60.3339],[-115.0737,60.3571]]]},"properties":{"name":null,"scalerank":4,"min_zoom":4}},
{"type":"Feature","geometry":{"type":"Polygon","coordinates":[[[-76.523,53.3009],[-76.5516,53.3171],[-76.6752,53.2891],[-76.6923,53.341],[-76.6368,53.3769],[-76.5272,53.3666],[-76.4692,53.4028],[-76.603,53.4781],[-76.7609,53.3133],[-76.8056,53.3301],[-76.6757,53.4693],[-76.8785,53.3883],[-76.9154,53.358],[-76.9045,53.3059],[-76.8339,53.2497],[-76.8897,53.1626],[-76.9808,53.109],[-76.9081,53.0837],[-76.9352,53.0504],[-76.871,52.9651],[-76.8118,53.0189],[-76.8602,53.0563],[-76.8667,53.1066],[-76.8025,53.1741],[-76.7441,53.1593],[-76.7147,53.2244],[-76.6405,53.2209],[-76.6443,53.2806],[-76.523,53.3009]]]},"properties":{"name":"Lake Sakami","scalerank":4,"min_zoom":4}},
{"type":"Feature","geometry":{"type":"Polygon","coordinates":[[[-105.1065,21.829],[-105.0655,21.8078],[-105.0315,21.7769],[-105.0194,21.799],[-105.1065,21.829]]]},"properties":{"name":null,"scalerank":4,"min_zoom":4}},
{"type":"Feature","geometry":{"type":"Polygon","coordinates":[[[-105.8607,59.9974],[-105.8688,60.0445],[-105.9221,60.0666],[-106.1138,60.0466],[-106.0227,60.1484],[-105.8814,60.1013],[-105.7712,60.1216],[-105.7708,60.1617],[-105.8879,60.1764],[-105.8061,60.2111],[-105.843,60.2388],[-105.9309,60.2085],[-106.0859,60.1837],[-106.1745,60.1043],[-106.1353,60.076],[-106.2097,60.0369],[-106.2927,60.0601],[-106.3092,60.1051],[-106.3867,60.0872],[-106.3995,60.0207],[-106.3062,60.0254],[-106.2578,59.9974],[-106.3555,59.9238],[-106.4019,59.8131],[-106.3131,59.7925],[-106.3131,59.8446],[-106.2375,59.9073],[-106.1827,59.8417],[-106.1904,59.7872],[-106.0934,59.8058],[-106.0503,59.8464],[-106.0731,59.9418],[-106.0622,59.9924],[-106.002,60.0151],[-105.9118,59.9856],[-105.8607,59.9974]]]},"properties":{"name":"Scott Lake","scalerank":4,"min_zoom":4}},
{"type":"Feature","geometry":{"type":"Polygon","coordinates":[[[-72.6788,81.6838],[-72.3148,81.6812],[-71.3726,81.7456],[-69.488,81.8743],[-69.3775,81.9049],[-68.976,81.9202],[-69.0477,81.9545],[-70.9611,81.823],[-72.8745,81.6915],[-72.6788,81.6838]]]},"properties":{"name":null,"scalerank":4,"min_zoom":4}},
{"type":"Feature","geometry":{"type":"Polygon","coordinates":[[[-89.518,52.8685],[-89.3238,52.8579],[-89.2686,52.877],[-89.226,52.8335],[-89.1745,52.8635],[-89.0406,52.8576],[-89.0028,52.9336],[-89.0727,52.9792],[-89.1629,52.945],[-89.2156,53.0086],[-89.2982,53.0086],[-89.3405,52.9589],[-89.4316,52.9459],[-89.518,52.8685]]]},"properties":{"name":null,"scalerank":4,"min_zoom":4}},
{"type":"Feature","geometry":{"type":"Polygon","coordinates":[[[-70.9966,53.2388],[-70.9872,53.2482],[-70.9925,53.2435],[-70.9966,53.2388]]]},"properties":{"name":null,"scalerank":4,"min_zoom":4}},
{"type":"Feature","geometry":{"type":"Polygon","coordinates":[[[-101.9955,57.022],[-101.9969,57.0208],[-101.9954,57.022],[-101.9955,57.022]]]},"properties":{"name":null,"scalerank":4,"min_zoom":4}},
{"type":"Feature","geometry":{"type":"Polygon","coordinates":[[[-110.198,44.3708],[-110.2669,44.4356],[-110.2737,44.5386],[-110.3449,44.5724],[-110.3882,44.5577],[-110.3967,44.5027],[-110.4629,44.4685],[-110.527,44.4841],[-110.5663,44.4444],[-110.4997,44.4152],[-110.4791,44.45],[-110.3971,44.4391],[-110.3836,44.4014],[-110.2498,44.3263],[-110.192,44.3314],[-110.198,44.3708]]]},"properties":{"name":"Yellowstone Lake","scalerank":4,"min_zoom":4}},
{"type":"Feature","geometry":{"type":"Polygon","coordinates":[[[-152.9523,70.5854],[-153.1282,70.6549],[-153.2259,70.6746],[-153.3569,70.661],[-153.4211,70.7096],[-153.6126,70.747],[-153.7994,70.7432],[-153.8758,70.7028],[-154.0558,70.6952],[-154.1257,70.6631],[-154.1235,70.5854],[-154.0178,70.5292],[-153.9159,70.5009],[-153.7668,70.5133],[-153.5692,70.4629],[-153.3717,70.5162],[-153.2259,70.538],[-153.0685,70.5321],[-152.9523,70.5854]]]},"properties":{"name":"Teshekpuk Lake","scalerank":4,"min_zoom":4}},
{"type":"Feature","geometry":{"type":"Polygon","coordinates":[[[-114.1865,47.9067],[-114.2059,47.8781],[-114.286,47.8446],[-114.1211,47.8075],[-114.1662,47.7154],[-114.0574,47.7107],[-114.0093,47.7636],[-114.0016,47.8107],[-114.0209,47.8717],[-114.0165,47.9632],[-114.0554,48.0465],[-114.1309,48.0919],[-114.1999,48.0718],[-114.1388,47.9238],[-114.1865,47.9067]]]},"properties":{"name":"Flathead Lake","scalerank":4,"min_zoom":4}},
{"type":"Feature","geometry":{"type":"Polygon","coordinates":[[[-111.799,58.6104],[-111.7397,58.6071],[-111.6988,58.6692],[-111.8161,58.7237],[-111.9452,58.7375],[-111.9595,58.7028],[-112.069,58.7093],[-112.1089,58.7475],[-112.0262,58.8258],[-112.1214,58.8453],[-112.3522,58.7711],[-112.4377,58.7119],[-112.4599,58.6754],[-112.4408,58.5909],[-112.3432,58.5521],[-112.1994,58.5506],[-112.27,58.439],[-112.1502,58.4049],[-112.1343,58.3569],[-112.0554,58.3189],[-111.9508,58.3033],[-111.8207,58.3187],[-111.7774,58.3519],[-111.8363,58.3917],[-111.8226,58.4741],[-111.797,58.5041],[-111.8248,58.593],[-111.799,58.6104]]]},"properties":{"name":"Lake Claire","scalerank":4,"min_zoom":4}},
{"type":"Feature","geometry":{"type":"Polygon","coordinates":[[[-88.8314,15.7642],[-88.9405,15.7183],[-89.0665,15.5976],[-89.1536,15.5729],[-89.1754,15.584],[-89.235,15.569],[-89.2795,15.5228],[-89.3647,15.519],[-89.3904,15.4919],[-89.332,15.4492],[-89.3369,15.3942],[-89.317,15.3653],[-89.2497,15.4148],[-89.1474,15.408],[-89.089,15.4295],[-88.9891,15.5075],[-89.0028,15.6032],[-88.9754,15.6679],[-88.9009,15.6871],[-88.8314,15.7642]]]},"properties":{"name":"Lago de Izabal","scalerank":5,"min_zoom":4.7}},
{"type":"Feature","geometry":{"type":"Polygon","coordinates":[[[-102.756,20.1982],[-102.7269,20.2606],[-102.7805,20.3098],[-102.8317,20.3006],[-102.9006,20.328],[-103.0354,20.3348],[-103.0781,20.328],[-103.1749,20.2803],[-103.3102,20.2877],[-103.415,20.27],[-103.412,20.2397],[-103.1833,20.1723],[-103.0878,20.1735],[-103.0681,20.197],[-103.003,20.1705],[-102.8772,20.1605],[-102.8126,20.1055],[-102.7843,20.1311],[-102.715,20.1499],[-102.6985,20.2047],[-102.756,20.1982]]]},"properties":{"name":"Lago de Chapala","scalerank":5,"min_zoom":4.7}},
{"type":"Feature","geometry":{"type":"Polygon","coordinates":[[[-86.124,12.3443],[-86.2003,12.2766],[-86.2204,12.3775],[-86.2684,12.4273],[-86.2755,12.4956],[-86.4465,12.4517],[-86.502,12.3925],[-86.5968,12.4058],[-86.594,12.3457],[-86.5464,12.3051],[-86.4135,12.2468],[-86.3651,12.2875],[-86.3039,12.2819],[-86.2896,12.2283],[-86.3006,12.1647],[-86.1489,12.1688],[-86.1024,12.2142],[-86.0915,12.2889],[-86.124,12.3443]]]},"properties":{"name":"Lago de Managua","scalerank":5,"min_zoom":4.7}},
{"type":"Feature","geometry":{"type":"Polygon","coordinates":[[[-92.7852,48.4333],[-92.6691,48.4174],[-92.4705,48.4242],[-92.4788,48.4725],[-92.6766,48.4651],[-92.5903,48.5031],[-92.565,48.5578],[-92.734,48.6017],[-92.88,48.6008],[-92.895,48.65],[-93.0528,48.6706],[-93.1216,48.6576],[-93.1605,48.6812],[-93.2563,48.6656],[-93.2793,48.6912],[-93.2008,48.7191],[-93.1939,48.7874],[-93.2712,48.8098],[-93.2991,48.8699],[-93.3527,48.9137],[-93.4323,48.9208],[-93.4574,48.8625],[-93.44,48.8213],[-93.5704,48.8563],[-93.5704,48.8328],[-93.4878,48.821],[-93.4506,48.7974],[-93.351,48.771],[-93.3343,48.7109],[-93.4148,48.6688],[-93.3265,48.65],[-93.3817,48.6158],[-93.2052,48.6043],[-93.1421,48.5887],[-92.9622,48.6008],[-92.8557,48.5355],[-92.6845,48.5302],[-92.7531,48.4589],[-92.9056,48.4583],[-92.9998,48.5057],[-93.0769,48.5266],[-93.095,48.5037],[-92.9909,48.4298],[-92.7852,48.4333]]]},"properties":{"name":"Rainy Lake","scalerank":5,"min_zoom":4.7}},
{"type":"Feature","geometry":{"type":"Polygon","coordinates":[[[-96.0301,56.1713],[-96.1222,56.1854],[-96.0924,56.2243],[-95.9655,56.2243],[-95.9121,56.2669],[-95.9447,56.2981],[-96.0813,56.2572],[-96.1657,56.2631],[-96.2181,56.2031],[-96.2992,56.1598],[-96.4359,56.1671],[-96.5819,56.1474],[-96.5545,56.0647],[-96.4878,56.0912],[-96.2278,56.0965],[-96.1773,56.0727],[-96.0673,56.0738],[-96.0301,56.1713]]]},"properties":{"name":"Split Lake","scalerank":5,"min_zoom":4.7}},
{"type":"Feature","geometry":{"type":"Polygon","coordinates":[[[-91.387,50.9154],[-91.2913,50.9319],[-91.1376,50.9319],[-90.9738,50.9504],[-90.8787,51.0096],[-90.7233,51.0081],[-90.6686,51.0328],[-90.6247,51.0205],[-90.5292,51.0761],[-90.4198,51.0882],[-90.434,51.1535],[-90.524,51.1959],[-90.5923,51.1677],[-90.616,51.2212],[-90.6749,51.1862],[-90.7296,51.1147],[-90.771,51.1173],[-90.8066,51.0758],[-90.8849,51.0682],[-90.9286,51.0149],[-91.0297,51.0061],[-91.1273,51.0355],[-91.2011,51.0717],[-91.1684,50.9869],[-91.2577,50.9666],[-91.3125,50.9875],[-91.387,50.9154]]]},"properties":{"name":"Lake St. Joseph","scalerank":5,"min_zoom":4.7}},
{"type":"Feature","geometry":{"type":"Polygon","coordinates":[[[-70.6817,64.646],[-70.6104,64.6378],[-70.4275,64.5633],[-70.468,64.6283],[-70.4396,64.6719],[-70.3617,64.6972],[-70.5061,64.8132],[-70.6134,64.8774],[-70.6235,64.953],[-70.7026,65.0455],[-70.8992,65.1299],[-70.9934,65.1238],[-71.1154,65.1594],[-71.1722,65.2],[-71.289,65.2336],[-71.3015,65.2712],[-71.4425,65.2748],[-71.5736,65.3151],[-71.7377,65.4305],[-71.796,65.3852],[-71.6835,65.3416],[-71.6482,65.301],[-71.7271,65.22],[-71.5861,65.1709],[-71.5211,65.0419],[-71.6122,65.0428],[-71.6793,64.9804],[-71.4113,64.9086],[-71.4383,64.888],[-71.7345,64.8774],[-71.6578,64.8206],[-71.7474,64.8073],[-71.9401,64.8538],[-71.8973,64.8992],[-72.034,64.9351],[-72.0698,64.8986],[-71.9673,64.85],[-71.971,64.8061],[-71.9301,64.7449],[-71.8371,64.6857],[-71.6984,64.6351],[-71.5244,64.603],[-71.4397,64.6378],[-71.2885,64.6439],[-71.174,64.6345],[-71.1028,64.6684],[-71.0953,64.7317],[-71.0488,64.7811],[-70.8855,64.8088],[-70.7818,64.7888],[-70.6555,64.6961],[-70.6817,64.646]]]},"properties":{"name":"Amadjuak Lake","scalerank":5,"min_zoom":4.7}},
{"type":"Feature","geometry":{"type":"Polygon","coordinates":[[[-132.1412,59.6445],[-132.1545,59.701],[-132.2468,59.8314],[-132.2368,59.8632],[-132.3156,59.925],[-132.4095,60.0386],[-132.4968,60.0616],[-132.5657,60.1075],[-132.8584,60.2129],[-132.983,60.3091],[-133.107,60.3733],[-133.1515,60.371],[-132.9694,60.2338],[-132.8451,60.172],[-132.7478,60.1396],[-132.4715,60.0186],[-132.4037,59.9471],[-132.3801,59.8888],[-132.2504,59.7819],[-132.2503,59.7448],[-132.1704,59.63],[-132.1412,59.6445]]]},"properties":{"name":"Teslin Lake","scalerank":5,"min_zoom":4.7}},
{"type":"Feature","geometry":{"type":"Polygon","coordinates":[[[-73.2799,55.0656],[-73.4098,55.0386],[-73.4818,55.0642],[-73.5297,55.0439],[-73.4908,55.0091],[-73.3098,55.0171],[-73.2962,54.9682],[-73.1724,54.9788],[-73.1471,54.9302],[-73.0504,54.9544],[-72.9835,54.9526],[-72.8791,54.9956],[-72.7521,54.9929],[-72.6867,55.0165],[-72.706,55.0459],[-72.5775,55.0439],[-72.4786,55.0756],[-72.2484,55.1678],[-72.3453,55.2219],[-72.3834,55.2658],[-72.4627,55.2131],[-72.5563,55.2293],[-72.6288,55.2019],[-72.8063,55.1693],[-72.8506,55.2084],[-72.9599,55.1569],[-73.1324,55.146],[-73.1473,55.1048],[-73.2799,55.0656]]]},"properties":{"name":"Lake Bienville","scalerank":5,"min_zoom":4.7}},
{"type":"Feature","geometry":{"type":"Polygon","coordinates":[[[-116.217,48.1752],[-116.2522,48.1831],[-116.3136,48.2652],[-116.39,48.2835],[-116.4372,48.3129],[-116.5254,48.3023],[-116.4602,48.2529],[-116.4041,48.2608],[-116.3613,48.2149],[-116.4372,48.1966],[-116.5111,48.1116],[-116.5669,47.9567],[-116.4537,47.9709],[-116.4353,48.0147],[-116.4528,48.0639],[-116.4109,48.1301],[-116.283,48.1348],[-116.217,48.1752]]]},"properties":{"name":"Lake Pend Oreille","scalerank":5,"min_zoom":4.7}},
{"type":"Feature","geometry":{"type":"Polygon","coordinates":[[[-77.259,42.8866],[-77.357,42.7453],[-77.3322,42.7415],[-77.2715,42.8133],[-77.259,42.8866]]]},"properties":{"name":"Canandaigua Lake","scalerank":5,"min_zoom":4.7}},
{"type":"Feature","geometry":{"type":"Polygon","coordinates":[[[-76.4971,42.8263],[-76.5307,42.9081],[-76.5436,42.8854],[-76.5127,42.818],[-76.4971,42.8263]]]},"properties":{"name":"Owasco Lake","scalerank":5,"min_zoom":4.7}},
{"type":"Feature","geometry":{"type":"Polygon","coordinates":[[[-76.3766,42.8937],[-76.4077,42.9422],[-76.4283,42.9143],[-76.3766,42.8937]]]},"properties":{"name":"Skaneateles Lake","scalerank":5,"min_zoom":4.7}},
{"type":"Feature","geometry":{"type":"Polygon","coordinates":[[[-163.3959,60.4307],[-163.4575,60.4369],[-163.7707,60.3951],[-163.9645,60.396],[-163.8703,60.3533],[-163.9155,60.3144],[-164.1489,60.2959],[-164.1364,60.267],[-163.9986,60.2656],[-163.7324,60.3339],[-163.73,60.2832],[-163.8389,60.2358],[-163.7973,60.2208],[-163.7854,60.1552],[-163.5053,60.2656],[-163.6227,60.3118],[-163.5406,60.3751],[-163.5877,60.396],[-163.3959,60.4307]]]},"properties":{"name":null,"scalerank":5,"min_zoom":4.7}},
{"type":"Feature","geometry":{"type":"Polygon","coordinates":[[[-111.2933,42.1351],[-111.3359,42.1584],[-111.3961,42.126],[-111.4201,42.0215],[-111.3875,41.8958],[-111.3462,41.8725],[-111.3135,41.9114],[-111.2851,42.038],[-111.2933,42.1351]]]},"properties":{"name":"Bear Lake","scalerank":5,"min_zoom":4.7}},
{"type":"Feature","geometry":{"type":"Polygon","coordinates":[[[-111.6742,40.2338],[-111.726,40.2379],[-111.7296,40.2947],[-111.7786,40.3642],[-111.8448,40.3804],[-111.8871,40.3666],[-111.8428,40.2836],[-111.9131,40.1791],[-111.9013,40.1217],[-111.8411,40.1084],[-111.8066,40.1788],[-111.754,40.1761],[-111.6742,40.2338]]]},"properties":{"name":"Utah Lake","scalerank":5,"min_zoom":4.7}},
{"type":"Feature","geometry":{"type":"Polygon","coordinates":[[[-126.3995,66.8532],[-126.3842,66.7875],[-126.2826,66.7442],[-126.1478,66.7931],[-126.2023,66.8529],[-126.1854,66.9041],[-126.1096,66.9288],[-126.1673,67.0098],[-126.2999,67.0321],[-126.3707,67.0224],[-126.4316,66.9721],[-126.3995,66.8532]]]},"properties":{"name":null,"scalerank":5,"min_zoom":4.7}},
{"type":"Feature","geometry":{"type":"Polygon","coordinates":[[[-94.2794,47.189],[-94.3174,47.2073],[-94.2691,47.2626],[-94.2798,47.3],[-94.4372,47.1985],[-94.4164,47.2597],[-94.5365,47.2076],[-94.5671,47.1714],[-94.6254,47.2017],[-94.6298,47.139],[-94.5568,47.159],[-94.4314,47.0672],[-94.3753,47.0536],[-94.2663,47.1125],[-94.2794,47.189]]]},"properties":{"name":"Leech Lake","scalerank":5,"min_zoom":4.7}},
{"type":"Feature","geometry":{"type":"Polygon","coordinates":[[[-90.3083,48.9384],[-90.3323,48.8934],[-90.3791,48.8725],[-90.4145,48.9008],[-90.5582,48.8625],[-90.5929,48.9858],[-90.7029,48.9655],[-90.5994,48.9067],[-90.6939,48.8345],[-90.5987,48.8219],[-90.5875,48.7942],[-90.4856,48.8207],[-90.3527,48.7804],[-90.3527,48.8389],[-90.2885,48.889],[-90.3083,48.9384]]]},"properties":{"name":"Lac des Mille Lacs","scalerank":5,"min_zoom":4.7}},
{"type":"Feature","geometry":{"type":"Polygon","coordinates":[[[-121.0471,60.5517],[-121.1146,60.7112],[-121.3481,60.7728],[-121.3064,60.7039],[-121.3105,60.6382],[-121.2346,60.5579],[-121.3381,60.5776],[-121.477,60.5323],[-121.3849,60.4519],[-121.4468,60.406],[-121.3344,60.4022],[-121.2308,60.4507],[-121.1835,60.4922],[-121.073,60.5237],[-121.0471,60.5517]]]},"properties":{"name":"Trout Lake","scalerank":5,"min_zoom":4.7}},
{"type":"Feature","geometry":{"type":"Polygon","coordinates":[[[-64.9865,44.2498],[-65.0428,44.1992],[-65.1026,44.2057],[-65.1007,44.2613],[-65.159,44.2716],[-65.1971,44.2292],[-65.2058,44.1792],[-65.1416,44.1544],[-65.0187,44.1544],[-64.984,44.1954],[-64.9865,44.2498]]]},"properties":{"name":"Lake Rossignol","scalerank":5,"min_zoom":4.7}},
{"type":"Feature","geometry":{"type":"Polygon","coordinates":[[[-66.0332,45.8997],[-65.9108,46.0169],[-65.9764,46.0513],[-66.0397,46.0531],[-66.0443,45.9904],[-66.1149,45.875],[-66.0332,45.8997]]]},"properties":{"name":"Grand Lake","scalerank":5,"min_zoom":4.7}},
{"type":"Feature","geometry":{"type":"Polygon","coordinates":[[[-105.0859,59.1485],[-104.9084,59.2303],[-104.9685,59.2633],[-105.1475,59.2848],[-105.2065,59.3068],[-105.299,59.2877],[-105.5735,59.1396],[-105.683,59.1143],[-105.7946,59.0649],[-105.8879,58.9395],[-105.8473,58.9103],[-105.7409,58.9324],[-105.7569,58.973],[-105.7241,59.0325],[-105.6055,59.0787],[-105.5192,59.1279],[-105.3188,59.1485],[-105.1408,59.1379],[-105.0859,59.1485]]]},"properties":{"name":"Black Lake","scalerank":5,"min_zoom":4.7}},
{"type":"Feature","geometry":{"type":"Polygon","coordinates":[[[-146.5065,62.3629],[-146.6275,62.3903],[-146.6075,62.4162],[-146.6821,62.5057],[-146.7074,62.3938],[-146.5524,62.2867],[-146.4487,62.3214],[-146.5065,62.3629]]]},"properties":{"name":"Lake Louise","scalerank":5,"min_zoom":4.7}},
{"type":"Feature","geometry":{"type":"Polygon","coordinates":[[[-119.8515,68.5337],[-119.8261,68.4825],[-119.8421,68.2817],[-119.8668,68.2481],[-119.6951,68.2543],[-119.6331,68.312],[-119.5006,68.3479],[-119.5002,68.3797],[-119.6281,68.4059],[-119.6567,68.4807],[-119.582,68.5802],[-119.4588,68.5949],[-119.4555,68.6308],[-119.6689,68.6388],[-119.6623,68.6941],[-119.828,68.6717],[-119.8199,68.5978],[-119.8966,68.5516],[-119.8515,68.5337]]]},"properties":{"name":"Bluenose Lake","scalerank":5,"min_zoom":4.7}},
{"type":"Feature","geometry":{"type":"Polygon","coordinates":[[[-57.6927,48.7047],[-57.6278,48.771],[-57.5494,48.8145],[-57.5059,48.874],[-57.3683,48.9349],[-57.1568,49.1407],[-57.1196,49.214],[-57.0108,49.2087],[-56.9051,49.267],[-56.9193,49.3082],[-56.9957,49.3208],[-57.0485,49.259],[-57.1172,49.2316],[-57.203,49.1784],[-57.2571,49.1987],[-57.2584,49.0918],[-57.2777,49.0644],[-57.3775,49.0138],[-57.4396,48.9449],[-57.5439,48.9184],[-57.6578,48.8604],[-57.9095,48.6762],[-57.9052,48.6464],[-57.7323,48.6847],[-57.6927,48.7047]],[[-57.7901,48.6847],[-57.8705,48.6815],[-57.726,48.7992],[-57.6776,48.8154],[-57.6034,48.8699],[-57.5648,48.8363],[-57.7407,48.7094],[-57.7901,48.6847]]]},"properties":{"name":"Grand Lake","scalerank":5,"min_zoom":4.7}},
{"type":"Feature","geometry":{"type":"Polygon","coordinates":[[[-126.0895,67.3241],[-126.1789,67.3241],[-126.3353,67.3589],[-126.2117,67.3804],[-126.1857,67.4095],[-126.2404,67.4469],[-126.3662,67.4413],[-126.4245,67.5155],[-126.542,67.5705],[-126.6792,67.5773],[-126.6786,67.4887],[-126.6045,67.459],[-126.5488,67.3986],[-126.4944,67.3915],[-126.5349,67.252],[-126.3954,67.2529],[-126.3009,67.2817],[-126.1702,67.2935],[-126.0895,67.3241]]]},"properties":{"name":null,"scalerank":5,"min_zoom":4.7}},
{"type":"Feature","geometry":{"type":"Polygon","coordinates":[[[-125.7453,67.3241],[-125.8056,67.2882],[-125.9902,67.2664],[-126.2756,67.2126],[-126.1584,67.1734],[-126.2198,67.0907],[-126.1718,67.0457],[-125.9927,67.0686],[-125.8908,67.0669],[-125.7416,67.2238],[-125.7453,67.3241]]]},"properties":{"name":"Colville Lake","scalerank":5,"min_zoom":4.7}},
{"type":"Feature","geometry":{"type":"Polygon","coordinates":[[[-118.6889,64.9598],[-118.5351,64.85],[-118.4196,64.8058],[-118.313,64.7835],[-118.1782,64.7908],[-118.1558,64.8309],[-118.2652,64.8318],[-118.429,64.8706],[-118.2948,64.9598],[-118.3447,65.0087],[-118.2088,65.0078],[-118.3226,65.0637],[-118.2141,65.1196],[-118.2524,65.1576],[-118.2433,65.2068],[-118.4557,65.2821],[-118.4352,65.3089],[-118.7777,65.2474],[-118.8835,65.2156],[-118.8352,65.175],[-118.7163,65.145],[-118.7035,65.0843],[-118.6542,65.0602],[-118.6452,64.9922],[-118.6889,64.9598]]]},"properties":{"name":"Hottah Lake","scalerank":5,"min_zoom":4.7}},
{"type":"Feature","geometry":{"type":"Polygon","coordinates":[[[-90.3361,53.751],[-90.2912,53.7695],[-90.1864,53.7598],[-90.092,53.7213],[-90.0417,53.6648],[-89.9483,53.6845],[-89.7117,53.6954],[-89.6515,53.7563],[-89.7588,53.8037],[-89.8183,53.7963],[-89.857,53.8375],[-90.0092,53.8976],[-90.1334,53.8431],[-90.228,53.842],[-90.3036,53.8726],[-90.3086,53.8184],[-90.3732,53.7695],[-90.3361,53.751]]]},"properties":{"name":"Big Trout Lake","scalerank":5,"min_zoom":4.7}},
{"type":"Feature","geometry":{"type":"Polygon","coordinates":[[[-93.2557,51.1088],[-93.1445,51.1315],[-93.1027,51.1677],[-93.101,51.2171],[-93.1509,51.2992],[-93.2351,51.3042],[-93.3339,51.2545],[-93.4165,51.2819],[-93.4714,51.2627],[-93.4915,51.1992],[-93.2991,51.0484],[-93.211,51.0211],[-93.1558,51.0691],[-93.2557,51.1088]]]},"properties":{"name":"Trout Lake","scalerank":5,"min_zoom":4.7}},
{"type":"Feature","geometry":{"type":"Polygon","coordinates":[[[-94.0393,53.7687],[-94.0106,53.7913],[-93.9894,53.8729],[-94.0352,53.8891],[-94.1744,53.8988],[-94.3201,53.867],[-94.3921,53.8855],[-94.5134,53.8455],[-94.5926,53.844],[-94.6927,53.8826],[-94.6937,53.9214],[-94.5814,53.9503],[-94.6361,53.9818],[-94.8294,53.98],[-94.9508,53.9235],[-94.9173,53.8855],[-94.9652,53.8599],[-94.9003,53.8317],[-94.8153,53.7392],[-94.7764,53.7492],[-94.6417,53.7342],[-94.535,53.6983],[-94.4635,53.6921],[-94.4158,53.7454],[-94.32,53.7148],[-94.232,53.728],[-94.1385,53.7622],[-94.0393,53.7687]]]},"properties":{"name":"Island Lake","scalerank":5,"min_zoom":4.7}},
{"type":"Feature","geometry":{"type":"Polygon","coordinates":[[[-70.3695,52.9709],[-70.4868,52.9751],[-70.5006,53.0086],[-70.5689,53.0086],[-70.6564,52.9595],[-70.6743,53.0036],[-70.8218,53.0678],[-70.8149,53.0116],[-70.7319,53.0148],[-70.7354,52.9777],[-70.9116,52.9265],[-70.9931,52.8691],[-70.9825,52.8149],[-70.9251,52.8093],[-70.8746,52.8876],[-70.7691,52.8541],[-70.7955,52.7896],[-70.6993,52.7684],[-70.6452,52.741],[-70.5795,52.7664],[-70.5005,52.7031],[-70.5491,52.6592],[-70.49,52.6421],[-70.4452,52.5883],[-70.401,52.666],[-70.459,52.6695],[-70.487,52.7137],[-70.4608,52.7419],[-70.4472,52.8561],[-70.5211,52.8994],[-70.3695,52.9709]]]},"properties":{"name":"Lake Naococane","scalerank":5,"min_zoom":4.7}},
{"type":"Feature","geometry":{"type":"Polygon","coordinates":[[[-104.3625,55.1907],[-104.4192,55.1957],[-104.4077,55.2637],[-104.5,55.2423],[-104.5952,55.2002],[-104.5993,55.2487],[-104.5659,55.297],[-104.7093,55.3317],[-104.7548,55.2976],[-104.8777,55.3008],[-105.0022,55.2749],[-105.0622,55.2308],[-105.1065,55.2293],[-105.0771,55.3144],[-105.1679,55.2802],[-105.2642,55.2267],[-105.2091,55.1195],[-105.2764,55.0942],[-105.2262,55.0365],[-105.2572,54.9891],[-105.244,54.9452],[-105.1929,54.9173],[-105.0859,54.9073],[-104.9624,54.9817],[-104.8284,54.975],[-104.7521,55.0703],[-104.6956,55.1195],[-104.6977,55.1587],[-104.6541,55.1884],[-104.5776,55.1389],[-104.4865,55.1257],[-104.3541,55.1704],[-104.3625,55.1907]]]},"properties":{"name":"Lac la Ronge","scalerank":5,"min_zoom":4.7}},
{"type":"Feature","geometry":{"type":"Polygon","coordinates":[[[-93.5377,46.3101],[-93.5747,46.3675],[-93.6425,46.3681],[-93.7249,46.348],[-93.8188,46.3071],[-93.8372,46.2756],[-93.7769,46.2185],[-93.7569,46.1611],[-93.6659,46.1229],[-93.6076,46.142],[-93.5464,46.1305],[-93.4847,46.1561],[-93.5461,46.2518],[-93.5377,46.3101]]]},"properties":{"name":"Mille Lacs Lake","scalerank":5,"min_zoom":4.7}},
{"type":"Feature","geometry":{"type":"Polygon","coordinates":[[[-95.0197,48.0674],[-95.035,48.0866],[-95.2558,48.02],[-95.2948,47.95],[-95.2918,47.9082],[-95.2447,47.8873],[-95.165,47.8796],[-94.8216,47.889],[-94.7795,47.9102],[-94.7627,47.9956],[-94.8947,48.0247],[-94.9474,48.0127],[-95.0197,48.0674]]]},"properties":{"name":"Lower Red Lake","scalerank":5,"min_zoom":4.7}},
{"type":"Feature","geometry":{"type":"Polygon","coordinates":[[[-95.035,48.0866],[-95.0197,48.0674],[-94.9891,48.0568],[-94.8516,48.0715],[-94.7929,48.0527],[-94.6077,48.0913],[-94.5425,48.1469],[-94.5399,48.1772],[-94.6216,48.2114],[-94.7242,48.212],[-94.8525,48.194],[-95.0328,48.1369],[-95.035,48.0866]]]},"properties":{"name":"Upper Red Lake","scalerank":5,"min_zoom":4.7}},
{"type":"Feature","geometry":{"type":"Polygon","coordinates":[[[-71.3044,43.6908],[-71.364,43.73],[-71.4224,43.7091],[-71.4685,43.6481],[-71.4124,43.6063],[-71.3424,43.589],[-71.2869,43.5557],[-71.2594,43.5074],[-71.2059,43.5913],[-71.2541,43.5934],[-71.3025,43.6337],[-71.3044,43.6908]]]},"properties":{"name":"Lake Winnipesaukee","scalerank":5,"min_zoom":4.7}},
{"type":"Feature","geometry":{"type":"Polygon","coordinates":[[[-79.4221,44.3372],[-79.3269,44.3402],[-79.1973,44.3584],[-79.1676,44.4214],[-79.161,44.4809],[-79.2122,44.5474],[-79.3132,44.5733],[-79.35,44.603],[-79.3613,44.6878],[-79.4077,44.6396],[-79.3997,44.5436],[-79.4459,44.5144],[-79.5459,44.4152],[-79.5225,44.4038],[-79.4982,44.2993],[-79.4221,44.3372]]]},"properties":{"name":"Lake Simcoe","scalerank":5,"min_zoom":4.7}},
{"type":"Feature","geometry":{"type":"Polygon","coordinates":[[[-94.2555,54.8731],[-94.4063,54.7931],[-94.4823,54.7789],[-94.4027,54.7148],[-94.4812,54.6662],[-94.5721,54.6606],[-94.5322,54.5985],[-94.5611,54.5573],[-94.683,54.5384],[-94.7872,54.4713],[-94.724,54.4201],[-94.5604,54.4884],[-94.5125,54.4793],[-94.4345,54.5896],[-94.3521,54.5941],[-94.1631,54.6397],[-94.0396,54.6329],[-93.9267,54.6974],[-93.8873,54.748],[-93.9366,54.7769],[-93.6076,54.7695],[-93.6561,54.7975],[-93.7073,54.7836],[-93.7684,54.8198],[-94.0258,54.8404],[-94.2555,54.8731]],[[-94.1557,54.7012],[-94.047,54.7395],[-94.0498,54.68],[-94.1557,54.7012]]]},"properties":{"name":"Gods Lake","scalerank":5,"min_zoom":4.7}},
{"type":"Feature","geometry":{"type":"Polygon","coordinates":[[[-98.0141,62.5337],[-97.9804,62.4783],[-97.8097,62.4919],[-97.7546,62.5175],[-97.5824,62.486],[-97.4609,62.4159],[-97.3839,62.4177],[-97.2798,62.4783],[-97.3913,62.4768],[-97.4479,62.5295],[-97.5137,62.5543],[-97.5218,62.6323],[-97.6126,62.647],[-97.6513,62.7671],[-97.6216,62.8115],[-97.6662,62.8813],[-97.603,62.9004],[-97.6095,62.9464],[-97.6812,62.9578],[-97.7236,62.8937],[-97.9628,62.8522],[-98.0202,62.8801],[-98.1956,62.8616],[-98.2131,62.8292],[-98.3738,62.8054],[-98.4254,62.7391],[-98.3491,62.7188],[-98.2854,62.6658],[-98.1771,62.6873],[-98.0734,62.6558],[-98.0141,62.5337]]]},"properties":{"name":"Yathkyed Lake","scalerank":5,"min_zoom":4.7}},
{"type":"Feature","geometry":{"type":"Polygon","coordinates":[[[-56.469,48.3297],[-56.5379,48.3591],[-56.5969,48.3288],[-56.6301,48.2585],[-56.682,48.2331],[-56.6788,48.2002],[-56.5535,48.2505],[-56.469,48.3297]]]},"properties":{"name":null,"scalerank":5,"min_zoom":4.7}},
{"type":"Feature","geometry":{"type":"Polygon","coordinates":[[[-95.6261,55.6193],[-95.7624,55.5669],[-95.7516,55.5404],[-95.9105,55.5031],[-95.9035,55.4068],[-95.7075,55.4477],[-95.6831,55.5466],[-95.5821,55.6055],[-95.6261,55.6193]]]},"properties":{"name":null,"scalerank":5,"min_zoom":4.7}},
{"type":"Feature","geometry":{"type":"Polygon","coordinates":[[[-165.4151,65.2124],[-165.4585,65.1785],[-165.568,65.1871],[-165.6606,65.1732],[-165.8386,65.2003],[-165.8626,65.1762],[-165.8365,65.0979],[-165.6521,65.0637],[-165.5807,65.0999],[-165.3908,65.1647],[-165.4151,65.2124]]]},"properties":{"name":null,"scalerank":5,"min_zoom":4.7}},
{"type":"Feature","geometry":{"type":"Polygon","coordinates":[[[-163.7437,61.1631],[-163.6635,61.1972],[-163.5671,61.2108],[-163.5665,61.2455],[-163.7615,61.2025],[-163.7723,61.239],[-163.9253,61.1967],[-163.9417,61.1325],[-163.8205,61.0942],[-163.7324,61.1289],[-163.7437,61.1631]]]},"properties":{"name":null,"scalerank":5,"min_zoom":4.7}},
{"type":"Feature","geometry":{"type":"Polygon","coordinates":[[[-162.5527,60.8293],[-162.6356,60.8478],[-162.7851,60.8366],[-162.7486,60.7937],[-162.5913,60.7533],[-162.4975,60.7639],[-162.4911,60.7928],[-162.5527,60.8293]]]},"properties":{"name":null,"scalerank":5,"min_zoom":4.7}},
{"type":"Feature","geometry":{"type":"Polygon","coordinates":[[[-158.8904,59.2683],[-159.0374,59.3401],[-159.0733,59.3257],[-158.9426,59.2568],[-158.961,59.1911],[-158.8935,59.1585],[-158.8593,59.2003],[-158.8904,59.2683]]]},"properties":{"name":null,"scalerank":5,"min_zoom":4.7}},
{"type":"Feature","geometry":{"type":"Polygon","coordinates":[[[-158.2166,59.9588],[-158.2353,59.9742],[-158.4553,60.0051],[-158.5372,60.0321],[-158.6854,59.9889],[-158.7933,59.9774],[-158.9622,59.925],[-159.071,59.9385],[-159.1269,59.8888],[-158.8159,59.9038],[-158.684,59.9488],[-158.5198,59.9709],[-158.27,59.93],[-158.2166,59.9588]]]},"properties":{"name":null,"scalerank":5,"min_zoom":4.7}},
{"type":"Feature","geometry":{"type":"Polygon","coordinates":[[[-159.1499,60.1982],[-159.0404,60.2032],[-158.8849,60.2341],[-158.9345,60.2588],[-159.0083,60.2426],[-159.1212,60.2441],[-159.1499,60.1982]]]},"properties":{"name":null,"scalerank":5,"min_zoom":4.7}},
{"type":"Feature","geometry":{"type":"Polygon","coordinates":[[[-158.543,59.5856],[-158.7229,59.6109],[-158.8935,59.6009],[-158.9535,59.5732],[-159.0757,59.6115],[-159.0853,59.5729],[-158.9447,59.4829],[-158.8181,59.4631],[-158.7482,59.4705],[-158.6328,59.4296],[-158.5987,59.4534],[-158.6818,59.4817],[-158.8902,59.4879],[-158.9697,59.5223],[-158.9897,59.56],[-158.8935,59.5668],[-158.6948,59.5523],[-158.543,59.5856]]]},"properties":{"name":null,"scalerank":5,"min_zoom":4.7}},
{"type":"Feature","geometry":{"type":"Polygon","coordinates":[[[-107.9573,64.0455],[-107.9619,64.0847],[-108.065,64.1011],[-108.116,64.1612],[-108.2589,64.1853],[-108.1871,64.1238],[-108.3101,64.1326],[-108.4044,64.1894],[-108.2942,64.2036],[-108.2555,64.2984],[-108.2761,64.3275],[-108.4221,64.2457],[-108.4524,64.3281],[-108.4265,64.4067],[-108.5559,64.389],[-108.6336,64.3299],[-108.6033,64.3022],[-108.5603,64.1747],[-108.8417,64.117],[-108.9247,64.1279],[-109.0883,64.0897],[-109.1704,64.0964],[-109.4249,64.0505],[-109.6043,64.0537],[-109.5185,64.0122],[-109.3012,64.0367],[-109.1685,64.077],[-108.9926,64.0823],[-108.7338,64.0364],[-108.736,64.0043],[-108.5493,63.9684],[-108.4713,63.9322],[-108.375,64.0011],[-108.2855,64.0214],[-108.1929,64.0193],[-108.1285,64.0561],[-107.9573,64.0455]]]},"properties":{"name":"Aylmer Lake","scalerank":6,"min_zoom":5}},
{"type":"Feature","geometry":{"type":"Polygon","coordinates":[[[-107.9619,64.0847],[-107.9573,64.0455],[-107.868,64.042],[-107.8269,63.9934],[-107.7396,64.0034],[-107.5446,63.9604],[-107.6871,63.9148],[-107.6647,63.8818],[-107.5626,63.8604],[-107.5124,63.8286],[-107.4024,63.8091],[-107.35,63.7744],[-107.2311,63.7455],[-107.2731,63.8259],[-107.0524,63.911],[-107.228,63.911],[-107.2622,63.944],[-107.3617,63.9802],[-107.2585,64.0119],[-107.3294,64.0482],[-107.252,64.0794],[-107.2759,64.1268],[-107.5124,64.1368],[-107.5896,64.1008],[-107.6831,64.105],[-107.6884,64.0582],[-107.7518,64.0549],[-107.8125,64.105],[-107.9619,64.0847]]]},"properties":{"name":"Clinton-Colden Lake","scalerank":6,"min_zoom":5}},
{"type":"Feature","geometry":{"type":"Polygon","coordinates":[[[-107.9077,55.4436],[-107.9809,55.4221],[-107.8618,55.3523],[-107.8113,55.2511],[-107.7752,55.2676],[-107.8269,55.3968],[-107.7415,55.4224],[-107.7069,55.5346],[-107.7061,55.6317],[-107.6649,55.715],[-107.69,55.8151],[-107.7892,55.8822],[-107.7548,55.7453],[-107.7938,55.7053],[-107.7389,55.6894],[-107.7655,55.6193],[-107.8307,55.5752],[-107.7717,55.5092],[-107.8468,55.4919],[-107.9368,55.5502],[-108.0537,55.5952],[-108.1526,55.6494],[-108.177,55.6267],[-107.909,55.4801],[-107.9077,55.4436]]]},"properties":{"name":"Lac Île-à-la-Crosse","scalerank":6,"min_zoom":5}},
{"type":"Feature","geometry":{"type":"Polygon","coordinates":[[[-103.9454,60.406],[-103.9189,60.4646],[-103.9386,60.509],[-103.8421,60.5499],[-103.777,60.6082],[-103.6921,60.6197],[-103.7045,60.6727],[-103.7987,60.7251],[-103.8974,60.6591],[-103.8927,60.6126],[-104.0256,60.5961],[-104.1961,60.6085],[-104.2131,60.6385],[-104.1206,60.7006],[-104.0561,60.7207],[-104.0033,60.6962],[-103.9142,60.7112],[-103.8936,60.7728],[-103.8026,60.7689],[-103.6263,60.8511],[-103.6405,60.9167],[-103.7155,60.9099],[-103.9288,60.7854],[-104.1025,60.7769],[-104.1984,60.718],[-104.2873,60.7363],[-104.1173,60.809],[-104.2438,60.8349],[-104.2015,60.8758],[-104.2465,60.9697],[-104.3198,61.033],[-104.428,61.0056],[-104.4485,60.9509],[-104.5068,60.9173],[-104.4984,60.8858],[-104.6551,60.8643],[-104.6211,60.8069],[-104.534,60.801],[-104.4173,60.8493],[-104.4087,60.9158],[-104.2847,60.9099],[-104.3387,60.821],[-104.5993,60.6842],[-104.4383,60.7154],[-104.374,60.6765],[-104.3696,60.6406],[-104.1783,60.5673],[-104.0698,60.5641],[-104.1066,60.471],[-104.1577,60.4395],[-104.1953,60.3551],[-103.9454,60.406]]]},"properties":{"name":"Wholdaia Lake","scalerank":6,"min_zoom":5}},
{"type":"Feature","geometry":{"type":"Polygon","coordinates":[[[-95.9583,64.8942],[-95.8074,64.9251],[-95.7382,64.8836],[-95.563,64.8562],[-95.5967,64.8097],[-95.5559,64.7552],[-95.4774,64.7567],[-95.4175,64.8432],[-95.5404,64.9395],[-95.3691,64.9598],[-95.2865,64.9866],[-95.2765,65.0408],[-95.4527,65.0387],[-95.4648,65.0146],[-95.6292,64.973],[-95.7896,65.0343],[-95.8279,64.9916],[-95.9658,64.9892],[-96.1022,64.9048],[-95.9583,64.8942]]]},"properties":{"name":"Tehek Lake","scalerank":6,"min_zoom":5}},
{"type":"Feature","geometry":{"type":"Polygon","coordinates":[[[-81.5271,29.2573],[-81.5955,29.3741],[-81.6395,29.3803],[-81.6751,29.3067],[-81.6395,29.2737],[-81.6426,29.2431],[-81.5985,29.1993],[-81.5197,29.2293],[-81.5271,29.2573]]]},"properties":{"name":"Lake George","scalerank":6,"min_zoom":5}},
{"type":"Feature","geometry":{"type":"Polygon","coordinates":[[[-114.1044,34.325],[-114.1702,34.3754],[-114.2426,34.406],[-114.3223,34.469],[-114.3578,34.5134],[-114.3899,34.4672],[-114.3296,34.4531],[-114.2805,34.408],[-114.2234,34.3854],[-114.1289,34.3186],[-114.1044,34.325]]]},"properties":{"name":"Lake Havasu","scalerank":6,"min_zoom":5}},
{"type":"Feature","geometry":{"type":"Polygon","coordinates":[[[-114.4028,65.6451],[-114.358,65.5627],[-114.3646,65.4838],[-114.2827,65.467],[-114.0921,65.459],[-114.0493,65.4323],[-114.1334,65.3875],[-113.9791,65.3369],[-113.7682,65.2268],[-113.6949,65.2253],[-113.5995,65.268],[-113.4875,65.2527],[-113.3923,65.2677],[-113.1568,65.2659],[-113.0857,65.2389],[-113.0324,65.1815],[-112.9669,65.1859],[-113.0102,65.2465],[-112.8224,65.2085],[-112.8298,65.1723],[-112.6702,65.1485],[-112.5982,65.177],[-112.4605,65.1238],[-112.3804,65.1238],[-112.3211,65.185],[-112.1454,65.1791],[-112.1961,65.2244],[-112.3909,65.2065],[-112.4623,65.2362],[-112.5307,65.2024],[-112.6755,65.1853],[-112.8306,65.2406],[-113.0673,65.2706],[-113.3158,65.3242],[-113.2631,65.3672],[-113.1571,65.3386],[-113.0011,65.3542],[-113.3034,65.414],[-113.4095,65.3554],[-113.6385,65.4119],[-113.8037,65.3728],[-113.95,65.3566],[-114.0188,65.3963],[-113.9638,65.4328],[-114.0375,65.4629],[-114.2374,65.4749],[-114.3559,65.5217],[-114.3379,65.6259],[-114.4028,65.6451]]]},"properties":{"name":"Point Lake","scalerank":6,"min_zoom":5}},
{"type":"Feature","geometry":{"type":"Polygon","coordinates":[[[-121.8254,42.2917],[-121.8174,42.3803],[-121.8439,42.4359],[-121.9097,42.4763],[-121.9792,42.4916],[-121.933,42.5428],[-121.9743,42.5855],[-122.0191,42.5028],[-122.081,42.4827],[-122.0525,42.4421],[-121.9355,42.4018],[-121.9397,42.3453],[-121.8254,42.2917]]]},"properties":{"name":"Upper Klamath Lake","scalerank":6,"min_zoom":5}},
{"type":"Feature","geometry":{"type":"Polygon","coordinates":[[[-67.4585,45.6354],[-67.5953,45.628],[-67.6859,45.6684],[-67.7235,45.7157],[-67.8277,45.739],[-67.8358,45.704],[-67.7938,45.6763],[-67.6494,45.6112],[-67.5405,45.5939],[-67.4421,45.6036],[-67.4585,45.6354]]]},"properties":{"name":"Chiputneticook Lakes","scalerank":6,"min_zoom":5}},
{"type":"Feature","geometry":{"type":"Polygon","coordinates":[[[-136.996,61.2732],[-137.0437,61.2997],[-137.0846,61.3689],[-137.0606,61.4045],[-137.1219,61.496],[-137.1877,61.5196],[-137.349,61.6329],[-137.441,61.6164],[-137.3373,61.5355],[-137.1559,61.4572],[-137.0807,61.285],[-136.996,61.2732]]]},"properties":{"name":"Aishihik Lake","scalerank":6,"min_zoom":5}},
{"type":"Feature","geometry":{"type":"Polygon","coordinates":[[[-155.4772,58.5465],[-155.6799,58.5594],[-155.6939,58.5824],[-155.8031,58.621],[-155.5151,58.613],[-155.536,58.6707],[-155.8393,58.6681],[-155.9572,58.7052],[-156.0181,58.6595],[-156.1736,58.6692],[-156.129,58.7087],[-156.2146,58.7237],[-156.3546,58.7287],[-156.4229,58.6957],[-156.3653,58.6687],[-156.3431,58.6168],[-156.1983,58.5951],[-156.066,58.6154],[-155.926,58.6004],[-155.8449,58.6054],[-155.7751,58.5798],[-155.6882,58.5165],[-155.5355,58.5047],[-155.4772,58.5465]]]},"properties":{"name":null,"scalerank":6,"min_zoom":5}},
{"type":"Feature","geometry":{"type":"Polygon","coordinates":[[[-162.738,61.0601],[-162.7033,61.0813],[-163.0156,61.1107],[-162.9975,61.0674],[-162.8094,61.0489],[-162.738,61.0601]]]},"properties":{"name":null,"scalerank":6,"min_zoom":5}},
{"type":"Feature","geometry":{"type":"Polygon","coordinates":[[[-153.6425,60.4431],[-153.7078,60.4113],[-153.9944,60.3757],[-154.1554,60.3356],[-154.2159,60.303],[-154.3364,60.2771],[-154.3466,60.2532],[-154.4836,60.2144],[-154.4531,60.1837],[-154.6342,60.1187],[-154.7038,60.109],[-154.7769,60.0563],[-154.6723,60.0398],[-154.6071,60.091],[-154.3903,60.1817],[-154.3316,60.2179],[-154.1604,60.2573],[-153.9511,60.3451],[-153.7767,60.3886],[-153.6856,60.4007],[-153.6425,60.4431]]]},"properties":{"name":"Lake Clark","scalerank":6,"min_zoom":5}},
{"type":"Feature","geometry":{"type":"Polygon","coordinates":[[[-150.6497,60.126],[-150.7652,60.1867],[-150.9028,60.2744],[-151.084,60.2947],[-151.1772,60.2453],[-151.0672,60.2173],[-150.9259,60.1528],[-150.8047,60.1416],[-150.7892,60.0919],[-150.7105,60.0424],[-150.6631,60.058],[-150.6497,60.126]]]},"properties":{"name":null,"scalerank":6,"min_zoom":5}},
{"type":"Feature","geometry":{"type":"Polygon","coordinates":[[[-159.9589,61.3959],[-160.0318,61.4207],[-160.1356,61.3906],[-160.0964,61.3344],[-159.9289,61.3638],[-159.9589,61.3959]]]},"properties":{"name":null,"scalerank":6,"min_zoom":5}},
{"type":"Feature","geometry":{"type":"Polygon","coordinates":[[[-162.2339,60.8396],[-162.3462,60.9612],[-162.427,60.9456],[-162.3542,60.8275],[-162.2339,60.8396]]]},"properties":{"name":null,"scalerank":6,"min_zoom":5}},
{"type":"Feature","geometry":{"type":"Polygon","coordinates":[[[-163.9536,61.6244],[-163.9271,61.5817],[-163.7121,61.5384],[-163.6635,61.5543],[-163.787,61.6102],[-163.9536,61.6244]]]},"properties":{"name":null,"scalerank":6,"min_zoom":5}},
{"type":"Feature","geometry":{"type":"Polygon","coordinates":[[[-163.6083,62.6641],[-163.5808,62.6078],[-163.4797,62.6785],[-163.6083,62.6641]]]},"properties":{"name":null,"scalerank":6,"min_zoom":5}},
{"type":"Feature","geometry":{"type":"Polygon","coordinates":[[[-76.8677,51.3593],[-76.9394,51.3254],[-76.8255,51.296],[-76.8677,51.3593]]]},"properties":{"name":null,"scalerank":6,"min_zoom":5}},
{"type":"Feature","geometry":{"type":"Polygon","coordinates":[[[-91.6617,51.1582],[-91.4679,51.067],[-91.4095,51.0664],[-91.4146,51.1379],[-91.4666,51.17],[-91.6617,51.1582]]]},"properties":{"name":null,"scalerank":6,"min_zoom":5}},
{"type":"Feature","geometry":{"type":"Polygon","coordinates":[[[-91.9894,51.9277],[-91.91,51.8962],[-91.8978,51.9495],[-91.9364,51.9792],[-91.9894,51.9277]]]},"properties":{"name":null,"scalerank":6,"min_zoom":5}},
{"type":"Feature","geometry":{"type":"Polygon","coordinates":[[[-78.7412,51.1067],[-78.7982,51.1529],[-78.8242,51.0973],[-78.7412,51.1067]]]},"properties":{"name":null,"scalerank":6,"min_zoom":5}},
{"type":"Feature","geometry":{"type":"Polygon","coordinates":[[[-78.7871,47.6312],[-78.805,47.5835],[-78.7081,47.5958],[-78.6001,47.5811],[-78.5736,47.6197],[-78.5889,47.6771],[-78.6348,47.6912],[-78.7078,47.6783],[-78.7487,47.6948],[-78.8129,47.6565],[-78.7871,47.6312]]]},"properties":{"name":null,"scalerank":6,"min_zoom":5}},
{"type":"Feature","geometry":{"type":"Polygon","coordinates":[[[-108.0851,64.7143],[-107.9778,64.7196],[-108.0524,64.7517],[-108.0851,64.7143]]]},"properties":{"name":null,"scalerank":6,"min_zoom":5}},
{"type":"Feature","geometry":{"type":"Polygon","coordinates":[[[-108.4907,64.5518],[-108.4339,64.5818],[-108.1944,64.6151],[-108.2159,64.6857],[-108.342,64.6454],[-108.3311,64.6086],[-108.4234,64.5969],[-108.4907,64.5518]]]},"properties":{"name":null,"scalerank":6,"min_zoom":5}},
{"type":"Feature","geometry":{"type":"Polygon","coordinates":[[[-109.0756,64.6021],[-108.9863,64.6328],[-108.8589,64.5827],[-108.8763,64.664],[-108.9648,64.6584],[-109.0398,64.6787],[-109.0756,64.6021]]]},"properties":{"name":null,"scalerank":6,"min_zoom":5}},
{"type":"Feature","geometry":{"type":"Polygon","coordinates":[[[-109.3583,64.7405],[-109.3209,64.6104],[-109.2053,64.6242],[-109.3117,64.6766],[-109.308,64.7066],[-109.2139,64.7373],[-109.2911,64.767],[-109.3583,64.7405]]]},"properties":{"name":null,"scalerank":6,"min_zoom":5}},
{"type":"Feature","geometry":{"type":"Polygon","coordinates":[[[-78.6972,71.1008],[-78.5733,71.1341],[-78.8628,71.152],[-78.9773,71.1953],[-79.0527,71.1685],[-79.1934,71.1606],[-79.3451,71.1897],[-79.3725,71.147],[-79.3118,71.0917],[-79.0482,71.0796],[-78.9577,71.1005],[-78.8241,71.0835],[-78.6972,71.1008]]]},"properties":{"name":null,"scalerank":6,"min_zoom":5}},
{"type":"Feature","geometry":{"type":"Polygon","coordinates":[[[-104.8354,69.8174],[-104.7166,69.7909],[-104.6102,69.732],[-104.5006,69.7129],[-104.3566,69.778],[-104.3257,69.8324],[-104.5958,69.8563],[-104.8354,69.8174]]]},"properties":{"name":null,"scalerank":6,"min_zoom":5}},
{"type":"Feature","geometry":{"type":"Polygon","coordinates":[[[-98.2573,67.315],[-98.3482,67.3224],[-98.3576,67.3977],[-98.5266,67.393],[-98.5353,67.3168],[-98.5728,67.2726],[-98.3997,67.1669],[-98.3884,67.2341],[-98.2944,67.2638],[-98.2573,67.315]]]},"properties":{"name":null,"scalerank":6,"min_zoom":5}},
{"type":"Feature","geometry":{"type":"Polygon","coordinates":[[[-95.6844,55.4],[-95.8255,55.3891],[-95.8676,55.3568],[-96.0332,55.297],[-96.0774,55.2637],[-96.1505,55.2767],[-96.2309,55.2658],[-96.222,55.2158],[-96.1368,55.2152],[-95.8483,55.2841],[-95.7378,55.2885],[-95.7589,55.3253],[-95.6844,55.3585],[-95.6844,55.4]]]},"properties":{"name":null,"scalerank":6,"min_zoom":5}},
{"type":"Feature","geometry":{"type":"Polygon","coordinates":[[[-102.0942,54.7156],[-102.2207,54.7577],[-102.3401,54.6894],[-102.3395,54.5667],[-102.4208,54.5093],[-102.332,54.4798],[-102.2762,54.4301],[-102.2141,54.4548],[-102.1582,54.4489],[-102.1205,54.4816],[-102.1179,54.5929],[-102.0765,54.6521],[-102.0942,54.7156]]]},"properties":{"name":null,"scalerank":6,"min_zoom":5}},
{"type":"Feature","geometry":{"type":"Polygon","coordinates":[[[-105.5496,54.3754],[-105.5657,54.4684],[-105.6228,54.4746],[-105.6982,54.5146],[-105.7303,54.4787],[-105.7166,54.4375],[-105.7307,54.3185],[-105.7781,54.3235],[-105.8308,54.2205],[-105.7996,54.1746],[-105.8124,54.0851],[-105.7507,54.0501],[-105.6956,54.131],[-105.7056,54.1984],[-105.6604,54.2585],[-105.5453,54.3483],[-105.5496,54.3754]]]},"properties":{"name":null,"scalerank":6,"min_zoom":5}},
{"type":"Feature","geometry":{"type":"Polygon","coordinates":[[[-70.8474,53.4558],[-70.941,53.4446],[-70.906,53.4943],[-70.9116,53.5361],[-71.0146,53.5982],[-71.117,53.5909],[-71.0337,53.5208],[-71.0623,53.4884],[-70.9989,53.4284],[-70.8433,53.4269],[-70.8474,53.4558]]]},"properties":{"name":null,"scalerank":6,"min_zoom":5}},
{"type":"Feature","geometry":{"type":"Polygon","coordinates":[[[-60.5982,52.3301],[-60.6472,52.3372],[-60.7148,52.447],[-60.7716,52.4708],[-60.8911,52.4923],[-60.8998,52.5494],[-60.9759,52.5438],[-60.9363,52.4705],[-60.8308,52.4602],[-60.6996,52.3645],[-60.6812,52.3301],[-60.5982,52.3301]]]},"properties":{"name":null,"scalerank":6,"min_zoom":5}},
{"type":"Feature","geometry":{"type":"Polygon","coordinates":[[[-112.1649,64.8326],[-112.331,64.8618],[-112.2612,64.8023],[-112.1725,64.7888],[-111.9745,64.7296],[-111.9408,64.646],[-111.8557,64.6687],[-111.9898,64.7761],[-112.1078,64.7932],[-112.1649,64.8326]]]},"properties":{"name":null,"scalerank":6,"min_zoom":5}},
{"type":"Feature","geometry":{"type":"Polygon","coordinates":[[[-83.8973,48.3014],[-83.8156,48.3353],[-83.6945,48.3471],[-83.7132,48.3906],[-83.7747,48.3906],[-83.8973,48.3014]]]},"properties":{"name":null,"scalerank":6,"min_zoom":5}},
{"type":"Feature","geometry":{"type":"Polygon","coordinates":[[[-106.868,55.9346],[-106.9204,55.947],[-107.0667,55.8495],[-107.0908,55.808],[-107.0189,55.8048],[-106.9822,55.8592],[-106.8927,55.8663],[-106.868,55.9346]]]},"properties":{"name":null,"scalerank":6,"min_zoom":5}},
{"type":"Feature","geometry":{"type":"Polygon","coordinates":[[[-106.5586,55.6826],[-106.5732,55.6602],[-106.4637,55.6249],[-106.3677,55.6396],[-106.3398,55.6817],[-106.3841,55.7159],[-106.3096,55.7403],[-106.3171,55.7689],[-106.4665,55.73],[-106.5586,55.6826]]]},"properties":{"name":null,"scalerank":6,"min_zoom":5}},
{"type":"Feature","geometry":{"type":"Polygon","coordinates":[[[-102.4823,62.4448],[-102.6052,62.4995],[-102.5219,62.5625],[-102.6103,62.6078],[-102.5868,62.6535],[-102.603,62.7153],[-102.6782,62.7441],[-102.8112,62.692],[-102.7606,62.6443],[-102.6267,62.5834],[-102.6225,62.5507],[-102.7082,62.4683],[-102.6739,62.4448],[-102.4823,62.4448]]]},"properties":{"name":null,"scalerank":6,"min_zoom":5}},
{"type":"Feature","geometry":{"type":"Polygon","coordinates":[[[-103.2292,61.6191],[-103.3012,61.602],[-103.4434,61.5163],[-103.4965,61.4162],[-103.4163,61.383],[-103.3729,61.4307],[-103.3183,61.5399],[-103.1867,61.5796],[-103.2292,61.6191]]]},"properties":{"name":null,"scalerank":6,"min_zoom":5}},
{"type":"Feature","geometry":{"type":"Polygon","coordinates":[[[-103.6405,58.6692],[-103.6368,58.7057],[-103.7913,58.6966],[-103.7542,58.6616],[-103.8452,58.6039],[-103.828,58.5777],[-103.654,58.583],[-103.5838,58.6207],[-103.6405,58.6692]]]},"properties":{"name":null,"scalerank":6,"min_zoom":5}},
{"type":"Feature","geometry":{"type":"Polygon","coordinates":[[[-68.952,56.1713],[-68.9716,56.2092],[-69.0958,56.2728],[-69.1444,56.3323],[-69.1054,56.3912],[-69.196,56.5051],[-69.1165,56.6266],[-69.1395,56.6487],[-69.2673,56.5104],[-69.2502,56.475],[-69.1575,56.428],[-69.137,56.387],[-69.1781,56.3423],[-69.1513,56.2734],[-68.952,56.1713]]]},"properties":{"name":null,"scalerank":6,"min_zoom":5}},
{"type":"Feature","geometry":{"type":"Polygon","coordinates":[[[-88.7843,66.6174],[-88.9819,66.6088],[-88.9692,66.5632],[-88.7843,66.6174]]]},"properties":{"name":null,"scalerank":6,"min_zoom":5}},
{"type":"Feature","geometry":{"type":"Polygon","coordinates":[[[-88.5774,66.6489],[-88.3706,66.6712],[-88.3818,66.7222],[-88.5774,66.6489]]]},"properties":{"name":null,"scalerank":6,"min_zoom":5}},
{"type":"Feature","geometry":{"type":"Polygon","coordinates":[[[-111.5332,46.3848],[-111.4864,46.389],[-111.4741,46.4487],[-111.495,46.4917],[-111.5418,46.5194],[-111.5687,46.5791],[-111.6578,46.6421],[-111.7071,46.6377],[-111.5733,46.5138],[-111.5332,46.3848]]]},"properties":{"name":"Canyon Ferry Lake","scalerank":7,"min_zoom":5.7}},
{"type":"Feature","geometry":{"type":"Polygon","coordinates":[[[-110.7043,43.9078],[-110.7399,43.8807],[-110.6556,43.8277],[-110.5897,43.8633],[-110.6362,43.8877],[-110.6343,43.9616],[-110.6594,44.0105],[-110.6996,44.0114],[-110.7043,43.9078]]]},"properties":{"name":"Jackson Lake","scalerank":7,"min_zoom":5.7}},
{"type":"Feature","geometry":{"type":"Polygon","coordinates":[[[-94.5467,47.4713],[-94.637,47.4401],[-94.6155,47.4025],[-94.5364,47.3833],[-94.5056,47.4578],[-94.5467,47.4713]]]},"properties":{"name":"Cass Lake","scalerank":7,"min_zoom":5.7}},
{"type":"Feature","geometry":{"type":"Polygon","coordinates":[[[-94.077,47.4749],[-94.149,47.5067],[-94.2651,47.5146],[-94.3001,47.451],[-94.3122,47.3922],[-94.2408,47.3574],[-94.1797,47.3889],[-94.1616,47.4466],[-94.1116,47.4304],[-94.077,47.4749]]]},"properties":{"name":"Lake Winnibigoshish","scalerank":7,"min_zoom":5.7}},
{"type":"Feature","geometry":{"type":"Polygon","coordinates":[[[-97.0923,54.8416],[-97.0305,54.8743],[-96.8788,54.9037],[-96.7703,54.9099],[-96.7258,54.9482],[-97.1032,54.8931],[-97.3299,54.811],[-97.4868,54.7975],[-97.5501,54.7557],[-97.6787,54.7354],[-97.7605,54.7557],[-97.8084,54.708],[-97.9015,54.7047],[-98.0879,54.6123],[-98.1114,54.5746],[-98.0777,54.547],[-97.9803,54.5891],[-97.9114,54.5646],[-97.7856,54.5732],[-97.7885,54.6329],[-97.7638,54.67],[-97.6886,54.6877],[-97.6312,54.66],[-97.4718,54.6777],[-97.4459,54.7286],[-97.3882,54.7707],[-97.252,54.7642],[-97.1038,54.7883],[-97.0521,54.8128],[-97.0923,54.8416]]]},"properties":{"name":null,"scalerank":7,"min_zoom":5.7}},
{"type":"Feature","geometry":{"type":"Polygon","coordinates":[[[-75.0284,51.3272],[-74.941,51.3296],[-74.9042,51.3075],[-74.8449,51.377],[-74.9308,51.3749],[-74.9856,51.4188],[-75.0015,51.4679],[-75.1129,51.4873],[-75.1943,51.4553],[-75.1874,51.4191],[-75.1254,51.3728],[-75.0714,51.3852],[-75.0297,51.4252],[-75.006,51.3331],[-75.0284,51.3272]]]},"properties":{"name":null,"scalerank":7,"min_zoom":5.7}},
{"type":"Feature","geometry":{"type":"Polygon","coordinates":[[[-91.2913,48.9237],[-91.4283,48.9284],[-91.4806,48.9723],[-91.5768,48.9384],[-91.6389,48.8713],[-91.4785,48.816],[-91.4748,48.8687],[-91.4327,48.9125],[-91.3778,48.8654],[-91.2913,48.9237]]]},"properties":{"name":"Marmion Lake","scalerank":7,"min_zoom":5.7}},
{"type":"Feature","geometry":{"type":"Polygon","coordinates":[[[-95.7664,50.3973],[-95.7901,50.4197],[-95.9215,50.4085],[-95.9565,50.3546],[-95.8785,50.3629],[-95.7664,50.3973]]]},"properties":{"name":"Lac du Bonnet","scalerank":7,"min_zoom":5.7}},
{"type":"Feature","geometry":{"type":"Polygon","coordinates":[[[-91.9635,51.3022],[-91.8941,51.3013],[-91.7568,51.3422],[-91.7715,51.3775],[-91.8914,51.4597],[-91.9364,51.4332],[-91.9292,51.3537],[-92.0084,51.3425],[-91.9635,51.3022]]]},"properties":{"name":null,"scalerank":7,"min_zoom":5.7}},
{"type":"Feature","geometry":{"type":"Polygon","coordinates":[[[-91.915,51.7617],[-91.9152,51.6678],[-91.9658,51.6422],[-91.9292,51.6107],[-91.983,51.5265],[-91.9081,51.4873],[-91.8591,51.5065],[-91.9081,51.5427],[-91.8535,51.5904],[-91.8209,51.6816],[-91.6975,51.7064],[-91.6896,51.7431],[-91.8367,51.7411],[-91.915,51.7617]]]},"properties":{"name":null,"scalerank":7,"min_zoom":5.7}},
{"type":"Feature","geometry":{"type":"Polygon","coordinates":[[[-107.6158,55.9564],[-107.7042,55.9555],[-107.675,55.866],[-107.5673,55.8528],[-107.6158,55.9564]]]},"properties":{"name":null,"scalerank":7,"min_zoom":5.7}},
{"type":"Feature","geometry":{"type":"Polygon","coordinates":[[[-93.6561,53.2194],[-93.6605,53.1579],[-93.615,53.1111],[-93.5573,53.091],[-93.3321,53.0972],[-93.3595,53.1661],[-93.4165,53.152],[-93.4959,53.2032],[-93.5878,53.1935],[-93.6561,53.2194]]]},"properties":{"name":null,"scalerank":7,"min_zoom":5.7}},
{"type":"Feature","geometry":{"type":"Polygon","coordinates":[[[-93.3618,53.0428],[-93.2785,52.988],[-93.0801,52.9862],[-93.0458,52.9403],[-92.9792,52.978],[-92.9013,52.9845],[-92.889,53.0154],[-92.7176,53.0422],[-92.6593,53.0704],[-92.575,53.0024],[-92.5276,53.0495],[-92.5666,53.1013],[-92.6573,53.1479],[-92.7758,53.0857],[-92.9078,53.0937],[-92.9912,53.064],[-93.1576,53.0366],[-93.3618,53.0428]]]},"properties":{"name":"Sandy Lake","scalerank":7,"min_zoom":5.7}},
{"type":"Feature","geometry":{"type":"Polygon","coordinates":[[[-77.1175,48.5384],[-77.0962,48.5349],[-77.0427,48.6506],[-76.9909,48.6874],[-76.9185,48.7636],[-76.9936,48.778],[-77.0367,48.745],[-77.0817,48.6762],[-77.0794,48.6235],[-77.1175,48.5384]]]},"properties":{"name":null,"scalerank":7,"min_zoom":5.7}},
{"type":"Feature","geometry":{"type":"Polygon","coordinates":[[[-75.6754,48.5546],[-75.7658,48.5252],[-75.7718,48.579],[-75.8634,48.6408],[-75.8732,48.6055],[-75.949,48.5887],[-75.9118,48.5472],[-75.8628,48.5923],[-75.8045,48.5681],[-75.7606,48.5031],[-75.6934,48.5231],[-75.6754,48.5546]]]},"properties":{"name":null,"scalerank":7,"min_zoom":5.7}},
{"type":"Feature","geometry":{"type":"Polygon","coordinates":[[[-77.8515,49.7403],[-77.8179,49.8095],[-77.7555,49.826],[-77.6827,49.8106],[-77.5864,49.8424],[-77.3667,49.8636],[-77.2197,49.9243],[-77.2666,49.9481],[-77.3399,49.9004],[-77.4385,49.8822],[-77.4685,49.9146],[-77.4356,49.9522],[-77.4304,50.0467],[-77.4603,50.0841],[-77.4267,50.1191],[-77.4356,50.2057],[-77.4014,50.254],[-77.4356,50.2813],[-77.4281,50.3358],[-77.5523,50.3093],[-77.6683,50.3222],[-77.6106,50.2746],[-77.4996,50.2849],[-77.4737,50.2204],[-77.5176,50.1789],[-77.4498,50.1236],[-77.4989,50.0688],[-77.4765,50.0211],[-77.5017,49.9331],[-77.4933,49.8984],[-77.5894,49.8778],[-77.6646,49.9387],[-77.7782,49.8978],[-77.7133,49.8719],[-77.7267,49.8424],[-77.8152,49.836],[-77.8806,49.7948],[-77.8515,49.7403]]]},"properties":{"name":null,"scalerank":7,"min_zoom":5.7}},
{"type":"Feature","geometry":{"type":"Polygon","coordinates":[[[-75.6127,48.577],[-75.666,48.5207],[-75.6432,48.4978],[-75.6127,48.577]]]},"properties":{"name":null,"scalerank":7,"min_zoom":5.7}},
{"type":"Feature","geometry":{"type":"Polygon","coordinates":[[[-77.4934,47.8013],[-77.5411,47.8157],[-77.5273,47.7442],[-77.4934,47.8013]]]},"properties":{"name":null,"scalerank":7,"min_zoom":5.7}},
{"type":"Feature","geometry":{"type":"Polygon","coordinates":[[[-79.2756,46.9271],[-79.343,47.021],[-79.4099,47.0854],[-79.4287,47.1293],[-79.411,47.2391],[-79.4783,47.348],[-79.4742,47.4116],[-79.5219,47.4958],[-79.459,47.5396],[-79.4891,47.5782],[-79.5559,47.5638],[-79.5753,47.5049],[-79.6454,47.4846],[-79.4755,47.2821],[-79.4506,47.2149],[-79.4565,47.1255],[-79.4312,47.0766],[-79.3541,47.016],[-79.3435,46.978],[-79.2756,46.9271]]]},"properties":{"name":null,"scalerank":7,"min_zoom":5.7}},
{"type":"Feature","geometry":{"type":"Polygon","coordinates":[[[-68.3536,49.7512],[-68.4269,49.7129],[-68.4198,49.654],[-68.548,49.6779],[-68.4461,49.6008],[-68.4251,49.5651],[-68.4444,49.4801],[-68.4226,49.3879],[-68.3958,49.3488],[-68.3416,49.3453],[-68.3848,49.4627],[-68.3599,49.5451],[-68.3903,49.6499],[-68.3472,49.7167],[-68.3536,49.7512]]]},"properties":{"name":null,"scalerank":7,"min_zoom":5.7}},
{"type":"Feature","geometry":{"type":"Polygon","coordinates":[[[-101.9099,62.1842],[-102.0457,62.0856],[-101.9717,62.0812],[-101.88,62.1669],[-101.715,62.2184],[-101.6523,62.2219],[-101.5815,62.2814],[-101.5159,62.2634],[-101.4042,62.2905],[-101.3502,62.385],[-101.3855,62.4312],[-101.6735,62.3965],[-101.774,62.4609],[-101.8175,62.5095],[-101.933,62.4942],[-101.9888,62.4648],[-101.9683,62.4312],[-101.8709,62.3844],[-101.8822,62.312],[-101.9333,62.2752],[-101.8348,62.2496],[-101.8379,62.2184],[-101.9099,62.1842]]]},"properties":{"name":null,"scalerank":7,"min_zoom":5.7}},
{"type":"Feature","geometry":{"type":"Polygon","coordinates":[[[-101.3222,62.3423],[-101.2333,62.3196],[-101.1024,62.3597],[-100.9547,62.3076],[-100.8961,62.3123],[-100.7644,62.3694],[-100.9373,62.4327],[-101.0277,62.4433],[-101.1235,62.4188],[-101.2445,62.4212],[-101.3222,62.3423]]]},"properties":{"name":null,"scalerank":7,"min_zoom":5.7}},
{"type":"Feature","geometry":{"type":"Polygon","coordinates":[[[-100.5022,62.4312],[-100.5502,62.3573],[-100.4565,62.3326],[-100.5097,62.2549],[-100.4247,62.234],[-100.252,62.282],[-100.2825,62.2184],[-100.0729,62.186],[-99.9678,62.1227],[-99.8505,62.0886],[-99.7495,62.1374],[-99.6879,62.1233],[-99.6792,62.1945],[-99.7066,62.2396],[-99.6452,62.2902],[-99.5358,62.335],[-99.7051,62.3629],[-99.6997,62.4106],[-99.7493,62.443],[-99.8398,62.4236],[-99.8239,62.3494],[-99.6604,62.3426],[-99.7375,62.3085],[-99.9569,62.2366],[-100.0703,62.3282],[-100.3614,62.335],[-100.4675,62.3768],[-100.4364,62.4106],[-100.3156,62.4191],[-100.3297,62.4721],[-100.2279,62.5337],[-100.1386,62.541],[-100.1076,62.5934],[-100.144,62.6452],[-100.2329,62.6696],[-100.2585,62.6331],[-100.3344,62.6225],[-100.4749,62.541],[-100.4242,62.4474],[-100.5022,62.4312]]]},"properties":{"name":null,"scalerank":7,"min_zoom":5.7}},
{"type":"Feature","geometry":{"type":"Polygon","coordinates":[[[-138.44,61.0592],[-138.3804,61.1098],[-138.4419,61.1401],[-138.4733,61.2058],[-138.5662,61.2467],[-138.7151,61.292],[-138.7134,61.3753],[-138.7799,61.3674],[-138.9009,61.3895],[-138.8257,61.297],[-138.7159,61.2443],[-138.5707,61.1934],[-138.5392,61.116],[-138.44,61.0592]]]},"properties":{"name":"Kluane Lake","scalerank":7,"min_zoom":5.7}},
{"type":"Feature","geometry":{"type":"Polygon","coordinates":[[[-104.8114,63.0726],[-104.7166,63.0626],[-104.6379,63.1047],[-104.5948,63.1577],[-104.5993,63.206],[-104.6629,63.2663],[-104.7194,63.264],[-104.7119,63.193],[-104.7849,63.1506],[-104.8395,63.0885],[-104.8114,63.0726]]]},"properties":{"name":null,"scalerank":7,"min_zoom":5.7}},
{"type":"Feature","geometry":{"type":"Polygon","coordinates":[[[-106.8289,62.4852],[-106.5875,62.4448],[-106.5002,62.445],[-106.3956,62.413],[-106.3936,62.3644],[-106.3133,62.3247],[-106.1754,62.3282],[-106.1002,62.2805],[-106.1754,62.1636],[-106.0681,62.1054],[-105.9552,62.1657],[-105.9806,62.2116],[-105.8831,62.2054],[-105.8402,62.2567],[-105.8941,62.335],[-106.0266,62.3971],[-106.2756,62.3747],[-106.3,62.4138],[-106.271,62.4754],[-106.1445,62.5113],[-106.2671,62.5451],[-106.3913,62.5219],[-106.405,62.4913],[-106.5323,62.4783],[-106.6315,62.5057],[-106.8289,62.4852]]]},"properties":{"name":"Lynx Lake","scalerank":7,"min_zoom":5.7}},
{"type":"Feature","geometry":{"type":"Polygon","coordinates":[[[-101.8057,64.445],[-101.8113,64.4111],[-101.5363,64.4803],[-101.6461,64.5074],[-101.7424,64.4932],[-101.9028,64.4974],[-101.8057,64.445]]]},"properties":{"name":null,"scalerank":7,"min_zoom":5.7}},
{"type":"Feature","geometry":{"type":"Polygon","coordinates":[[[-116.3327,62.992],[-116.3454,62.9731],[-116.2497,62.911],[-116.138,62.8834],[-116.203,62.8215],[-116.1801,62.8062],[-116.0232,62.8292],[-116.0269,62.8633],[-115.902,62.8622],[-115.7855,62.9113],[-115.7699,63.0141],[-115.6757,63.0311],[-115.5824,63.1268],[-115.6738,63.1574],[-115.7457,63.0924],[-115.8314,63.1433],[-115.8789,63.1459],[-115.968,63.2392],[-116.0981,63.2478],[-116.143,63.2054],[-116.0071,63.191],[-115.8314,63.0959],[-115.8171,63.0612],[-115.9335,63.0082],[-115.8404,62.9608],[-115.8895,62.9081],[-115.9823,62.8837],[-116.0542,62.8934],[-116.1671,62.9587],[-116.1187,62.9731],[-116.2388,63.055],[-116.3521,63.0582],[-116.3327,62.992]]]},"properties":{"name":null,"scalerank":7,"min_zoom":5.7}},
{"type":"Feature","geometry":{"type":"Polygon","coordinates":[[[-68.4993,53.7148],[-68.501,53.7148],[-68.4996,53.7142],[-68.4993,53.7148]]]},"properties":{"name":null,"scalerank":7,"min_zoom":5.7}},
{"type":"Feature","geometry":{"type":"Polygon","coordinates":[[[-112.2494,41.4681],[-112.1982,41.4681],[-112.1961,41.5016],[-112.2631,41.5078],[-112.2494,41.4681]]]},"properties":{"name":null,"scalerank":7,"min_zoom":5.7}},
{"type":"Feature","geometry":{"type":"Polygon","coordinates":[[[-76.0644,48.6267],[-76.1273,48.5843],[-76.1881,48.5681],[-76.1742,48.5122],[-76.0961,48.5643],[-76.0644,48.6267]]]},"properties":{"name":null,"scalerank":7,"min_zoom":5.7}},
{"type":"Feature","geometry":{"type":"Polygon","coordinates":[[[-96.8408,45.6407],[-96.684,45.7169],[-96.6047,45.7849],[-96.7794,45.7004],[-96.8408,45.6407]]]},"properties":{"name":"Lake Traverse","scalerank":7,"min_zoom":5.7}},
{"type":"Feature","geometry":{"type":"Polygon","coordinates":[[[-92.6623,29.8607],[-92.7374,29.9078],[-92.6986,29.9369],[-92.7987,29.9764],[-92.7953,29.9146],[-92.8541,29.8669],[-92.6866,29.8363],[-92.6623,29.8607]]]},"properties":{"name":null,"scalerank":7,"min_zoom":5.7}},
{"type":"Feature","geometry":{"type":"Polygon","coordinates":[[[-92.4147,29.7951],[-92.5041,29.7851],[-92.5593,29.8333],[-92.6131,29.7933],[-92.5965,29.7318],[-92.4823,29.6779],[-92.4155,29.7179],[-92.3947,29.7712],[-92.4147,29.7951]]]},"properties":{"name":null,"scalerank":7,"min_zoom":5.7}},
{"type":"Feature","geometry":{"type":"Polygon","coordinates":[[[-108.0516,70.0605],[-107.9648,70.0653],[-107.6354,70.0441],[-107.1254,70.002],[-106.9431,70.0441],[-107.0895,70.0785],[-107.1245,70.0452],[-107.2778,70.0959],[-107.4167,70.0856],[-107.6042,70.1206],[-107.6476,70.102],[-108.0929,70.0903],[-108.0516,70.0605]]]},"properties":{"name":"Washburn Lake","scalerank":7,"min_zoom":5.7}},
{"type":"Feature","geometry":{"type":"Polygon","coordinates":[[[-113.5933,66.2159],[-113.4791,66.187],[-113.0916,66.1414],[-113.0538,66.0637],[-112.9494,66.0045],[-112.857,66.0628],[-112.7912,66.2927],[-112.7373,66.366],[-112.8412,66.4684],[-112.7949,66.5073],[-112.9322,66.5526],[-112.9643,66.5293],[-113.1855,66.4884],[-113.3153,66.5252],[-113.4757,66.4802],[-113.3465,66.4672],[-113.2364,66.3928],[-113.095,66.361],[-113.0154,66.3092],[-112.9496,66.3015],[-112.9344,66.1732],[-112.9491,66.1314],[-112.9085,66.0866],[-112.978,66.0601],[-113.0289,66.1555],[-113.0079,66.2341],[-113.0316,66.2791],[-113.1285,66.2856],[-113.3846,66.3371],[-113.4678,66.3371],[-113.6316,66.2376],[-113.5933,66.2159]]]},"properties":{"name":"Napaktulik","scalerank":7,"min_zoom":5.7}},
{"type":"Feature","geometry":{"type":"Polygon","coordinates":[[[-70.4956,43.8998],[-70.6034,43.9316],[-70.6174,43.8651],[-70.5558,43.8324],[-70.5354,43.7912],[-70.4859,43.8212],[-70.4956,43.8998]]]},"properties":{"name":"Sebago Lake","scalerank":7,"min_zoom":5.7}},
{"type":"Feature","geometry":{"type":"Polygon","coordinates":[[[-69.5544,45.5901],[-69.5175,45.6112],[-69.6099,45.6492],[-69.6106,45.6907],[-69.7353,45.7093],[-69.6788,45.7855],[-69.6414,45.794],[-69.6171,45.8665],[-69.7022,45.8653],[-69.7266,45.7793],[-69.7974,45.7731],[-69.7943,45.7278],[-69.6987,45.6628],[-69.7073,45.6036],[-69.6608,45.5256],[-69.6168,45.4841],[-69.5575,45.5424],[-69.5544,45.5901]]]},"properties":{"name":"Moosehead Lake","scalerank":7,"min_zoom":5.7}},
{"type":"Feature","geometry":{"type":"Polygon","coordinates":[[[-81.2009,27.8526],[-81.2239,27.8988],[-81.2274,27.952],[-81.2803,27.9912],[-81.3374,27.9582],[-81.2928,27.8543],[-81.2317,27.8384],[-81.2009,27.8526]]]},"properties":{"name":"Lake Kissimmee","scalerank":7,"min_zoom":5.7}},
{"type":"Feature","geometry":{"type":"Polygon","coordinates":[[[-103.6253,20.9633],[-103.6472,20.9376],[-103.7145,20.9185],[-103.6675,20.9035],[-103.6438,20.9141],[-103.5981,20.9594],[-103.6253,20.9633]]]},"properties":{"name":null,"scalerank":7,"min_zoom":5.7}},
{"type":"Feature","geometry":{"type":"Polygon","coordinates":[[[-80.9444,70.6337],[-80.8514,70.6154],[-80.7538,70.6343],[-80.6475,70.6234],[-80.5162,70.6372],[-80.4825,70.5763],[-80.3133,70.5833],[-80.3411,70.6263],[-80.1007,70.6404],[-79.9437,70.5789],[-79.8966,70.5986],[-79.9855,70.6917],[-80.1355,70.6952],[-80.2512,70.6434],[-80.3426,70.6837],[-80.3583,70.747],[-80.5055,70.7229],[-80.5866,70.7558],[-80.7692,70.7193],[-80.8102,70.6893],[-81.02,70.7299],[-81.0667,70.6828],[-80.9444,70.6337]]]},"properties":{"name":null,"scalerank":7,"min_zoom":5.7}},
{"type":"Feature","geometry":{"type":"Polygon","coordinates":[[[-112.4221,70.9637],[-112.2817,70.9557],[-112.0853,70.8541],[-112.0079,70.8868],[-112.0472,70.9475],[-112.021,70.9966],[-112.2407,71.0172],[-112.3841,71.011],[-112.4221,70.9637]]]},"properties":{"name":null,"scalerank":7,"min_zoom":5.7}},
{"type":"Feature","geometry":{"type":"Polygon","coordinates":[[[-124.7578,67.557],[-124.9794,67.559],[-125.0007,67.5899],[-125.1564,67.5361],[-125.1991,67.4784],[-125.1385,67.433],[-124.9321,67.3989],[-124.8698,67.413],[-124.7737,67.4725],[-124.6781,67.4539],[-124.6338,67.5287],[-124.7578,67.557]]]},"properties":{"name":null,"scalerank":7,"min_zoom":5.7}},
{"type":"Feature","geometry":{"type":"Polygon","coordinates":[[[-97.1409,66.3536],[-97.3387,66.411],[-97.3194,66.5647],[-97.2747,66.6253],[-97.3668,66.6253],[-97.4407,66.587],[-97.5786,66.391],[-97.7258,66.3571],[-97.8646,66.3607],[-97.8653,66.3048],[-97.7895,66.2382],[-97.6994,66.2459],[-97.5483,66.3168],[-97.5197,66.4104],[-97.4174,66.3786],[-97.3892,66.3206],[-97.3037,66.2797],[-97.2492,66.3336],[-97.1409,66.3536]]]},"properties":{"name":null,"scalerank":7,"min_zoom":5.7}},
{"type":"Feature","geometry":{"type":"Polygon","coordinates":[[[-92.0568,62.9982],[-92.0847,63.0544],[-92.1894,63.0612],[-92.2804,63.0912],[-92.3199,63.1318],[-92.4668,63.1506],[-92.6077,63.1165],[-92.6149,63.1486],[-92.7477,63.1866],[-92.7999,63.1712],[-92.9806,63.2493],[-93.0186,63.2122],[-92.9659,63.1515],[-92.8467,63.1097],[-92.9144,63.07],[-92.9063,63.0214],[-92.7995,63.0102],[-92.8139,62.9528],[-92.6382,62.9405],[-92.7331,62.9879],[-92.7662,63.0662],[-92.6248,63.0991],[-92.5114,63.0818],[-92.4091,63.0476],[-92.3663,63.0691],[-92.2592,63.0588],[-92.2228,63.0338],[-92.0568,62.9982]]]},"properties":{"name":null,"scalerank":7,"min_zoom":5.7}},
{"type":"Feature","geometry":{"type":"Polygon","coordinates":[[[-94.6838,62.3114],[-94.7317,62.3494],[-94.8147,62.3712],[-94.8688,62.335],[-95.0115,62.3091],[-94.975,62.2731],[-95.117,62.2487],[-95.1291,62.1786],[-95.2852,62.2037],[-95.2933,62.2867],[-95.4033,62.294],[-95.3691,62.2046],[-95.3651,62.1286],[-95.3276,62.1024],[-95.3419,62.0477],[-95.3082,62.0291],[-95.1984,62.0368],[-95.1636,62.0886],[-95.002,62.0877],[-94.9361,62.1109],[-94.9887,62.1539],[-94.778,62.1804],[-94.8416,62.2184],[-94.6519,62.2976],[-94.6838,62.3114]]]},"properties":{"name":null,"scalerank":7,"min_zoom":5.7}},
{"type":"Feature","geometry":{"type":"Polygon","coordinates":[[[-103.1091,54.9034],[-103.1758,54.9455],[-103.2696,54.932],[-103.2955,54.9529],[-103.4201,54.982],[-103.4172,54.9508],[-103.4737,54.8961],[-103.548,54.8931],[-103.5305,54.7869],[-103.6032,54.7783],[-103.6968,54.6712],[-103.6743,54.6029],[-103.6162,54.602],[-103.5783,54.5573],[-103.5039,54.5743],[-103.4906,54.6388],[-103.4239,54.6503],[-103.4086,54.695],[-103.5176,54.708],[-103.4613,54.7574],[-103.4446,54.7998],[-103.4691,54.8793],[-103.3217,54.8696],[-103.2319,54.831],[-103.1445,54.8413],[-103.1091,54.9034]]]},"properties":{"name":null,"scalerank":7,"min_zoom":5.7}},
{"type":"Feature","geometry":{"type":"Polygon","coordinates":[[[-101.2134,55.2337],[-101.2727,55.2632],[-101.3787,55.2219],[-101.4748,55.2767],[-101.5097,55.2405],[-101.5778,55.2187],[-101.54,55.1195],[-101.4666,55.1604],[-101.4112,55.1457],[-101.3278,55.0809],[-101.2399,55.1819],[-101.2134,55.2337]]]},"properties":{"name":null,"scalerank":7,"min_zoom":5.7}},
{"type":"Feature","geometry":{"type":"Polygon","coordinates":[[[-96.6054,54.2555],[-96.6266,54.297],[-96.7737,54.2835],[-96.8979,54.2847],[-96.9612,54.2552],[-97.1315,54.2794],[-97.0906,54.2173],[-97.0187,54.1881],[-96.9017,54.1978],[-96.8127,54.1431],[-96.7413,54.1381],[-96.5576,54.1846],[-96.4795,54.2349],[-96.6054,54.2555]]]},"properties":{"name":null,"scalerank":7,"min_zoom":5.7}},
{"type":"Feature","geometry":{"type":"Polygon","coordinates":[[[-87.582,52.1797],[-87.6986,52.2035],[-87.7881,52.2783],[-87.8725,52.2963],[-87.878,52.3425],[-87.9868,52.3145],[-87.9264,52.268],[-88.0228,52.2265],[-87.9787,52.19],[-87.9233,52.1862],[-87.8272,52.2132],[-87.7736,52.1603],[-87.6131,52.1426],[-87.582,52.1797]]]},"properties":{"name":null,"scalerank":7,"min_zoom":5.7}},
{"type":"Feature","geometry":{"type":"Polygon","coordinates":[[[-74.9767,50.3252],[-74.9616,50.3738],[-74.8982,50.407],[-74.7963,50.4335],[-74.795,50.478],[-74.9417,50.4662],[-75.0044,50.5059],[-75.0706,50.4521],[-75.1519,50.427],[-75.1949,50.4459],[-75.1949,50.5009],[-75.1604,50.5174],[-75.1238,50.5839],[-75.258,50.5807],[-75.3525,50.5009],[-75.3178,50.4736],[-75.2504,50.4747],[-75.1656,50.3897],[-75.2116,50.3155],[-75.1916,50.2746],[-75.0988,50.4191],[-75.0462,50.4418],[-74.9762,50.4091],[-74.9767,50.3252]]]},"properties":{"name":null,"scalerank":7,"min_zoom":5.7}},
{"type":"Feature","geometry":{"type":"Polygon","coordinates":[[[-76.6268,51.0211],[-76.7161,50.9802],[-76.779,50.9896],[-76.8307,50.9584],[-76.9387,50.8468],[-76.958,50.8671],[-76.8118,51.0355],[-76.8732,51.0626],[-77.1265,50.946],[-77.2225,50.9654],[-77.3166,50.9507],[-77.3789,50.8807],[-77.4407,50.85],[-77.377,50.8041],[-77.3667,50.7473],[-77.2879,50.7865],[-77.3462,50.8362],[-77.3146,50.9019],[-77.2519,50.9401],[-77.199,50.9451],[-77.0806,50.8833],[-77.1203,50.8498],[-77.1059,50.808],[-77.0383,50.7709],[-76.9007,50.8038],[-76.8412,50.8665],[-76.7367,50.8983],[-76.7521,50.9225],[-76.7138,50.9675],[-76.6268,51.0211]],[[-76.983,50.9345],[-76.9943,50.9598],[-76.9422,51.0081],[-76.871,51.0117],[-76.9387,50.946],[-76.983,50.9345]]]},"properties":{"name":null,"scalerank":7,"min_zoom":5.7}},
{"type":"Feature","geometry":{"type":"Polygon","coordinates":[[[-70.4493,50.6908],[-70.5224,50.6799],[-70.5651,50.7014],[-70.5689,50.805],[-70.6037,50.7985],[-70.6101,50.6746],[-70.6784,50.707],[-70.7771,50.7246],[-70.7887,50.7641],[-70.9161,50.8306],[-71.0106,50.8041],[-71.0058,50.7367],[-70.9503,50.7644],[-70.8705,50.7611],[-70.9173,50.7043],[-70.8565,50.6481],[-70.7803,50.6708],[-70.7139,50.6172],[-70.648,50.6028],[-70.6359,50.6584],[-70.4375,50.6555],[-70.4493,50.6908]]]},"properties":{"name":null,"scalerank":7,"min_zoom":5.7}},
{"type":"Feature","geometry":{"type":"Polygon","coordinates":[[[-72.2885,64.6322],[-72.3372,64.5695],[-72.2961,64.5551],[-72.3206,64.4979],[-72.1529,64.5297],[-72.0668,64.5174],[-72.0031,64.588],[-72.0561,64.6472],[-71.9732,64.6822],[-72.0581,64.709],[-72.1485,64.6787],[-72.297,64.6657],[-72.2885,64.6322]]]},"properties":{"name":null,"scalerank":7,"min_zoom":5.7}},
{"type":"Feature","geometry":{"type":"Polygon","coordinates":[[[-63.9971,55.9284],[-63.9653,55.9944],[-64.0759,55.962],[-64.2136,56.0164],[-64.0932,56.0989],[-64.1553,56.133],[-64.2154,56.095],[-64.2373,56.017],[-64.3016,55.9893],[-64.4025,56.0306],[-64.4178,55.9841],[-64.3165,55.9667],[-64.3745,55.8595],[-64.3055,55.8557],[-64.2504,55.8189],[-64.1898,55.8813],[-64.2987,55.9208],[-64.2373,55.9555],[-64.1908,55.9214],[-64.1203,55.957],[-64.0597,55.9284],[-63.9971,55.9284]]]},"properties":{"name":null,"scalerank":7,"min_zoom":5.7}},
{"type":"Feature","geometry":{"type":"Polygon","coordinates":[[[-67.828,56.7774],[-67.9931,56.7241],[-68.0545,56.722],[-68.1234,56.7774],[-68.0761,56.8624],[-68.1949,56.8992],[-68.2258,56.9828],[-68.3151,57.0311],[-68.3215,57.0791],[-68.4118,57.1241],[-68.3815,57.1892],[-68.4099,57.2563],[-68.5589,57.2692],[-68.5013,57.1642],[-68.548,57.148],[-68.6541,57.1603],[-68.7015,57.208],[-68.7557,57.1674],[-68.6844,57.0926],[-68.6432,57.148],[-68.5993,57.1362],[-68.5743,57.0817],[-68.453,57.1197],[-68.438,57.0585],[-68.3382,56.979],[-68.3118,56.9295],[-68.2563,56.9319],[-68.232,56.8565],[-68.1684,56.7791],[-68.0404,56.6867],[-68.092,56.6505],[-68.15,56.6811],[-68.2851,56.6891],[-68.2367,56.6496],[-68.1135,56.6375],[-67.9691,56.6814],[-67.8843,56.7244],[-67.828,56.7774]]]},"properties":{"name":null,"scalerank":7,"min_zoom":5.7}},
{"type":"Feature","geometry":{"type":"Polygon","coordinates":[[[-75.2427,60.1873],[-75.3856,60.1979],[-75.473,60.1393],[-75.5973,60.1428],[-75.5655,60.0875],[-75.5028,60.0528],[-75.4923,59.9886],[-75.39,60.013],[-75.3365,60.0554],[-75.2002,60.0389],[-75.2146,60.0754],[-75.1874,60.1496],[-75.2427,60.1873]]]},"properties":{"name":null,"scalerank":7,"min_zoom":5.7}},
{"type":"Feature","geometry":{"type":"Polygon","coordinates":[[[-109.5252,54.9685],[-109.5532,55.0106],[-109.7757,55.0232],[-109.9482,54.859],[-110.0201,54.8216],[-109.9839,54.783],[-109.9107,54.7975],[-109.8716,54.8363],[-109.8833,54.8696],[-109.794,54.8725],[-109.712,54.8446],[-109.609,54.859],[-109.5423,54.8996],[-109.5252,54.9685]]]},"properties":{"name":null,"scalerank":7,"min_zoom":5.7}},
{"type":"Feature","geometry":{"type":"Polygon","coordinates":[[[-65.0249,52.5909],[-65.088,52.6471],[-64.9897,52.6533],[-65.0743,52.7558],[-65.0651,52.8014],[-65.1069,52.8373],[-65.2462,52.887],[-65.3135,52.9265],[-65.3306,52.8682],[-65.293,52.8167],[-65.3737,52.7805],[-65.4364,52.8032],[-65.4706,52.7378],[-65.3635,52.681],[-65.3329,52.6981],[-65.2133,52.6463],[-65.0249,52.5909]]]},"properties":{"name":null,"scalerank":7,"min_zoom":5.7}},
{"type":"Feature","geometry":{"type":"Polygon","coordinates":[[[-71.9923,53.5997],[-72.0113,53.5714],[-71.9189,53.5361],[-71.9885,53.4849],[-71.8956,53.419],[-71.7817,53.4952],[-71.796,53.6182],[-71.9154,53.5756],[-71.9923,53.5997]]]},"properties":{"name":null,"scalerank":7,"min_zoom":5.7}},
{"type":"Feature","geometry":{"type":"Polygon","coordinates":[[[-97.416,63.2746],[-97.296,63.2869],[-97.2363,63.2469],[-97.1346,63.2572],[-97.2057,63.3349],[-97.2781,63.367],[-97.2295,63.3979],[-97.1163,63.4182],[-97.2404,63.4547],[-97.2638,63.5074],[-97.3879,63.4323],[-97.4322,63.3196],[-97.416,63.2746]]]},"properties":{"name":null,"scalerank":7,"min_zoom":5.7}},
{"type":"Feature","geometry":{"type":"Polygon","coordinates":[[[-117.5035,64.1821],[-117.3887,64.1612],[-117.4327,64.1212],[-117.3731,64.0823],[-117.1814,64.1368],[-117.1762,64.2701],[-117.3518,64.2569],[-117.5035,64.1821]],[[-117.3764,64.2089],[-117.2627,64.2065],[-117.2707,64.1512],[-117.339,64.158],[-117.3764,64.2089]]]},"properties":{"name":null,"scalerank":7,"min_zoom":5.7}},
{"type":"Feature","geometry":{"type":"Polygon","coordinates":[[[-121.0471,60.5517],[-121.0468,60.552],[-121.0466,60.5523],[-121.0471,60.5517]]]},"properties":{"name":null,"scalerank":7,"min_zoom":5.7}},
{"type":"Feature","geometry":{"type":"Polygon","coordinates":[[[-95.3908,54.8549],[-95.4312,54.9073],[-95.2865,54.9461],[-95.3584,54.9738],[-95.4474,54.9541],[-95.492,54.9134],[-95.6329,54.9073],[-95.7238,54.8543],[-95.8963,54.8251],[-96.027,54.7769],[-95.9695,54.7465],[-95.8825,54.7901],[-95.7977,54.7913],[-95.8279,54.7354],[-95.5687,54.8087],[-95.3863,54.8175],[-95.3908,54.8549]]]},"properties":{"name":null,"scalerank":7,"min_zoom":5.7}},
{"type":"Feature","geometry":{"type":"Polygon","coordinates":[[[-70.9966,53.2388],[-71.0592,53.1699],[-71.1038,53.1437],[-71.1034,53.0972],[-71.2208,53.1367],[-71.2479,53.0701],[-71.1593,53.023],[-71.076,53.023],[-70.9912,53.0737],[-70.9219,53.0548],[-70.9042,53.1514],[-70.857,53.132],[-70.7647,53.1367],[-70.7061,53.1184],[-70.6787,53.1629],[-70.7865,53.1652],[-70.7955,53.1867],[-70.9244,53.2041],[-70.9966,53.2388]]]},"properties":{"name":null,"scalerank":7,"min_zoom":5.7}},
{"type":"Feature","geometry":{"type":"Polygon","coordinates":[[[-73.1261,55.9746],[-73.2172,56.0144],[-73.2562,56.0762],[-73.1991,56.1027],[-73.1255,56.1748],[-73.1641,56.1963],[-73.2943,56.1348],[-73.303,56.0921],[-73.4469,56.0135],[-73.3583,55.9726],[-73.3957,55.9355],[-73.4003,55.8118],[-73.3065,55.8857],[-73.2425,55.8763],[-73.1317,55.9208],[-73.1261,55.9746]]]},"properties":{"name":null,"scalerank":7,"min_zoom":5.7}},
{"type":"Feature","geometry":{"type":"Polygon","coordinates":[[[-79.9982,46.9668],[-80.0145,47.0098],[-80.0544,47.0207],[-80.0929,47.0934],[-80.1269,47.0466],[-80.0878,46.9538],[-80.0809,46.8543],[-80.0214,46.872],[-79.9982,46.9668]]]},"properties":{"name":null,"scalerank":7,"min_zoom":5.7}},
{"type":"Feature","geometry":{"type":"Polygon","coordinates":[[[-100.923,56.312],[-100.8203,56.2778],[-100.766,56.2778],[-100.6925,56.2234],[-100.567,56.2163],[-100.4322,56.2346],[-100.3384,56.259],[-100.3066,56.3343],[-100.2416,56.3735],[-100.1864,56.3735],[-100.1559,56.4112],[-100.1821,56.4388],[-100.2812,56.4418],[-100.3371,56.4006],[-100.3632,56.3508],[-100.6064,56.2852],[-100.7121,56.2875],[-100.8026,56.3296],[-100.8281,56.3644],[-100.8958,56.3767],[-100.923,56.312]]]},"properties":{"name":null,"scalerank":7,"min_zoom":5.7}},
{"type":"Feature","geometry":{"type":"Polygon","coordinates":[[[-97.209,57.271],[-97.1502,57.3935],[-97.208,57.4306],[-97.4587,57.3961],[-97.4305,57.344],[-97.3446,57.3169],[-97.34,57.2884],[-97.209,57.271]]]},"properties":{"name":null,"scalerank":7,"min_zoom":5.7}},
{"type":"Feature","geometry":{"type":"Polygon","coordinates":[[[-102.1008,55.8166],[-101.8757,55.8425],[-102.0126,55.8866],[-102.0758,55.8725],[-102.1008,55.8166]]]},"properties":{"name":null,"scalerank":7,"min_zoom":5.7}},
{"type":"Feature","geometry":{"type":"Polygon","coordinates":[[[-102.0771,55.6532],[-102.0245,55.6308],[-101.9829,55.6717],[-101.8113,55.7153],[-101.7484,55.7056],[-101.6189,55.7768],[-101.6834,55.8457],[-101.8113,55.783],[-101.8853,55.7633],[-101.9823,55.7609],[-102.0582,55.7229],[-102.0986,55.6744],[-102.0771,55.6532]]]},"properties":{"name":null,"scalerank":7,"min_zoom":5.7}},
{"type":"Feature","geometry":{"type":"Polygon","coordinates":[[[-100.1386,55.7291],[-100.056,55.7085],[-99.9321,55.6982],[-99.9585,55.7465],[-100.0529,55.7427],[-100.0856,55.8198],[-100.169,55.8578],[-100.3495,55.8454],[-100.3986,55.8737],[-100.3495,55.9499],[-100.3576,55.9823],[-100.4581,56.0097],[-100.4423,56.0653],[-100.5183,56.1251],[-100.5295,56.0276],[-100.4535,55.9555],[-100.4575,55.889],[-100.5542,55.8198],[-100.6185,55.7521],[-100.5084,55.7229],[-100.4251,55.7388],[-100.4264,55.8024],[-100.3651,55.8183],[-100.2561,55.7983],[-100.1637,55.8001],[-100.1112,55.7639],[-100.1386,55.7291]]]},"properties":{"name":null,"scalerank":7,"min_zoom":5.7}},
{"type":"Feature","geometry":{"type":"Polygon","coordinates":[[[-110.0046,64.5736],[-110.0068,64.6122],[-110.0975,64.6928],[-110.2026,64.6348],[-110.1549,64.5951],[-110.2657,64.5347],[-110.389,64.5874],[-110.4114,64.6266],[-110.4885,64.6513],[-110.5406,64.5757],[-110.6554,64.586],[-110.6705,64.553],[-110.8354,64.5415],[-110.9317,64.5727],[-111.1227,64.5671],[-111.0208,64.508],[-110.829,64.4803],[-110.7324,64.4803],[-110.6911,64.442],[-110.7227,64.3873],[-110.6443,64.3778],[-110.5975,64.4208],[-110.3487,64.4114],[-110.2999,64.4397],[-110.1771,64.4326],[-110.2123,64.4932],[-110.0242,64.5312],[-110.0046,64.5736]]]},"properties":{"name":null,"scalerank":7,"min_zoom":5.7}},
{"type":"Feature","geometry":{"type":"Polygon","coordinates":[[[-121.3269,63.8565],[-121.3223,63.8998],[-121.4089,63.9793],[-121.459,64.0484],[-121.5407,64.0829],[-121.6566,64.014],[-121.7974,63.8724],[-121.7627,63.8427],[-121.4036,63.8465],[-121.3269,63.8565]]]},"properties":{"name":"Keller Lake","scalerank":7,"min_zoom":5.7}},
{"type":"Feature","geometry":{"type":"Polygon","coordinates":[[[-111.9452,63.7676],[-111.857,63.7199],[-111.7296,63.727],[-111.6373,63.6849],[-111.4797,63.7464],[-111.2864,63.7853],[-111.3432,63.8286],[-111.306,63.8551],[-111.1548,63.8671],[-111.0846,63.9104],[-110.9659,63.863],[-110.9155,63.8224],[-110.7351,63.8259],[-110.6501,63.8445],[-110.4364,63.8654],[-110.3734,63.8839],[-110.2291,63.9646],[-110.207,64.0014],[-110.2364,64.062],[-110.0882,64.13],[-109.832,64.1839],[-110.0925,64.2324],[-110.1697,64.2045],[-110.219,64.1512],[-110.4245,64.0688],[-110.3659,64.004],[-110.3655,63.9534],[-110.4584,63.9007],[-110.7084,63.8445],[-110.8455,63.8586],[-110.8372,63.911],[-110.9522,63.9384],[-111.1507,63.9596],[-111.2632,64.0334],[-111.4031,64.0384],[-111.4401,64.022],[-111.4841,63.9228],[-111.5586,63.8942],[-111.5759,63.8359],[-111.6514,63.7744],[-111.7128,63.7873],[-111.9452,63.7676]]]},"properties":{"name":null,"scalerank":7,"min_zoom":5.7}},
{"type":"Feature","geometry":{"type":"Polygon","coordinates":[[[-117.1147,64.0161],[-117.2086,64.0208],[-117.3022,64.0558],[-117.5411,63.9813],[-117.5308,63.9322],[-117.4319,63.9596],[-117.3998,63.9245],[-117.4762,63.873],[-117.4213,63.8333],[-117.2876,63.848],[-117.1126,63.7694],[-117.0624,63.8244],[-116.9753,63.863],[-117.0763,63.9578],[-117.0374,63.9934],[-117.1147,64.0161]]]},"properties":{"name":null,"scalerank":7,"min_zoom":5.7}},
{"type":"Feature","geometry":{"type":"Polygon","coordinates":[[[-117.3103,60.6082],[-117.4308,60.6541],[-117.5339,60.663],[-117.7158,60.5803],[-117.8733,60.5226],[-117.9828,60.4649],[-117.5779,60.4684],[-117.4932,60.4575],[-117.4341,60.4228],[-117.3284,60.4431],[-117.2564,60.5332],[-117.2651,60.5808],[-117.3103,60.6082]]]},"properties":{"name":"Tathlina Lake","scalerank":7,"min_zoom":5.7}},
{"type":"Feature","geometry":{"type":"Polygon","coordinates":[[[-104.7916,59.9424],[-104.6813,59.9777],[-104.456,59.9845],[-104.3667,59.9974],[-104.3602,59.9456],[-104.4341,59.9371],[-104.3524,59.8337],[-104.2847,59.9229],[-104.1953,59.9094],[-104.2052,59.9709],[-104.2742,59.9856],[-104.334,60.1066],[-104.3129,60.1988],[-104.4591,60.2285],[-104.5648,60.2011],[-104.5771,60.2329],[-104.4695,60.2744],[-104.5449,60.3189],[-104.613,60.2788],[-104.641,60.1905],[-104.5311,60.1496],[-104.6341,60.0601],[-104.7916,59.9424]]]},"properties":{"name":"Selwyn Lake","scalerank":7,"min_zoom":5.7}},
{"type":"Feature","geometry":{"type":"Polygon","coordinates":[[[-107.1625,54.8381],[-107.3143,54.9102],[-107.3852,54.9099],[-107.4796,54.8767],[-107.4981,54.8446],[-107.4753,54.7933],[-107.5754,54.7318],[-107.5422,54.6691],[-107.4453,54.7109],[-107.3901,54.6847],[-107.4604,54.6226],[-107.3615,54.6261],[-107.3478,54.6526],[-107.2236,54.71],[-107.2124,54.6518],[-107.0393,54.6877],[-107.0963,54.8016],[-107.1625,54.8381]]]},"properties":{"name":null,"scalerank":7,"min_zoom":5.7}},
{"type":"Feature","geometry":{"type":"Polygon","coordinates":[[[-74.9888,60.5941],[-74.869,60.6082],[-74.7151,60.5879],[-74.664,60.5599],[-74.5951,60.5741],[-74.4916,60.5535],[-74.4669,60.5287],[-74.3587,60.5393],[-74.3244,60.519],[-74.1543,60.5131],[-74.0134,60.5499],[-73.8854,60.507],[-73.847,60.471],[-73.6546,60.5052],[-73.4678,60.4334],[-73.2764,60.4369],[-73.3432,60.4813],[-73.4334,60.4575],[-73.5297,60.5155],[-73.5113,60.5541],[-73.6047,60.5879],[-73.6524,60.6356],[-73.8245,60.5741],[-73.9884,60.5841],[-74.1029,60.5402],[-74.2027,60.5611],[-74.3028,60.5458],[-74.4513,60.5673],[-74.537,60.6014],[-74.7162,60.6206],[-74.7953,60.6686],[-74.933,60.6694],[-75.0515,60.6288],[-74.9888,60.5941]]]},"properties":{"name":null,"scalerank":7,"min_zoom":5.7}},
{"type":"Feature","geometry":{"type":"Polygon","coordinates":[[[-93.3094,69.148],[-93.205,69.1454],[-93.0807,69.0918],[-93.0458,69.1948],[-92.9693,69.2116],[-92.9706,69.2731],[-92.9247,69.3285],[-92.8056,69.3935],[-93.2035,69.4282],[-93.2855,69.4076],[-93.2172,69.3729],[-93.211,69.3252],[-93.2718,69.2631],[-93.2548,69.2213],[-93.3094,69.148]]]},"properties":{"name":null,"scalerank":7,"min_zoom":5.7}},
{"type":"Feature","geometry":{"type":"Polygon","coordinates":[[[-103.2289,66.6936],[-103.1128,66.6868],[-102.9734,66.62],[-103.0349,66.5608],[-102.95,66.5597],[-102.7045,66.4817],[-102.686,66.4175],[-102.6225,66.313],[-102.5345,66.3557],[-102.3946,66.3707],[-102.3166,66.3298],[-102.1906,66.3622],[-102.1904,66.416],[-102.3152,66.4402],[-102.3457,66.3919],[-102.5013,66.4263],[-102.5506,66.4743],[-102.6876,66.5358],[-102.7267,66.6182],[-102.818,66.7071],[-102.8976,66.6951],[-102.9752,66.7189],[-103.085,66.7071],[-103.1122,66.7966],[-103.2129,66.789],[-103.3217,66.7436],[-103.322,66.7045],[-103.2289,66.6936]]]},"properties":{"name":null,"scalerank":7,"min_zoom":5.7}},
{"type":"Feature","geometry":{"type":"Polygon","coordinates":[[[-109.2048,62.1227],[-109.2316,62.1501],[-109.3386,62.0612],[-109.4234,62.0506],[-109.4581,62.0067],[-109.5722,61.9193],[-109.6222,61.8531],[-109.6893,61.8175],[-109.809,61.8113],[-109.8459,61.7403],[-109.9312,61.6771],[-109.8287,61.6709],[-109.7272,61.728],[-109.6745,61.6977],[-109.7188,61.6423],[-109.5042,61.6364],[-109.4786,61.589],[-109.5095,61.5193],[-109.429,61.4798],[-109.3368,61.509],[-109.3102,61.5475],[-109.3457,61.6538],[-109.3299,61.6988],[-109.2502,61.7601],[-109.177,61.7733],[-109.1203,61.8207],[-109.1183,61.8684],[-109.2091,61.894],[-109.2404,61.8437],[-109.2968,61.8387],[-109.3342,61.7789],[-109.4718,61.7665],[-109.5338,61.7168],[-109.5959,61.7256],[-109.6667,61.7807],[-109.5096,61.8975],[-109.4896,61.9508],[-109.3352,61.9649],[-109.2853,62.0568],[-109.2048,62.1227]]]},"properties":{"name":"Nonacho Lake","scalerank":7,"min_zoom":5.7}},
{"type":"Feature","geometry":{"type":"Polygon","coordinates":[[[-97.047,61.1755],[-97.1034,61.2246],[-97.2254,61.2747],[-97.175,61.3123],[-97.2324,61.355],[-97.1778,61.3959],[-97.276,61.4442],[-97.2747,61.5985],[-97.3774,61.6679],[-97.5381,61.6965],[-97.5969,61.7386],[-97.5643,61.808],[-97.6992,61.8281],[-97.7676,61.7889],[-97.7607,61.7324],[-97.8023,61.7103],[-97.8022,61.6155],[-97.4762,61.6709],[-97.5102,61.5899],[-97.603,61.5611],[-97.5119,61.4845],[-97.5102,61.4419],[-97.4616,61.3827],[-97.3634,61.355],[-97.2672,61.2593],[-97.2657,61.2323],[-97.17,61.2093],[-97.1184,61.1289],[-97.0577,61.0707],[-96.9656,61.1013],[-96.9485,61.1557],[-97.047,61.1755]]]},"properties":{"name":null,"scalerank":7,"min_zoom":5.7}},
{"type":"Feature","geometry":{"type":"Polygon","coordinates":[[[-105.7855,61.6155],[-105.7241,61.5643],[-105.7297,61.5016],[-105.6218,61.4739],[-105.6552,61.4307],[-105.6371,61.3889],[-105.7166,61.3282],[-105.6688,61.3009],[-105.5794,61.355],[-105.5304,61.3527],[-105.466,61.4669],[-105.3815,61.5269],[-105.374,61.5952],[-105.2645,61.6226],[-105.23,61.65],[-105.0996,61.6635],[-104.8225,61.6635],[-104.7846,61.6323],[-104.6846,61.6461],[-104.6615,61.6977],[-104.9816,61.6938],[-105.0172,61.7147],[-104.9966,61.7869],[-105.0497,61.8516],[-105.0128,61.9234],[-105.1193,61.9108],[-105.142,61.7712],[-105.0724,61.7386],[-105.1092,61.7047],[-105.1971,61.6997],[-105.3095,61.6403],[-105.4583,61.6179],[-105.6242,61.6155],[-105.7777,61.6411],[-105.7855,61.6155]]]},"properties":{"name":null,"scalerank":7,"min_zoom":5.7}},
{"type":"Feature","geometry":{"type":"Polygon","coordinates":[[[-56.5943,48.7645],[-56.6355,48.788],[-56.7543,48.801],[-56.8685,48.7612],[-56.929,48.6879],[-57.0146,48.6249],[-57.0959,48.6143],[-57.0694,48.5702],[-57.0074,48.5955],[-56.8296,48.7321],[-56.5943,48.7645]]]},"properties":{"name":null,"scalerank":7,"min_zoom":5.7}},
{"type":"Feature","geometry":{"type":"Polygon","coordinates":[[[-64.2032,52.5185],[-64.3124,52.5909],[-64.3855,52.6045],[-64.46,52.6901],[-64.5866,52.7708],[-64.5724,52.8032],[-64.6145,52.8411],[-64.6072,52.885],[-64.6822,52.9024],[-64.6686,52.8373],[-64.7648,52.8167],[-64.6488,52.7484],[-64.6967,52.6801],[-64.6276,52.6251],[-64.6334,52.5506],[-64.4005,52.5238],[-64.308,52.5524],[-64.2032,52.5185]]]},"properties":{"name":null,"scalerank":7,"min_zoom":5.7}},
{"type":"Feature","geometry":{"type":"Polygon","coordinates":[[[-163.1409,65.6227],[-163.2008,65.6648],[-163.3135,65.6103],[-163.2691,65.5768],[-163.1228,65.5627],[-163.0807,65.59],[-163.1409,65.6227]]]},"properties":{"name":null,"scalerank":7,"min_zoom":5.7}},
{"type":"Feature","geometry":{"type":"Polygon","coordinates":[[[-155.5865,59.0069],[-155.4444,58.9763],[-155.2516,59.0051],[-155.4588,59.0454],[-155.5647,59.0457],[-155.5865,59.0069]]]},"properties":{"name":null,"scalerank":7,"min_zoom":5.7}},
{"type":"Feature","geometry":{"type":"Polygon","coordinates":[[[-164.1335,60.9467],[-164.0827,60.8779],[-163.9373,60.9229],[-164.0393,61.015],[-164.1051,60.9918],[-164.1335,60.9467]]]},"properties":{"name":null,"scalerank":7,"min_zoom":5.7}},
{"type":"Feature","geometry":{"type":"Polygon","coordinates":[[[-162.4183,60.9956],[-162.4891,61.0562],[-162.437,61.0668],[-162.542,61.1287],[-162.6356,61.0601],[-162.653,60.9794],[-162.5988,60.9479],[-162.4978,60.9576],[-162.4183,60.9956]]]},"properties":{"name":null,"scalerank":7,"min_zoom":5.7}},
{"type":"Feature","geometry":{"type":"Polygon","coordinates":[[[-106.0148,55.7383],[-105.9923,55.7865],[-106.0642,55.8018],[-106.1486,55.7639],[-106.1702,55.6867],[-106.1314,55.6547],[-106.0457,55.695],[-106.0148,55.7383]]]},"properties":{"name":null,"scalerank":7,"min_zoom":5.7}},
{"type":"Feature","geometry":{"type":"Polygon","coordinates":[[[-98.8506,64.5412],[-99.0179,64.5403],[-99.1386,64.6104],[-99.211,64.6242],[-99.4539,64.6178],[-99.5628,64.6439],[-99.7691,64.6136],[-99.9028,64.6628],[-100.0061,64.6772],[-100.1976,64.6648],[-100.2447,64.5863],[-100.3782,64.5851],[-100.406,64.6513],[-100.7763,64.6195],[-100.7214,64.5827],[-100.654,64.5842],[-100.5105,64.5427],[-100.4344,64.5659],[-100.2479,64.5418],[-100.056,64.6378],[-99.8951,64.6295],[-99.8149,64.6016],[-99.7594,64.5503],[-99.542,64.5483],[-99.4481,64.5127],[-99.282,64.4803],[-99.2134,64.4803],[-99.2035,64.5321],[-99.0886,64.5212],[-99.1168,64.4458],[-99.0419,64.4005],[-98.8782,64.4311],[-98.796,64.3976],[-98.5284,64.364],[-98.485,64.3923],[-98.587,64.5053],[-98.4891,64.5027],[-98.3844,64.4458],[-98.2745,64.4597],[-98.3863,64.5241],[-98.381,64.6378],[-98.296,64.6657],[-98.1952,64.6472],[-98.1041,64.6849],[-98.0383,64.6563],[-97.9424,64.6993],[-97.763,64.6749],[-97.7123,64.7334],[-97.5342,64.7128],[-97.552,64.6669],[-97.3559,64.6657],[-97.3712,64.7125],[-97.1275,64.6516],[-97.0829,64.7476],[-97.2062,64.762],[-97.2673,64.7222],[-97.3989,64.7905],[-97.4794,64.8023],[-97.6201,64.792],[-97.8948,64.7381],[-98.1305,64.7196],[-98.2161,64.6731],[-98.3597,64.7143],[-98.5004,64.6857],[-98.4463,64.6098],[-98.6352,64.6148],[-98.8506,64.5412]]]},"properties":{"name":"Aberdeen Lake","scalerank":7,"min_zoom":5.7}},
{"type":"Feature","geometry":{"type":"Polygon","coordinates":[[[-108.4255,63.3688],[-108.3703,63.342],[-108.2863,63.4038],[-108.1778,63.4029],[-108.1684,63.4303],[-108.3238,63.4597],[-108.3718,63.5154],[-108.4742,63.5068],[-108.6129,63.5639],[-108.7431,63.7323],[-108.8729,63.7288],[-108.8876,63.6876],[-108.8349,63.6646],[-108.8282,63.6169],[-108.9578,63.541],[-108.8623,63.5212],[-108.7044,63.5342],[-108.512,63.4986],[-108.7381,63.4385],[-108.7146,63.3941],[-108.5438,63.3929],[-108.5674,63.3426],[-108.5169,63.3314],[-108.4255,63.3688]]]},"properties":{"name":null,"scalerank":7,"min_zoom":5.7}},
{"type":"Feature","geometry":{"type":"Polygon","coordinates":[[[-102.824,60.6742],[-102.7625,60.7001],[-102.7577,60.7436],[-102.6951,60.7795],[-102.681,60.8375],[-102.6287,60.8973],[-102.6905,60.9311],[-102.7549,60.8985],[-102.7797,60.844],[-102.9415,60.7313],[-103.036,60.7154],[-103.1122,60.663],[-103.1674,60.519],[-103.1312,60.4755],[-103.1914,60.4131],[-103.0923,60.3551],[-102.9895,60.3192],[-102.9144,60.3777],[-103.0168,60.4298],[-102.9591,60.5446],[-102.9686,60.6041],[-102.824,60.6742]]]},"properties":{"name":null,"scalerank":7,"min_zoom":5.7}},
{"type":"Feature","geometry":{"type":"Polygon","coordinates":[[[-102.6124,62.2093],[-102.7343,62.2776],[-102.8043,62.2599],[-102.8455,62.2985],[-102.9614,62.3076],[-102.9749,62.2705],[-103.1333,62.2396],[-103.1877,62.1466],[-103.1322,62.1227],[-102.9949,62.2016],[-102.7634,62.2116],[-102.7488,62.1692],[-102.8112,62.1227],[-102.8909,62.0998],[-103.0408,62.0836],[-103.0576,62.0197],[-103.1341,61.924],[-103.1371,61.846],[-102.9961,61.9714],[-102.9415,61.985],[-102.9543,62.0409],[-102.8226,62.1157],[-102.6951,62.1227],[-102.6028,62.1925],[-102.6124,62.2093]]]},"properties":{"name":null,"scalerank":7,"min_zoom":5.7}},
{"type":"Feature","geometry":{"type":"Polygon","coordinates":[[[-125.0995,66.7351],[-125.0585,66.6762],[-124.93,66.7487],[-124.9242,66.779],[-125.2559,66.9459],[-125.2397,66.9815],[-125.3463,67.0077],[-125.4182,66.9868],[-125.4131,66.9161],[-125.5342,66.8072],[-125.3354,66.7628],[-125.0995,66.7351]]]},"properties":{"name":null,"scalerank":7,"min_zoom":5.7}},
{"type":"Feature","geometry":{"type":"Polygon","coordinates":[[[-104.5415,55.4777],[-104.423,55.5181],[-104.4205,55.5569],[-104.5796,55.6076],[-104.7071,55.6102],[-104.6063,55.5304],[-104.5439,55.5248],[-104.5415,55.4777]]]},"properties":{"name":null,"scalerank":7,"min_zoom":5.7}},
{"type":"Feature","geometry":{"type":"Polygon","coordinates":[[[-104.1997,55.4136],[-104.2785,55.4557],[-104.3115,55.4139],[-104.2264,55.3865],[-104.1997,55.4136]]]},"properties":{"name":null,"scalerank":7,"min_zoom":5.7}},
{"type":"Feature","geometry":{"type":"Polygon","coordinates":[[[-95.3812,56.3573],[-95.3554,56.3323],[-95.1227,56.3529],[-95.0257,56.3323],[-94.9473,56.3803],[-95.1021,56.4621],[-95.1645,56.4745],[-95.3197,56.5451],[-95.4174,56.5104],[-95.2907,56.4197],[-95.2865,56.3658],[-95.3812,56.3573]]]},"properties":{"name":null,"scalerank":7,"min_zoom":5.7}},
{"type":"Feature","geometry":{"type":"Polygon","coordinates":[[[-102.2088,54.0751],[-102.2078,54.1593],[-102.3099,54.1528],[-102.35,54.134],[-102.3897,54.0401],[-102.4412,53.975],[-102.4054,53.9653],[-102.1588,53.9812],[-102.1806,54.0159],[-102.2456,54.0471],[-102.2088,54.0751]]]},"properties":{"name":null,"scalerank":7,"min_zoom":5.7}},
{"type":"Feature","geometry":{"type":"Polygon","coordinates":[[[-100.9254,54.0536],[-100.9132,54.091],[-100.9678,54.1184],[-100.9669,54.1593],[-101.2352,54.0848],[-101.1937,54.0439],[-101.1712,53.978],[-101.0864,53.9983],[-100.9738,53.9891],[-100.8892,54.0221],[-100.9254,54.0536]]]},"properties":{"name":null,"scalerank":7,"min_zoom":5.7}},
{"type":"Feature","geometry":{"type":"Polygon","coordinates":[[[-100.5539,54.2482],[-100.6803,54.2767],[-100.7236,54.3021],[-100.7998,54.297],[-100.9208,54.3165],[-101.0002,54.3],[-101.0453,54.2293],[-100.9498,54.2211],[-100.8858,54.194],[-100.9015,54.1649],[-100.8066,54.1184],[-100.7076,54.1304],[-100.6593,54.1593],[-100.6647,54.1917],[-100.5539,54.2482]]]},"properties":{"name":null,"scalerank":7,"min_zoom":5.7}},
{"type":"Feature","geometry":{"type":"Polygon","coordinates":[[[-68.501,53.7148],[-68.5889,53.7213],[-68.6504,53.6527],[-68.5695,53.6359],[-68.5156,53.5988],[-68.5921,53.5164],[-68.5821,53.4678],[-68.6644,53.434],[-68.8312,53.3857],[-68.8263,53.3539],[-68.7534,53.3377],[-68.7359,53.3901],[-68.6749,53.4128],[-68.6026,53.4063],[-68.5542,53.4269],[-68.489,53.4195],[-68.4957,53.509],[-68.4582,53.5397],[-68.4826,53.5876],[-68.4439,53.6506],[-68.3057,53.6256],[-68.3326,53.7022],[-68.4993,53.7148],[-68.4218,53.6998],[-68.4192,53.6683],[-68.5069,53.6527],[-68.501,53.7148]]]},"properties":{"name":null,"scalerank":7,"min_zoom":5.7}},
{"type":"Feature","geometry":{"type":"Polygon","coordinates":[[[-67.9618,53.2747],[-68.1185,53.1838],[-68.2268,53.2076],[-68.2605,53.2868],[-68.2987,53.2836],[-68.3182,53.2041],[-68.2539,53.22],[-68.285,53.1355],[-68.2742,53.0701],[-68.0814,53.0854],[-68.0638,53.1317],[-68.0037,53.1417],[-67.9974,53.1849],[-67.9253,53.2694],[-67.9618,53.2747]]]},"properties":{"name":null,"scalerank":7,"min_zoom":5.7}},
{"type":"Feature","geometry":{"type":"Polygon","coordinates":[[[-74.0572,49.9249],[-74.1187,49.9045],[-74.1596,49.9478],[-74.2386,49.9287],[-74.3793,49.8698],[-74.3718,49.7809],[-74.2716,49.7456],[-74.2138,49.8003],[-74.105,49.8698],[-74.0466,49.8834],[-74.0572,49.9249]]]},"properties":{"name":null,"scalerank":7,"min_zoom":5.7}},
{"type":"Feature","geometry":{"type":"Polygon","coordinates":[[[-86.5728,49.7847],[-86.6521,49.7126],[-86.6651,49.6817],[-86.7899,49.6234],[-86.8543,49.5401],[-86.9197,49.4998],[-86.9497,49.4462],[-86.9924,49.4162],[-86.9914,49.3732],[-86.8,49.5672],[-86.7005,49.6308],[-86.5507,49.7768],[-86.5728,49.7847]]]},"properties":{"name":"Long Lake","scalerank":7,"min_zoom":5.7}},
{"type":"Feature","geometry":{"type":"Polygon","coordinates":[[[-138.1388,59.2424],[-138.2138,59.177],[-138.1168,59.1817],[-138.1388,59.2424]]]},"properties":{"name":null,"scalerank":7,"min_zoom":5.7}},
{"type":"Feature","geometry":{"type":"Polygon","coordinates":[[[-138.2259,59.2712],[-138.191,59.2789],[-138.2394,59.313],[-138.2531,59.2856],[-138.2259,59.2712]]]},"properties":{"name":null,"scalerank":7,"min_zoom":5.7}},
{"type":"Feature","geometry":{"type":"Polygon","coordinates":[[[-137.9907,59.4623],[-138.0833,59.454],[-138.0328,59.4384],[-137.9907,59.4623]]]},"properties":{"name":null,"scalerank":7,"min_zoom":5.7}},
{"type":"Feature","geometry":{"type":"Polygon","coordinates":[[[-103.1575,55.8796],[-103.1001,55.9146],[-103.0713,55.9896],[-103.104,56.0064],[-103.203,55.9994],[-103.1492,55.9526],[-103.1575,55.8796]]]},"properties":{"name":null,"scalerank":7,"min_zoom":5.7}},
{"type":"Feature","geometry":{"type":"Polygon","coordinates":[[[-113.8159,58.6592],[-113.7217,58.6622],[-113.7067,58.7028],[-113.7633,58.7246],[-113.8159,58.6592]]]},"properties":{"name":null,"scalerank":7,"min_zoom":5.7}},
{"type":"Feature","geometry":{"type":"Polygon","coordinates":[[[-97.2261,65.9795],[-97.1591,65.9777],[-97.086,66.0595],[-97.0772,66.0978],[-96.9934,66.1523],[-97.0829,66.1449],[-97.1269,66.0975],[-97.1396,66.0322],[-97.2057,66.0151],[-97.2261,65.9795]]]},"properties":{"name":null,"scalerank":7,"min_zoom":5.7}},
{"type":"Feature","geometry":{"type":"Polygon","coordinates":[[[-95.6776,53.2209],[-95.7562,53.2167],[-95.7048,53.1817],[-95.6776,53.2209]]]},"properties":{"name":null,"scalerank":7,"min_zoom":5.7}},
{"type":"Feature","geometry":{"type":"Polygon","coordinates":[[[-91.9268,53.2883],[-91.874,53.3301],[-91.9274,53.3342],[-91.9635,53.3139],[-91.9268,53.2883]]]},"properties":{"name":null,"scalerank":7,"min_zoom":5.7}},
{"type":"Feature","geometry":{"type":"Polygon","coordinates":[[[-72.2333,52.5262],[-72.1728,52.5256],[-72.117,52.5753],[-72.185,52.578],[-72.2333,52.5262]]]},"properties":{"name":null,"scalerank":7,"min_zoom":5.7}},
{"type":"Feature","geometry":{"type":"Polygon","coordinates":[[[-71.3383,50.6369],[-71.282,50.7202],[-71.3337,50.7532],[-71.3383,50.6369]]]},"properties":{"name":null,"scalerank":7,"min_zoom":5.7}},
{"type":"Feature","geometry":{"type":"Polygon","coordinates":[[[-103.6984,55.3865],[-103.761,55.4071],[-103.839,55.3727],[-103.688,55.3503],[-103.6053,55.3565],[-103.5831,55.4071],[-103.6984,55.3865]]]},"properties":{"name":null,"scalerank":7,"min_zoom":5.7}},
{"type":"Feature","geometry":{"type":"Polygon","coordinates":[[[-90.8456,53.8255],[-90.7717,53.8281],[-90.7363,53.9409],[-90.8256,53.9264],[-90.8667,53.8514],[-90.8456,53.8255]]]},"properties":{"name":null,"scalerank":7,"min_zoom":5.7}},
{"type":"Feature","geometry":{"type":"Polygon","coordinates":[[[-68.952,56.1713],[-68.9716,56.2092],[-69.0958,56.2728],[-69.1444,56.3323],[-69.1054,56.3912],[-69.196,56.5051],[-69.1165,56.6266],[-69.1395,56.6487],[-69.2673,56.5104],[-69.2502,56.475],[-69.1575,56.428],[-69.137,56.387],[-69.1781,56.3423],[-69.1513,56.2734],[-68.952,56.1713]]]},"properties":{"name":null,"scalerank":7,"min_zoom":5.7}},
{"type":"Feature","geometry":{"type":"Polygon","coordinates":[[[-88.7843,66.6174],[-88.9819,66.6088],[-88.9692,66.5632],[-88.7843,66.6174]]]},"properties":{"name":null,"scalerank":7,"min_zoom":5.7}},
{"type":"Feature","geometry":{"type":"Polygon","coordinates":[[[-88.5774,66.6489],[-88.3706,66.6712],[-88.3818,66.7222],[-88.5774,66.6489]]]},"properties":{"name":null,"scalerank":7,"min_zoom":5.7}},
{"type":"Feature","geometry":{"type":"Polygon","coordinates":[[[-125.279,67.0345],[-125.284,67.0218],[-125.2148,67.0062],[-125.2116,67.0227],[-125.279,67.0345]]]},"properties":{"name":null,"scalerank":8,"min_zoom":6}},
{"type":"Feature","geometry":{"type":"Polygon","coordinates":[[[-96.8632,63.5978],[-96.6109,63.576],[-96.5713,63.6045],[-96.4652,63.5751],[-96.2413,63.6216],[-96.1228,63.6169],[-95.9393,63.6431],[-96.0416,63.6787],[-96.1383,63.6422],[-96.3667,63.6431],[-96.4088,63.6175],[-96.7514,63.6181],[-96.7863,63.6549],[-96.8963,63.6823],[-96.9519,63.6366],[-96.8632,63.5978]]]},"properties":{"name":null,"scalerank":8,"min_zoom":6}},
{"type":"Feature","geometry":{"type":"Polygon","coordinates":[[[-90.8481,49.9234],[-90.9461,49.9667],[-91.1182,49.911],[-91.1738,49.8613],[-91.0829,49.8392],[-91.052,49.861],[-90.8983,49.916],[-90.8481,49.9234]]]},"properties":{"name":null,"scalerank":8,"min_zoom":6}},
{"type":"Feature","geometry":{"type":"Polygon","coordinates":[[[-90.7486,50.0229],[-90.6619,50.0438],[-90.5782,50.125],[-90.6823,50.1645],[-90.7741,50.1339],[-90.7981,50.0679],[-90.7486,50.0229]]]},"properties":{"name":"Sturgeon Lake","scalerank":8,"min_zoom":6}},
{"type":"Feature","geometry":{"type":"Polygon","coordinates":[[[-90.9537,49.8342],[-91.0215,49.8156],[-91.0049,49.7736],[-90.8742,49.8015],[-90.9537,49.8342]]]},"properties":{"name":null,"scalerank":8,"min_zoom":6}},
{"type":"Feature","geometry":{"type":"Polygon","coordinates":[[[-93.9366,50.3358],[-94.0258,50.3484],[-94.0267,50.254],[-93.9623,50.2693],[-93.9366,50.3358]]]},"properties":{"name":null,"scalerank":8,"min_zoom":6}},
{"type":"Feature","geometry":{"type":"Polygon","coordinates":[[[-91.9617,50.0064],[-92.1416,49.9522],[-92.1998,49.8907],[-92.1416,49.8907],[-92.0794,49.9249],[-91.9492,49.9667],[-91.8419,49.9702],[-91.8075,49.9216],[-91.7437,49.959],[-91.7682,50.0117],[-91.8185,50.0538],[-91.874,50.0547],[-91.9649,50.1342],[-91.9822,50.0994],[-91.9617,50.0064]]]},"properties":{"name":"Minnitaki Lake","scalerank":8,"min_zoom":6}},
{"type":"Feature","geometry":{"type":"Polygon","coordinates":[[[-111.4969,65.7561],[-111.393,65.8064],[-111.2683,65.8191],[-111.1576,65.7516],[-111.0469,65.7151],[-111.0492,65.678],[-110.7982,65.6513],[-110.7214,65.6604],[-110.699,65.6033],[-110.6184,65.5897],[-110.6303,65.5527],[-110.5208,65.5285],[-110.5874,65.4614],[-110.6225,65.3919],[-110.4966,65.3057],[-110.4425,65.2032],[-110.3155,65.1706],[-110.3564,65.2412],[-110.425,65.2745],[-110.4108,65.3089],[-110.4894,65.3834],[-110.4348,65.4155],[-110.3004,65.3963],[-110.1849,65.3366],[-109.9578,65.2971],[-109.8144,65.2336],[-109.7336,65.1173],[-109.8386,65.0113],[-109.794,64.9598],[-109.6082,65.0098],[-109.6673,65.0625],[-109.6394,65.107],[-109.4861,65.1026],[-109.4303,65.079],[-109.3694,65.145],[-109.5005,65.1726],[-109.5611,65.1482],[-109.6915,65.1723],[-109.7855,65.2247],[-109.8349,65.2821],[-109.9086,65.3172],[-110.0546,65.3434],[-110.0336,65.364],[-110.226,65.4187],[-110.1574,65.4858],[-110.2707,65.4985],[-110.3918,65.5315],[-110.4587,65.59],[-110.527,65.6074],[-110.5253,65.6869],[-110.713,65.6845],[-110.7808,65.6998],[-110.806,65.7525],[-111.0412,65.7775],[-110.9956,65.804],[-111.034,65.8712],[-111.1813,65.877],[-111.3582,65.9615],[-111.4641,65.9318],[-111.3425,65.8847],[-111.4605,65.8064],[-111.4969,65.7561]]]},"properties":{"name":"Contwoyto Lake","scalerank":8,"min_zoom":6}},
{"type":"Feature","geometry":{"type":"Polygon","coordinates":[[[-97.9856,64.0208],[-97.8767,63.9731],[-97.8622,63.9216],[-97.7647,63.9169],[-97.7206,63.8654],[-97.49,63.7635],[-97.4235,63.7865],[-97.4696,63.8553],[-97.4703,63.921],[-97.2071,63.984],[-97.3565,64.0011],[-97.4007,63.9866],[-97.7056,64.0549],[-97.7903,64.0402],[-97.8107,64.0888],[-97.8984,64.0897],[-97.9934,64.0626],[-97.9856,64.0208]]]},"properties":{"name":null,"scalerank":8,"min_zoom":6}},
{"type":"Feature","geometry":{"type":"Polygon","coordinates":[[[-98.638,64.0505],[-98.6327,63.9672],[-98.5011,63.9216],[-98.4463,63.845],[-98.3965,63.8333],[-98.2916,63.8771],[-98.1859,63.8286],[-98.1479,63.8839],[-98.0555,63.9384],[-98.1613,63.9654],[-98.2994,63.9336],[-98.3376,64.0164],[-98.2193,64.0626],[-98.3357,64.13],[-98.4329,64.13],[-98.472,64.1006],[-98.5952,64.1212],[-98.5884,64.0555],[-98.638,64.0505]]]},"properties":{"name":null,"scalerank":8,"min_zoom":6}},
{"type":"Feature","geometry":{"type":"Polygon","coordinates":[[[-99.2459,63.7073],[-99.282,63.692],[-99.1566,63.6175],[-99.0969,63.6776],[-98.8506,63.6714],[-98.8438,63.6213],[-98.7377,63.6455],[-98.7197,63.6734],[-98.7748,63.7609],[-98.665,63.7812],[-98.7059,63.8521],[-98.9427,63.891],[-99.0628,63.8495],[-99.0734,63.7982],[-98.9804,63.8018],[-98.9693,63.76],[-99.0928,63.7435],[-99.1448,63.7744],[-99.1536,63.8197],[-99.2203,63.83],[-99.2796,63.7971],[-99.2431,63.7591],[-99.2459,63.7073]]]},"properties":{"name":null,"scalerank":8,"min_zoom":6}},
{"type":"Feature","geometry":{"type":"Polygon","coordinates":[[[-101.0365,61.0339],[-100.8817,61.134],[-100.9205,61.244],[-100.9882,61.1943],[-100.9728,61.1263],[-101.0774,61.0907],[-101.1117,61.0197],[-101.2773,61.0489],[-101.3513,61.0056],[-101.4045,61.0147],[-101.4579,61.0936],[-101.463,61.1534],[-101.5868,61.0919],[-101.4954,61.0197],[-101.4954,60.9782],[-101.3431,60.8867],[-101.3371,60.8275],[-101.4229,60.8199],[-101.4719,60.8481],[-101.6018,60.7863],[-101.6461,60.8001],[-101.728,60.7466],[-101.8113,60.7251],[-101.7227,60.6889],[-101.5434,60.7448],[-101.4234,60.7575],[-101.2367,60.8299],[-101.0942,60.8502],[-100.9872,60.9017],[-100.9897,60.9597],[-101.0337,60.9762],[-101.0365,61.0339]]]},"properties":{"name":null,"scalerank":8,"min_zoom":6}},
{"type":"Feature","geometry":{"type":"Polygon","coordinates":[[[-101.1279,59.5273],[-101.0749,59.5391],[-101.0484,59.5988],[-101.0019,59.6283],[-101.0668,59.666],[-101.0936,59.6009],[-101.1348,59.5912],[-101.1931,59.6509],[-101.2551,59.6495],[-101.208,59.5668],[-101.1279,59.5273]]]},"properties":{"name":null,"scalerank":8,"min_zoom":6}},
{"type":"Feature","geometry":{"type":"Polygon","coordinates":[[[-97.0716,60.3165],[-97.0883,60.3677],[-97.1628,60.3571],[-97.2748,60.4051],[-97.2873,60.4484],[-97.3512,60.4551],[-97.4239,60.5061],[-97.5217,60.466],[-97.1998,60.318],[-97.1889,60.2797],[-97.0922,60.2776],[-97.0716,60.3165]]]},"properties":{"name":null,"scalerank":8,"min_zoom":6}},
{"type":"Feature","geometry":{"type":"Polygon","coordinates":[[[-99.9718,59.8435],[-99.8576,59.8055],[-99.679,59.7666],[-99.5417,59.7628],[-99.5101,59.7075],[-99.5731,59.6798],[-99.5272,59.5865],[-99.4765,59.6062],[-99.4328,59.7004],[-99.4402,59.7416],[-99.3782,59.8058],[-99.4915,59.8017],[-99.5495,59.8337],[-99.6487,59.8305],[-99.5972,59.882],[-99.6116,59.9241],[-99.6652,59.9491],[-99.5837,60.0466],[-99.6125,60.0981],[-99.5442,60.1305],[-99.6375,60.1505],[-99.6964,60.1832],[-99.6556,60.2514],[-99.5771,60.2261],[-99.4237,60.1996],[-99.4402,60.1558],[-99.343,60.1446],[-99.3304,60.1075],[-99.1833,60.0848],[-99.1224,60.1169],[-99.2204,60.1702],[-99.282,60.2691],[-99.2478,60.3136],[-99.2918,60.3501],[-99.4112,60.325],[-99.483,60.3533],[-99.3912,60.4507],[-99.3305,60.4861],[-99.1864,60.4725],[-99.1552,60.5155],[-99.1858,60.5532],[-99.303,60.5393],[-99.2821,60.5935],[-99.3264,60.6603],[-99.1644,60.6992],[-99.1311,60.7592],[-99.0768,60.7728],[-98.9542,60.7383],[-98.8937,60.7819],[-98.7667,60.7825],[-98.6941,60.8499],[-98.7283,60.8752],[-98.8977,60.8001],[-98.9605,60.8205],[-99.0813,60.8219],[-99.2478,60.7928],[-99.3145,60.7639],[-99.3107,60.7154],[-99.3945,60.6662],[-99.3917,60.6182],[-99.5336,60.5885],[-99.5694,60.5467],[-99.4812,60.5258],[-99.542,60.4781],[-99.7039,60.5635],[-99.7537,60.5505],[-99.7201,60.4781],[-99.6456,60.4507],[-99.6867,60.4095],[-99.659,60.3851],[-99.7276,60.3412],[-99.7113,60.3197],[-99.7403,60.2432],[-99.7887,60.2197],[-99.8605,60.104],[-99.8983,60.0675],[-100.0031,60.0345],[-100.0021,59.9756],[-100.07,59.8723],[-100.1227,59.8455],[-100.0639,59.754],[-100.1986,59.7413],[-100.2118,59.6945],[-100.0838,59.6607],[-100.0143,59.6018],[-99.9331,59.6554],[-99.9871,59.6827],[-99.941,59.7619],[-99.9718,59.8435]],[[-99.8236,59.9665],[-99.716,59.935],[-99.7295,59.8782],[-99.8814,59.8738],[-99.9269,59.9026],[-99.8236,59.9665]]]},"properties":{"name":"Nueltin Lake","scalerank":8,"min_zoom":6}},
{"type":"Feature","geometry":{"type":"Polygon","coordinates":[[[-124.603,66.9194],[-124.5483,66.9094],[-124.5546,66.9603],[-124.6395,66.9506],[-124.603,66.9194]]]},"properties":{"name":null,"scalerank":8,"min_zoom":6}},
{"type":"Feature","geometry":{"type":"Polygon","coordinates":[[[-107.5327,63.4524],[-107.6519,63.4512],[-107.7,63.3911],[-107.9186,63.276],[-107.8853,63.2022],[-108.0433,63.0853],[-108.1223,63.0564],[-108.2146,62.9484],[-108.1926,62.9278],[-107.9068,63.0405],[-107.6805,63.208],[-107.5601,63.2878],[-107.6013,63.3985],[-107.5327,63.4524]]]},"properties":{"name":null,"scalerank":8,"min_zoom":6}},
{"type":"Feature","geometry":{"type":"Polygon","coordinates":[[[-135.1565,61.0433],[-135.0908,60.9679],[-135.0398,60.9956],[-135.0557,61.0798],[-135.1217,61.1496],[-135.1908,61.252],[-135.2176,61.3877],[-135.321,61.355],[-135.2023,61.1805],[-135.2001,61.1189],[-135.1565,61.0433]]]},"properties":{"name":null,"scalerank":8,"min_zoom":6}},
{"type":"Feature","geometry":{"type":"Polygon","coordinates":[[[-133.86,59.6777],[-133.9423,59.6309],[-134.1601,59.6262],[-134.1963,59.7649],[-134.2683,59.8979],[-134.1881,59.9365],[-134.157,59.9868],[-134.1528,60.0645],[-134.2253,60.1181],[-134.2552,60.1714],[-134.2448,60.2779],[-134.1938,60.3739],[-134.2746,60.4819],[-134.3955,60.5532],[-134.4979,60.5393],[-134.3276,60.4796],[-134.2655,60.3618],[-134.2765,60.2697],[-134.3613,60.1702],[-134.4156,60.1567],[-134.5756,60.1602],[-134.7547,60.1852],[-134.8364,60.139],[-134.9914,60.0807],[-134.8301,60.091],[-134.7381,60.1625],[-134.6005,60.1522],[-134.4979,60.1013],[-134.4301,60.1458],[-134.2999,60.1531],[-134.176,60.0345],[-134.2372,59.9374],[-134.3061,59.882],[-134.2143,59.6554],[-134.2924,59.5668],[-134.169,59.6077],[-134.0028,59.6112],[-133.8415,59.6371],[-133.86,59.6777]]]},"properties":{"name":null,"scalerank":8,"min_zoom":6}},
{"type":"Feature","geometry":{"type":"Polygon","coordinates":[[[-105.4652,21.945],[-105.4567,21.8723],[-105.4094,21.8599],[-105.4652,21.945]]]},"properties":{"name":null,"scalerank":8,"min_zoom":6}},
{"type":"Feature","geometry":{"type":"Polygon","coordinates":[[[-93.2576,29.9478],[-93.2877,30.0541],[-93.3236,30.0812],[-93.3512,29.9879],[-93.3536,29.9163],[-93.4506,29.8737],[-93.4001,29.841],[-93.3439,29.8333],[-93.2684,29.8554],[-93.252,29.8769],[-93.2576,29.9478]]]},"properties":{"name":null,"scalerank":8,"min_zoom":6}},
{"type":"Feature","geometry":{"type":"Polygon","coordinates":[[[-90.1848,29.8068],[-90.182,29.8389],[-90.2361,29.8745],[-90.2912,29.8389],[-90.2409,29.8207],[-90.242,29.7859],[-90.3377,29.73],[-90.347,29.6929],[-90.2909,29.6632],[-90.2288,29.6806],[-90.1974,29.7327],[-90.1472,29.775],[-90.1848,29.8068]]]},"properties":{"name":null,"scalerank":8,"min_zoom":6}},
{"type":"Feature","geometry":{"type":"Polygon","coordinates":[[[-114.8195,55.3097],[-114.7415,55.3523],[-114.8445,55.4348],[-114.9262,55.5192],[-114.995,55.5443],[-115.2129,55.5351],[-115.3407,55.5031],[-115.8909,55.5243],[-116.0027,55.5031],[-116.0947,55.5134],[-116.1589,55.5934],[-116.2286,55.5852],[-116.2005,55.5337],[-116.1052,55.4757],[-116.0645,55.4271],[-115.9231,55.3933],[-115.8482,55.3865],[-115.7699,55.4274],[-115.6593,55.4036],[-115.6601,55.3523],[-115.6043,55.3323],[-115.5501,55.3523],[-115.3896,55.4521],[-115.3532,55.4239],[-115.2561,55.3906],[-115.1976,55.4],[-115.0131,55.3812],[-114.8195,55.3097]]]},"properties":{"name":"Lesser Slave Lake","scalerank":8,"min_zoom":6}},
{"type":"Feature","geometry":{"type":"Polygon","coordinates":[[[-73.8502,59.3698],[-73.8065,59.3648],[-73.7189,59.3054],[-73.59,59.2789],[-73.5379,59.3142],[-73.5638,59.3477],[-73.6979,59.3477],[-73.7638,59.3901],[-73.7288,59.4222],[-73.9616,59.4631],[-74.0435,59.457],[-74.2626,59.5258],[-74.3121,59.507],[-74.4345,59.5523],[-74.6063,59.5665],[-74.6263,59.5114],[-74.698,59.497],[-74.7186,59.4623],[-74.6263,59.4437],[-74.5096,59.4773],[-74.4129,59.4514],[-74.3237,59.409],[-74.194,59.4364],[-73.9747,59.4478],[-73.8439,59.4263],[-73.8502,59.3698]]]},"properties":{"name":"Lake Payne","scalerank":8,"min_zoom":6}},
{"type":"Feature","geometry":{"type":"Polygon","coordinates":[[[-100.4972,20.0902],[-100.5935,20.0828],[-100.6747,20.0331],[-100.5187,20.0749],[-100.4972,20.0902]]]},"properties":{"name":null,"scalerank":8,"min_zoom":6}},
{"type":"Feature","geometry":{"type":"Polygon","coordinates":[[[-100.2005,20.0884],[-100.2145,20.0652],[-100.2606,20.081],[-100.2511,20.0398],[-100.2301,20.0298],[-100.1864,20.0643],[-100.2005,20.0884]]]},"properties":{"name":null,"scalerank":8,"min_zoom":6}},
{"type":"Feature","geometry":{"type":"Polygon","coordinates":[[[-75.5784,57.1065],[-75.4545,57.0776],[-75.2844,57.148],[-75.1569,57.1312],[-75.1083,57.1586],[-74.9133,57.1992],[-74.7701,57.1774],[-74.739,57.2057],[-74.6537,57.1986],[-74.471,57.1277],[-74.4482,57.1412],[-74.5582,57.2018],[-74.6366,57.2107],[-74.8318,57.2645],[-74.5951,57.3193],[-74.5261,57.3696],[-74.6546,57.3702],[-74.6763,57.3994],[-74.4476,57.4011],[-74.3105,57.4353],[-74.3384,57.483],[-74.4807,57.4379],[-74.5752,57.4594],[-74.607,57.4314],[-74.7015,57.4155],[-74.7698,57.3843],[-74.7349,57.3478],[-74.8377,57.3449],[-74.928,57.2778],[-74.942,57.2372],[-75.1874,57.2981],[-75.2973,57.2778],[-75.2323,57.2168],[-75.1166,57.218],[-75.1035,57.1839],[-75.2629,57.1621],[-75.3156,57.1895],[-75.4002,57.1553],[-75.5019,57.1904],[-75.5238,57.1686],[-75.4215,57.1138],[-75.5784,57.1065]]]},"properties":{"name":"Lac Minto","scalerank":8,"min_zoom":6}},
{"type":"Feature","geometry":{"type":"Polygon","coordinates":[[[-111.1866,44.8044],[-111.2579,44.8129],[-111.2174,44.7491],[-111.1489,44.7647],[-111.1866,44.8044]]]},"properties":{"name":"Hebgen Lake","scalerank":8,"min_zoom":6}},
{"type":"Feature","geometry":{"type":"Polygon","coordinates":[[[-113.3355,42.6891],[-113.3817,42.6688],[-113.3162,42.6535],[-113.3355,42.6891]]]},"properties":{"name":"Lake Walcott","scalerank":8,"min_zoom":6}},
{"type":"Feature","geometry":{"type":"Polygon","coordinates":[[[-105.812,40.1743],[-105.875,40.2126],[-105.8776,40.1764],[-105.812,40.1743]]]},"properties":{"name":"Lake Granby","scalerank":8,"min_zoom":6}},
{"type":"Feature","geometry":{"type":"Polygon","coordinates":[[[-101.708,65.9409],[-101.5434,65.9327],[-101.4476,65.8915],[-101.3033,65.8591],[-101.2178,65.8594],[-101.1281,65.7773],[-101.0901,65.862],[-100.835,65.8729],[-100.8004,65.8314],[-100.6778,65.807],[-100.6805,65.8541],[-100.5989,65.8682],[-100.5295,65.8158],[-100.4504,65.799],[-100.3718,65.8644],[-100.2692,65.8635],[-100.2095,65.8944],[-99.988,65.8965],[-99.939,65.8344],[-100.0118,65.7711],[-99.9694,65.7455],[-99.745,65.8055],[-99.7298,65.8473],[-99.6283,65.8909],[-99.5597,65.8644],[-99.3979,65.9194],[-99.2266,65.948],[-99.2447,65.9998],[-98.9405,66.0631],[-98.8295,65.9665],[-98.6792,65.9468],[-98.5951,65.9748],[-98.5824,66.056],[-98.7078,66.0389],[-98.8298,66.0404],[-98.9555,66.1008],[-98.9478,66.1696],[-99.0936,66.1075],[-99.1673,66.046],[-99.2201,66.0363],[-99.3504,66.0781],[-99.4038,66.0554],[-99.3576,65.981],[-99.4595,65.9742],[-99.6105,65.9044],[-99.9588,65.9486],[-100.1503,65.9503],[-100.2478,65.9394],[-100.2364,66.0016],[-100.2644,66.0643],[-100.4264,66.0425],[-100.486,65.9695],[-100.3836,65.9032],[-100.4956,65.8865],[-100.5804,65.905],[-100.9096,65.9194],[-101.0361,65.8847],[-101.3351,65.91],[-101.2905,65.9742],[-101.4361,65.9406],[-101.5839,65.9686],[-101.708,65.9409]]]},"properties":{"name":"Garry Lake","scalerank":8,"min_zoom":6}},
{"type":"Feature","geometry":{"type":"Polygon","coordinates":[[[-159.1862,60.0124],[-159.1116,60.008],[-158.9382,60.0563],[-158.6168,60.0433],[-158.6676,60.0739],[-158.8791,60.0869],[-158.9487,60.0807],[-159.0853,60.0321],[-159.1862,60.0124]]]},"properties":{"name":null,"scalerank":8,"min_zoom":6}},
{"type":"Feature","geometry":{"type":"Polygon","coordinates":[[[-158.5114,59.6171],[-158.5856,59.6554],[-158.7051,59.6663],[-158.7351,59.701],[-158.8389,59.7175],[-158.8799,59.6972],[-158.8019,59.6559],[-158.6683,59.6395],[-158.5544,59.6059],[-158.5114,59.6171]]]},"properties":{"name":null,"scalerank":8,"min_zoom":6}},
{"type":"Feature","geometry":{"type":"Polygon","coordinates":[[[-158.6948,59.3266],[-158.7781,59.371],[-158.9085,59.401],[-158.9345,59.4502],[-158.9965,59.4502],[-158.9203,59.3772],[-158.7501,59.313],[-158.6948,59.3266]]]},"properties":{"name":null,"scalerank":8,"min_zoom":6}},
{"type":"Feature","geometry":{"type":"Polygon","coordinates":[[[-158.9453,60.366],[-158.7958,60.3306],[-158.8663,60.396],[-158.9453,60.366]]]},"properties":{"name":null,"scalerank":8,"min_zoom":6}},
{"type":"Feature","geometry":{"type":"Polygon","coordinates":[[[-158.6505,59.7758],[-158.7983,59.8105],[-159.0008,59.8131],[-158.9315,59.7925],[-158.823,59.8078],[-158.7725,59.7846],[-158.6505,59.7758]]]},"properties":{"name":null,"scalerank":8,"min_zoom":6}},
{"type":"Feature","geometry":{"type":"Polygon","coordinates":[[[-152.1157,63.8983],[-152.2386,63.9354],[-152.3315,63.8556],[-152.2384,63.8498],[-152.1157,63.8983]]]},"properties":{"name":"Lake Minchumina","scalerank":8,"min_zoom":6}},
{"type":"Feature","geometry":{"type":"Polygon","coordinates":[[[-131.6567,67.7412],[-131.7397,67.7648],[-131.9035,67.7298],[-131.9221,67.6871],[-131.8388,67.6367],[-131.6355,67.703],[-131.6567,67.7412]]]},"properties":{"name":"Travaillant Lake","scalerank":8,"min_zoom":6}},
{"type":"Feature","geometry":{"type":"Polygon","coordinates":[[[-75.0236,58.4632],[-75.077,58.412],[-75.2064,58.3728],[-75.1744,58.2919],[-75.2352,58.2542],[-75.3315,58.2577],[-75.3315,58.2168],[-75.2427,58.188],[-75.2427,58.0455],[-75.1398,58.001],[-75.1195,58.0352],[-75.0236,58.0523],[-74.9538,58.0864],[-75.1044,58.1644],[-75.0372,58.1821],[-75.1166,58.2286],[-75.0512,58.2948],[-75.1406,58.344],[-75.029,58.3931],[-74.9962,58.4426],[-75.0236,58.4632]]]},"properties":{"name":"Lac Chavigny","scalerank":8,"min_zoom":6}},
{"type":"Feature","geometry":{"type":"Polygon","coordinates":[[[-88.9964,13.9692],[-89.0187,14.0077],[-89.0028,14.0307],[-89.0326,14.0748],[-89.0786,14.0851],[-89.0872,14.0419],[-89.0259,13.9515],[-88.9964,13.9692]]]},"properties":{"name":null,"scalerank":8,"min_zoom":6}},
{"type":"Feature","geometry":{"type":"Polygon","coordinates":[[[-88.7857,14.016],[-88.7783,14.0063],[-88.7995,13.9771],[-88.7637,13.9821],[-88.7564,14.0027],[-88.7857,14.016]]]},"properties":{"name":null,"scalerank":8,"min_zoom":6}},
{"type":"Feature","geometry":{"type":"Polygon","coordinates":[[[-83.2669,14.3112],[-83.2652,14.3377],[-83.3058,14.3757],[-83.3259,14.2924],[-83.2678,14.2241],[-83.2479,14.2727],[-83.2669,14.3112]]]},"properties":{"name":null,"scalerank":8,"min_zoom":6}},
{"type":"Feature","geometry":{"type":"Polygon","coordinates":[[[-109.3807,30.4474],[-109.3605,30.4533],[-109.3414,30.508],[-109.3464,30.5425],[-109.3732,30.5522],[-109.3632,30.5012],[-109.3807,30.4474]]]},"properties":{"name":null,"scalerank":8,"min_zoom":6}},
{"type":"Feature","geometry":{"type":"Polygon","coordinates":[[[-108.516,26.7063],[-108.5438,26.603],[-108.5983,26.5576],[-108.574,26.5153],[-108.5354,26.5317],[-108.5039,26.6548],[-108.516,26.7063]]]},"properties":{"name":"Presa Miguel Hidalgo","scalerank":8,"min_zoom":6}},
{"type":"Feature","geometry":{"type":"Polygon","coordinates":[[[-115.8443,50.1583],[-115.8333,50.1733],[-115.8595,50.276],[-115.8912,50.2663],[-115.8443,50.1583]]]},"properties":{"name":null,"scalerank":8,"min_zoom":6}},
{"type":"Feature","geometry":{"type":"Polygon","coordinates":[[[-84.4904,46.4493],[-84.4938,46.4805],[-84.5892,46.542],[-84.563,46.6012],[-84.4341,46.6936],[-84.4292,46.7251],[-84.4944,46.7507],[-84.5214,46.6975],[-84.566,46.7407],[-84.5493,46.8273],[-84.4776,46.8532],[-84.3982,46.8382],[-84.3602,46.8932],[-84.4366,46.9412],[-84.5729,46.9465],[-84.6322,46.9188],[-84.6634,46.9565],[-84.7769,46.9877],[-84.7875,47.0059],[-84.7677,47.0189],[-84.7699,47.053],[-84.7087,47.1087],[-84.7268,47.1458],[-84.5833,47.305],[-84.6397,47.3701],[-84.6821,47.3724],[-84.7102,47.4295],[-84.7963,47.4822],[-84.9049,47.5123],[-84.9501,47.5691],[-85.0197,47.6064],[-84.9944,47.7109],[-84.9015,47.7878],[-84.9357,47.8511],[-84.8435,47.917],[-84.8586,47.9609],[-84.9291,47.9718],[-85.2789,47.9582],[-85.4242,47.9273],[-85.5331,47.9261],[-85.7431,47.9523],[-85.8592,47.985],[-85.9448,48.0657],[-86.0016,48.0895],[-86.0768,48.1634],[-86.1863,48.3509],[-86.1792,48.3968],[-86.2276,48.4315],[-86.2668,48.5873],[-86.3301,48.6297],[-86.3998,48.7274],[-86.4567,48.7745],[-86.5665,48.7395],[-86.6317,48.7462],[-86.618,48.788],[-86.7251,48.8116],[-86.8407,48.7615],[-86.939,48.7845],[-87.0424,48.7933],[-87.1012,48.7804],[-87.2931,48.7742],[-87.4644,48.8493],[-87.544,48.8369],[-87.5615,48.8781],[-87.6394,48.8646],[-87.6734,48.9005],[-87.7898,48.9108],[-87.942,48.9473],[-88.0183,48.9914],[-88.1239,49.0035],[-88.1769,48.9735],[-88.2711,48.9897],[-88.2427,48.917],[-88.2629,48.8905],[-88.2139,48.8487],[-88.1182,48.8045],[-88.1094,48.7115],[-88.2031,48.6135],[-88.2916,48.6132],[-88.3237,48.5823],[-88.4077,48.549],[-88.4386,48.567],[-88.492,48.516],[-88.5031,48.4789],[-88.5577,48.4315],[-88.5912,48.4925],[-88.544,48.5546],[-88.4997,48.5749],[-88.339,48.6944],[-88.3175,48.753],[-88.3641,48.8434],[-88.4418,48.8563],[-88.544,48.7842],[-88.5611,48.6364],[-88.6205,48.6249],[-88.6397,48.5199],[-88.6873,48.4925],[-88.73,48.3839],[-88.8026,48.3509],[-88.914,48.3353],[-88.8662,48.3833],[-88.8382,48.4863],[-88.7583,48.567],[-88.8166,48.5699],[-89.1491,48.4839],[-89.2156,48.4448],[-89.2378,48.3786],[-89.2019,48.3418],[-89.2702,48.2561],[-89.2662,48.214],[-89.3317,48.1225],[-89.433,48.1019],[-89.4193,48.0798],[-89.52,48.0294],[-89.6365,47.9988],[-89.7432,47.9308],[-90.0853,47.8113],[-90.5329,47.7115],[-90.7915,47.6162],[-90.9492,47.5123],[-91.0124,47.4931],[-91.511,47.1219],[-91.5818,47.0966],[-91.655,47.0333],[-91.7456,46.9927],[-91.7983,46.95],[-91.8975,46.9117],[-92.0953,46.804],[-92.1142,46.7725],[-92.059,46.7239],[-91.9635,46.6907],[-91.793,46.706],[-91.5698,46.7643],[-91.4146,46.7943],[-91.2747,46.8535],[-91.2248,46.8844],[-91.1282,46.8594],[-91.0994,46.8894],[-90.966,46.95],[-90.8393,46.9644],[-90.7616,46.8976],[-90.8187,46.8164],[-90.8543,46.799],[-90.8742,46.7422],[-90.8631,46.701],[-90.956,46.6074],[-90.9008,46.6021],[-90.7812,46.6371],[-90.7301,46.6839],[-90.5698,46.6071],[-90.4353,46.5765],[-90.3618,46.6086],[-90.0597,46.6804],[-90.0176,46.6975],[-89.8348,46.8155],[-89.7942,46.8302],[-89.3976,46.8638],[-89.308,46.8935],[-89.2268,46.9362],[-89.1308,47.0059],[-89.0613,46.9992],[-88.9686,47.0189],[-88.8866,47.1152],[-88.6838,47.2282],[-88.626,47.2144],[-88.6349,47.1511],[-88.5355,47.1252],[-88.5178,47.0619],[-88.4613,47.0201],[-88.441,46.9818],[-88.4828,46.8482],[-88.441,46.8005],[-88.3864,46.8543],[-88.2349,46.9438],[-88.1986,46.9117],[-88.0639,46.9312],[-87.9029,46.9212],[-87.7965,46.9012],[-87.731,46.8552],[-87.6297,46.8287],[-87.5982,46.7657],[-87.5292,46.7078],[-87.4594,46.6256],[-87.3927,46.5974],[-87.3877,46.547],[-87.3481,46.5167],[-87.2261,46.5023],[-87.1115,46.5123],[-87.0809,46.5397],[-87.0084,46.5535],[-86.9703,46.5403],[-86.9301,46.4882],[-86.882,46.4599],[-86.8105,46.4708],[-86.7598,46.5011],[-86.702,46.4608],[-86.6255,46.444],[-86.4883,46.5535],[-86.2828,46.6218],[-86.1457,46.6907],[-86.0909,46.6754],[-85.8606,46.7086],[-85.5219,46.6839],[-85.4755,46.6895],[-85.293,46.7546],[-85.2003,46.7755],[-85.039,46.7725],[-84.9761,46.784],[-85.0134,46.7242],[-85.0312,46.6068],[-85.0179,46.5732],[-85.0558,46.5329],[-85.0079,46.492],[-84.9591,46.5049],[-84.8354,46.4596],[-84.7864,46.4596],[-84.6565,46.502],[-84.6184,46.4843],[-84.5698,46.4234],[-84.4904,46.4493]],[[-86.6041,46.4729],[-86.6762,46.4749],[-86.6989,46.5538],[-86.6453,46.5665],[-86.6041,46.4729]],[[-85.6107,47.7389],[-85.7334,47.718],[-85.9378,47.7268],[-85.9259,47.7657],[-85.8587,47.8034],[-85.734,47.8078],[-85.6101,47.7731],[-85.6107,47.7389]],[[-87.7148,47.4169],[-87.7733,47.4001],[-87.8993,47.4083],[-88.0175,47.3954],[-87.9489,47.3551],[-88.0606,47.3033],[-88.1759,47.2214],[-88.2421,47.1879],[-88.2349,47.1493],[-88.2845,47.1405],[-88.3362,47.1004],[-88.3762,47.0366],[-88.4242,46.9924],[-88.4803,47.0545],[-88.4823,47.1084],[-88.516,47.1358],[-88.6191,47.1525],[-88.6055,47.2388],[-88.5266,47.2829],[-88.4312,47.3724],[-88.2094,47.4534],[-88.0525,47.4843],[-87.8197,47.484],[-87.7477,47.4546],[-87.7148,47.4169]],[[-88.636,48.0347],[-88.6873,48.0127],[-88.9482,47.9382],[-88.9665,47.8908],[-89.1376,47.8352],[-89.2156,47.8658],[-89.2156,47.917],[-89.1236,47.9644],[-88.9829,48.0162],[-88.8329,48.0607],[-88.7085,48.1083],[-88.6327,48.1498],[-88.497,48.179],[-88.4757,48.1634],[-88.5755,48.116],[-88.5912,48.0642],[-88.636,48.0347]],[[-88.087,48.8266],[-87.9659,48.8675],[-87.7725,48.8593],[-87.7728,48.796],[-87.8182,48.7592],[-87.9104,48.7674],[-87.9909,48.753],[-88.0269,48.7091],[-88.0683,48.7121],[-88.087,48.8266]],[[-87.6702,48.7477],[-87.7383,48.753],[-87.7252,48.7916],[-87.7558,48.8284],[-87.6875,48.8419],[-87.6056,48.7601],[-87.6702,48.7477]],[[-89.1504,48.2487],[-89.0649,48.2735],[-89.0373,48.2443],[-89.1142,48.2134],[-89.1504,48.2487]],[[-90.5853,46.8488],[-90.6761,46.8205],[-90.7371,46.7799],[-90.7772,46.8005],[-90.6774,46.8532],[-90.5998,46.8755],[-90.5853,46.8488]],[[-90.5309,46.95],[-90.5667,46.9179],[-90.6353,46.9494],[-90.5465,46.9671],[-90.5309,46.95]]]},"properties":{"name":"Lake Superior","scalerank":0,"min_zoom":1}},
{"type":"Feature","geometry":{"type":"Polygon","coordinates":[[[-84.7745,45.7999],[-84.7808,45.8623],[-84.8518,45.9168],[-84.9148,45.9365],[-85.021,46.0251],[-85.1706,46.0693],[-85.2609,46.0752],[-85.3395,46.1093],[-85.5457,46.0981],[-85.6619,45.9848],[-85.7902,45.9869],[-85.8975,45.9757],[-85.9233,45.953],[-86.0799,45.9736],[-86.2519,45.9545],[-86.2981,45.9265],[-86.3739,45.8067],[-86.5244,45.762],[-86.6243,45.653],[-86.6318,45.6104],[-86.7123,45.6737],[-86.6286,45.7846],[-86.5688,45.8023],[-86.5361,45.8682],[-86.57,45.8924],[-86.6774,45.8423],[-86.7384,45.8682],[-86.7825,45.8341],[-86.857,45.7313],[-86.9837,45.7049],[-86.9817,45.7855],[-87.0182,45.8582],[-87.0563,45.8182],[-87.0944,45.7001],[-87.1736,45.6689],[-87.2127,45.6104],[-87.2822,45.5391],[-87.3449,45.4226],[-87.5604,45.1909],[-87.6036,45.1735],[-87.5982,45.1079],[-87.6326,45.0611],[-87.6366,45.0072],[-87.6875,44.9775],[-87.8229,44.9492],[-87.8408,44.8936],[-87.9135,44.8206],[-87.9388,44.7641],[-87.9717,44.7405],[-87.9891,44.6752],[-88.0203,44.6384],[-88.0327,44.5677],[-87.9953,44.5454],[-87.9224,44.553],[-87.9043,44.5936],[-87.8383,44.6343],[-87.7672,44.6566],[-87.6602,44.8129],[-87.5897,44.8559],[-87.4501,44.8862],[-87.3714,44.8188],[-87.328,44.8035],[-87.3654,44.6925],[-87.4404,44.6069],[-87.4855,44.5262],[-87.5195,44.3805],[-87.5502,44.3128],[-87.5429,44.2781],[-87.4958,44.2204],[-87.5502,44.1483],[-87.6376,44.1003],[-87.6902,44.0123],[-87.7243,43.9254],[-87.7321,43.8233],[-87.7005,43.7782],[-87.7005,43.7094],[-87.7876,43.5816],[-87.8079,43.4662],[-87.8718,43.3735],[-87.9073,43.2672],[-87.8851,43.178],[-87.8998,43.1239],[-87.8718,43.0962],[-87.8957,43.0403],[-87.8412,42.9584],[-87.8383,42.8772],[-87.7831,42.8118],[-87.7701,42.7715],[-87.7804,42.7041],[-87.8104,42.6535],[-87.8035,42.4827],[-87.8262,42.355],[-87.8225,42.2793],[-87.7969,42.2057],[-87.7516,42.1251],[-87.6875,42.0851],[-87.6613,42.033],[-87.6484,41.9446],[-87.5776,41.7886],[-87.4937,41.698],[-87.3858,41.64],[-87.2919,41.6279],[-87.2017,41.635],[-87.0296,41.6812],[-86.8012,41.7772],[-86.6565,41.8761],[-86.603,41.9402],[-86.4926,42.1295],[-86.3789,42.2552],[-86.3024,42.3968],[-86.2731,42.4719],[-86.2192,42.7094],[-86.2223,42.9643],[-86.2727,43.1033],[-86.324,43.2072],[-86.2612,43.2569],[-86.3563,43.2581],[-86.5049,43.5395],[-86.5429,43.6275],[-86.522,43.6991],[-86.4419,43.785],[-86.4368,43.8221],[-86.4615,43.9351],[-86.4527,43.9581],[-86.5219,44.0452],[-86.5183,44.0832],[-86.4126,44.1618],[-86.2675,44.3746],[-86.2541,44.4176],[-86.2637,44.4956],[-86.2341,44.5854],[-86.2696,44.6884],[-86.2262,44.7308],[-86.1661,44.7517],[-86.1031,44.7473],[-86.0597,44.9224],[-86.0011,44.9154],[-85.9368,44.9837],[-85.8472,44.9495],[-85.8194,44.9651],[-85.7615,45.0626],[-85.6932,45.1147],[-85.642,45.1859],[-85.5404,45.2133],[-85.5628,45.1656],[-85.6034,45.1441],[-85.5792,45.0614],[-85.623,45.0246],[-85.6071,44.9495],[-85.6595,44.8544],[-85.628,44.7956],[-85.5871,44.8268],[-85.5697,44.9086],[-85.5391,44.9348],[-85.5219,44.9981],[-85.4848,44.9931],[-85.5097,44.8798],[-85.5456,44.8438],[-85.5347,44.7744],[-85.4242,44.9301],[-85.3927,45.0099],[-85.378,45.1011],[-85.3993,45.2271],[-85.3916,45.2648],[-85.3344,45.3157],[-85.1744,45.3769],[-85.0418,45.3793],[-84.9357,45.3958],[-84.9301,45.429],[-85.0212,45.439],[-85.0695,45.4708],[-85.1042,45.5271],[-85.1036,45.6006],[-85.0823,45.6313],[-84.9944,45.6831],[-84.9454,45.7372],[-84.9944,45.772],[-84.8229,45.7652],[-84.7745,45.7999]],[[-86.9948,45.2239],[-87.033,45.2421],[-87.0549,45.1726],[-87.0879,45.1426],[-87.0875,45.0658],[-87.1227,45.0693],[-87.1842,44.9863],[-87.2316,44.8783],[-87.2965,44.8206],[-87.3739,44.845],[-87.4063,44.9224],[-87.3687,45.0004],[-87.2896,45.0731],[-87.235,45.1756],[-87.1874,45.1682],[-87.139,45.1971],[-87.1115,45.2648],[-87.0458,45.2925],[-86.983,45.2922],[-86.9948,45.2239]],[[-85.4878,45.6354],[-85.573,45.5915],[-85.6251,45.6151],[-85.5946,45.6943],[-85.5581,45.7475],[-85.505,45.7525],[-85.4878,45.6354]],[[-86.854,45.3872],[-86.8719,45.3543],[-86.9646,45.3428],[-86.9525,45.4231],[-86.8645,45.4158],[-86.854,45.3872]],[[-85.9743,45.0873],[-86.0295,45.0899],[-86.0631,45.142],[-86.0222,45.1691],[-85.9743,45.1344],[-85.9743,45.0873]]]},"properties":{"name":"Lake Michigan","scalerank":0,"min_zoom":1}},
{"type":"Feature","geometry":{"type":"Polygon","coordinates":[[[-81.6074,45.2521],[-81.3022,45.2524],[-81.2861,45.22],[-81.32,45.1924],[-81.3199,45.1488],[-81.2627,45.089],[-81.2664,45.0216],[-81.2102,45.0181],[-81.2009,44.9775],[-81.1169,44.9648],[-81.1491,44.9154],[-81.0058,44.9224],[-80.9983,44.8783],[-81.0517,44.8224],[-81.033,44.8062],[-80.935,44.8109],[-80.889,44.7517],[-80.9428,44.6287],[-80.9375,44.5933],[-80.8262,44.6905],[-80.7631,44.7193],[-80.6805,44.7299],[-80.6391,44.7184],[-80.5981,44.6239],[-80.5123,44.6069],[-80.4509,44.566],[-80.3245,44.5315],[-80.2454,44.525],[-80.1087,44.4753],[-80.013,44.5312],[-79.9923,44.6928],[-80.1078,44.7599],[-80.1082,44.8224],[-80.0612,44.8191],[-80.028,44.8568],[-79.9475,44.8689],[-79.9421,44.8191],[-79.8745,44.8076],[-79.8733,44.7694],[-79.8028,44.7714],[-79.7394,44.7546],[-79.7387,44.8135],[-79.7825,44.8212],[-79.793,44.888],[-79.827,44.9433],[-79.9275,44.961],[-79.9434,45.0199],[-79.9848,45.0246],[-80.0141,45.0702],[-80.0536,45.0799],[-79.9985,45.1618],[-80.0663,45.218],[-80.1278,45.2345],[-80.0332,45.3263],[-80.0651,45.3905],[-80.1143,45.4111],[-80.1902,45.3816],[-80.1684,45.3419],[-80.3002,45.3663],[-80.3097,45.4158],[-80.3548,45.4223],[-80.3888,45.4635],[-80.3822,45.5474],[-80.4237,45.5877],[-80.5061,45.5733],[-80.5179,45.6301],[-80.5798,45.6622],[-80.5875,45.6969],[-80.6427,45.7372],[-80.636,45.7773],[-80.6798,45.8517],[-80.7246,45.8609],[-80.7526,45.9268],[-80.7979,45.9168],[-80.893,45.9539],[-80.9531,45.9442],[-81.0601,45.9562],[-81.1616,45.9365],[-81.1634,45.978],[-81.2613,45.9663],[-81.4438,45.9966],[-81.5068,45.9839],[-81.5402,46.0054],[-81.6423,45.9557],[-81.5864,45.9927],[-81.6114,46.0298],[-81.5402,46.0669],[-81.5459,46.0981],[-81.6384,46.1264],[-81.6819,46.0769],[-81.719,46.1078],[-82.0132,46.1152],[-82.1093,46.1358],[-82.1776,46.1264],[-82.2324,46.1549],[-82.321,46.1561],[-82.4002,46.197],[-82.4742,46.2017],[-82.5365,46.1826],[-82.6686,46.1694],[-82.7076,46.2003],[-82.9318,46.1903],[-82.983,46.1767],[-83.244,46.2088],[-83.5004,46.2591],[-83.5611,46.2518],[-83.614,46.2868],[-83.7007,46.2771],[-83.8325,46.2998],[-83.9055,46.333],[-84.039,46.3304],[-84.2245,46.3554],[-84.2027,46.2503],[-84.2583,46.2126],[-84.028,46.1493],[-84.0495,46.0934],[-83.9975,46.0481],[-83.8907,46.0116],[-83.903,45.9819],[-84.0223,45.9642],[-84.223,45.9933],[-84.4534,46.0136],[-84.5337,45.9954],[-84.5411,46.0272],[-84.6566,46.0563],[-84.6884,45.991],[-84.7299,45.9527],[-84.724,45.8824],[-84.7808,45.8623],[-84.7745,45.7999],[-84.576,45.7305],[-84.4584,45.6707],[-84.3182,45.6739],[-84.2239,45.6424],[-84.1499,45.5786],[-84.0961,45.5044],[-83.9431,45.5012],[-83.844,45.4417],[-83.7194,45.4226],[-83.6746,45.3869],[-83.6034,45.3672],[-83.5102,45.3587],[-83.3836,45.2792],[-83.409,45.238],[-83.3579,45.1715],[-83.3221,45.1618],[-83.305,45.0961],[-83.3358,45.0464],[-83.3803,45.0799],[-83.4346,45.0652],[-83.46,44.9981],[-83.4346,44.9533],[-83.3424,44.8924],[-83.309,44.8329],[-83.2874,44.7031],[-83.3148,44.6239],[-83.3214,44.4079],[-83.3284,44.3673],[-83.4525,44.2854],[-83.5324,44.266],[-83.5541,44.2307],[-83.5725,44.1047],[-83.5925,44.0626],[-83.6784,44.0452],[-83.6958,44.0043],[-83.8219,44.0043],[-83.8897,43.9584],[-83.9254,43.8807],[-83.9434,43.7279],[-83.9044,43.682],[-83.7194,43.6137],[-83.6789,43.6081],[-83.6046,43.6514],[-83.5379,43.7267],[-83.4903,43.7032],[-83.4042,43.8136],[-83.3892,43.8545],[-83.2669,43.9763],[-83.0865,44.014],[-83.0183,44.0582],[-82.9235,44.07],[-82.8117,44.0261],[-82.7425,43.9814],[-82.6894,43.9213],[-82.637,43.8118],[-82.5796,43.5283],[-82.5472,43.4509],[-82.5265,43.2766],[-82.476,43.1021],[-82.4172,43.0173],[-82.3775,43.0223],[-82.1523,43.0894],[-82.0958,43.1192],[-82.0056,43.2125],[-81.88,43.2566],[-81.7816,43.3246],[-81.7306,43.3823],[-81.6994,43.5154],[-81.7222,43.6843],[-81.7115,43.9422],[-81.7427,44.0841],[-81.6606,44.1583],[-81.5913,44.2798],[-81.5941,44.3272],[-81.4959,44.4185],[-81.3996,44.457],[-81.3792,44.515],[-81.2801,44.6066],[-81.2664,44.6448],[-81.3,44.7031],[-81.2742,44.7205],[-81.2795,44.8129],[-81.3216,44.8335],[-81.3617,44.8889],[-81.3484,44.9775],[-81.3808,45.004],[-81.4338,44.9901],[-81.4625,45.0505],[-81.6016,45.1824],[-81.719,45.2245],[-81.6984,45.2604],[-81.65,45.2768],[-81.6074,45.2521]],[[-80.1601,44.8447],[-80.1867,44.7938],[-80.2454,44.8547],[-80.1601,44.8447]],[[-81.806,45.4585],[-81.8418,45.477],[-81.7752,45.5291],[-81.7346,45.4876],[-81.806,45.4585]],[[-81.6797,45.9088],[-81.6598,45.8597],[-81.7115,45.7999],[-81.6057,45.8058],[-81.6048,45.752],[-81.7258,45.6218],[-81.8418,45.5256],[-81.9143,45.5391],[-81.9307,45.5686],[-81.8469,45.6316],[-81.7593,45.679],[-81.8416,45.6875],[-81.9374,45.6142],[-81.9844,45.6059],[-82.0159,45.5683],[-82.0684,45.5591],[-82.0986,45.6015],[-82.1742,45.608],[-82.2533,45.6422],[-82.273,45.6704],[-82.3391,45.6948],[-82.4526,45.7051],[-82.5322,45.7502],[-82.6335,45.7661],[-82.6838,45.7946],[-82.7656,45.7879],[-82.8319,45.8046],[-82.9517,45.8135],[-83.0819,45.8682],[-83.2248,45.8868],[-83.226,45.9297],[-83.1901,45.9663],[-83.1183,45.953],[-83.0553,45.9645],[-82.9645,45.9398],[-82.9517,45.9645],[-82.8098,45.9927],[-82.8372,45.9312],[-82.7787,45.8915],[-82.7599,45.847],[-82.6599,45.865],[-82.609,45.8544],[-82.5229,45.8055],[-82.5066,45.847],[-82.5919,45.8888],[-82.4899,45.9527],[-82.3097,45.9901],[-82.2846,45.9309],[-82.2193,45.9506],[-82.2074,45.905],[-82.1398,45.8553],[-82.0883,45.9439],[-82.0013,45.9848],[-81.9536,45.988],[-81.8946,45.953],[-81.9102,45.9062],[-81.8412,45.8932],[-81.8198,45.8618],[-81.8465,45.7917],[-81.8078,45.7446],[-81.7536,45.8485],[-81.6797,45.9088]],[[-80.2213,45.311],[-80.1833,45.334],[-80.1256,45.3234],[-80.0968,45.291],[-80.1799,45.2445],[-80.2213,45.311]],[[-84.3671,45.7746],[-84.4142,45.7334],[-84.4878,45.744],[-84.5827,45.8135],[-84.466,45.8108],[-84.4201,45.8267],[-84.3671,45.7746]],[[-83.2669,45.9607],[-83.2813,45.9088],[-83.3217,45.8738],[-83.3761,45.8632],[-83.4246,45.8885],[-83.4867,45.8921],[-83.46,45.9506],[-83.4172,45.9889],[-83.3527,46.0019],[-83.2669,45.9607]],[[-83.8152,46.1429],[-83.8702,46.1623],[-83.8929,46.1043],[-83.9257,46.0769],[-83.9869,46.1214],[-84.004,46.1594],[-84.0688,46.2109],[-84.1092,46.2927],[-83.9862,46.3104],[-83.843,46.2692],[-83.8141,46.2356],[-83.7824,46.2232],[-83.8152,46.1429]],[[-83.4823,45.9942],[-83.5171,45.9401],[-83.5632,45.928],[-83.6577,45.9551],[-83.7113,45.9374],[-83.8327,45.9686],[-83.7781,46.021],[-83.6954,46.0454],[-83.6787,46.0769],[-83.6238,46.1078],[-83.562,46.076],[-83.5455,46.0295],[-83.4823,45.9942]],[[-84.1135,46.2485],[-84.1419,46.2377],[-84.1992,46.2933],[-84.1583,46.3336],[-84.1216,46.2971],[-84.1135,46.2485]],[[-82.7334,45.9348],[-82.7132,45.9586],[-82.6301,45.978],[-82.5783,45.9674],[-82.6048,45.9141],[-82.6576,45.9024],[-82.7334,45.9348]],[[-81.9211,46.0095],[-81.9411,46.0531],[-81.8033,46.0581],[-81.7939,46.0016],[-81.9211,46.0095]]]},"properties":{"name":"Lake Huron","scalerank":0,"min_zoom":1}},
{"type":"Feature","geometry":{"type":"MultiPolygon","coordinates":[[[[-84.7677,47.0189],[-84.7875,47.0059],[-84.7842,47.0004],[-84.7677,47.0189]]],[[[-84.4904,46.4493],[-84.4938,46.4805],[-84.5892,46.542],[-84.563,46.6012],[-84.4341,46.6936],[-84.4292,46.7251],[-84.4944,46.7507],[-84.5214,46.6975],[-84.566,46.7407],[-84.5493,46.8273],[-84.4776,46.8532],[-84.3982,46.8382],[-84.3602,46.8932],[-84.4366,46.9412],[-84.5729,46.9465],[-84.6322,46.9188],[-84.6634,46.9565],[-84.7769,46.9877],[-84.7842,47.0004],[-84.9761,46.784],[-85.0134,46.7242],[-85.0312,46.6068],[-85.0179,46.5732],[-85.0558,46.5329],[-85.0079,46.492],[-84.9591,46.5049],[-84.8354,46.4596],[-84.7864,46.4596],[-84.6565,46.502],[-84.6184,46.4843],[-84.5698,46.4234],[-84.4904,46.4493]]]]},"properties":{"name":"Whitefish Bay","scalerank":3,"min_zoom":3}},
{"type":"Feature","geometry":{"type":"Polygon","coordinates":[[[-83.0183,44.0582],[-83.3284,44.3673],[-83.4525,44.2854],[-83.5324,44.266],[-83.5541,44.2307],[-83.5725,44.1047],[-83.5925,44.0626],[-83.6784,44.0452],[-83.6958,44.0043],[-83.8219,44.0043],[-83.8897,43.9584],[-83.9254,43.8807],[-83.9434,43.7279],[-83.9044,43.682],[-83.7194,43.6137],[-83.6789,43.6081],[-83.6046,43.6514],[-83.5379,43.7267],[-83.4903,43.7032],[-83.4042,43.8136],[-83.3892,43.8545],[-83.2669,43.9763],[-83.0865,44.014],[-83.0183,44.0582]]]},"properties":{"name":"Saginaw Bay","scalerank":3,"min_zoom":3}},
{"type":"Feature","geometry":{"type":"Polygon","coordinates":[[[-81.9211,46.0095],[-81.9411,46.0531],[-81.9302,46.0549],[-81.9507,46.1137],[-82.0132,46.1152],[-82.1093,46.1358],[-82.1776,46.1264],[-82.2324,46.1549],[-82.321,46.1561],[-82.4002,46.197],[-82.4742,46.2017],[-82.5365,46.1826],[-82.6686,46.1694],[-82.7076,46.2003],[-82.9318,46.1903],[-82.983,46.1767],[-83.244,46.2088],[-83.5004,46.2591],[-83.5611,46.2518],[-83.614,46.2868],[-83.7007,46.2771],[-83.8325,46.2998],[-83.8141,46.2356],[-83.7824,46.2232],[-83.8152,46.1429],[-83.6787,46.0769],[-83.6238,46.1078],[-83.562,46.076],[-83.5455,46.0295],[-83.4823,45.9942],[-83.46,45.9506],[-83.4172,45.9889],[-83.3527,46.0019],[-83.2669,45.9607],[-83.1901,45.9663],[-83.1183,45.953],[-83.0553,45.9645],[-82.9645,45.9398],[-82.9517,45.9645],[-82.8098,45.9927],[-82.8372,45.9312],[-82.7787,45.8915],[-82.7599,45.847],[-82.6599,45.865],[-82.609,45.8544],[-82.5229,45.8055],[-82.5066,45.847],[-82.5919,45.8888],[-82.4899,45.9527],[-82.3097,45.9901],[-82.2846,45.9309],[-82.2193,45.9506],[-82.2074,45.905],[-82.1398,45.8553],[-82.0883,45.9439],[-82.0013,45.9848],[-81.9536,45.988],[-81.8946,45.953],[-81.9211,46.0095]],[[-82.7334,45.9348],[-82.7132,45.9586],[-82.6301,45.978],[-82.5783,45.9674],[-82.6048,45.9141],[-82.6576,45.9024],[-82.7334,45.9348]]]},"properties":{"name":"North Channel","scalerank":3,"min_zoom":3}},
{"type":"Feature","geometry":{"type":"Polygon","coordinates":[[[-81.6074,45.2521],[-81.3022,45.2524],[-81.2861,45.22],[-81.32,45.1924],[-81.3199,45.1488],[-81.2627,45.089],[-81.2664,45.0216],[-81.2102,45.0181],[-81.2009,44.9775],[-81.1169,44.9648],[-81.1491,44.9154],[-81.0058,44.9224],[-80.9983,44.8783],[-81.0517,44.8224],[-81.033,44.8062],[-80.935,44.8109],[-80.889,44.7517],[-80.9428,44.6287],[-80.9375,44.5933],[-80.8262,44.6905],[-80.7631,44.7193],[-80.6805,44.7299],[-80.6391,44.7184],[-80.5981,44.6239],[-80.5123,44.6069],[-80.4509,44.566],[-80.3245,44.5315],[-80.2454,44.525],[-80.1087,44.4753],[-80.013,44.5312],[-79.9923,44.6928],[-80.1078,44.7599],[-80.1082,44.8224],[-80.0612,44.8191],[-80.028,44.8568],[-79.9475,44.8689],[-79.9421,44.8191],[-79.8745,44.8076],[-79.8733,44.7694],[-79.8028,44.7714],[-79.7394,44.7546],[-79.7387,44.8135],[-79.7825,44.8212],[-79.793,44.888],[-79.827,44.9433],[-79.9275,44.961],[-79.9434,45.0199],[-79.9848,45.0246],[-80.0141,45.0702],[-80.0536,45.0799],[-79.9985,45.1618],[-80.0663,45.218],[-80.1278,45.2345],[-80.0332,45.3263],[-80.0651,45.3905],[-80.1143,45.4111],[-80.1902,45.3816],[-80.1684,45.3419],[-80.3002,45.3663],[-80.3097,45.4158],[-80.3548,45.4223],[-80.3888,45.4635],[-80.3822,45.5474],[-80.4237,45.5877],[-80.5061,45.5733],[-80.5179,45.6301],[-80.5798,45.6622],[-80.5875,45.6969],[-80.6427,45.7372],[-80.636,45.7773],[-80.6798,45.8517],[-80.7246,45.8609],[-80.7526,45.9268],[-80.7979,45.9168],[-80.893,45.9539],[-80.9531,45.9442],[-81.0601,45.9562],[-81.1616,45.9365],[-81.1634,45.978],[-81.2613,45.9663],[-81.4438,45.9966],[-81.5068,45.9839],[-81.5402,46.0054],[-81.6423,45.9557],[-81.6797,45.9088],[-81.6598,45.8597],[-81.7115,45.7999],[-81.6057,45.8058],[-81.6048,45.752],[-81.7258,45.6218],[-81.6074,45.2521]],[[-80.1601,44.8447],[-80.1867,44.7938],[-80.2454,44.8547],[-80.1601,44.8447]],[[-80.2213,45.311],[-80.1833,45.334],[-80.1256,45.3234],[-80.0968,45.291],[-80.1799,45.2445],[-80.2213,45.311]]]},"properties":{"name":"Georgian Bay","scalerank":2,"min_zoom":2}},
{"type":"Feature","geometry":{"type":"Polygon","coordinates":[[[30.078,61.2429],[30.03,61.2458],[29.9096,61.3067],[29.8619,61.2649],[29.9126,61.207],[29.8958,61.1654],[30.2346,61.0436],[30.3008,60.9897],[30.3794,60.9526],[30.4486,60.8973],[30.4327,60.8684],[30.5322,60.8258],[30.536,60.7424],[30.4942,60.728],[30.534,60.63],[30.6959,60.5867],[30.7279,60.5373],[30.8236,60.4649],[30.8822,60.3969],[30.962,60.2367],[31.0285,60.1799],[31.118,60.129],[31.0877,60.0686],[31.1506,60.041],[31.0712,59.9327],[31.1869,59.9165],[31.2713,59.9412],[31.3493,59.9397],[31.4273,59.9006],[31.5704,59.9509],[31.5678,60.0101],[31.5289,60.0528],[31.6066,60.1293],[31.589,60.167],[31.7244,60.2353],[31.7782,60.2464],[32.0502,60.24],[32.1641,60.2158],[32.2386,60.1528],[32.2922,60.134],[32.498,60.1655],[32.5698,60.1908],[32.6195,60.2382],[32.6225,60.2894],[32.5795,60.343],[32.6869,60.4028],[32.5851,60.519],[32.6772,60.544],[32.7623,60.5134],[32.8212,60.5155],[32.9257,60.6009],[32.9545,60.6568],[32.8474,60.7057],[32.8035,60.746],[32.8059,60.8614],[32.7211,60.9026],[32.5789,61.0059],[32.5695,61.0813],[32.5085,61.1366],[31.9125,61.3123],[31.8568,61.3591],[31.7665,61.3765],[31.6399,61.4683],[31.5424,61.4854],[31.5345,61.5143],[31.3785,61.6226],[31.2619,61.6361],[31.1589,61.6123],[31.0632,61.6394],[31.0497,61.7112],[30.8851,61.7386],[30.8204,61.776],[30.6075,61.6249],[30.5613,61.5405],[30.488,61.4916],[30.2687,61.5146],[30.2649,61.458],[30.2069,61.4239],[30.2375,61.3011],[30.0924,61.3076],[30.078,61.2429]],[[30.7968,61.7041],[30.7921,61.6458],[30.715,61.6612],[30.7968,61.7041]]]},"properties":{"name":"Lake Ladoga","scalerank":0,"min_zoom":1}},
{"type":"Feature","geometry":{"type":"Polygon","coordinates":[[[79.0525,46.464],[79.079,46.5965],[79.1832,46.6127],[79.2221,46.6041],[79.2586,46.6627],[79.2256,46.736],[79.1188,46.8161],[79.0319,46.8211],[79.0319,46.7451],[78.9872,46.7496],[78.888,46.8067],[78.7958,46.7937],[78.7552,46.7345],[78.6896,46.7316],[78.591,46.7484],[78.5733,46.7172],[78.4938,46.6665],[78.4485,46.6077],[78.3802,46.615],[78.346,46.5774],[78.3655,46.5441],[78.3266,46.5026],[78.3266,46.4617],[78.258,46.4784],[78.2318,46.5453],[78.1824,46.5603],[78.1491,46.6068],[78.0384,46.6012],[77.8936,46.6577],[77.767,46.6486],[77.7099,46.6701],[77.6349,46.6701],[77.6193,46.6318],[77.463,46.6421],[77.2637,46.6012],[77.2278,46.5585],[77.1598,46.5467],[77.1009,46.6106],[77.0193,46.6468],[76.9113,46.6406],[76.8616,46.6818],[76.8327,46.6527],[76.8507,46.5915],[76.73,46.6315],[76.7017,46.6713],[76.5972,46.6757],[76.4904,46.6292],[76.3729,46.6733],[76.3715,46.7304],[76.229,46.7863],[76.1486,46.8019],[76.0438,46.7987],[75.9879,46.7693],[75.9246,46.8352],[75.8219,46.7863],[75.7498,46.8005],[75.4895,46.7342],[75.2858,46.7213],[75.1805,46.759],[75.098,46.8064],[74.947,46.804],[74.8864,46.8211],[74.8611,46.7787],[74.6114,46.7725],[74.5599,46.7222],[74.537,46.6044],[74.4139,46.5715],[74.3777,46.5099],[74.2494,46.4717],[74.2014,46.4299],[74.1013,46.4334],[73.9747,46.3413],[73.9406,46.2995],[73.9971,46.265],[74.0018,46.1903],[73.93,46.2035],[73.8476,46.1923],[73.7834,46.2047],[73.6686,46.1794],[73.6607,46.0584],[73.7351,46.0184],[73.7428,45.9727],[73.6727,45.9733],[73.6047,45.8956],[73.5741,45.8099],[73.5226,45.8135],[73.4879,45.847],[73.4243,45.7955],[73.5232,45.7673],[73.5061,45.6754],[73.4467,45.679],[73.4252,45.6074],[73.4711,45.5665],[73.5379,45.5571],[73.6171,45.515],[73.7284,45.3543],[73.8243,45.3066],[73.8131,45.2813],[73.8961,45.2206],[73.9883,45.2239],[74.0071,45.2071],[73.9883,45.1314],[74.0292,45.0458],[74.0018,44.9981],[74.0807,44.986],[74.0748,45.0502],[74.1737,45.0873],[74.1487,45.1338],[74.1396,45.2239],[74.1678,45.3186],[74.0951,45.3284],[74.0701,45.4264],[74.0981,45.477],[74.0845,45.5391],[74.1596,45.5809],[74.2358,45.5954],[74.2709,45.6501],[74.3392,45.6763],[74.2762,45.7316],[74.3224,45.7858],[74.2791,45.8903],[74.2397,45.9448],[74.2314,45.9886],[74.3024,46.0204],[74.4239,46.0387],[74.5114,45.9922],[74.6326,46.0328],[74.6559,46.0825],[74.7083,46.0737],[74.763,46.0946],[74.8116,46.139],[74.7928,46.205],[74.8534,46.2677],[74.8964,46.404],[74.995,46.3851],[75.0845,46.4375],[75.1634,46.4154],[75.2273,46.4187],[75.2761,46.449],[75.2426,46.4784],[75.2785,46.5291],[75.3182,46.5329],[75.3409,46.4746],[75.3886,46.4661],[75.4601,46.494],[75.4015,46.6262],[75.4916,46.6757],[75.5525,46.6768],[75.5564,46.6242],[75.4707,46.6268],[75.5207,46.5567],[75.5764,46.5261],[75.5767,46.474],[75.6779,46.4908],[75.7247,46.5303],[75.7839,46.5079],[75.874,46.5476],[75.9694,46.5194],[76.0738,46.5082],[76.0574,46.5429],[76.1992,46.5273],[76.2084,46.5535],[76.304,46.5756],[76.3974,46.5408],[76.7521,46.5326],[76.9125,46.4578],[76.929,46.4784],[77.0447,46.4511],[77.0971,46.4519],[77.1565,46.4837],[77.2439,46.4534],[77.3873,46.5064],[77.5951,46.4196],[77.8009,46.4054],[77.8712,46.4258],[78.0429,46.3248],[78.1644,46.3124],[78.1479,46.346],[78.2619,46.331],[78.3069,46.3622],[78.3669,46.3398],[78.4046,46.2951],[78.477,46.3201],[78.4179,46.3675],[78.472,46.4069],[78.5468,46.406],[78.6551,46.3748],[78.7311,46.3963],[78.8841,46.3651],[78.953,46.3851],[79.0525,46.464]]]},"properties":{"name":"Lake Balkhash","scalerank":0,"min_zoom":1}},
{"type":"Feature","geometry":{"type":"Polygon","coordinates":[[[109.8733,55.7185],[109.8474,55.7603],[109.6031,55.7706],[109.5195,55.7539],[109.3114,55.602],[109.2013,55.5581],[109.1701,55.4683],[109.2184,55.3865],[109.1842,55.1884],[109.1127,55.1157],[109.1027,55.0497],[109.0306,55.0312],[108.9034,54.9611],[108.9579,54.9202],[108.9134,54.8625],[108.8566,54.8301],[108.8554,54.7769],[108.8174,54.7083],[108.6909,54.5646],[108.5867,54.4984],[108.5428,54.4328],[108.509,54.3191],[108.4616,54.2862],[108.3756,54.1764],[108.3041,54.1402],[108.3067,54.091],[108.2693,54.0195],[108.2267,53.9871],[108.1819,53.9],[108.0739,53.8378],[107.6703,53.6542],[107.5473,53.5108],[107.5284,53.4322],[107.1331,53.2777],[107.0318,53.2282],[106.9738,53.1699],[106.9088,53.1458],[106.8172,53.0775],[106.9094,52.9892],[106.796,52.9244],[106.7616,52.8623],[106.5732,52.7752],[106.5803,52.7304],[106.4087,52.6318],[106.341,52.618],[105.9836,52.4947],[105.9077,52.4443],[105.8397,52.3613],[105.7072,52.2515],[105.6074,52.1308],[105.4408,52.0343],[105.3074,51.9989],[105.2506,51.933],[105.1865,51.9098],[105.0867,51.9018],[104.9371,51.8641],[104.8114,51.8771],[104.7502,51.8703],[104.6472,51.7882],[104.2466,51.782],[104.1114,51.7582],[103.9949,51.7523],[103.9139,51.7337],[103.7906,51.7317],[103.7273,51.7193],[103.7088,51.6857],[103.8536,51.6169],[103.9516,51.6013],[103.994,51.5748],[104.0788,51.563],[104.309,51.4997],[104.5224,51.4806],[104.6281,51.487],[104.7084,51.475],[104.8064,51.4782],[104.9416,51.5383],[105.0163,51.5456],[105.4352,51.6145],[105.7484,51.7043],[105.9324,51.7376],[106.091,51.8886],[106.1932,51.943],[106.1664,51.9969],[106.2921,52.1385],[106.2441,52.2483],[106.3227,52.3336],[106.4864,52.3825],[106.6209,52.3781],[106.7398,52.3213],[106.7854,52.3166],[106.8549,52.3587],[106.8879,52.4325],[106.955,52.4885],[107.1299,52.5571],[107.3191,52.608],[107.4342,52.6722],[107.5543,52.7054],[107.7224,52.7016],[107.7928,52.7137],[107.9685,52.7902],[108.0056,52.8397],[108.2072,52.9241],[108.3332,53.0301],[108.2864,53.1049],[108.3977,53.1508],[108.6079,53.283],[108.6835,53.305],[108.7091,53.2762],[108.7871,53.283],[108.9791,53.3648],[109.0017,53.4346],[108.9791,53.5087],[108.929,53.5735],[108.8554,53.5982],[108.6773,53.5629],[108.6494,53.6044],[108.7115,53.6927],[108.8083,53.7899],[108.9066,53.8546],[109.0409,53.8649],[109.0744,53.8172],[109.0188,53.7657],[109.0809,53.7416],[109.042,53.6792],[108.9894,53.6391],[109.1256,53.6182],[109.2104,53.6712],[109.1842,53.7007],[109.2113,53.7492],[109.1842,53.7866],[109.2605,53.8891],[109.4403,54.0015],[109.4895,54.0424],[109.5201,54.1184],[109.5613,54.1669],[109.4768,54.2879],[109.5107,54.3474],[109.4827,54.3912],[109.5127,54.441],[109.4989,54.4787],[109.5263,54.5496],[109.5272,54.6329],[109.6384,54.6994],[109.6308,54.7957],[109.6902,54.8413],[109.6634,54.8761],[109.725,54.9311],[109.7182,54.9956],[109.7803,55.0544],[109.747,55.1071],[109.7376,55.1793],[109.8044,55.2378],[109.7735,55.2938],[109.8212,55.3585],[109.8683,55.5404],[109.8548,55.5775],[109.961,55.6726],[109.8733,55.7185]],[[107.7654,53.3171],[107.7524,53.245],[107.6488,53.2282],[107.4916,53.1458],[107.3918,53.0775],[107.1078,53.0428],[106.9677,53.0107],[106.9362,53.0754],[106.9909,53.1134],[107.053,53.1184],[107.1622,53.1617],[107.4684,53.245],[107.5131,53.278],[107.6488,53.3098],[107.7215,53.3881],[107.7866,53.3872],[107.7654,53.3171]]]},"properties":{"name":"Lake Baikal","scalerank":0,"min_zoom":1}},
{"type":"Feature","geometry":{"type":"Polygon","coordinates":[[[31.3661,2.2714],[31.3252,2.2623],[31.2943,2.1908],[31.2413,2.1475],[31.2369,2.1169],[31.183,2.0895],[31.1607,2.0548],[31.067,2.0027],[31.0049,1.9409],[30.9125,1.9067],[30.8162,1.7987],[30.745,1.7457],[30.725,1.7068],[30.6541,1.663],[30.6214,1.6029],[30.5493,1.5652],[30.491,1.4967],[30.4768,1.4416],[30.4221,1.3395],[30.393,1.3239],[30.4077,1.2612],[30.4863,1.1991],[30.488,1.1408],[30.5357,1.0581],[30.5775,1.028],[30.7144,1.1749],[30.7309,1.2397],[30.8984,1.4334],[30.9467,1.5176],[31.0367,1.5561],[31.0497,1.5864],[31.1112,1.5788],[31.1839,1.6144],[31.2819,1.6957],[31.3096,1.7372],[31.3308,1.8328],[31.3596,1.8243],[31.3947,1.8631],[31.4038,1.9532],[31.3855,1.9974],[31.4038,2.0583],[31.3785,2.1207],[31.3894,2.161],[31.3596,2.2081],[31.3661,2.2714]]]},"properties":{"name":"Lake Albert","scalerank":0,"min_zoom":1}},
{"type":"Feature","geometry":{"type":"Polygon","coordinates":[[[35.2246,-14.3846],[35.2747,-14.3802],[35.2879,-14.3363],[35.2305,-14.2306],[35.2164,-14.1647],[35.1767,-14.1005],[35.1814,-14.0517],[35.1346,-13.971],[35.1134,-13.8494],[35.086,-13.8123],[35.0689,-13.7493],[35.0171,-13.7234],[34.9135,-13.7267],[34.8799,-13.7161],[34.8523,-13.6669],[34.8593,-13.6027],[34.8526,-13.5374],[34.8661,-13.4703],[34.8593,-13.374],[34.8019,-13.3287],[34.7916,-13.2981],[34.8122,-13.2363],[34.7972,-13.1365],[34.8158,-13.0847],[34.7566,-12.9431],[34.7569,-12.8936],[34.784,-12.798],[34.8255,-12.7149],[34.7987,-12.6399],[34.7737,-12.6078],[34.7537,-12.5442],[34.7057,-12.4697],[34.7092,-12.407],[34.7001,-12.3181],[34.7136,-12.2666],[34.6948,-12.188],[34.8193,-12.0626],[34.8693,-12.0426],[34.8876,-12.0058],[34.9079,-11.9137],[34.9559,-11.8136],[34.9668,-11.6705],[34.963,-11.5131],[34.9445,-11.4644],[34.8866,-11.3754],[34.8005,-11.3319],[34.7591,-11.3375],[34.737,-11.2968],[34.7141,-11.2027],[34.6211,-11.1197],[34.593,-11.0162],[34.6455,-10.9132],[34.6476,-10.8586],[34.6724,-10.7395],[34.6609,-10.6873],[34.5811,-10.5397],[34.593,-10.4817],[34.5651,-10.4098],[34.5853,-10.3007],[34.5656,-10.2027],[34.5247,-10.0948],[34.5364,-10.043],[34.4833,-9.9462],[34.3835,-9.8238],[34.3317,-9.7692],[34.3179,-9.7192],[34.2881,-9.7084],[34.1903,-9.6065],[34.1619,-9.5936],[34.1032,-9.5299],[34.0127,-9.4775],[33.9459,-9.55],[33.9645,-9.5947],[33.9513,-9.6736],[33.9044,-9.7254],[33.9074,-9.8272],[33.9309,-9.882],[33.9527,-9.8896],[33.9662,-10.0018],[33.9954,-10.0689],[34.0778,-10.1867],[34.1811,-10.2791],[34.2391,-10.3642],[34.2709,-10.4407],[34.2209,-10.4775],[34.2294,-10.5328],[34.1832,-10.5779],[34.2091,-10.6255],[34.202,-10.6877],[34.2159,-10.7418],[34.2329,-10.9343],[34.2291,-11.0603],[34.2497,-11.1121],[34.215,-11.1857],[34.2323,-11.2723],[34.2574,-11.2967],[34.2774,-11.3535],[34.2842,-11.4786],[34.3033,-11.5787],[34.3251,-11.6399],[34.3156,-11.6923],[34.202,-11.798],[34.1829,-11.8504],[34.1953,-11.8998],[34.0816,-11.9858],[34.0625,-12.0194],[34.0301,-12.188],[34.0395,-12.2705],[34.0628,-12.3485],[34.0855,-12.3803],[34.1711,-12.397],[34.202,-12.4862],[34.182,-12.5963],[34.202,-12.6676],[34.2382,-12.722],[34.2759,-12.7382],[34.2635,-12.8083],[34.3112,-12.8733],[34.3368,-13.0123],[34.343,-13.2719],[34.3089,-13.3299],[34.3251,-13.3958],[34.4007,-13.5292],[34.4381,-13.5742],[34.5017,-13.5636],[34.6347,-13.7034],[34.6203,-13.7844],[34.5918,-13.822],[34.5826,-13.893],[34.5341,-13.953],[34.5291,-13.9786],[34.5511,-14.079],[34.6342,-14.1977],[34.6986,-14.2241],[34.7092,-14.2748],[34.8058,-14.238],[34.8308,-14.198],[34.8122,-14.1685],[34.8626,-14.0935],[34.8402,-14.0411],[34.8632,-14.0025],[34.9421,-14.0517],[34.9418,-14.1276],[35.0651,-14.1862],[35.0922,-14.2471],[35.1269,-14.2916],[35.2246,-14.3846]]]},"properties":{"name":"Lake Malawi","scalerank":0,"min_zoom":1}},
{"type":"Feature","geometry":{"type":"Polygon","coordinates":[[[30.8098,-8.5847],[30.858,-8.6177],[31.0252,-8.799],[31.1035,-8.7687],[31.1492,-8.7081],[31.186,-8.7396],[31.1998,-8.628],[31.1657,-8.5868],[31.166,-8.5465],[31.1353,-8.5253],[31.1453,-8.4261],[31.1271,-8.394],[31.0311,-8.3242],[31.0082,-8.2818],[30.9711,-8.2621],[30.9428,-8.1658],[30.9646,-8.1482],[30.9467,-8.097],[30.9096,-8.0737],[30.9028,-8.019],[30.841,-7.9451],[30.8336,-7.91],[30.7995,-7.8744],[30.7447,-7.7202],[30.7144,-7.6719],[30.6661,-7.6439],[30.5834,-7.5079],[30.6108,-7.3708],[30.6043,-7.3319],[30.5216,-7.1326],[30.5599,-7.1017],[30.556,-7.0411],[30.5766,-7.0175],[30.5646,-6.9563],[30.5145,-6.9245],[30.4186,-6.8221],[30.3956,-6.747],[30.3582,-6.699],[30.3358,-6.6463],[30.2923,-6.6207],[30.1901,-6.5236],[30.1586,-6.4688],[30.1174,-6.4521],[30.0297,-6.4653],[29.9529,-6.5074],[29.9402,-6.47],[29.8566,-6.4111],[29.768,-6.3013],[29.7118,-6.2466],[29.7321,-6.1957],[29.7253,-6.1285],[29.7345,-6.0449],[29.7889,-5.9861],[29.8343,-5.9964],[29.8996,-5.9354],[29.9461,-5.9178],[29.9529,-5.8418],[29.9432,-5.7962],[29.836,-5.5598],[29.7704,-5.4915],[29.7412,-5.4312],[29.7783,-5.3458],[29.7816,-5.2666],[29.7998,-5.2334],[29.8225,-5.1203],[29.7816,-5.0447],[29.7768,-5.0011],[29.7359,-4.969],[29.6827,-4.9484],[29.6644,-4.9237],[29.6111,-4.9105],[29.6026,-4.7606],[29.6497,-4.5095],[29.6567,-4.4204],[29.6414,-4.3794],[29.5914,-4.3294],[29.5537,-4.2664],[29.5364,-4.2008],[29.501,-4.1631],[29.494,-4.1066],[29.4372,-4.0221],[29.4389,-3.9753],[29.3733,-3.8873],[29.3368,-3.7627],[29.3433,-3.4033],[29.3291,-3.3621],[29.2967,-3.3406],[29.2061,-3.3344],[29.1652,-3.3506],[29.1345,-3.4269],[29.1516,-3.68],[29.0963,-3.7733],[29.1242,-3.8304],[29.0963,-3.9173],[29.1022,-3.987],[29.0886,-4.0409],[29.1036,-4.1766],[29.1001,-4.232],[29.0683,-4.2596],[29.0486,-4.307],[29.1381,-4.3485],[29.1581,-4.2711],[29.1814,-4.2278],[29.234,-4.0471],[29.2594,-4.1192],[29.2176,-4.37],[29.1999,-4.4374],[29.2061,-4.4963],[29.1487,-4.5134],[29.1381,-4.5684],[29.1128,-4.6146],[29.0989,-4.7704],[29.1057,-4.9793],[29.1178,-5.012],[29.0963,-5.068],[29.1272,-5.1301],[29.1448,-5.2113],[29.1772,-5.292],[29.2579,-5.4106],[29.3727,-5.6096],[29.3312,-5.6428],[29.35,-5.7479],[29.3118,-5.8268],[29.2355,-5.8901],[29.179,-5.9178],[29.1925,-6.0582],[29.2114,-6.0903],[29.2726,-6.1259],[29.2755,-6.1612],[29.3262,-6.2086],[29.3512,-6.3105],[29.3918,-6.3899],[29.418,-6.4824],[29.4425,-6.518],[29.4872,-6.5136],[29.4904,-6.5689],[29.4737,-6.6098],[29.4987,-6.7029],[29.549,-6.7711],[29.6255,-6.8274],[29.6776,-6.9107],[29.7221,-6.9581],[29.7621,-7.0202],[29.8251,-7.0682],[29.9747,-7.1108],[30.1139,-7.2301],[30.1831,-7.369],[30.2184,-7.543],[30.1996,-7.601],[30.2322,-7.711],[30.267,-7.7652],[30.2661,-7.8238],[30.3029,-7.8847],[30.3715,-7.9068],[30.3809,-7.9345],[30.5148,-8.039],[30.5843,-8.1402],[30.5699,-8.2029],[30.5699,-8.303],[30.5145,-8.3233],[30.4668,-8.3645],[30.4421,-8.4334],[30.4704,-8.5085],[30.5498,-8.4976],[30.574,-8.5158],[30.5834,-8.5694],[30.6435,-8.5241],[30.6382,-8.4867],[30.6844,-8.4843],[30.6832,-8.525],[30.7344,-8.5565],[30.7951,-8.5597],[30.8098,-8.5847]]]},"properties":{"name":"Lake Tanganyika","scalerank":0,"min_zoom":1}},
{"type":"Feature","geometry":{"type":"Polygon","coordinates":[[[33.9135,-1.5321],[33.9277,-1.4841],[33.8673,-1.4708],[33.8473,-1.4334],[33.8043,-1.429],[33.799,-1.3487],[33.8214,-1.3263],[33.9668,-1.3163],[33.8859,-1.2777],[33.8862,-1.2233],[33.9633,-1.1726],[34.0163,-1.1017],[34.0719,-1.059],[34.0719,-0.9701],[34.1175,-0.9993],[34.1399,-0.9118],[34.1832,-0.8712],[34.1749,-0.8468],[34.0719,-0.7953],[34.0675,-0.7487],[34.0375,-0.7305],[34.0478,-0.6413],[34.0813,-0.6077],[34.1025,-0.5321],[34.1611,-0.5177],[34.1891,-0.4223],[34.2444,-0.4294],[34.3112,-0.4768],[34.3607,-0.4726],[34.3954,-0.4509],[34.4363,-0.5209],[34.5032,-0.4768],[34.4999,-0.4414],[34.4569,-0.4241],[34.4487,-0.3464],[34.5623,-0.3184],[34.6783,-0.3464],[34.7537,-0.3358],[34.7495,-0.2872],[34.8379,-0.309],[34.8328,-0.2713],[34.7952,-0.1956],[34.7313,-0.1379],[34.7366,-0.0858],[34.6745,-0.0897],[34.6465,-0.117],[34.5485,-0.1494],[34.5055,-0.1809],[34.4466,-0.1683],[34.3598,-0.1794],[34.3884,-0.2654],[34.3763,-0.3019],[34.3254,-0.3413],[34.303,-0.3905],[34.2709,-0.3811],[34.2721,-0.3405],[34.2365,-0.2987],[34.2532,-0.2645],[34.1958,-0.2212],[34.1879,-0.1889],[34.1223,-0.1853],[34.0855,-0.1403],[34.1155,-0.1229],[34.1234,-0.0585],[34.0769,-0.0635],[33.996,-0.0405],[33.986,0.0381],[33.9618,0.0575],[33.9824,0.1061],[34.0036,0.2256],[33.9818,0.2656],[33.9209,0.2191],[33.8938,0.1738],[33.8046,0.2203],[33.777,0.1879],[33.7219,0.1932],[33.7428,0.2568],[33.6678,0.311],[33.6198,0.311],[33.6262,0.2462],[33.5665,0.1838],[33.4891,0.1879],[33.4396,0.2274],[33.4343,0.2909],[33.4891,0.2836],[33.5082,0.3004],[33.442,0.3563],[33.3769,0.343],[33.3493,0.3919],[33.3457,0.4564],[33.2503,0.4405],[33.1929,0.406],[33.2707,0.3863],[33.2386,0.3519],[33.1538,0.3163],[33.1673,0.263],[33.1052,0.2221],[33.0776,0.1661],[33.0081,0.1129],[32.9012,0.0769],[32.8453,0.1517],[32.7561,0.1261],[32.6822,0.089],[32.6625,0.1329],[32.704,0.1402],[32.7417,0.1738],[32.7149,0.2085],[32.6905,0.1673],[32.6575,0.1832],[32.6566,0.2221],[32.563,0.1897],[32.5715,0.1335],[32.5398,0.0749],[32.5006,0.0808],[32.452,0.0301],[32.3861,0.0917],[32.3687,-0.0037],[32.3243,0.0269],[32.2692,-0.029],[32.2154,-0.0034],[32.2003,-0.0576],[32.17,-0.0726],[32.0767,-0.0364],[32.0373,-0.0523],[32.0699,-0.0994],[31.9949,-0.0858],[31.9398,-0.1247],[31.9266,-0.1956],[31.9805,-0.1895],[31.9746,-0.2304],[32.0061,-0.2466],[32.0296,-0.2945],[31.9775,-0.3381],[31.9613,-0.3778],[31.913,-0.4358],[31.8468,-0.4715],[31.7965,-0.5657],[31.7847,-0.6163],[31.7971,-0.6448],[31.7553,-0.7164],[31.7179,-0.757],[31.7008,-0.8394],[31.7691,-0.8638],[31.767,-1.0296],[31.7815,-1.0552],[31.84,-1.0243],[31.8509,-1.1135],[31.8701,-1.15],[31.8509,-1.278],[31.8209,-1.3475],[31.7965,-1.4841],[31.7553,-1.4658],[31.7417,-1.5662],[31.7609,-1.5965],[31.7205,-1.676],[31.7117,-1.7555],[31.6737,-1.895],[31.6184,-1.9742],[31.611,-2.0389],[31.6661,-2.0254],[31.7008,-2.0766],[31.6937,-2.142],[31.634,-2.3162],[31.6416,-2.3619],[31.7252,-2.3204],[31.7485,-2.3413],[31.7594,-2.3931],[31.7965,-2.4628],[31.7197,-2.5391],[31.7485,-2.5567],[31.7547,-2.62],[31.7997,-2.6082],[31.7597,-2.716],[31.7903,-2.7416],[31.7829,-2.8149],[31.8448,-2.7863],[31.8265,-2.6971],[31.858,-2.678],[31.9063,-2.7107],[31.9599,-2.6957],[31.9684,-2.7522],[32.0155,-2.7601],[31.941,-2.5891],[31.9828,-2.5909],[31.994,-2.4908],[32.0355,-2.4831],[32.0867,-2.5032],[32.1382,-2.5603],[32.1668,-2.4964],[32.0679,-2.4246],[32.0705,-2.3751],[32.1191,-2.371],[32.1594,-2.3884],[32.2239,-2.2727],[32.2586,-2.2839],[32.3099,-2.2718],[32.3287,-2.3156],[32.3202,-2.3539],[32.3714,-2.4322],[32.4338,-2.4566],[32.5094,-2.4705],[32.553,-2.4667],[32.5021,-2.5461],[32.5495,-2.5385],[32.6248,-2.4672],[32.6419,-2.4054],[32.6949,-2.4734],[32.7623,-2.4996],[32.8141,-2.4881],[32.8309,-2.5302],[32.8123,-2.55],[32.8215,-2.6233],[32.8106,-2.6689],[32.8341,-2.7142],[32.873,-2.7289],[32.8447,-2.7931],[32.8474,-2.8243],[32.7817,-2.8367],[32.7255,-2.8626],[32.7696,-2.9182],[32.7487,-2.9691],[32.7708,-2.9995],[32.8038,-2.9706],[32.8412,-2.8514],[32.8909,-2.822],[32.9339,-2.8517],[33.0113,-2.8838],[33.0101,-2.8455],[32.9686,-2.8411],[32.9548,-2.7863],[32.8794,-2.7045],[32.9095,-2.6792],[32.8762,-2.6456],[32.8656,-2.6015],[32.9006,-2.5541],[32.8727,-2.4949],[32.9265,-2.4093],[32.9993,-2.3804],[33.1194,-2.4001],[33.147,-2.4628],[33.2077,-2.5129],[33.2339,-2.5179],[33.3519,-2.4984],[33.3448,-2.5249],[33.4508,-2.527],[33.4564,-2.4937],[33.417,-2.4672],[33.4758,-2.4357],[33.5153,-2.4487],[33.5223,-2.3872],[33.6124,-2.3474],[33.7154,-2.2791],[33.7599,-2.2697],[33.8385,-2.2206],[33.8158,-2.1231],[33.7493,-2.0857],[33.6421,-2.1467],[33.6056,-2.1829],[33.5662,-2.1632],[33.4493,-2.1511],[33.3581,-2.1676],[33.3107,-2.1217],[33.2077,-2.1149],[33.2283,-2.0457],[33.3178,-2.0457],[33.3999,-1.9721],[33.4964,-2.0254],[33.5426,-2.0257],[33.5733,-1.9871],[33.5044,-1.9536],[33.4823,-1.9156],[33.4379,-1.8803],[33.3142,-1.9445],[33.3113,-1.8835],[33.3381,-1.8261],[33.3884,-1.7987],[33.4479,-1.7996],[33.4508,-1.8373],[33.4926,-1.8397],[33.55,-1.8096],[33.5806,-1.7611],[33.6295,-1.7784],[33.6466,-1.7619],[33.5568,-1.6963],[33.5853,-1.676],[33.6878,-1.6754],[33.6869,-1.5977],[33.6466,-1.5662],[33.686,-1.5191],[33.6675,-1.4643],[33.7346,-1.4891],[33.8102,-1.4823],[33.8247,-1.5123],[33.9135,-1.5321]],[[34.1464,-0.4052],[34.1673,-0.367],[34.2041,-0.4073],[34.1611,-0.4358],[34.1464,-0.4052]],[[33.9465,-0.4641],[33.9642,-0.445],[34.0304,-0.4323],[34.054,-0.4673],[34.0172,-0.5047],[33.9465,-0.4641]],[[31.9198,-2.4163],[31.8754,-2.4537],[31.838,-2.426],[31.8512,-2.3887],[31.8168,-2.3339],[31.7826,-2.3209],[31.7909,-2.2341],[31.8403,-2.2156],[31.8689,-2.3101],[31.8995,-2.3548],[31.9198,-2.4163]],[[32.0699,-2.293],[32.0502,-2.3413],[31.9778,-2.3675],[31.9607,-2.3348],[31.9852,-2.3089],[31.951,-2.2771],[32.044,-2.2315],[32.0699,-2.293]],[[32.2828,-0.3531],[32.2707,-0.3867],[32.2831,-0.47],[32.2589,-0.4903],[32.2254,-0.4626],[32.1874,-0.47],[32.1662,-0.5383],[32.1359,-0.5153],[32.1677,-0.4715],[32.1662,-0.442],[32.2059,-0.4079],[32.248,-0.3967],[32.2283,-0.3605],[32.1874,-0.3319],[32.1441,-0.3381],[32.0646,-0.2545],[32.0738,-0.2304],[32.1574,-0.2345],[32.1736,-0.2575],[32.153,-0.3116],[32.1874,-0.3275],[32.2972,-0.3143],[32.2828,-0.3531]],[[32.5312,-2.3265],[32.5194,-2.3831],[32.4411,-2.4163],[32.4076,-2.3421],[32.4338,-2.2656],[32.4747,-2.3245],[32.4959,-2.2859],[32.5327,-2.2839],[32.5312,-2.3265]],[[32.8038,-0.1064],[32.7417,-0.1341],[32.7164,-0.0714],[32.8038,-0.1064]],[[33.0057,-1.8052],[33.0834,-1.7955],[33.0908,-1.8491],[33.0372,-1.895],[32.9969,-1.8588],[33.0057,-1.8052]],[[33.1868,-2.132],[33.1735,-2.1693],[33.1417,-2.1667],[33.0787,-2.1217],[33.0558,-2.1405],[32.996,-2.099],[32.9286,-2.0922],[32.8503,-2.0416],[32.8971,-1.9895],[32.8515,-1.9701],[32.8515,-1.9433],[32.9115,-1.8965],[32.9477,-1.9094],[32.9315,-1.948],[32.9925,-1.9913],[33.1052,-1.9668],[33.1202,-2.0113],[33.1005,-2.0434],[33.1868,-2.132]],[[33.3869,0.2512],[33.3722,0.2159],[33.3183,0.2109],[33.3192,0.119],[33.2792,0.1299],[33.2468,0.165],[33.2633,0.1985],[33.205,0.2559],[33.2333,0.2942],[33.278,0.3045],[33.2939,0.2742],[33.3869,0.2512]],[[33.7696,0.0781],[33.8123,0.1152],[33.8826,0.0787],[33.8314,0.0637],[33.7696,0.0781]]]},"properties":{"name":"Lake Victoria","scalerank":0,"min_zoom":1}},
{"type":"Feature","geometry":{"type":"Polygon","coordinates":[[[14.7337,13.0808],[14.7187,13.1279],[14.6754,13.1573],[14.6512,13.2159],[14.5986,13.1991],[14.5367,13.2536],[14.4375,13.2235],[14.374,13.1938],[14.3563,13.1588],[14.3713,13.1026],[14.3628,13.0678],[14.2851,13.0616],[14.2939,13.0195],[14.2577,13.0098],[14.2936,12.9468],[14.288,12.9042],[14.3186,12.8703],[14.4066,12.8821],[14.4325,12.9362],[14.469,12.9392],[14.5091,12.978],[14.5988,12.9963],[14.6371,12.973],[14.6813,12.9777],[14.6986,13.039],[14.7337,13.0808]]]},"properties":{"name":"Lake Chad","scalerank":1,"min_zoom":1.7}},
{"type":"Feature","geometry":{"type":"Polygon","coordinates":[[[14.1167,59.0666],[13.9589,59.0528],[13.9274,59.0908],[14.0089,59.1541],[14.0619,59.2341],[14.0404,59.2992],[13.9751,59.3533],[13.8762,59.3198],[13.7434,59.3254],[13.6828,59.376],[13.5954,59.3943],[13.4832,59.361],[13.3007,59.3692],[13.1026,59.2712],[13.1229,59.1688],[13.1597,59.1396],[13.2145,59.0466],[13.2595,58.9156],[13.1691,58.91],[13.1058,58.9256],[13.0531,58.9674],[13.062,59.0189],[12.9937,59.0437],[12.8907,59.0499],[12.8465,59.079],[12.7729,59.0772],[12.6672,58.9877],[12.6328,58.9256],[12.6293,58.8612],[12.5813,58.8155],[12.4794,58.837],[12.4102,58.8126],[12.4721,58.774],[12.5018,58.6843],[12.5404,58.6533],[12.631,58.6395],[12.5203,58.5521],[12.4582,58.4835],[12.3761,58.47],[12.3072,58.4134],[12.3434,58.3766],[12.465,58.3881],[12.5527,58.3569],[12.6917,58.4149],[12.6705,58.4426],[12.8759,58.4911],[12.9313,58.5247],[12.9248,58.5671],[13.006,58.6004],[13.1712,58.6142],[13.1229,58.5356],[13.1727,58.5029],[13.2459,58.5109],[13.3631,58.6283],[13.507,58.6557],[13.6242,58.699],[13.6531,58.6734],[13.85,58.7396],[13.89,58.7717],[13.8797,58.8132],[13.9586,58.8214],[14.0404,59.0098],[14.1167,59.0666]],[[13.1989,58.6342],[13.062,58.6448],[13.1011,58.6928],[13.1991,58.6804],[13.1989,58.6342]],[[13.5686,59.3068],[13.4794,59.2856],[13.4508,59.3163],[13.4973,59.3436],[13.5686,59.3068]],[[13.8309,58.8005],[13.8014,58.7573],[13.7119,58.7611],[13.691,58.8064],[13.8217,58.84],[13.8309,58.8005]]]},"properties":{"name":"Vänern","scalerank":1,"min_zoom":1.7}},
{"type":"Feature","geometry":{"type":"Polygon","coordinates":[[[35.8599,60.8546],[35.9279,60.8873],[35.9314,60.955],[36.038,61.0124],[36.0783,61.0718],[36.2099,61.0739],[36.2944,61.103],[36.395,61.1775],[36.4018,61.2043],[36.3329,61.2593],[36.4324,61.3106],[36.436,61.3959],[36.3426,61.461],[36.2231,61.4792],[36.2134,61.5452],[36.1351,61.6082],[36.0209,61.6647],[36.0421,61.7065],[35.9579,61.8045],[35.8469,61.8354],[35.8334,61.9099],[35.8537,61.9617],[35.7127,62.0088],[35.66,62.058],[35.688,62.1168],[35.7607,62.1672],[35.7919,62.2731],[35.844,62.3788],[35.8393,62.4365],[35.7159,62.5472],[35.557,62.5657],[35.4631,62.5905],[35.3765,62.6729],[35.2167,62.6982],[35.1196,62.7353],[35.0445,62.7391],[34.9998,62.783],[34.8505,62.8471],[34.7654,62.8424],[34.7195,62.8127],[34.5441,62.9178],[34.4584,62.911],[34.5741,62.7965],[34.5647,62.7532],[34.7024,62.6605],[34.7946,62.6202],[34.8705,62.6458],[34.9665,62.6514],[35.0945,62.5654],[35.3103,62.5239],[35.3639,62.5307],[35.4866,62.4374],[35.5378,62.3829],[35.5882,62.2787],[35.5779,62.2328],[35.4831,62.1781],[35.4016,62.181],[35.3356,62.1321],[35.2915,62.1707],[35.1546,62.1825],[35.1169,62.224],[35.0418,62.1945],[35.1717,62.131],[35.1884,62.0812],[35.1019,62.0394],[35.051,62.06],[34.8723,62.1842],[34.8682,62.2958],[34.7366,62.4106],[34.7024,62.4592],[34.5032,62.5543],[34.5564,62.4662],[34.7119,62.3638],[34.7704,62.3411],[34.7916,62.2867],[34.7669,62.2552],[34.6309,62.3685],[34.5441,62.3623],[34.6889,62.2419],[34.5832,62.2275],[34.6556,62.133],[34.7434,62.0615],[34.7074,62.0379],[34.5747,62.0939],[34.5005,62.1074],[34.3295,62.1742],[34.3003,62.2322],[34.3728,62.2599],[34.2011,62.3385],[34.1641,62.3921],[34.0675,62.4536],[34.0702,62.5119],[33.9815,62.5457],[33.935,62.5245],[33.943,62.433],[33.9898,62.3826],[34.0757,62.4227],[34.154,62.3376],[34.2638,62.2702],[34.3074,62.1104],[34.5214,62.0326],[34.61,61.9317],[34.6233,61.8581],[34.4896,61.821],[34.4275,61.7869],[34.6203,61.6567],[34.6745,61.6423],[34.723,61.5823],[34.8261,61.5717],[34.9103,61.531],[35.0283,61.5408],[35.1475,61.4916],[35.24,61.4834],[35.3236,61.441],[35.3559,61.3945],[35.4643,61.3736],[35.5482,61.3106],[35.6123,61.2237],[35.5994,61.1911],[35.6918,61.1281],[35.6282,61.058],[35.557,61.0106],[35.4283,61.0651],[35.2903,61.0874],[35.1814,61.0465],[35.0271,61.1316],[35.0566,61.1993],[34.9553,61.1972],[34.8593,61.232],[34.8214,61.2199],[34.8143,61.1587],[34.7716,61.121],[34.8334,61.0412],[34.8764,61.0283],[34.9621,61.0677],[35.1201,61.0539],[35.28,61.0097],[35.3533,61.0571],[35.4651,61.0247],[35.5128,60.9838],[35.4946,60.9509],[35.617,60.8958],[35.7789,60.9141],[35.8599,60.8546]],[[35.3471,61.9979],[35.3118,61.9714],[35.3068,61.8964],[35.1605,61.8587],[35.1746,61.9514],[35.2299,62.0129],[35.2155,62.0474],[35.3015,62.0918],[35.3471,61.9979]]]},"properties":{"name":"Lake Onega","scalerank":1,"min_zoom":1.7}},
{"type":"Feature","geometry":{"type":"Polygon","coordinates":[[[37.302,11.7402],[37.2937,11.664],[37.3267,11.6322],[37.3868,11.6319],[37.4503,11.7694],[37.4568,11.8103],[37.5057,11.8383],[37.4913,11.906],[37.5489,11.9348],[37.5981,12.0758],[37.5919,12.1382],[37.5598,12.1803],[37.4986,12.3039],[37.3947,12.2901],[37.3608,12.2689],[37.3267,12.2892],[37.2949,12.2648],[37.2758,12.2156],[37.176,12.2201],[37.1674,12.2589],[37.1374,12.2813],[37.0682,12.2421],[37.0153,12.1709],[36.9914,11.8854],[37.0262,11.8798],[37.0394,11.8412],[37.1018,11.8503],[37.1674,11.81],[37.2098,11.8303],[37.259,11.8218],[37.2964,11.7862],[37.302,11.7402]]]},"properties":{"name":"Lake Tana","scalerank":1,"min_zoom":1.7}},
{"type":"Feature","geometry":{"type":"Polygon","coordinates":[[[-69.2946,-16.2653],[-69.1533,-16.2564],[-69.1227,-16.2447],[-69.1006,-16.2035],[-69.0824,-16.1213],[-69.0959,-16.0733],[-69.0162,-16.1116],[-68.9786,-16.1664],[-68.9246,-16.1834],[-68.8609,-16.2364],[-68.8833,-16.2647],[-68.9595,-16.2141],[-68.9998,-16.2726],[-69.0824,-16.2653],[-69.0365,-16.3127],[-69.0432,-16.4122],[-69.088,-16.4622],[-69.0959,-16.4946],[-69.0477,-16.5464],[-68.9602,-16.5844],[-68.8632,-16.6011],[-68.8535,-16.5317],[-68.8668,-16.4707],[-68.942,-16.4584],[-68.9246,-16.4228],[-68.8526,-16.408],[-68.7838,-16.4228],[-68.7261,-16.3683],[-68.7323,-16.3265],[-68.6772,-16.3109],[-68.6389,-16.33],[-68.5954,-16.3133],[-68.5802,-16.2426],[-68.6176,-16.2129],[-68.6944,-16.2176],[-68.8011,-16.1834],[-68.8494,-16.1817],[-68.9109,-16.0666],[-68.8572,-16.0592],[-68.7701,-15.9768],[-68.7972,-15.9468],[-68.9075,-15.9294],[-68.9318,-15.9438],[-69.0203,-15.9226],[-69.0066,-15.8779],[-69.0184,-15.8143],[-69.1037,-15.7286],[-69.1639,-15.7189],[-69.1681,-15.6695],[-69.2704,-15.6695],[-69.3007,-15.6215],[-69.2936,-15.5688],[-69.326,-15.5603],[-69.3806,-15.5117],[-69.3903,-15.4702],[-69.4392,-15.4964],[-69.4721,-15.431],[-69.5786,-15.3539],[-69.6435,-15.3471],[-69.651,-15.3062],[-69.7125,-15.2886],[-69.7859,-15.3071],[-69.8257,-15.2918],[-69.8854,-15.3018],[-69.8734,-15.3522],[-69.9343,-15.3736],[-69.9497,-15.4104],[-69.8132,-15.6409],[-69.7914,-15.6907],[-69.7949,-15.7281],[-69.86,-15.6818],[-69.8622,-15.6397],[-69.8966,-15.6006],[-69.9668,-15.6662],[-69.9702,-15.6971],[-70.04,-15.7169],[-70.0297,-15.7802],[-70.0049,-15.7931],[-70.0148,-15.8555],[-69.9004,-15.8791],[-69.8828,-15.927],[-69.8086,-15.8953],[-69.8769,-15.8611],[-69.8426,-15.7905],[-69.7855,-15.8249],[-69.7647,-15.8926],[-69.7034,-15.9262],[-69.6848,-15.9691],[-69.5615,-15.9847],[-69.5103,-16.008],[-69.4352,-16.0124],[-69.4221,-16.0895],[-69.511,-16.1834],[-69.4696,-16.2141],[-69.4245,-16.1834],[-69.3721,-16.2385],[-69.2946,-16.2653]]]},"properties":{"name":"Lago Titicaca","scalerank":1,"min_zoom":1.7}},
{"type":"Feature","geometry":{"type":"Polygon","coordinates":[[[28.0554,61.0889],[28.1272,61.0595],[28.3215,61.0739],[28.4231,61.1192],[28.5105,61.1266],[28.8434,61.2173],[28.8667,61.2873],[28.6695,61.3535],[28.5267,61.3482],[28.4525,61.3141],[28.3454,61.3247],[28.2983,61.353],[28.3501,61.3986],[28.5591,61.4045],[28.5747,61.5001],[28.6697,61.5187],[28.7039,61.5929],[28.6518,61.6388],[28.7336,61.6909],[28.8149,61.6838],[29.1033,61.562],[29.1036,61.6155],[29.2205,61.6014],[29.2576,61.6329],[29.4498,61.7218],[29.4798,61.7801],[29.6258,61.7977],[29.6744,61.8381],[29.7412,61.8416],[29.7612,61.949],[29.7018,62.0153],[29.5081,62.0129],[29.4966,62.0747],[29.5305,62.1542],[29.801,62.1533],[29.912,62.085],[30.0203,62.1318],[29.975,62.171],[29.8722,62.1754],[29.7754,62.2184],[29.7398,62.186],[29.6547,62.2066],[29.5799,62.2599],[29.5935,62.3008],[29.6753,62.3223],[29.7377,62.3008],[29.7907,62.367],[29.9193,62.415],[29.8231,62.5201],[29.8001,62.5763],[29.6718,62.6293],[29.5896,62.6025],[29.6517,62.5543],[29.5917,62.5434],[29.5811,62.4568],[29.3639,62.541],[29.2814,62.6093],[29.2405,62.561],[29.3191,62.4892],[29.325,62.425],[29.2423,62.4094],[29.3017,62.335],[29.3156,62.2525],[29.4115,62.2257],[29.3023,62.1604],[29.028,62.1501],[28.8737,62.1189],[28.9255,62.2184],[28.8158,62.2731],[28.7401,62.3282],[28.5005,62.2222],[28.3633,62.2396],[28.3421,62.2943],[28.1905,62.2702],[28.076,62.2319],[27.9394,62.2584],[27.925,62.2867],[28.048,62.3768],[27.8923,62.4327],[27.8903,62.4995],[27.8152,62.5337],[27.7755,62.5893],[27.8296,62.6064],[27.7189,62.6508],[27.8146,62.7144],[27.8897,62.7253],[27.9383,62.7671],[28.0036,62.7223],[28.0804,62.7067],[28.0554,62.6434],[28.1375,62.6025],[28.1169,62.5472],[28.2052,62.5275],[28.2671,62.5822],[28.5111,62.5607],[28.607,62.5077],[28.5049,62.4954],[28.6073,62.4191],[28.7398,62.3927],[28.867,62.405],[28.892,62.4265],[28.7327,62.4648],[28.6209,62.5569],[28.4867,62.574],[28.2738,62.6573],[28.2759,62.6932],[28.1305,62.8012],[28.2253,62.8683],[28.1237,62.8898],[28.2164,62.9973],[28.1237,62.9934],[28.011,63.0438],[27.935,63.0441],[27.9118,63.0046],[27.822,63.0302],[27.8491,63.11],[27.7404,63.0985],[27.7054,63.0679],[27.7675,63.0202],[27.756,62.9796],[27.6645,62.9937],[27.6027,62.9728],[27.4602,62.9929],[27.351,63.0453],[27.3289,63.1038],[27.2603,63.1371],[27.3557,63.1671],[27.3628,63.2122],[27.308,63.2392],[27.3704,63.3599],[27.2745,63.3691],[27.1776,63.4244],[27.197,63.5183],[27.1388,63.5604],[27.0719,63.5386],[27.1776,63.5074],[27.16,63.4306],[27.235,63.3617],[27.2056,63.3125],[27.2462,63.2122],[27.1499,63.1771],[27.2665,63.0959],[27.2262,63.0679],[27.3007,63.0102],[27.3969,62.9793],[27.3901,62.8898],[27.4773,62.8848],[27.6624,62.9302],[27.6995,62.8922],[27.6374,62.8563],[27.6342,62.8006],[27.6789,62.7424],[27.5853,62.6685],[27.6227,62.6161],[27.6077,62.5687],[27.6919,62.5242],[27.6306,62.4574],[27.5544,62.5057],[27.3704,62.5337],[27.2627,62.5048],[27.2541,62.4651],[27.4181,62.4721],[27.5582,62.3932],[27.6639,62.4177],[27.7616,62.385],[27.7805,62.4448],[27.9383,62.3214],[27.865,62.3008],[27.9147,62.219],[27.9865,62.1707],[27.9115,62.1324],[28.071,62.0892],[28.2394,62.1101],[28.3086,62.1003],[28.3636,62.0447],[28.5853,61.9879],[28.693,61.9414],[28.6633,61.8966],[28.8316,61.8813],[28.8646,61.8263],[28.7669,61.8075],[28.5629,61.8416],[28.3889,61.7445],[28.2429,61.743],[28.2626,61.6615],[28.2335,61.5746],[28.1979,61.5308],[28.1202,61.5505],[28.0896,61.499],[27.9574,61.5802],[27.9441,61.6535],[27.8632,61.7112],[27.8014,61.6977],[27.7531,61.6423],[27.6916,61.65],[27.633,61.6155],[27.6639,61.589],[27.57,61.5658],[27.4876,61.5843],[27.5035,61.5219],[27.3834,61.458],[27.2483,61.4957],[27.2188,61.4648],[27.3422,61.4162],[27.2839,61.4036],[27.2809,61.3344],[27.3642,61.3368],[27.4799,61.2246],[27.6633,61.1972],[27.6872,61.2458],[27.8458,61.239],[27.8864,61.2605],[28.0404,61.2758],[28.0548,61.2373],[28.139,61.1819],[28.2397,61.1775],[28.1994,61.1372],[28.0881,61.1881],[28.0018,61.2022],[27.9091,61.1878],[27.8567,61.1463],[27.9383,61.1013],[28.0554,61.0889]],[[27.9515,61.4842],[27.9038,61.4369],[27.8176,61.4042],[27.7719,61.4383],[27.6298,61.4648],[27.7157,61.4951],[27.7481,61.544],[27.8285,61.5134],[27.9592,61.5134],[27.9515,61.4842]],[[27.6698,61.2867],[27.6259,61.2632],[27.5173,61.2888],[27.4119,61.3588],[27.3007,61.3892],[27.3887,61.4245],[27.4528,61.4263],[27.5497,61.3915],[27.6365,61.383],[27.6698,61.2867]],[[28.24,61.3942],[28.2197,61.4421],[28.3427,61.446],[28.3565,61.499],[28.459,61.5057],[28.5414,61.4369],[28.4216,61.4162],[28.2877,61.4162],[28.24,61.3942]],[[28.2426,61.539],[28.3839,61.589],[28.3633,61.5196],[28.2426,61.539]],[[28.2912,61.6941],[28.3839,61.718],[28.5061,61.6765],[28.5414,61.6226],[28.3601,61.6079],[28.2738,61.6423],[28.2912,61.6941]],[[28.8581,61.9037],[28.8767,61.9379],[28.7442,61.9861],[28.6883,62.0229],[28.6992,62.075],[28.8776,62.0912],[29.0036,62.1289],[29.0901,62.1227],[29.2264,62.1342],[29.2473,62.08],[29.3639,62.1227],[29.4012,62.0647],[29.4495,62.0421],[29.4595,61.9788],[29.37,61.9788],[29.2917,61.8755],[29.3017,61.821],[29.1796,61.753],[29.1116,61.7795],[28.9865,61.793],[28.9205,61.8949],[28.8581,61.9037]],[[27.8426,62.9252],[27.8788,62.9714],[27.9824,62.9455],[28.1237,62.8221],[28.0595,62.7995],[28.0419,62.7532],[27.9165,62.8251],[27.8343,62.8884],[27.8426,62.9252]]]},"properties":{"name":"Lake Saimaa","scalerank":2,"min_zoom":2}},
{"type":"Feature","geometry":{"type":"Polygon","coordinates":[[[35.3038,-14.5591],[35.2573,-14.5044],[35.2138,-14.517],[35.1934,-14.558],[35.202,-14.6545],[35.1908,-14.6854],[35.2779,-14.7575],[35.2844,-14.6751],[35.3262,-14.628],[35.3038,-14.5591]]]},"properties":{"name":null,"scalerank":3,"min_zoom":3}},
{"type":"Feature","geometry":{"type":"Polygon","coordinates":[[[-71.1787,-46.4973],[-71.2583,-46.4779],[-71.2785,-46.427],[-71.4379,-46.4185],[-71.505,-46.3902],[-71.6588,-46.3561],[-71.6378,-46.3078],[-71.9508,-46.3169],[-71.8677,-46.3661],[-71.8744,-46.3867],[-71.981,-46.4238],[-72.0444,-46.4664],[-72.1623,-46.5124],[-72.2125,-46.4985],[-72.292,-46.5362],[-72.3799,-46.5521],[-72.4461,-46.6154],[-72.526,-46.623],[-72.6654,-46.5736],[-72.6739,-46.4717],[-72.7481,-46.4785],[-72.7503,-46.5121],[-72.6864,-46.6227],[-72.6289,-46.6534],[-72.6867,-46.7396],[-72.7587,-46.7461],[-72.8238,-46.7741],[-72.821,-46.8538],[-72.8875,-46.9192],[-72.8952,-46.9901],[-72.8408,-47.0013],[-72.7608,-46.8385],[-72.6998,-46.8491],[-72.6252,-46.8053],[-72.5505,-46.7255],[-72.4455,-46.691],[-72.3887,-46.6584],[-72.3236,-46.5883],[-72.2417,-46.5474],[-72.1722,-46.5689],[-72.0087,-46.535],[-71.8853,-46.4785],[-71.7305,-46.5318],[-71.6588,-46.5262],[-71.5695,-46.5609],[-71.4458,-46.586],[-71.3578,-46.5815],[-71.3087,-46.5951],[-71.2101,-46.5815],[-71.1787,-46.4973]]]},"properties":{"name":"Lago Buenos Aires","scalerank":3,"min_zoom":3}},
{"type":"Feature","geometry":{"type":"Polygon","coordinates":[[[-72.9024,-41.3195],[-72.8372,-41.2677],[-72.7864,-41.2586],[-72.725,-41.1979],[-72.6251,-41.2235],[-72.5669,-41.1988],[-72.6533,-41.094],[-72.6798,-41.0375],[-72.7277,-41.0107],[-72.8104,-40.9922],[-72.8282,-40.9504],[-72.8788,-40.966],[-72.9253,-41.0086],[-72.9166,-41.0375],[-72.9633,-41.0863],[-73.0463,-41.127],[-72.9606,-41.1549],[-73.0122,-41.2026],[-72.9767,-41.2992],[-72.9024,-41.3195]]]},"properties":{"name":"Lago Llanquihue","scalerank":3,"min_zoom":3}},
{"type":"Feature","geometry":{"type":"Polygon","coordinates":[[[118.6686,33.1808],[118.668,33.0766],[118.7437,33.0875],[118.7443,33.1296],[118.7884,33.215],[118.8158,33.235],[118.8308,33.2965],[118.8767,33.3675],[118.8199,33.3996],[118.7817,33.4461],[118.633,33.4776],[118.6065,33.5129],[118.6156,33.5632],[118.5786,33.5673],[118.575,33.643],[118.4691,33.6395],[118.4699,33.5538],[118.4967,33.4879],[118.5409,33.434],[118.5568,33.3878],[118.4873,33.3801],[118.3966,33.3895],[118.409,33.3274],[118.3307,33.2759],[118.3048,33.2385],[118.2291,33.28],[118.2327,33.2079],[118.3937,33.1567],[118.4829,33.1661],[118.4852,33.1376],[118.439,33.0398],[118.3943,32.9851],[118.2913,32.9913],[118.2601,33.0183],[118.2286,33.1176],[118.2365,33.1632],[118.2106,33.2062],[118.1732,33.2268],[118.1164,33.2241],[118.0511,33.1838],[117.9407,33.1967],[117.878,33.1476],[118.0425,33.1343],[118.1352,33.1614],[118.2053,33.1399],[118.2427,32.9724],[118.1726,33.0342],[118.1002,33.0366],[118.0511,32.971],[118.1161,32.9718],[118.1508,33.0228],[118.2047,32.9715],[118.2062,32.9009],[118.2948,32.9504],[118.3336,32.938],[118.4096,32.971],[118.4696,32.9795],[118.5,33.0092],[118.5627,33.1081],[118.5786,33.1838],[118.6686,33.1808]]]},"properties":{"name":"Hongze Hu","scalerank":3,"min_zoom":3}},
{"type":"Feature","geometry":{"type":"Polygon","coordinates":[[[100.7669,51.4473],[100.6998,51.4659],[100.6456,51.5147],[100.6153,51.5904],[100.5496,51.6198],[100.4911,51.5365],[100.4316,51.5203],[100.3665,51.4682],[100.3851,51.4338],[100.4675,51.4252],[100.4051,51.3466],[100.3236,51.3296],[100.2768,51.3425],[100.2668,51.2689],[100.3303,51.1582],[100.2962,51.0149],[100.247,50.8945],[100.2409,50.7641],[100.262,50.6784],[100.1961,50.6237],[100.1652,50.5619],[100.2185,50.5286],[100.3221,50.5427],[100.3886,50.5277],[100.4743,50.5692],[100.4949,50.6375],[100.4225,50.649],[100.4398,50.7335],[100.5102,50.7653],[100.5022,50.8294],[100.6571,50.9195],[100.7115,50.9958],[100.6824,51.0393],[100.7419,51.0691],[100.7083,51.1282],[100.776,51.2545],[100.7692,51.3025],[100.796,51.4123],[100.7669,51.4473]]]},"properties":{"name":"Khövsgöl Nuur","scalerank":3,"min_zoom":3}},
{"type":"Feature","geometry":{"type":"Polygon","coordinates":[[[26.3048,61.4142],[26.2454,61.3503],[26.105,61.2835],[26.0838,61.244],[26.15,61.2111],[26.0888,61.1763],[26.0161,61.2049],[26.0193,61.244],[25.8512,61.2841],[25.7959,61.2564],[25.5412,61.3268],[25.5892,61.3839],[25.5056,61.4162],[25.4989,61.4513],[25.5966,61.4722],[25.5671,61.5611],[25.6251,61.5746],[25.5933,61.6194],[25.6555,61.6353],[25.6496,61.6977],[25.7249,61.7256],[25.7111,61.7801],[25.5792,61.7595],[25.6075,61.8448],[25.6908,61.8622],[25.6107,61.9155],[25.6322,61.9861],[25.7759,61.9426],[25.825,62.0179],[25.7806,62.0538],[25.8489,62.2046],[25.9068,62.2149],[25.9439,62.2731],[25.9957,62.2743],[25.9439,62.3556],[26.0375,62.3718],[26.0946,62.2731],[26.1721,62.2876],[26.1423,62.335],[26.1715,62.3676],[26.3078,62.3076],[26.2989,62.4094],[26.2327,62.4309],[26.2524,62.4783],[26.2142,62.5219],[26.2939,62.5472],[26.3325,62.5972],[26.5574,62.561],[26.6018,62.5057],[26.5745,62.4783],[26.3934,62.4241],[26.5639,62.3818],[26.5977,62.4536],[26.6569,62.4783],[26.6775,62.5684],[26.7269,62.5858],[26.7717,62.4936],[26.8138,62.4645],[26.9115,62.4783],[26.7976,62.5222],[26.7955,62.5631],[26.8897,62.6025],[26.9792,62.5993],[26.9533,62.6844],[26.8691,62.7945],[26.9933,62.7739],[27.0257,62.8392],[26.9245,62.8769],[26.973,62.911],[26.9068,62.9522],[26.7511,63.0091],[26.7084,62.9252],[26.7564,62.8383],[26.699,62.8186],[26.7296,62.7418],[26.8768,62.692],[26.8044,62.6635],[26.8214,62.6155],[26.7099,62.622],[26.5371,62.7035],[26.5574,62.6367],[26.4358,62.6267],[26.3487,62.6508],[26.3166,62.6052],[26.2298,62.5607],[26.15,62.5472],[26.2071,62.4297],[26.1841,62.3903],[26.1111,62.3921],[26.0537,62.4239],[25.9648,62.4236],[25.8012,62.5478],[25.843,62.5749],[25.7915,62.6361],[25.9625,62.6953],[26.0128,62.7374],[26.0155,62.8036],[26.0779,62.8177],[26.2295,62.7803],[26.2933,62.7147],[26.3975,62.7479],[26.2454,62.8563],[26.16,62.8719],[26.0764,62.9402],[26.15,62.9731],[25.9454,63.0585],[25.9383,63.1097],[25.8297,63.1462],[25.7782,63.0888],[25.6475,63.1465],[25.6013,63.1848],[25.5377,63.1824],[25.5324,63.1233],[25.4359,63.1133],[25.4921,63.0591],[25.4576,63.0176],[25.3517,63.0408],[25.3275,63.0067],[25.523,62.9655],[25.5642,63.0647],[25.6843,63.0679],[25.865,63.0017],[25.8724,62.9596],[25.9825,62.9078],[25.8506,62.8307],[25.8497,62.7789],[25.9242,62.7709],[25.9083,62.7023],[25.8338,62.7026],[25.7685,62.6399],[25.6184,62.6408],[25.634,62.5928],[25.6976,62.5543],[25.7879,62.5331],[25.8633,62.486],[25.7867,62.4448],[25.8509,62.4174],[25.9439,62.4106],[25.9124,62.3456],[25.853,62.3096],[25.9171,62.2867],[25.8268,62.2411],[25.7249,62.2396],[25.6875,62.2046],[25.7323,62.1575],[25.7034,62.131],[25.5324,62.1227],[25.6431,62.0559],[25.7305,62.0229],[25.6805,62.0003],[25.5124,62.0129],[25.4853,61.9031],[25.4026,61.7765],[25.3381,61.7604],[25.2731,61.793],[25.1701,61.8075],[25.3449,61.7027],[25.4353,61.6729],[25.4647,61.6423],[25.3555,61.5611],[25.3105,61.5829],[25.1751,61.5157],[25.2048,61.4616],[25.2731,61.4162],[25.2319,61.3892],[25.2613,61.3506],[25.4094,61.3282],[25.3952,61.239],[25.5159,61.2626],[25.4921,61.1934],[25.3949,61.1398],[25.3805,61.0916],[25.4671,61.0998],[25.5533,61.1699],[25.6849,61.1866],[25.6237,61.2314],[25.6646,61.2861],[25.785,61.2499],[25.883,61.1631],[25.9171,61.2111],[25.9854,61.2043],[26.1532,61.0969],[26.2112,61.0886],[26.2106,61.1743],[26.1297,61.2588],[26.2692,61.2797],[26.2256,61.3344],[26.2833,61.3515],[26.3048,61.4142]]]},"properties":{"name":"Päijänne","scalerank":3,"min_zoom":3}},
{"type":"Feature","geometry":{"type":"Polygon","coordinates":[[[29.1272,-8.6212],[28.9797,-8.5197],[28.9091,-8.4832],[28.869,-8.4949],[28.7572,-8.6554],[28.6659,-8.7478],[28.6138,-8.8131],[28.5414,-8.8785],[28.4663,-8.9883],[28.3418,-9.0825],[28.3209,-9.1487],[28.3451,-9.2073],[28.315,-9.2756],[28.3521,-9.4578],[28.3259,-9.4875],[28.3972,-9.5279],[28.4546,-9.5237],[28.5261,-9.4814],[28.4825,-9.4446],[28.4831,-9.3866],[28.5155,-9.3783],[28.5414,-9.4222],[28.625,-9.391],[28.665,-9.3992],[28.7024,-9.4378],[28.7271,-9.3645],[28.7183,-9.3036],[28.7742,-9.2279],[28.816,-9.1946],[28.8302,-9.1525],[28.8908,-9.0975],[28.9197,-9.0369],[29.0077,-8.9883],[29.0462,-8.8944],[29.0863,-8.8267],[29.1469,-8.6757],[29.1272,-8.6212]]]},"properties":{"name":"Lac Moeru","scalerank":3,"min_zoom":3}},
{"type":"Feature","geometry":{"type":"Polygon","coordinates":[[[132.8205,45.1482],[132.7987,45.1897],[132.7222,45.2504],[132.572,45.3078],[132.4201,45.3372],[132.1958,45.334],[132.109,45.3089],[131.9927,45.2309],[132.0089,45.1526],[132.0413,45.1129],[132.0125,45.0455],[132.086,45.0246],[132.1143,44.9913],[132.1202,44.8677],[132.0375,44.8168],[132.0654,44.7299],[132.1075,44.6937],[132.232,44.6637],[132.2426,44.5671],[132.3536,44.528],[132.3854,44.5424],[132.4299,44.6107],[132.4914,44.6263],[132.6044,44.6834],[132.6409,44.7517],[132.6294,44.8065],[132.6486,44.8547],[132.7425,44.9245],[132.819,45.0246],[132.8381,45.067],[132.8205,45.1482]]]},"properties":{"name":"Lake Khanka","scalerank":3,"min_zoom":3}},
{"type":"Feature","geometry":{"type":"Polygon","coordinates":[[[104.6042,12.4332],[104.5668,12.447],[104.5792,12.4997],[104.5003,12.5291],[104.4841,12.5777],[104.4491,12.6054],[104.4765,12.6634],[104.4723,12.7034],[104.4244,12.752],[104.3914,12.7567],[104.2778,12.7358],[104.2395,12.7455],[104.1694,12.9024],[104.127,12.9618],[104.0738,13.1087],[103.9855,13.1979],[103.8259,13.2491],[103.7823,13.2456],[103.7196,13.2683],[103.6887,13.2285],[103.727,13.0784],[103.7776,13.0369],[103.7985,12.9339],[103.9004,12.8724],[103.9719,12.8117],[104.0234,12.7832],[104.0788,12.8041],[104.127,12.7973],[104.117,12.7605],[104.1485,12.6631],[104.2124,12.5806],[104.2881,12.5627],[104.3534,12.5256],[104.4076,12.5094],[104.4417,12.523],[104.4962,12.5109],[104.5342,12.4576],[104.6042,12.4332]]]},"properties":{"name":"Tonlé Sap","scalerank":3,"min_zoom":3}},
{"type":"Feature","geometry":{"type":"Polygon","coordinates":[[[27.5067,58.2371],[27.467,58.2209],[27.5582,58.0973],[27.5897,58.0893],[27.5941,58.009],[27.6739,58.0405],[27.7737,58.0175],[27.8149,57.9742],[27.8761,57.9613],[27.9606,57.855],[28.1266,57.8591],[28.1623,57.8959],[28.1402,57.9731],[28.1573,58.004],[28.0654,58.069],[28.0448,58.1132],[27.9456,58.1759],[27.8608,58.1647],[27.7987,58.1874],[27.6036,58.1429],[27.5924,58.2268],[27.5067,58.2371]]]},"properties":{"name":"Lake Pskov","scalerank":3,"min_zoom":3}},
{"type":"Feature","geometry":{"type":"Polygon","coordinates":[[[71.3667,67.9797],[71.3864,68.0238],[71.3228,68.0603],[71.236,68.0609],[71.0661,68.1071],[70.9116,68.0774],[70.9805,68.0026],[71.1247,68.0144],[71.2386,67.9812],[71.3667,67.9797]]]},"properties":{"name":"Ozero Yarroto Vtoroye","scalerank":3,"min_zoom":3}},
{"type":"Feature","geometry":{"type":"Polygon","coordinates":[[[30.4177,65.1099],[30.486,65.072],[30.6929,65.0304],[30.7006,64.9742],[30.5766,64.9804],[30.5766,64.9395],[30.7179,64.931],[30.858,65.001],[30.8101,65.0622],[30.9425,65.0717],[31.0067,65.0946],[31.1247,65.0902],[31.1415,65.1208],[31.2619,65.104],[31.3308,65.1338],[31.4109,65.0973],[31.4842,65.1008],[31.5289,65.0622],[31.5118,65.0148],[31.6593,64.9395],[31.9546,64.8986],[31.8839,64.9477],[31.767,64.9913],[31.6522,65.0146],[31.6075,65.0508],[31.6319,65.117],[31.4471,65.1723],[31.3673,65.1611],[31.2484,65.1926],[31.1018,65.1829],[30.924,65.2056],[30.8304,65.2],[30.8996,65.1517],[31.0291,65.1591],[31.0838,65.1102],[30.9693,65.0961],[30.7221,65.1061],[30.6552,65.0655],[30.4177,65.1099]]]},"properties":{"name":"Lake Srednye Kuyto","scalerank":3,"min_zoom":3}},
{"type":"Feature","geometry":{"type":"Polygon","coordinates":[[[76.7465,54.8042],[76.7924,54.7212],[76.9455,54.7083],[77.0161,54.7483],[77.0885,54.7156],[77.2098,54.7354],[77.3099,54.6809],[77.4147,54.6841],[77.5039,54.6597],[77.6037,54.5982],[77.6614,54.6329],[77.7532,54.6264],[77.6858,54.7324],[77.6272,54.778],[77.7099,54.8248],[77.913,54.8984],[78.0529,54.9152],[78.0691,54.9779],[78.0122,55.0177],[77.9283,55.0303],[77.8191,54.9956],[77.6837,55.063],[77.6199,55.0671],[77.5421,55.0439],[77.3938,55.0209],[77.3137,54.9726],[77.2828,54.9164],[77.3461,54.9134],[77.3022,54.8351],[77.2434,54.8037],[77.1807,54.864],[77.052,54.9346],[76.8975,54.8931],[76.8103,54.889],[76.7465,54.8042]]]},"properties":{"name":"Lake Chany","scalerank":4,"min_zoom":4}},
{"type":"Feature","geometry":{"type":"Polygon","coordinates":[[[117.3125,48.6199],[117.3481,48.6982],[117.3043,48.7259],[117.4579,48.7883],[117.5995,48.894],[117.6531,48.9623],[117.7437,48.9723],[117.709,49.0276],[117.7696,49.0915],[117.8462,49.0512],[117.9834,49.0235],[118.0416,49.0503],[118.0481,49.1265],[118.0104,49.1301],[117.8791,49.1001],[117.7908,49.1142],[117.7879,49.1725],[117.6669,49.2219],[117.6746,49.2664],[117.7225,49.3223],[117.6831,49.3688],[117.5574,49.3032],[117.3393,49.0962],[117.3257,49.0541],[117.1262,48.9517],[117.0579,48.8966],[117.0052,48.8955],[116.976,48.8419],[117.0455,48.763],[117.1123,48.7188],[117.0897,48.6785],[117.1697,48.6414],[117.1144,48.6073],[117.1892,48.5661],[117.2919,48.5979],[117.3125,48.6199]]]},"properties":{"name":"Hulun Nuur","scalerank":4,"min_zoom":4}},
{"type":"Feature","geometry":{"type":"Polygon","coordinates":[[[30.0368,-10.9761],[29.9667,-10.8931],[29.9108,-10.8484],[29.8425,-10.8722],[29.7839,-10.9367],[29.7339,-10.9479],[29.6662,-11.0235],[29.6314,-11.0951],[29.5923,-11.1504],[29.4798,-11.181],[29.5028,-11.2428],[29.5587,-11.2549],[29.5534,-11.3656],[29.5835,-11.3997],[29.6791,-11.4345],[29.7533,-11.4053],[29.8237,-11.4194],[29.8504,-11.3724],[29.8796,-11.3615],[29.9017,-11.3141],[29.9479,-11.2764],[29.9502,-11.2311],[29.8981,-11.126],[29.9767,-11.0712],[30.0424,-10.9994],[30.0368,-10.9761]]]},"properties":{"name":"Lake Bangweulu","scalerank":4,"min_zoom":4}},
{"type":"Feature","geometry":{"type":"Polygon","coordinates":[[[27.1638,68.8963],[27.3501,68.9046],[27.5688,68.7971],[27.4231,68.7904],[27.3295,68.75],[27.4726,68.7424],[27.6895,68.7618],[27.7257,68.8074],[27.872,68.8363],[27.9515,68.8798],[28.1299,68.8584],[28.2609,68.8857],[28.2285,68.9372],[28.076,68.982],[28.1237,69.0503],[28.227,69.0312],[28.2794,69.0968],[28.3945,69.1089],[28.4257,69.1657],[28.5414,69.1807],[28.6224,69.2325],[28.459,69.229],[28.4192,69.2575],[28.6774,69.3385],[28.7625,69.435],[28.5705,69.3544],[28.3769,69.3185],[28.25,69.2454],[28.0963,69.229],[28.1205,69.3155],[27.9798,69.2666],[28.0963,69.1471],[27.8417,69.173],[27.5526,69.04],[27.4714,68.9935],[27.2497,68.959],[27.0967,68.9158],[27.1638,68.8963]]]},"properties":{"name":"Inarijrvi","scalerank":4,"min_zoom":4}},
{"type":"Feature","geometry":{"type":"Polygon","coordinates":[[[27.467,58.2209],[27.5067,58.2371],[27.5432,58.3225],[27.6092,58.3075],[27.7095,58.4199],[27.8355,58.4894],[27.8299,58.573],[27.7619,58.6675],[27.794,58.8626],[27.7272,58.915],[27.734,58.9936],[27.537,59.0163],[27.2871,59.0016],[27.0814,58.9598],[26.9792,58.8953],[26.9554,58.7958],[27.0746,58.7443],[27.1611,58.6631],[27.2297,58.5209],[27.2297,58.4455],[27.2603,58.4084],[27.3963,58.3837],[27.4178,58.3033],[27.467,58.2209]]]},"properties":{"name":"Lake Peipus","scalerank":4,"min_zoom":4}},
{"type":"Feature","geometry":{"type":"Polygon","coordinates":[[[29.3332,-2.0513],[29.3639,-2.0357],[29.3168,-1.9333],[29.2758,-1.8873],[29.2732,-1.7543],[29.2464,-1.691],[29.2061,-1.676],[29.0877,-1.5956],[29.0927,-1.671],[29.0477,-1.7396],[29.0144,-1.7516],[29.0242,-1.8029],[28.9938,-1.8335],[28.9464,-1.9439],[28.9671,-2.0534],[28.8835,-2.1146],[28.8979,-2.1499],[28.8581,-2.207],[28.8637,-2.2403],[28.9258,-2.2527],[28.9729,-2.245],[28.9597,-2.3103],[28.8555,-2.3604],[28.8349,-2.429],[28.8425,-2.4705],[28.874,-2.4775],[28.9046,-2.409],[29.0006,-2.3474],[29.0142,-2.3003],[29.0471,-2.2924],[29.0527,-2.3404],[29.1234,-2.2983],[29.2061,-2.1682],[29.2523,-2.1482],[29.2485,-2.0996],[29.3332,-2.0513]],[[29.0995,-1.9556],[29.1151,-2.0269],[29.088,-2.0816],[29.1095,-2.134],[29.0895,-2.1741],[29.0939,-2.2203],[29.0362,-2.2621],[28.9803,-2.2035],[29.0144,-2.1487],[29.028,-2.0875],[29.0618,-2.0004],[29.0509,-1.9515],[29.0995,-1.9556]]]},"properties":{"name":"Lake Kivu","scalerank":4,"min_zoom":4}},
{"type":"Feature","geometry":{"type":"Polygon","coordinates":[[[29.4704,-0.616],[29.4798,-0.6413],[29.5879,-0.5804],[29.6261,-0.4912],[29.6859,-0.4358],[29.7465,-0.4199],[29.8301,-0.3602],[29.879,-0.2551],[29.8893,-0.1412],[29.8363,-0.1636],[29.7695,-0.0944],[29.7071,-0.0726],[29.6747,-0.1141],[29.5319,-0.155],[29.4636,-0.2159],[29.4383,-0.3193],[29.3924,-0.3758],[29.3918,-0.422],[29.3568,-0.4638],[29.3444,-0.5144],[29.3112,-0.5665],[29.3777,-0.6233],[29.3703,-0.6675],[29.411,-0.6672],[29.4522,-0.6069],[29.4704,-0.616]]]},"properties":{"name":"Lake Edward","scalerank":4,"min_zoom":4}},
{"type":"Feature","geometry":{"type":"Polygon","coordinates":[[[120.5629,31.1733],[120.5461,31.107],[120.4625,31.1115],[120.4021,31.0046],[120.3265,31.0491],[120.4746,31.1927],[120.4469,31.2233],[120.3877,31.2442],[120.3297,31.2816],[120.3553,31.3143],[120.3265,31.3614],[120.3801,31.369],[120.4045,31.4308],[120.3368,31.4606],[120.2853,31.4232],[120.2241,31.4023],[120.2079,31.4285],[120.2291,31.5383],[120.1825,31.5412],[120.0916,31.4688],[120.0145,31.4609],[120.0186,31.4291],[119.9844,31.397],[119.8982,31.248],[119.9129,31.1721],[119.9426,31.0864],[120.051,30.9946],[120.1284,30.9431],[120.2132,30.9204],[120.3041,30.9301],[120.3892,30.9599],[120.6014,31.0864],[120.5629,31.1733]]]},"properties":{"name":"Tai Hu","scalerank":4,"min_zoom":4}},
{"type":"Feature","geometry":{"type":"Polygon","coordinates":[[[-72.9874,-50.6505],[-72.9262,-50.632],[-72.8498,-50.5131],[-72.8656,-50.4845],[-72.9749,-50.4789],[-73.0256,-50.4568],[-73.0435,-50.3638],[-73.0263,-50.34],[-72.9059,-50.3088],[-72.8506,-50.3167],[-72.7686,-50.2893],[-72.7297,-50.2543],[-72.6146,-50.2614],[-72.6177,-50.2929],[-72.5503,-50.3191],[-72.3236,-50.2964],[-72.2789,-50.3167],[-72.1999,-50.2796],[-72.0433,-50.2658],[-71.9735,-50.2137],[-72.0038,-50.1675],[-72.0755,-50.1548],[-72.1143,-50.1142],[-72.1812,-50.1534],[-72.5549,-50.1684],[-72.6995,-50.1931],[-72.7618,-50.1795],[-72.8438,-50.2208],[-72.894,-50.1922],[-72.9957,-50.1969],[-73.0435,-50.1728],[-73.0687,-50.1018],[-73.1529,-50.0424],[-73.1437,-49.9776],[-73.2908,-50.0106],[-73.2921,-50.0998],[-73.2522,-50.1254],[-73.3115,-50.2022],[-73.2256,-50.1816],[-73.2029,-50.1219],[-73.1551,-50.1254],[-73.0983,-50.2069],[-73.0493,-50.224],[-72.8445,-50.2422],[-72.8614,-50.2826],[-72.9344,-50.284],[-73.0054,-50.3088],[-73.1671,-50.2826],[-73.1093,-50.3388],[-73.0701,-50.433],[-73.0785,-50.4616],[-72.981,-50.5013],[-72.9262,-50.5086],[-72.9874,-50.6505]]]},"properties":{"name":"Lago Argentino","scalerank":4,"min_zoom":4}},
{"type":"Feature","geometry":{"type":"Polygon","coordinates":[[[90.3944,30.5351],[90.4986,30.5663],[90.6334,30.5931],[90.7988,30.6578],[90.8642,30.7144],[90.8462,30.7847],[90.9775,30.7847],[91.0075,30.8003],[91.0305,30.8621],[90.9981,30.9263],[90.9528,30.9363],[90.8948,30.9225],[90.8895,30.8713],[90.8044,30.9016],[90.7788,30.888],[90.7055,30.9122],[90.6581,30.8657],[90.5828,30.8127],[90.4797,30.8292],[90.4385,30.878],[90.3146,30.8874],[90.2719,30.8356],[90.3043,30.7135],[90.2775,30.6278],[90.2981,30.5831],[90.3611,30.511],[90.3944,30.5351]]]},"properties":{"name":"Nam Co","scalerank":4,"min_zoom":4}},
{"type":"Feature","geometry":{"type":"Polygon","coordinates":[[[27.5653,60.9715],[27.6292,60.94],[27.8588,60.9832],[27.7805,61.0539],[27.6975,61.0707],[27.6833,60.9812],[27.5653,60.9715]]]},"properties":{"name":null,"scalerank":4,"min_zoom":4}},
{"type":"Feature","geometry":{"type":"Polygon","coordinates":[[[29.1993,62.6956],[29.2067,62.6546],[29.4145,62.6399],[29.5013,62.6961],[29.4595,62.7329],[29.3583,62.7359],[29.3224,62.8012],[29.2137,62.78],[29.1993,62.6956]]]},"properties":{"name":null,"scalerank":4,"min_zoom":4}},
{"type":"Feature","geometry":{"type":"Polygon","coordinates":[[[32.4067,67.4472],[32.4064,67.4469],[32.4135,67.4469],[32.4067,67.4472]]]},"properties":{"name":null,"scalerank":4,"min_zoom":4}},
{"type":"Feature","geometry":{"type":"Polygon","coordinates":[[[160.4663,69.2769],[160.2982,69.2905],[160.0409,69.3635],[159.8861,69.3729],[159.7819,69.3446],[159.95,69.2837],[160.3029,69.2251],[160.4672,69.2166],[160.4663,69.2769]]]},"properties":{"name":"Ozero Nerpich'ye","scalerank":4,"min_zoom":4}},
{"type":"Feature","geometry":{"type":"Polygon","coordinates":[[[114.4369,30.0671],[114.436,30.0671],[114.4336,30.0662],[114.4357,30.0665],[114.4369,30.0671]]]},"properties":{"name":null,"scalerank":4,"min_zoom":4}},
{"type":"Feature","geometry":{"type":"Polygon","coordinates":[[[114.4369,30.0671],[114.4401,30.0673],[114.441,30.0685],[114.4369,30.0671]]]},"properties":{"name":null,"scalerank":4,"min_zoom":4}},
{"type":"Feature","geometry":{"type":"Polygon","coordinates":[[[71.6931,67.8946],[71.8062,67.9579],[71.7396,68.0321],[71.5827,68.028],[71.3505,67.9305],[71.2863,67.8702],[71.4479,67.8852],[71.5627,67.879],[71.6931,67.8946]]]},"properties":{"name":"Ozero Yarroto Pervoye","scalerank":4,"min_zoom":4}},
{"type":"Feature","geometry":{"type":"Polygon","coordinates":[[[70.3947,70.1129],[70.2672,70.1403],[70.1666,70.14],[70.1233,70.0653],[70.2292,70.0137],[70.3635,69.9961],[70.5151,70.0446],[70.5348,70.0891],[70.3947,70.1129]]]},"properties":{"name":"Ozero Neyto","scalerank":4,"min_zoom":4}},
{"type":"Feature","geometry":{"type":"Polygon","coordinates":[[[71.0417,69.9666],[71.0311,70.0155],[70.878,70.0514],[70.9666,70.1076],[70.8433,70.1418],[70.8024,70.0985],[70.6961,70.0549],[70.8439,69.9661],[71.0417,69.9666]]]},"properties":{"name":"Ozero Yambuto","scalerank":4,"min_zoom":4}},
{"type":"Feature","geometry":{"type":"Polygon","coordinates":[[[70.7026,70.1235],[70.8501,70.1886],[70.73,70.2189],[70.6007,70.1639],[70.5289,70.1989],[70.3788,70.2036],[70.3076,70.1856],[70.3708,70.1471],[70.5893,70.1109],[70.7026,70.1235]]]},"properties":{"name":null,"scalerank":4,"min_zoom":4}},
{"type":"Feature","geometry":{"type":"Polygon","coordinates":[[[81.3768,46.0905],[81.3742,46.0964],[81.3689,46.1017],[81.3756,46.0872],[81.3768,46.0905]]]},"properties":{"name":null,"scalerank":4,"min_zoom":4}},
{"type":"Feature","geometry":{"type":"Polygon","coordinates":[[[34.5114,63.7985],[34.4419,63.8542],[34.3577,63.8798],[34.3245,63.8215],[34.3165,63.742],[34.371,63.6884],[34.469,63.6514],[34.4519,63.5786],[34.4826,63.5139],[34.6168,63.4485],[34.7857,63.4088],[34.7952,63.3049],[34.8638,63.2372],[34.8358,63.2022],[34.8532,63.143],[34.9265,63.0879],[34.9079,63.0332],[34.8464,62.9934],[34.9232,62.9411],[34.9556,63.0173],[34.9421,63.1506],[34.9847,63.1665],[34.8902,63.2625],[34.8991,63.3075],[34.819,63.3758],[34.8561,63.478],[35.0239,63.4312],[35.0569,63.3764],[35.2093,63.3758],[35.1982,63.4173],[35.4098,63.4206],[35.4454,63.4485],[35.3495,63.5056],[35.227,63.4962],[35.1934,63.4686],[34.9479,63.5139],[34.9276,63.5622],[35.0103,63.5751],[34.9691,63.6199],[34.8632,63.6552],[34.8723,63.7199],[34.7925,63.7609],[34.6565,63.7385],[34.6665,63.8277],[34.5114,63.7985]],[[34.5959,63.4909],[34.7024,63.5139],[34.7401,63.4627],[34.6804,63.4482],[34.5959,63.4909]]]},"properties":{"name":"Lake Vygozero","scalerank":4,"min_zoom":4}},
{"type":"Feature","geometry":{"type":"Polygon","coordinates":[[[34.7972,63.6025],[34.7913,63.6028],[34.7846,63.6025],[34.7972,63.6025]]]},"properties":{"name":"Lake Vygozero","scalerank":4,"min_zoom":4}},
{"type":"Feature","geometry":{"type":"Polygon","coordinates":[[[33.3493,63.4285],[33.4078,63.3799],[33.4538,63.3002],[33.3722,63.2749],[33.4464,63.2013],[33.5783,63.1916],[33.6745,63.206],[33.8043,63.168],[33.9618,63.2122],[34.1779,63.2054],[34.0687,63.2654],[33.9618,63.2966],[33.9244,63.3561],[33.9892,63.4008],[33.8032,63.4179],[33.6716,63.4076],[33.6616,63.4765],[33.5789,63.4606],[33.5262,63.4924],[33.4449,63.4244],[33.3493,63.4285]]]},"properties":{"name":"Lake Segozerskoye","scalerank":4,"min_zoom":4}},
{"type":"Feature","geometry":{"type":"Polygon","coordinates":[[[29.871,63.3287],[29.8316,63.2813],[29.7277,63.3152],[29.6041,63.3214],[29.4513,63.43],[29.2682,63.4591],[29.1802,63.4989],[29.1169,63.4665],[29.0333,63.485],[29.2137,63.3214],[29.2914,63.2884],[29.3103,63.2251],[29.3739,63.1983],[29.5316,63.1848],[29.6002,63.1612],[29.6279,63.1203],[29.7983,63.1818],[29.8322,63.1524],[29.7936,63.0941],[29.907,63.0347],[29.9973,63.0085],[30.0182,62.9767],[30.1018,62.9649],[30.1369,62.9204],[30.244,62.8636],[30.2272,62.8148],[30.4044,62.7874],[30.2887,62.8633],[30.2272,62.9249],[30.1198,62.9781],[30.0076,63.065],[30.0091,63.1168],[29.9694,63.1545],[29.9944,63.206],[29.9196,63.2437],[29.9573,63.2819],[29.871,63.3287]]]},"properties":{"name":"Pielinen","scalerank":4,"min_zoom":4}},
{"type":"Feature","geometry":{"type":"Polygon","coordinates":[[[32.0019,65.5471],[32.1097,65.5535],[32.2112,65.5359],[32.2736,65.4979],[32.4135,65.4876],[32.6075,65.4502],[32.6531,65.4914],[32.4818,65.5285],[32.3723,65.5285],[32.2842,65.5668],[32.2831,65.6042],[32.3549,65.6286],[32.3487,65.7075],[32.2142,65.7278],[32.2289,65.7837],[32.1014,65.7781],[32.0776,65.8432],[31.8921,65.8644],[31.8136,65.9006],[31.6661,65.8432],[31.5115,65.8329],[31.4674,65.8023],[31.7562,65.6489],[31.9342,65.6383],[31.9266,65.6103],[32.0019,65.5471]]]},"properties":{"name":"Lake Topozero","scalerank":4,"min_zoom":4}},
{"type":"Feature","geometry":{"type":"Polygon","coordinates":[[[-72.9874,-50.6505],[-72.9883,-50.6458],[-72.9883,-50.6526],[-72.9874,-50.6505]]]},"properties":{"name":null,"scalerank":4,"min_zoom":4}},
{"type":"Feature","geometry":{"type":"Polygon","coordinates":[[[87.4337,41.849],[87.388,41.9028],[87.3512,41.9137],[87.3545,42.0029],[87.3118,42.0321],[87.0739,42.0609],[86.9341,42.1101],[86.8576,42.1154],[86.8099,42.0924],[86.8508,42.0341],[86.8443,42.0026],[86.7752,41.9826],[86.7213,41.8896],[86.7534,41.8254],[86.8443,41.8658],[87.0495,41.912],[87.134,41.922],[87.2123,41.9067],[87.3783,41.8446],[87.4337,41.849]]]},"properties":{"name":"Bosten Hu","scalerank":4,"min_zoom":4}},
{"type":"Feature","geometry":{"type":"Polygon","coordinates":[[[84.2207,47.7292],[84.213,47.7321],[84.2266,47.7248],[84.2207,47.7292]]]},"properties":{"name":null,"scalerank":4,"min_zoom":4}},
{"type":"Feature","geometry":{"type":"Polygon","coordinates":[[[33.1559,1.6303],[33.1579,1.6324],[33.1556,1.6321],[33.1559,1.6303]]]},"properties":{"name":null,"scalerank":4,"min_zoom":4}},
{"type":"Feature","geometry":{"type":"Polygon","coordinates":[[[30.8498,61.9526],[30.9352,61.9058],[31.0199,61.9175],[31.0729,61.9661],[31.04,62.0179],[30.954,62.0615],[30.8716,62.0538],[30.8878,61.9667],[30.8498,61.9526]]]},"properties":{"name":null,"scalerank":4,"min_zoom":4}},
{"type":"Feature","geometry":{"type":"Polygon","coordinates":[[[28.884,61.6226],[28.8693,61.6085],[28.8767,61.6014],[28.884,61.6226]]]},"properties":{"name":null,"scalerank":4,"min_zoom":4}},
{"type":"Feature","geometry":{"type":"Polygon","coordinates":[[[116.6776,29.1734],[116.6884,29.2163],[116.6263,29.264],[116.5413,29.2461],[116.5366,29.214],[116.4886,29.2025],[116.4771,29.2493],[116.4456,29.2808],[116.435,29.184],[116.3979,29.1522],[116.3646,29.1669],[116.3797,29.2293],[116.2808,29.2105],[116.236,29.2584],[116.1969,29.2422],[116.1236,29.3123],[116.1456,29.342],[116.1877,29.3394],[116.2257,29.3638],[116.208,29.415],[116.1506,29.3735],[116.0815,29.3665],[116.0803,29.4183],[116.1707,29.5007],[116.1456,29.5337],[116.1671,29.5858],[116.2057,29.6134],[116.2048,29.665],[116.2387,29.7082],[116.1877,29.7509],[116.1501,29.7279],[116.1021,29.7303],[116.0609,29.692],[116.1262,29.6688],[116.0982,29.5384],[116.0461,29.448],[115.9914,29.4336],[116.03,29.3529],[116.0096,29.3111],[115.9278,29.2734],[115.9075,29.2169],[115.9752,29.1957],[116.0058,29.2399],[116.0776,29.224],[116.0573,29.1407],[116.0935,29.1145],[116.1033,29.0783],[116.1742,29.0388],[116.2522,29.0315],[116.2678,28.9803],[116.3591,28.9761],[116.3311,28.9114],[116.3546,28.8831],[116.4191,28.9176],[116.4232,28.8502],[116.4621,28.7942],[116.5351,28.7966],[116.531,28.8563],[116.558,28.8737],[116.5165,28.9558],[116.4612,29.0244],[116.5124,29.0697],[116.5645,29.1407],[116.6263,29.1133],[116.7152,29.1372],[116.6776,29.1734]]]},"properties":{"name":"Poyang Hu","scalerank":4,"min_zoom":4}},
{"type":"Feature","geometry":{"type":"Polygon","coordinates":[[[116.4612,30.0935],[116.4441,30.1012],[116.4011,30.0509],[116.3205,30.0812],[116.2431,30.1306],[116.2348,30.0721],[116.2472,30.0364],[116.2572,30.0108],[116.3311,29.9487],[116.3761,29.987],[116.4424,29.9481],[116.5092,29.9629],[116.531,29.9835],[116.4948,30.0388],[116.4368,30.0509],[116.4612,30.0935]]]},"properties":{"name":"Daguan Hu","scalerank":4,"min_zoom":4}},
{"type":"Feature","geometry":{"type":"Polygon","coordinates":[[[116.2572,30.0108],[116.2472,30.0364],[116.198,30.0079],[116.186,30.0626],[116.1412,30.085],[116.133,30.0114],[116.1604,29.9835],[116.0706,29.9699],[116.03,30.0176],[115.9958,29.9835],[116.002,29.894],[116.0511,29.8716],[116.0915,29.9016],[116.2007,29.8934],[116.2634,29.9275],[116.2572,30.0108]]]},"properties":{"name":"Long Hu","scalerank":4,"min_zoom":4}},
{"type":"Feature","geometry":{"type":"Polygon","coordinates":[[[114.441,30.0685],[114.4769,30.1195],[114.4816,30.1854],[114.5502,30.2298],[114.5299,30.1618],[114.5776,30.1754],[114.622,30.0788],[114.6526,30.0797],[114.6438,30.1401],[114.617,30.2007],[114.6438,30.2216],[114.6046,30.2681],[114.6317,30.2987],[114.5434,30.3323],[114.5228,30.3744],[114.4601,30.3747],[114.4295,30.334],[114.5025,30.3299],[114.5016,30.2787],[114.4539,30.2987],[114.3995,30.2298],[114.3347,30.2028],[114.4015,30.1651],[114.4298,30.173],[114.441,30.0685]]]},"properties":{"name":"Liangzi Hu","scalerank":4,"min_zoom":4}},
{"type":"Feature","geometry":{"type":"Polygon","coordinates":[[[89.3385,31.8185],[89.2858,31.8733],[89.1786,31.9009],[89.1366,31.9295],[89.03,31.9168],[89.0097,31.9369],[88.8457,31.8742],[88.7983,31.8494],[88.7871,31.8097],[88.7371,31.8356],[88.7495,31.8709],[88.6874,31.8871],[88.5714,31.8692],[88.5587,31.8185],[88.6503,31.7861],[88.6679,31.7146],[88.7804,31.6967],[88.8245,31.7308],[88.9379,31.7358],[88.9596,31.7028],[88.9243,31.6522],[88.9752,31.6004],[89.0515,31.6154],[89.1263,31.5595],[89.1583,31.6066],[89.2355,31.676],[89.2484,31.8029],[89.297,31.7779],[89.3385,31.8185]]]},"properties":{"name":"Siling Co","scalerank":4,"min_zoom":4}},
{"type":"Feature","geometry":{"type":"Polygon","coordinates":[[[92.817,48.2493],[92.7828,48.3076],[92.7313,48.3353],[92.6009,48.3418],[92.5944,48.3112],[92.6622,48.2323],[92.6371,48.1899],[92.4632,48.1019],[92.381,48.1398],[92.3831,48.2025],[92.4108,48.2905],[92.4396,48.3223],[92.4022,48.3697],[92.3027,48.3474],[92.2736,48.3686],[92.1968,48.3353],[92.2656,48.2888],[92.2951,48.249],[92.2812,48.1587],[92.2097,48.0683],[92.011,48.0339],[91.9622,47.98],[92.0045,47.9035],[92.0593,47.7716],[92.1573,47.7763],[92.1991,47.7616],[92.2721,47.7875],[92.2612,47.8466],[92.3513,47.9853],[92.4426,48.02],[92.5441,48.0969],[92.6798,48.0816],[92.817,48.1878],[92.817,48.2493]]]},"properties":{"name":"Har Us Nuur","scalerank":4,"min_zoom":4}},
{"type":"Feature","geometry":{"type":"Polygon","coordinates":[[[6.8712,46.4587],[6.6201,46.5194],[6.5109,46.5176],[6.4191,46.4731],[6.3184,46.4511],[6.1765,46.3001],[6.2371,46.3124],[6.2948,46.3739],[6.3761,46.3507],[6.4994,46.4093],[6.6972,46.4231],[6.8677,46.4025],[6.9354,46.4231],[6.8712,46.4587]]]},"properties":{"name":"Lake Geneva","scalerank":4,"min_zoom":4}},
{"type":"Feature","geometry":{"type":"Polygon","coordinates":[[[-6.5225,54.7159],[-6.5165,54.6135],[-6.603,54.5267],[-6.5431,54.506],[-6.4427,54.5078],[-6.3852,54.4849],[-6.3357,54.5555],[-6.267,54.5832],[-6.3137,54.6206],[-6.2385,54.6956],[-6.2782,54.7242],[-6.3842,54.6997],[-6.5225,54.7159]]]},"properties":{"name":"Lough Neagh","scalerank":4,"min_zoom":4}},
{"type":"Feature","geometry":{"type":"Polygon","coordinates":[[[14.9221,58.8141],[14.7978,58.7799],[14.7496,58.7308],[14.5538,58.6425],[14.5211,58.6139],[14.492,58.4953],[14.4414,58.4738],[14.3322,58.3357],[14.2786,58.3031],[14.2126,58.1821],[14.2073,58.1279],[14.1234,57.9766],[14.0867,57.9439],[14.1555,57.7923],[14.2674,57.8188],[14.2856,57.8883],[14.3563,57.9766],[14.4275,58.006],[14.459,58.0608],[14.5235,58.112],[14.6033,58.2168],[14.6327,58.2863],[14.6203,58.334],[14.6704,58.3911],[14.7234,58.4117],[14.7884,58.47],[14.907,58.4741],[14.9733,58.5521],[14.8429,58.5868],[14.9185,58.6283],[14.9185,58.6966],[14.9603,58.7782],[14.9221,58.8141]]]},"properties":{"name":"Vättern","scalerank":4,"min_zoom":4}},
{"type":"Feature","geometry":{"type":"Polygon","coordinates":[[[101.3303,73.8567],[101.4227,73.8305],[101.5846,73.8475],[101.4851,73.9466],[101.5637,73.9922],[101.4857,74.0083],[101.2152,74.169],[101.1805,74.238],[101.0436,74.3444],[101.1313,74.3937],[101.0536,74.4288],[100.7554,74.4104],[100.741,74.4614],[101.302,74.5103],[101.3959,74.4881],[101.3126,74.4321],[101.3318,74.3789],[101.4748,74.3547],[101.7389,74.2636],[102.1107,74.2455],[102.1798,74.2674],[102.0527,74.3694],[101.9081,74.4533],[101.9317,74.5216],[102.4627,74.5328],[102.7897,74.485],[102.7906,74.5408],[103.1412,74.5967],[103.4435,74.5808],[103.5577,74.6291],[103.7223,74.6426],[103.9634,74.6158],[104.1229,74.6904],[104.754,74.7861],[105.1921,74.7587],[105.7917,74.8344],[105.7396,74.8494],[105.346,74.8344],[104.9045,74.8916],[104.7028,74.9318],[104.6104,75.0438],[104.4926,75.1092],[104.195,75.1369],[104.0885,75.0181],[103.8324,74.9723],[103.8256,74.9131],[104.1041,74.8634],[104.2227,74.8959],[104.4211,74.8828],[104.367,74.8434],[104.2062,74.7949],[103.8698,74.7964],[103.7005,74.7348],[103.2858,74.6862],[103.0853,74.6453],[102.6776,74.6332],[102.5699,74.6525],[101.7565,74.6217],[101.4566,74.6238],[101.0975,74.6579],[100.8458,74.7342],[100.6615,74.7559],[100.5611,74.8057],[100.5673,74.9251],[100.6347,74.9819],[100.6253,75.0403],[100.5393,75.0865],[100.4001,75.0856],[100.3842,75.1327],[100.1452,75.1753],[100.0115,75.1274],[100.0439,75.0719],[100.4987,75.0774],[100.4949,75.0262],[100.557,74.9785],[100.476,74.9377],[100.3097,74.9443],[100.0495,74.8828],[100.2382,74.8176],[100.371,74.8161],[100.3983,74.7283],[100.5705,74.6017],[100.3969,74.5408],[100.2303,74.5043],[100.1991,74.4467],[100.0566,74.3758],[99.9736,74.3697],[99.7722,74.4276],[99.6445,74.4475],[99.4717,74.424],[99.1623,74.426],[99.3089,74.3758],[99.7678,74.3615],[99.8864,74.3324],[100.1652,74.3328],[100.2721,74.353],[100.4398,74.3478],[100.5702,74.2864],[100.7689,74.3137],[100.8979,74.2674],[100.9559,74.2211],[101.0062,74.1248],[101.154,74.0331],[101.0359,73.9295],[100.9199,73.9021],[100.9856,73.8546],[101.3303,73.8567]]]},"properties":{"name":"Lake Taymyr","scalerank":4,"min_zoom":4}},
{"type":"Feature","geometry":{"type":"Polygon","coordinates":[[[149.296,72.0693],[149.2616,72.1196],[149.1706,72.1629],[148.9781,72.1545],[148.909,72.0231],[148.9575,71.9292],[149.0915,71.8959],[149.2875,71.9841],[149.3334,72.022],[149.296,72.0693]]]},"properties":{"name":"Ozero Mogotoyevo","scalerank":5,"min_zoom":4.7}},
{"type":"Feature","geometry":{"type":"Polygon","coordinates":[[[89.6744,37.5121],[89.6543,37.5828],[89.5442,37.6257],[89.3417,37.6416],[89.1945,37.5878],[89.0845,37.6034],[89.0768,37.5639],[89.1645,37.5257],[89.282,37.5318],[89.4,37.4841],[89.5504,37.4747],[89.6744,37.5121]]]},"properties":{"name":"Ayakkum Hu","scalerank":5,"min_zoom":4.7}},
{"type":"Feature","geometry":{"type":"Polygon","coordinates":[[[14.0925,63.2122],[14.0737,63.1895],[14.3283,63.13],[14.3631,63.1047],[14.4308,62.9611],[14.3398,62.9013],[14.3946,62.8533],[14.4764,62.8416],[14.4676,62.9652],[14.4181,63.0667],[14.4202,63.1527],[14.5282,63.1739],[14.6789,63.1433],[14.5759,63.2325],[14.4681,63.2793],[14.3954,63.2519],[14.3357,63.294],[14.2703,63.2852],[14.1985,63.3152],[14.0814,63.2913],[14.1535,63.226],[14.0925,63.2122]]]},"properties":{"name":"Storsjön","scalerank":5,"min_zoom":4.7}},
{"type":"Feature","geometry":{"type":"Polygon","coordinates":[[[9.7186,47.5467],[9.6762,47.554],[9.5217,47.6126],[9.5072,47.6421],[9.403,47.675],[9.3224,47.6818],[9.1616,47.7469],[9.1828,47.6706],[9.2067,47.6474],[9.3712,47.5811],[9.4021,47.5435],[9.4946,47.4881],[9.5529,47.5123],[9.6815,47.5031],[9.7186,47.5467]]]},"properties":{"name":"Bodensee","scalerank":5,"min_zoom":4.7}},
{"type":"Feature","geometry":{"type":"Polygon","coordinates":[[[33.1559,1.6303],[33.1052,1.6206],[33.0084,1.5423],[32.9798,1.5679],[32.9357,1.5535],[32.8421,1.5564],[32.8106,1.5379],[32.7576,1.5714],[32.6949,1.4987],[32.6019,1.497],[32.5609,1.5311],[32.5506,1.431],[32.6007,1.3869],[32.6902,1.371],[32.7199,1.3777],[32.742,1.4163],[32.7832,1.421],[32.8438,1.3842],[32.8995,1.4413],[32.9784,1.3948],[33.0678,1.3674],[33.13,1.3192],[33.1526,1.2871],[33.2147,1.3053],[33.2418,1.2226],[33.2739,1.2323],[33.2624,1.2809],[33.3519,1.3318],[33.2904,1.4213],[33.2562,1.3945],[33.1662,1.4004],[33.1997,1.4393],[33.2495,1.4419],[33.2577,1.4864],[33.17,1.4684],[33.1082,1.4808],[33.1556,1.5499],[33.2147,1.572],[33.2874,1.6232],[33.3178,1.6132],[33.3519,1.6418],[33.4031,1.6494],[33.4944,1.645],[33.4723,1.6806],[33.4361,1.6706],[33.3928,1.6889],[33.3245,1.6745],[33.2854,1.6391],[33.1921,1.6715],[33.1759,1.6494],[33.1706,1.6271],[33.1559,1.6303]]]},"properties":{"name":"Lake Kyoga","scalerank":5,"min_zoom":4.7}},
{"type":"Feature","geometry":{"type":"Polygon","coordinates":[[[31.9216,-7.5671],[31.7965,-7.6369],[31.7785,-7.7034],[31.8112,-7.7723],[31.8389,-7.7999],[31.873,-7.8989],[31.913,-7.966],[31.9666,-8.0028],[32.0373,-7.9616],[32.1135,-7.9348],[32.1903,-7.9563],[32.261,-7.9945],[32.3249,-8.0078],[32.3943,-8.0613],[32.4732,-8.0849],[32.5389,-8.1223],[32.533,-8.0496],[32.472,-8.0001],[32.4026,-7.9695],[32.3402,-7.8941],[32.2716,-7.8282],[32.1906,-7.7776],[32.1256,-7.7202],[32.0723,-7.6498],[31.959,-7.5695],[31.9216,-7.5671]]]},"properties":{"name":"Lake Rukwa","scalerank":5,"min_zoom":4.7}},
{"type":"Feature","geometry":{"type":"Polygon","coordinates":[[[97.868,34.8717],[97.8082,34.9038],[97.7885,34.97],[97.8044,35.0209],[97.7296,35.086],[97.6504,35.0424],[97.624,34.9862],[97.5536,34.9064],[97.5462,34.8705],[97.566,34.8149],[97.6048,34.7845],[97.6884,34.786],[97.7797,34.8296],[97.8453,34.8066],[97.9007,34.8316],[97.868,34.8717]]]},"properties":{"name":"Ngoring Hu","scalerank":5,"min_zoom":4.7}},
{"type":"Feature","geometry":{"type":"Polygon","coordinates":[[[119.4051,32.8473],[119.3881,33.0022],[119.3495,33.0378],[119.3159,33.139],[119.2685,33.1694],[119.258,33.2218],[119.157,33.1658],[119.1222,33.0693],[119.0525,33.0466],[119.061,33.0213],[119.1358,33.0448],[119.1585,33.1343],[119.1955,33.1702],[119.2921,33.1176],[119.3239,33.0478],[119.2844,33.0448],[119.2235,32.9989],[119.2703,32.9601],[119.2353,32.9306],[119.212,32.8641],[119.129,32.8947],[119.1134,32.8479],[119.142,32.7381],[119.2138,32.7078],[119.2503,32.7469],[119.2815,32.7178],[119.3321,32.7702],[119.3916,32.7402],[119.4151,32.7935],[119.4051,32.8473]]]},"properties":{"name":"Gaoyou Hu","scalerank":5,"min_zoom":4.7}},
{"type":"Feature","geometry":{"type":"Polygon","coordinates":[[[88.1534,69.5157],[87.975,69.5807],[88.0542,69.6425],[87.9768,69.702],[87.965,69.7579],[87.6939,69.8813],[87.6117,69.9434],[87.6644,69.9699],[87.9305,69.9987],[88.0159,70.0879],[87.8923,70.0879],[87.753,70.1156],[87.5776,70.0523],[87.4013,70.0099],[87.4198,69.9434],[87.3239,69.896],[87.5343,69.8786],[87.5496,69.8477],[87.66,69.7897],[87.7012,69.6431],[87.7351,69.6149],[87.6733,69.5501],[87.7498,69.488],[87.93,69.4889],[88.0451,69.4618],[88.1534,69.5157]]]},"properties":{"name":"Ozero Pyasino","scalerank":5,"min_zoom":4.7}},
{"type":"Feature","geometry":{"type":"Polygon","coordinates":[[[99.1252,2.426],[99.0657,2.3986],[99.0416,2.4189],[99.0245,2.5075],[98.953,2.572],[98.9174,2.6208],[98.9197,2.6821],[98.8986,2.7168],[98.8191,2.7657],[98.7829,2.8122],[98.7263,2.8543],[98.6513,2.8811],[98.5141,2.8881],[98.5247,2.8007],[98.5915,2.7359],[98.6177,2.662],[98.674,2.6388],[98.6787,2.7097],[98.7325,2.7548],[98.7955,2.7303],[98.8676,2.6462],[98.9018,2.584],[98.966,2.5105],[98.9774,2.4634],[98.8986,2.4286],[98.8591,2.441],[98.8046,2.4925],[98.7408,2.5316],[98.7031,2.5979],[98.6704,2.5849],[98.7885,2.4492],[98.8255,2.3397],[98.9159,2.3536],[98.9866,2.34],[99.0257,2.358],[99.059,2.3462],[99.1526,2.408],[99.1252,2.426]]]},"properties":{"name":"Danau Toba","scalerank":5,"min_zoom":4.7}},
{"type":"Feature","geometry":{"type":"Polygon","coordinates":[[[27.0543,61.6771],[27.024,61.718],[26.9289,61.7153],[26.8835,61.7559],[26.9018,61.8434],[26.8818,61.8996],[26.7849,61.9649],[26.7275,61.9379],[26.6639,62.0129],[26.6154,61.9923],[26.7046,61.9184],[26.8214,61.9031],[26.7932,61.8543],[26.7146,61.8913],[26.6189,61.876],[26.5777,61.947],[26.4788,61.8531],[26.356,61.8622],[26.4285,61.9511],[26.3711,61.9779],[26.3281,61.8831],[26.2701,61.856],[26.5335,61.7924],[26.5539,61.7459],[26.6569,61.7015],[26.7758,61.6214],[26.7702,61.5643],[26.8971,61.562],[26.8691,61.6288],[26.807,61.6367],[26.7882,61.6762],[26.8353,61.6977],[26.9103,61.6659],[27.0543,61.6771]]]},"properties":{"name":null,"scalerank":5,"min_zoom":4.7}},
{"type":"Feature","geometry":{"type":"Polygon","coordinates":[[[16.368,59.2942],[16.2894,59.3074],[16.1086,59.2668],[16.0224,59.2898],[15.8337,59.2959],[15.784,59.2686],[15.7233,59.3068],[15.5758,59.3266],[15.4319,59.2789],[15.2565,59.2995],[15.2662,59.2706],[15.4113,59.2521],[15.5452,59.268],[15.5861,59.1885],[15.7001,59.1423],[15.8258,59.1423],[15.9556,59.2162],[16.0554,59.2218],[16.1284,59.2447],[16.3771,59.2812],[16.368,59.2942]]]},"properties":{"name":"Hjälmaren","scalerank":5,"min_zoom":4.7}},
{"type":"Feature","geometry":{"type":"Polygon","coordinates":[[[24.7044,61.65],[24.6264,61.7224],[24.5754,61.6797],[24.4777,61.6567],[24.3458,61.5628],[24.2722,61.5455],[24.1521,61.4792],[24.0744,61.4183],[23.9841,61.4354],[23.9905,61.3812],[24.0553,61.3238],[24.0129,61.2641],[23.9367,61.2458],[23.962,61.2034],[24.133,61.1328],[24.2234,61.076],[24.3126,61.1428],[24.2896,61.1943],[24.1357,61.1634],[23.9911,61.2246],[24.0288,61.257],[24.1412,61.2652],[24.1798,61.3041],[24.2613,61.2926],[24.1454,61.3859],[24.1624,61.4427],[24.2943,61.5202],[24.3644,61.5134],[24.4715,61.5378],[24.4227,61.5823],[24.5601,61.6559],[24.7044,61.65]]]},"properties":{"name":null,"scalerank":5,"min_zoom":4.7}},
{"type":"Feature","geometry":{"type":"Polygon","coordinates":[[[23.5413,61.4536],[23.682,61.4739],[23.8116,61.5352],[23.7315,61.6509],[23.7645,61.705],[23.8192,61.7324],[23.7409,61.7704],[23.7968,61.821],[23.9066,61.849],[23.9596,61.9043],[24.0444,61.9223],[24.108,61.9585],[24.068,62.0156],[24.0883,62.0406],[24.2687,61.9979],[24.4309,62.0094],[24.5604,61.9994],[24.6938,62.1263],[24.6584,62.2069],[24.574,62.1707],[24.6287,62.1227],[24.5601,62.0942],[24.5731,62.0191],[24.3632,62.0218],[24.2784,62.0477],[24.3535,62.1051],[24.3064,62.1227],[24.2143,62.0341],[24.0874,62.0683],[24.151,62.1095],[24.0344,62.1351],[23.9879,62.1728],[24.0191,62.2319],[23.9043,62.2187],[23.9228,62.1575],[23.8746,62.133],[23.6962,62.1516],[23.6829,62.1024],[23.9075,62.1006],[23.9994,62.0865],[24.0132,61.9926],[23.8251,61.8578],[23.6829,61.7768],[23.692,61.718],[23.6364,61.7021],[23.6417,61.5399],[23.4463,61.4145],[23.3753,61.4165],[23.5119,61.3073],[23.7032,61.2935],[23.718,61.3294],[23.5846,61.3324],[23.5001,61.3821],[23.5413,61.4536]]]},"properties":{"name":"Pyhäjärvi","scalerank":5,"min_zoom":4.7}},
{"type":"Feature","geometry":{"type":"Polygon","coordinates":[[[23.2234,61.4454],[23.0026,61.4215],[23.086,61.3862],[23.2234,61.4454]]]},"properties":{"name":null,"scalerank":5,"min_zoom":4.7}},
{"type":"Feature","geometry":{"type":"Polygon","coordinates":[[[97.4367,34.9944],[97.3331,35.0306],[97.2501,35.0135],[97.163,35.013],[97.0558,34.9979],[97.0694,34.9352],[97.2483,34.836],[97.3043,34.8293],[97.3787,34.8728],[97.3961,34.9091],[97.4721,34.9561],[97.4367,34.9944]]]},"properties":{"name":"Gyaring Hu","scalerank":5,"min_zoom":4.7}},
{"type":"Feature","geometry":{"type":"Polygon","coordinates":[[[26.6398,63.1536],[26.747,63.2104],[26.7072,63.2981],[26.6292,63.3276],[26.5677,63.3014],[26.5056,63.3758],[26.3834,63.3493],[26.472,63.281],[26.5915,63.2431],[26.5609,63.1848],[26.5023,63.1916],[26.4187,63.1406],[26.472,63.0756],[26.4514,63.0202],[26.6198,62.9408],[26.6639,62.9658],[26.6236,63.0232],[26.5462,63.0644],[26.6357,63.0959],[26.6398,63.1536]]]},"properties":{"name":null,"scalerank":5,"min_zoom":4.7}},
{"type":"Feature","geometry":{"type":"Polygon","coordinates":[[[26.5556,61.6294],[26.5745,61.6635],[26.5182,61.7294],[26.4417,61.7492],[26.3004,61.7035],[26.2939,61.7521],[26.2389,61.8148],[26.1888,61.8363],[26.1582,61.7445],[25.9781,61.7521],[25.9507,61.6977],[25.8621,61.6559],[25.9854,61.6249],[26.0122,61.5611],[26.1208,61.5384],[26.1977,61.6288],[26.1756,61.6635],[26.0576,61.6659],[26.0905,61.7336],[26.1809,61.7174],[26.4037,61.6361],[26.4856,61.6155],[26.5556,61.6294]]]},"properties":{"name":null,"scalerank":5,"min_zoom":4.7}},
{"type":"Feature","geometry":{"type":"Polygon","coordinates":[[[81.3129,30.6743],[81.2488,30.725],[81.2429,30.7668],[81.2917,30.7877],[81.2962,30.8215],[81.224,30.8574],[81.1899,30.8468],[81.2037,30.7827],[81.1837,30.6926],[81.1251,30.6658],[81.1437,30.629],[81.1834,30.6149],[81.2991,30.6081],[81.328,30.6417],[81.3129,30.6743]]]},"properties":{"name":"Langa Co","scalerank":5,"min_zoom":4.7}},
{"type":"Feature","geometry":{"type":"Polygon","coordinates":[[[81.5779,30.7485],[81.4504,30.7877],[81.3756,30.7644],[81.3692,30.7241],[81.3774,30.5925],[81.4513,30.5663],[81.5743,30.6558],[81.6035,30.6902],[81.5779,30.7485]]]},"properties":{"name":"Mapam Yumco","scalerank":5,"min_zoom":4.7}},
{"type":"Feature","geometry":{"type":"Polygon","coordinates":[[[37.251,60.1352],[37.3976,60.081],[37.9566,60.0601],[38.0232,60.1864],[38.0082,60.2258],[37.8851,60.3186],[37.8156,60.3401],[37.5027,60.3356],[37.3644,60.2932],[37.2216,60.1938],[37.251,60.1352]]]},"properties":{"name":"Lake Beloye","scalerank":5,"min_zoom":4.7}},
{"type":"Feature","geometry":{"type":"Polygon","coordinates":[[[35.7389,-3.7613],[35.7828,-3.7642],[35.8196,-3.7304],[35.8693,-3.6609],[35.859,-3.6005],[35.8817,-3.542],[35.8949,-3.459],[35.8622,-3.4042],[35.8113,-3.4278],[35.7845,-3.4737],[35.7666,-3.5667],[35.7389,-3.5944],[35.7471,-3.6527],[35.7389,-3.7613]]]},"properties":{"name":"Lake Manyara","scalerank":5,"min_zoom":4.7}},
{"type":"Feature","geometry":{"type":"Polygon","coordinates":[[[17.8698,46.8638],[17.939,46.8941],[18.0782,46.9273],[18.1359,46.9559],[18.1695,47.0021],[18.1121,47.0469],[18.0373,47.0569],[17.9643,46.9824],[17.8651,46.9438],[17.8213,46.9062],[17.6717,46.8655],[17.6396,46.8332],[17.5755,46.8231],[17.4957,46.7863],[17.405,46.7969],[17.3453,46.7581],[17.2628,46.7678],[17.2752,46.7166],[17.3532,46.7242],[17.4745,46.7172],[17.5631,46.7646],[17.8457,46.8482],[17.8698,46.8638]]]},"properties":{"name":"Lake Balaton","scalerank":5,"min_zoom":4.7}},
{"type":"Feature","geometry":{"type":"Polygon","coordinates":[[[-72.2662,-40.2448],[-72.2637,-40.1688],[-72.3204,-40.1132],[-72.3712,-40.1288],[-72.4296,-40.122],[-72.5057,-40.1414],[-72.545,-40.1694],[-72.5656,-40.2215],[-72.5509,-40.2863],[-72.5223,-40.2989],[-72.4512,-40.2848],[-72.3444,-40.2898],[-72.3013,-40.3119],[-72.2518,-40.3048],[-72.2662,-40.2448]]]},"properties":{"name":"Lago Ranco","scalerank":5,"min_zoom":4.7}},
{"type":"Feature","geometry":{"type":"Polygon","coordinates":[[[-72.1807,-49.7863],[-72.1182,-49.7748],[-72.0905,-49.7233],[-72.1182,-49.6656],[-72.203,-49.617],[-72.3278,-49.6023],[-72.515,-49.549],[-72.5794,-49.5505],[-72.6864,-49.524],[-72.7761,-49.4875],[-72.9339,-49.4557],[-73.0284,-49.4966],[-73.0144,-49.5393],[-72.9133,-49.6141],[-72.93,-49.6385],[-72.7645,-49.6656],[-72.775,-49.6179],[-72.561,-49.6488],[-72.4919,-49.6903],[-72.2548,-49.7886],[-72.1807,-49.7863]]]},"properties":{"name":"Lago Viedma","scalerank":5,"min_zoom":4.7}},
{"type":"Feature","geometry":{"type":"Polygon","coordinates":[[[18.0773,-0.9416],[18.0729,-0.9972],[18.1627,-0.9801],[18.0985,-0.8842],[18.1271,-0.8179],[18.095,-0.7885],[18.0915,-0.7505],[18.1189,-0.6958],[18.0258,-0.6339],[17.9549,-0.6413],[17.8728,-0.6749],[17.7992,-0.679],[17.8354,-0.724],[17.9402,-0.7225],[17.9475,-0.7988],[17.919,-0.8318],[17.9611,-0.8877],[18.0058,-0.8945],[18.0335,-0.9769],[18.0773,-0.9416]]]},"properties":{"name":"Lac Tumba","scalerank":5,"min_zoom":4.7}},
{"type":"Feature","geometry":{"type":"Polygon","coordinates":[[[30.6661,63.8221],[30.8654,63.8041],[30.9396,63.7329],[30.9216,63.7032],[31.1312,63.6081],[31.173,63.6302],[31.1312,63.6761],[31.1312,63.7394],[31.0258,63.7664],[30.9387,63.8368],[30.8595,63.8595],[30.8919,63.911],[30.7821,63.9245],[30.788,63.8244],[30.6661,63.8221]]]},"properties":{"name":null,"scalerank":5,"min_zoom":4.7}},
{"type":"Feature","geometry":{"type":"Polygon","coordinates":[[[116.4441,30.1012],[116.4612,30.0935],[116.5065,30.125],[116.5368,30.183],[116.4756,30.2095],[116.3973,30.2107],[116.3258,30.2407],[116.3196,30.1774],[116.3549,30.1757],[116.3964,30.123],[116.4441,30.1012]]]},"properties":{"name":"Po Hu","scalerank":5,"min_zoom":4.7}},
{"type":"Feature","geometry":{"type":"Polygon","coordinates":[[[117.5718,47.6565],[117.6734,47.6771],[117.8026,47.7474],[117.8821,47.834],[117.873,47.889],[117.8318,47.9102],[117.7988,47.9709],[117.7393,47.9773],[117.6852,47.9547],[117.5336,47.8122],[117.5035,47.7595],[117.5303,47.7183],[117.5924,47.6974],[117.5718,47.6565]]]},"properties":{"name":"Buyr Nuur","scalerank":5,"min_zoom":4.7}},
{"type":"Feature","geometry":{"type":"Polygon","coordinates":[[[83.3482,31.4361],[83.3058,31.503],[83.1913,31.578],[83.1406,31.5869],[83.1159,31.6557],[83.0506,31.644],[83.0347,31.6198],[82.9417,31.6419],[82.9573,31.5792],[82.8386,31.5798],[82.8327,31.5454],[82.8919,31.5141],[82.9587,31.5015],[82.9796,31.5253],[83.0809,31.5189],[83.1442,31.4497],[83.2602,31.4715],[83.3482,31.4361]]]},"properties":{"name":"Ngangla Ringeo","scalerank":5,"min_zoom":4.7}},
{"type":"Feature","geometry":{"type":"Polygon","coordinates":[[[86.769,31.2236],[86.7619,31.3131],[86.7342,31.347],[86.6477,31.3687],[86.6256,31.3399],[86.6315,31.2957],[86.605,31.1697],[86.5656,31.082],[86.5191,31.0597],[86.4467,30.9875],[86.416,30.878],[86.3748,30.8642],[86.4299,30.7706],[86.5149,30.8136],[86.5297,30.8942],[86.5962,30.9805],[86.5974,31.0523],[86.6348,31.0994],[86.6869,31.1212],[86.774,31.1229],[86.7961,31.1418],[86.769,31.2236]]]},"properties":{"name":"Tangra Yumco","scalerank":5,"min_zoom":4.7}},
{"type":"Feature","geometry":{"type":"Polygon","coordinates":[[[79.7881,53.0095],[79.7728,53.0748],[79.542,53.1311],[79.4876,53.1237],[79.4005,53.0604],[79.3772,52.9871],[79.4013,52.9306],[79.4891,52.8644],[79.5944,52.8305],[79.7346,52.8235],[79.7037,52.8888],[79.7455,52.9751],[79.7881,53.0095]]]},"properties":{"name":"Ozero Kulundinskoye","scalerank":5,"min_zoom":4.7}},
{"type":"Feature","geometry":{"type":"Polygon","coordinates":[[[73.426,53.0769],[73.4075,53.1741],[73.4128,53.2385],[73.4402,53.2965],[73.4054,53.3669],[73.2644,53.4022],[73.0443,53.396],[72.9115,53.275],[72.9527,53.2588],[73.0292,53.3301],[73.0908,53.2618],[73.1697,53.2273],[73.2968,53.152],[73.2971,53.1281],[73.3763,53.0557],[73.426,53.0769]]]},"properties":{"name":"Siletitengiz Kli","scalerank":5,"min_zoom":4.7}},
{"type":"Feature","geometry":{"type":"Polygon","coordinates":[[[80.2612,55.5796],[80.0089,55.5419],[79.958,55.4957],[79.8582,55.4895],[79.8031,55.4651],[79.8202,55.4068],[79.9391,55.3753],[80.1738,55.42],[80.3177,55.5022],[80.341,55.5298],[80.2612,55.5796]]]},"properties":{"name":"Ubinskoye Lake","scalerank":5,"min_zoom":4.7}},
{"type":"Feature","geometry":{"type":"Polygon","coordinates":[[[38.6466,61.305],[38.6457,61.2234],[38.6834,61.1911],[38.9027,61.2111],[38.9027,61.2593],[38.8515,61.3062],[38.8603,61.3665],[38.9648,61.4854],[38.7703,61.4554],[38.6672,61.3939],[38.6466,61.305]]]},"properties":{"name":null,"scalerank":5,"min_zoom":4.7}},
{"type":"Feature","geometry":{"type":"Polygon","coordinates":[[[28.741,66.3424],[28.7354,66.3133],[28.8364,66.2827],[28.8499,66.2485],[28.7401,66.207],[28.6103,66.207],[28.5279,66.1796],[28.6173,66.1449],[28.4475,66.1334],[28.3633,66.0975],[28.1431,66.0604],[28.1049,66.1473],[27.9168,66.1829],[27.9176,66.1449],[28.0163,66.1343],[28.0642,66.0907],[28.0213,66.0628],[28.0722,66.0289],[28.3221,66.0425],[28.4793,66.0295],[28.6103,66.0492],[28.5676,66.0831],[28.6868,66.1108],[28.7946,66.1726],[28.9376,66.2044],[28.9662,66.2682],[28.8908,66.2894],[28.8305,66.3377],[28.741,66.3424]]]},"properties":{"name":null,"scalerank":5,"min_zoom":4.7}},
{"type":"Feature","geometry":{"type":"Polygon","coordinates":[[[142.1742,72.5835],[142.1353,72.6015],[141.8887,72.6274],[141.7265,72.5918],[141.6691,72.5598],[141.6761,72.4567],[141.8507,72.4581],[142.017,72.4911],[142.1742,72.5835]]]},"properties":{"name":"Ozero Bustakh","scalerank":5,"min_zoom":4.7}},
{"type":"Feature","geometry":{"type":"Polygon","coordinates":[[[35.6397,32.85],[35.5917,32.898],[35.5237,32.852],[35.5172,32.8208],[35.5994,32.7178],[35.6341,32.7522],[35.6397,32.85]]]},"properties":{"name":"Sea of Galilee","scalerank":5,"min_zoom":4.7}},
{"type":"Feature","geometry":{"type":"Polygon","coordinates":[[[91.0175,28.8708],[91.0243,28.892],[90.9519,28.9444],[90.9634,28.9938],[90.9328,29.0282],[90.8462,29.0156],[90.8183,28.9809],[90.7432,29.0156],[90.7199,29.0568],[90.7158,29.111],[90.7341,29.1489],[90.6508,29.1522],[90.6905,29.0221],[90.6946,28.982],[90.596,28.9505],[90.5586,28.8761],[90.5042,28.8504],[90.4968,28.7922],[90.5828,28.7807],[90.6043,28.8216],[90.6802,28.8787],[90.7338,28.8743],[90.7644,28.897],[90.7226,28.9529],[90.7594,28.9632],[90.7941,28.9379],[90.9151,28.9396],[91.0175,28.8708]]]},"properties":{"name":"Yamzho Yumco","scalerank":5,"min_zoom":4.7}},
{"type":"Feature","geometry":{"type":"Polygon","coordinates":[[[71.9742,56.2175],[71.7959,56.2013],[71.6407,56.201],[71.6151,56.1604],[71.6666,56.1227],[71.6931,56.0459],[71.777,56.0732],[71.802,56.1368],[71.8839,56.0888],[71.9519,56.0797],[72.0199,56.1727],[71.9742,56.2175]]]},"properties":{"name":"Ozero Tenis","scalerank":5,"min_zoom":4.7}},
{"type":"Feature","geometry":{"type":"Polygon","coordinates":[[[67.6636,55.8221],[67.57,55.826],[67.5002,55.7795],[67.4251,55.8289],[67.3686,55.8383],[67.3039,55.8148],[67.2824,55.7515],[67.4802,55.6979],[67.5161,55.7397],[67.5688,55.7297],[67.6636,55.8221]]]},"properties":{"name":"Ozero Chërnoye","scalerank":5,"min_zoom":4.7}},
{"type":"Feature","geometry":{"type":"Polygon","coordinates":[[[32.7629,65.857],[32.6808,65.857],[32.7355,65.7605],[32.8312,65.7552],[32.9136,65.7961],[32.9892,65.7961],[33.1052,65.837],[33.0575,65.857],[33.1208,65.9339],[33.0184,65.9471],[32.9589,65.9765],[32.8724,65.9724],[32.8067,66.0466],[32.7435,65.9842],[32.7284,65.9256],[32.8173,65.9053],[32.8968,65.8611],[32.7629,65.857]]]},"properties":{"name":null,"scalerank":5,"min_zoom":4.7}},
{"type":"Feature","geometry":{"type":"Polygon","coordinates":[[[158.9223,70.1232],[158.8146,70.1235],[158.6842,70.1486],[158.53,70.1341],[158.5541,70.0597],[158.6212,70.0258],[158.7978,70.0105],[158.8696,70.0376],[158.9223,70.1232]]]},"properties":{"name":"Ozero Bol'šoe Morskoe","scalerank":5,"min_zoom":4.7}},
{"type":"Feature","geometry":{"type":"Polygon","coordinates":[[[160.0536,69.4438],[160.0177,69.4209],[160.1204,69.3623],[160.2505,69.3449],[160.2726,69.385],[160.2202,69.4344],[160.4421,69.4076],[160.443,69.445],[160.3123,69.5027],[160.161,69.5369],[160.0312,69.5369],[160.0536,69.4438]]]},"properties":{"name":"Ozero Chukochye","scalerank":5,"min_zoom":4.7}},
{"type":"Feature","geometry":{"type":"Polygon","coordinates":[[[118.8229,31.402],[118.8576,31.3817],[118.8944,31.4023],[118.913,31.4429],[118.9459,31.4435],[118.9765,31.4844],[118.9518,31.5524],[118.7858,31.5327],[118.7225,31.5595],[118.7511,31.4344],[118.8229,31.402]]]},"properties":{"name":"Shijiu Hu","scalerank":5,"min_zoom":4.7}},
{"type":"Feature","geometry":{"type":"Polygon","coordinates":[[[113.4363,29.949],[113.3816,29.9631],[113.3533,29.9431],[113.3353,29.8613],[113.2712,29.9163],[113.227,29.9078],[113.2217,29.8613],[113.2794,29.7606],[113.32,29.7365],[113.3922,29.8033],[113.3904,29.8513],[113.4457,29.8722],[113.4663,29.9314],[113.4363,29.949]]]},"properties":{"name":"Hong Hu","scalerank":5,"min_zoom":4.7}},
{"type":"Feature","geometry":{"type":"Polygon","coordinates":[[[26.122,58.3881],[26.0667,58.4111],[25.9772,58.4087],[25.9133,58.3169],[25.9922,58.2448],[26.044,58.1491],[26.1297,58.2168],[26.1535,58.339],[26.122,58.3881]]]},"properties":{"name":"Võrtsjärv","scalerank":5,"min_zoom":4.7}},
{"type":"Feature","geometry":{"type":"Polygon","coordinates":[[[117.9363,31.5483],[117.8806,31.5718],[117.8462,31.6078],[117.7067,31.6599],[117.6454,31.6575],[117.5854,31.6004],[117.5459,31.5801],[117.4747,31.5889],[117.435,31.6116],[117.4382,31.6902],[117.339,31.724],[117.3063,31.7043],[117.2881,31.6116],[117.3043,31.573],[117.3837,31.543],[117.442,31.4841],[117.548,31.4385],[117.6475,31.4623],[117.6852,31.5086],[117.7499,31.5595],[117.7682,31.5913],[117.835,31.588],[117.9363,31.5483]]]},"properties":{"name":"Chao Hu","scalerank":5,"min_zoom":4.7}},
{"type":"Feature","geometry":{"type":"Polygon","coordinates":[[[12.9416,63.599],[13.0372,63.5957],[13.0888,63.6369],[13.0237,63.7052],[13.2345,63.7064],[13.2445,63.7329],[13.064,63.732],[12.8983,63.6696],[12.9416,63.599]]]},"properties":{"name":null,"scalerank":5,"min_zoom":4.7}},
{"type":"Feature","geometry":{"type":"Polygon","coordinates":[[[45.0387,40.4964],[45.125,40.4048],[45.2266,40.3719],[45.2207,40.2418],[45.2542,40.1679],[45.3305,40.1393],[45.4043,40.1446],[45.4441,40.1661],[45.5086,40.1461],[45.563,40.1717],[45.6487,40.1826],[45.6663,40.2247],[45.6493,40.275],[45.5836,40.3454],[45.4909,40.3857],[45.4061,40.4681],[45.3464,40.4475],[45.2218,40.5335],[45.0779,40.6021],[45.0014,40.6253],[44.9775,40.5906],[45.0125,40.5582],[44.9666,40.537],[44.9937,40.4987],[45.0387,40.4964]]]},"properties":{"name":"Lake Sevan","scalerank":5,"min_zoom":4.7}},
{"type":"Feature","geometry":{"type":"Polygon","coordinates":[[[114.6503,30.241],[114.7097,30.2051],[114.773,30.2787],[114.8278,30.2843],[114.8537,30.3137],[114.7851,30.3529],[114.7395,30.3541],[114.6503,30.241]]]},"properties":{"name":null,"scalerank":5,"min_zoom":4.7}},
{"type":"Feature","geometry":{"type":"Polygon","coordinates":[[[114.5955,30.6364],[114.6317,30.6131],[114.7177,30.6216],[114.7836,30.6702],[114.773,30.7147],[114.73,30.7438],[114.6282,30.7173],[114.6732,30.6278],[114.5955,30.6364]]]},"properties":{"name":null,"scalerank":5,"min_zoom":4.7}},
{"type":"Feature","geometry":{"type":"Polygon","coordinates":[[[117.3275,34.6273],[117.2342,34.6986],[117.1477,34.7345],[117.1291,34.6374],[117.1691,34.5361],[117.2015,34.5128],[117.2619,34.5055],[117.3405,34.58],[117.3275,34.6273]]]},"properties":{"name":"Weishan Hu","scalerank":5,"min_zoom":4.7}},
{"type":"Feature","geometry":{"type":"Polygon","coordinates":[[[114.6623,30.3496],[114.6656,30.3876],[114.7074,30.4497],[114.7565,30.4156],[114.7671,30.4786],[114.7003,30.5039],[114.5882,30.4053],[114.5019,30.4497],[114.5505,30.3688],[114.5861,30.3488],[114.6623,30.3496]]]},"properties":{"name":null,"scalerank":5,"min_zoom":4.7}},
{"type":"Feature","geometry":{"type":"Polygon","coordinates":[[[114.2941,30.0338],[114.2617,30.0244],[114.2017,30.1448],[114.1454,30.093],[114.1401,29.9805],[114.1628,29.9211],[114.2208,29.894],[114.2758,29.9219],[114.2014,29.952],[114.2417,29.9835],[114.302,30.0041],[114.2941,30.0338]]]},"properties":{"name":"Huangtang Hu","scalerank":5,"min_zoom":4.7}},
{"type":"Feature","geometry":{"type":"Polygon","coordinates":[[[114.1313,29.9269],[114.1242,29.9767],[114.0883,30.0347],[114.0283,29.9896],[113.985,29.9835],[114.015,29.929],[113.9538,29.9016],[113.9679,29.8669],[114.0398,29.8954],[114.0848,29.9555],[114.1313,29.9269]]]},"properties":{"name":null,"scalerank":5,"min_zoom":4.7}},
{"type":"Feature","geometry":{"type":"Polygon","coordinates":[[[91.2831,35.6302],[91.1497,35.6267],[91.0944,35.6467],[90.9566,35.655],[90.9419,35.6146],[91.0037,35.5999],[91.0723,35.5575],[91.16,35.5514],[91.233,35.5266],[91.2707,35.5655],[91.339,35.5799],[91.2831,35.6302]]]},"properties":{"name":"Hoh Xil Hu","scalerank":5,"min_zoom":4.7}},
{"type":"Feature","geometry":{"type":"Polygon","coordinates":[[[85.8947,30.9554],[85.8806,30.9843],[85.8029,30.997],[85.7472,31.0273],[85.6516,31.0388],[85.6292,30.999],[85.497,31.0417],[85.412,31.0811],[85.3967,31.0361],[85.354,31.0081],[85.3313,30.9572],[85.3778,30.8886],[85.4134,30.8701],[85.5827,30.83],[85.6107,30.8607],[85.6754,30.8816],[85.734,30.8742],[85.762,30.8309],[85.8035,30.8103],[85.7614,30.7582],[85.8155,30.7476],[85.8556,30.8144],[85.8565,30.9139],[85.8947,30.9554]]]},"properties":{"name":null,"scalerank":5,"min_zoom":4.7}},
{"type":"Feature","geometry":{"type":"Polygon","coordinates":[[[91.8986,68.398],[91.9701,68.4156],[92.3289,68.4177],[92.3928,68.4436],[92.0787,68.4404],[92.0455,68.4568],[92.0979,68.5166],[92.0458,68.5437],[91.8318,68.4321],[91.6548,68.4156],[91.3805,68.4636],[91.1073,68.456],[90.9528,68.4177],[90.7953,68.4033],[90.8082,68.3621],[90.6911,68.3606],[90.6334,68.3953],[90.5242,68.4021],[90.4556,68.3741],[90.2757,68.3391],[89.8522,68.3968],[89.7774,68.388],[89.6567,68.415],[89.544,68.3853],[89.395,68.4039],[89.3338,68.3824],[89.5375,68.3126],[89.6264,68.327],[89.627,68.3753],[89.7415,68.3674],[89.7783,68.2623],[89.8872,68.2308],[89.9964,68.2443],[90.0782,68.224],[90.1321,68.2682],[90.322,68.2514],[90.4638,68.2726],[90.5863,68.3132],[90.8053,68.3197],[90.9607,68.3041],[91.1738,68.4018],[91.3402,68.4145],[91.437,68.3959],[91.6666,68.3862],[91.8986,68.398]]]},"properties":{"name":"Ozero Khantayskoye","scalerank":6,"min_zoom":5}},
{"type":"Feature","geometry":{"type":"Polygon","coordinates":[[[90.0114,68.7056],[90.1474,68.6929],[90.5439,68.71],[90.959,68.7771],[91.1421,68.8004],[91.3243,68.8007],[91.2507,68.8454],[90.8462,68.8198],[90.7279,68.7777],[90.4344,68.7412],[90.3178,68.7433],[90.1839,68.7712],[90.0882,68.8651],[89.7671,68.8478],[89.5913,68.8663],[89.5092,68.813],[89.5766,68.7833],[89.712,68.7857],[89.8089,68.753],[89.9511,68.7577],[90.0114,68.7056]]]},"properties":{"name":"Ozero Keta","scalerank":6,"min_zoom":5}},
{"type":"Feature","geometry":{"type":"Polygon","coordinates":[[[88.7907,69.3617],[88.9276,69.3134],[89.133,69.327],[89.35,69.3547],[89.5601,69.4091],[89.6532,69.4642],[89.7388,69.468],[89.8386,69.5177],[90.0423,69.5489],[90.4721,69.5404],[90.5834,69.4798],[90.6934,69.4418],[90.9969,69.4574],[91.3876,69.4642],[91.4149,69.5021],[91.2401,69.4915],[91.0061,69.4989],[90.7532,69.4751],[90.6761,69.4951],[90.6284,69.5539],[90.4833,69.5672],[90.4217,69.5946],[90.2981,69.6007],[90.1636,69.6322],[89.8575,69.6046],[89.6835,69.4968],[89.5054,69.468],[89.0088,69.4215],[88.8866,69.3753],[88.7907,69.3617]]]},"properties":{"name":"Ozero Lama","scalerank":6,"min_zoom":5}},
{"type":"Feature","geometry":{"type":"Polygon","coordinates":[[[17.9481,65.9015],[17.9337,65.8909],[17.9823,65.8644],[18.0573,65.7687],[18.0847,65.6931],[18.2189,65.6889],[18.3802,65.646],[18.5298,65.6589],[18.4011,65.704],[18.3302,65.7778],[18.2213,65.7687],[18.098,65.787],[18.0373,65.8712],[17.9481,65.9015]]]},"properties":{"name":"Storavan","scalerank":6,"min_zoom":5}},
{"type":"Feature","geometry":{"type":"Polygon","coordinates":[[[17.9337,65.8909],[17.9481,65.9015],[17.9137,65.933],[17.9749,65.9606],[17.9099,66.051],[18.0909,66.0481],[18.0529,66.0975],[17.9787,66.0872],[17.8377,66.1311],[17.7998,66.1761],[17.6202,66.2179],[17.612,66.1879],[17.6532,66.1349],[17.7306,66.1258],[17.7324,66.0787],[17.5531,66.0528],[17.4518,66.1114],[17.3373,66.0834],[17.38,66.0595],[17.4816,66.076],[17.7482,65.9686],[17.7394,65.8458],[17.8121,65.8473],[17.8719,65.9121],[17.9337,65.8909]]]},"properties":{"name":"Uddjaure","scalerank":6,"min_zoom":5}},
{"type":"Feature","geometry":{"type":"Polygon","coordinates":[[[15.5193,63.7626],[15.6321,63.8356],[15.5349,63.8768],[15.4763,63.994],[15.3636,64.0314],[15.4245,64.0735],[15.3665,64.13],[15.3118,64.1371],[15.2361,64.2916],[15.2612,64.3293],[15.1555,64.3425],[15.2332,64.2469],[14.963,64.3428],[14.7128,64.3566],[14.5002,64.4052],[14.371,64.4017],[14.3171,64.4329],[14.1806,64.4723],[14.1655,64.5347],[14.0761,64.5571],[13.8347,64.6513],[13.8832,64.5901],[14.1364,64.5156],[14.1756,64.4547],[14.2856,64.4214],[14.3372,64.3855],[14.5921,64.374],[14.6922,64.3428],[14.8081,64.3461],[14.9936,64.3151],[15.119,64.2645],[15.1455,64.2248],[15.2535,64.1497],[15.3295,64.117],[15.3568,64.0011],[15.4522,63.9787],[15.4045,63.8974],[15.5482,63.8527],[15.5193,63.7626]]]},"properties":{"name":null,"scalerank":6,"min_zoom":5}},
{"type":"Feature","geometry":{"type":"Polygon","coordinates":[[[13.611,64.6796],[13.4623,64.7643],[13.2253,64.7217],[13.2168,64.6584],[13.3669,64.7046],[13.611,64.6796]]]},"properties":{"name":null,"scalerank":6,"min_zoom":5}},
{"type":"Feature","geometry":{"type":"Polygon","coordinates":[[[19.4806,42.113],[19.4785,42.1413],[19.3658,42.2311],[19.3207,42.2543],[19.2274,42.2705],[19.1459,42.2708],[19.1194,42.2434],[19.1918,42.2234],[19.2083,42.1766],[19.2477,42.1439],[19.372,42.088],[19.475,42.0721],[19.4806,42.113]]]},"properties":{"name":"Lake Skadar","scalerank":6,"min_zoom":5}},
{"type":"Feature","geometry":{"type":"Polygon","coordinates":[[[-72.502,-40.7025],[-72.4424,-40.7016],[-72.3855,-40.6798],[-72.3493,-40.6392],[-72.3769,-40.621],[-72.5284,-40.6154],[-72.5861,-40.6277],[-72.6158,-40.6607],[-72.502,-40.7025]]]},"properties":{"name":null,"scalerank":6,"min_zoom":5}},
{"type":"Feature","geometry":{"type":"Polygon","coordinates":[[[-68.586,-45.563],[-68.6541,-45.5433],[-68.6782,-45.4992],[-68.6487,-45.4571],[-68.6815,-45.4294],[-68.6844,-45.3858],[-68.7534,-45.3549],[-68.8,-45.3785],[-68.7874,-45.4326],[-68.8463,-45.45],[-68.9028,-45.3961],[-68.8702,-45.3005],[-68.8956,-45.2595],[-68.9601,-45.2598],[-68.9861,-45.3208],[-68.9548,-45.3749],[-68.9919,-45.4535],[-68.9324,-45.4956],[-68.8634,-45.6407],[-68.8248,-45.6566],[-68.7233,-45.6634],[-68.6648,-45.6449],[-68.6107,-45.6722],[-68.5472,-45.6178],[-68.586,-45.563]]]},"properties":{"name":"Lago Colhué Huapí","scalerank":6,"min_zoom":5}},
{"type":"Feature","geometry":{"type":"Polygon","coordinates":[[[9.066,47.723],[8.9836,47.7525],[9.0159,47.6792],[9.1275,47.6706],[9.066,47.723]]]},"properties":{"name":null,"scalerank":6,"min_zoom":5}},
{"type":"Feature","geometry":{"type":"Polygon","coordinates":[[[36.7727,62.2746],[36.8092,62.2081],[36.9084,62.1722],[36.969,62.1881],[37.03,62.2852],[36.9838,62.3202],[37.075,62.4147],[36.919,62.4804],[36.8195,62.4592],[36.7718,62.3882],[36.8333,62.3556],[36.7727,62.2746]]]},"properties":{"name":null,"scalerank":6,"min_zoom":5}},
{"type":"Feature","geometry":{"type":"Polygon","coordinates":[[[38.9478,60.8028],[38.8695,60.7739],[38.8224,60.7318],[38.9216,60.6353],[39.0102,60.5797],[39.0667,60.5202],[39.0602,60.4351],[39.1232,60.4195],[39.1894,60.4758],[39.1771,60.519],[39.1974,60.5908],[39.1697,60.6859],[39.0682,60.7142],[38.9478,60.8028]]]},"properties":{"name":null,"scalerank":6,"min_zoom":5}},
{"type":"Feature","geometry":{"type":"Polygon","coordinates":[[[31.6196,64.4667],[31.8003,64.3958],[31.8448,64.4317],[32.0093,64.3976],[32.0114,64.4288],[31.9342,64.5006],[31.8153,64.4626],[31.6387,64.4871],[31.6196,64.4667]]]},"properties":{"name":null,"scalerank":6,"min_zoom":5}},
{"type":"Feature","geometry":{"type":"Polygon","coordinates":[[[35.0121,67.7857],[35.058,67.7077],[35.1402,67.7492],[35.1396,67.8004],[35.2208,67.8534],[35.2879,67.8619],[35.2191,67.9641],[35.2311,67.9909],[35.1472,68.0321],[35.058,67.9479],[35.1187,67.9152],[35.1201,67.851],[34.9824,67.8039],[35.0121,67.7857]]]},"properties":{"name":null,"scalerank":6,"min_zoom":5}},
{"type":"Feature","geometry":{"type":"Polygon","coordinates":[[[139.8296,53.3627],[139.7946,53.4037],[139.8402,53.4613],[139.9735,53.5361],[139.9114,53.577],[139.8196,53.5676],[139.7277,53.5323],[139.6321,53.4681],[139.6262,53.4419],[139.6715,53.373],[139.7472,53.3377],[139.8296,53.3627]]]},"properties":{"name":null,"scalerank":6,"min_zoom":5}},
{"type":"Feature","geometry":{"type":"Polygon","coordinates":[[[174.7474,64.659],[174.5805,64.6507],[174.6582,64.6154],[174.5931,64.5621],[174.3002,64.6042],[174.1142,64.5459],[174.093,64.4971],[174.3491,64.4011],[174.4259,64.4029],[174.624,64.4476],[174.7741,64.5551],[174.813,64.6513],[174.7474,64.659]]]},"properties":{"name":"Ozero Krasnoye","scalerank":6,"min_zoom":5}},
{"type":"Feature","geometry":{"type":"Polygon","coordinates":[[[136.221,35.385],[136.1968,35.4748],[136.1527,35.438],[136.0585,35.4365],[136.0429,35.3865],[136.0744,35.3215],[135.9572,35.219],[135.9322,35.1713],[135.9281,35.1192],[135.8736,35.0389],[135.9193,35.0389],[135.9572,35.1036],[135.9999,35.1319],[136.0564,35.1404],[136.0779,35.1905],[136.1633,35.2258],[136.2398,35.2708],[136.2787,35.3647],[136.221,35.385]]]},"properties":{"name":"Biwa Ko","scalerank":6,"min_zoom":5}},
{"type":"Feature","geometry":{"type":"Polygon","coordinates":[[[90.946,50.0879],[91.1129,50.0932],[91.1409,50.1236],[91.1076,50.2019],[91.0517,50.2198],[90.9754,50.2142],[90.9292,50.1924],[90.8689,50.123],[90.946,50.0879]]]},"properties":{"name":"Reg Nuur","scalerank":6,"min_zoom":5}},
{"type":"Feature","geometry":{"type":"Polygon","coordinates":[[[90.3108,33.3192],[90.3117,33.3619],[90.3641,33.4146],[90.4079,33.4199],[90.402,33.5305],[90.344,33.6085],[90.2969,33.6324],[90.2701,33.6021],[90.3028,33.4799],[90.2074,33.4028],[90.138,33.4037],[90.0529,33.4537],[90.0143,33.4461],[89.9964,33.4034],[90.0859,33.3625],[90.1241,33.3578],[90.1604,33.3898],[90.1945,33.361],[90.2908,33.3136],[90.3108,33.3192]]]},"properties":{"name":null,"scalerank":6,"min_zoom":5}},
{"type":"Feature","geometry":{"type":"Polygon","coordinates":[[[89.9564,33.5126],[89.863,33.5191],[89.8439,33.4755],[89.7774,33.3834],[89.7842,33.3136],[89.8324,33.2727],[89.8704,33.293],[89.8916,33.3436],[89.9469,33.386],[89.9564,33.5126]]]},"properties":{"name":null,"scalerank":6,"min_zoom":5}},
{"type":"Feature","geometry":{"type":"Polygon","coordinates":[[[75.9149,32.1088],[75.9567,32.0416],[75.9343,31.9675],[76.0791,31.9177],[76.1286,31.8721],[76.2001,31.878],[76.1574,31.9801],[76.1224,32.0175],[76.1065,32.0846],[76.0406,32.1079],[75.9744,32.1682],[75.9149,32.1088]]]},"properties":{"name":null,"scalerank":6,"min_zoom":5}},
{"type":"Feature","geometry":{"type":"Polygon","coordinates":[[[91.5271,32.1191],[91.4838,32.1353],[91.422,32.0734],[91.4314,31.9807],[91.4635,31.9525],[91.5115,31.9713],[91.5321,32.0467],[91.5271,32.1191]]]},"properties":{"name":null,"scalerank":6,"min_zoom":5}},
{"type":"Feature","geometry":{"type":"Polygon","coordinates":[[[87.6062,31.9536],[87.539,31.9792],[87.4189,31.9127],[87.4175,31.8435],[87.4472,31.8332],[87.5382,31.8435],[87.6109,31.9039],[87.6062,31.9536]]]},"properties":{"name":null,"scalerank":6,"min_zoom":5}},
{"type":"Feature","geometry":{"type":"Polygon","coordinates":[[[78.9624,33.7401],[78.8682,33.7319],[78.729,33.7445],[78.6183,33.8461],[78.6107,33.8699],[78.5453,33.8964],[78.4974,33.9777],[78.4355,33.9515],[78.4865,33.8932],[78.591,33.827],[78.6563,33.7384],[78.7275,33.678],[78.7582,33.6698],[78.8238,33.6989],[78.8618,33.6895],[78.9704,33.7116],[78.9624,33.7401]]]},"properties":{"name":"Banggong Co","scalerank":6,"min_zoom":5}},
{"type":"Feature","geometry":{"type":"Polygon","coordinates":[[[11.7924,62.0038],[11.7532,61.9773],[11.7518,61.9379],[11.795,61.9308],[11.7924,62.0038]]]},"properties":{"name":"Femunden","scalerank":6,"min_zoom":5}},
{"type":"Feature","geometry":{"type":"Polygon","coordinates":[[[11.951,62.4106],[11.8948,62.3797],[11.9104,62.3132],[11.8574,62.1931],[11.7114,62.1092],[11.8068,62.0709],[11.876,62.0683],[11.8901,62.1513],[11.941,62.1875],[11.9337,62.2761],[11.969,62.3906],[11.951,62.4106]]]},"properties":{"name":"Femunden","scalerank":6,"min_zoom":5}},
{"type":"Feature","geometry":{"type":"Polygon","coordinates":[[[-4.3401,57.3899],[-4.4107,57.3402],[-4.4427,57.3296],[-4.4954,57.271],[-4.6605,57.1645],[-4.6046,57.1815],[-4.5537,57.2239],[-4.5176,57.2354],[-4.4156,57.3196],[-4.3966,57.3417],[-4.3377,57.374],[-4.3401,57.3899]]]},"properties":{"name":"Loch Ness","scalerank":6,"min_zoom":5}},
{"type":"Feature","geometry":{"type":"Polygon","coordinates":[[[99.5085,51.4903],[99.4655,51.4891],[99.389,51.4311],[99.3098,51.4105],[99.3713,51.3393],[99.4308,51.3808],[99.3737,51.414],[99.4929,51.4503],[99.5085,51.4903]]]},"properties":{"name":"Dood-Tsagaan Nuur","scalerank":7,"min_zoom":5.7}},
{"type":"Feature","geometry":{"type":"Polygon","coordinates":[[[58.6086,51.8788],[58.6307,51.8376],[58.7302,51.7661],[58.6549,51.7343],[58.7143,51.7064],[58.7985,51.7011],[58.8079,51.7629],[58.8977,51.772],[58.9266,51.754],[59.0428,51.7752],[59.1815,51.7767],[59.2003,51.8161],[59.0773,51.7838],[58.8968,51.8047],[58.787,51.8418],[58.7173,51.8176],[58.6086,51.8788]]]},"properties":{"name":null,"scalerank":7,"min_zoom":5.7}},
{"type":"Feature","geometry":{"type":"Polygon","coordinates":[[[140.7409,51.6654],[140.6653,51.6784],[140.4236,51.6201],[140.3606,51.6242],[140.2912,51.6878],[140.2508,51.6757],[140.2031,51.7328],[140.2873,51.7429],[140.368,51.7729],[140.4145,51.8394],[140.4807,51.8238],[140.6079,51.8462],[140.6082,51.8771],[140.5093,51.8936],[140.4528,51.8641],[140.4027,51.8942],[140.3294,51.7752],[140.2043,51.7534],[140.1775,51.7323],[140.1937,51.6769],[140.0468,51.6807],[140.1101,51.7543],[140.0751,51.7608],[139.9423,51.6622],[139.9058,51.6151],[139.9414,51.5901],[140.0727,51.6581],[140.1563,51.6554],[140.1878,51.6177],[140.0972,51.5692],[140.1363,51.5312],[140.2464,51.5971],[140.2917,51.6039],[140.4139,51.5571],[140.6088,51.6004],[140.6447,51.6516],[140.7174,51.6269],[140.7409,51.6654]]]},"properties":{"name":null,"scalerank":7,"min_zoom":5.7}},
{"type":"Feature","geometry":{"type":"Polygon","coordinates":[[[137.4185,50.372],[137.379,50.3549],[137.2227,50.3278],[137.1365,50.3414],[137.0899,50.4247],[137.052,50.3705],[137.0779,50.3122],[137.0128,50.254],[136.8768,50.1877],[136.8177,50.0971],[136.7732,49.9961],[136.7532,49.9084],[136.619,49.8772],[136.5777,49.8957],[136.5189,49.9584],[136.4161,49.9558],[136.4097,49.8978],[136.2528,49.8227],[136.1907,49.7777],[136.2225,49.7035],[136.2731,49.6643],[136.3072,49.7265],[136.382,49.7903],[136.5106,49.8583],[136.5816,49.8698],[136.6296,49.8566],[136.6961,49.8748],[136.7405,49.8507],[136.7461,49.8015],[136.7976,49.8106],[136.7658,49.8566],[136.8356,49.9734],[136.8533,50.0447],[136.9045,50.0735],[136.903,50.11],[137.0231,50.1474],[137.0908,50.1992],[137.1438,50.2163],[137.1103,50.2925],[137.1641,50.3102],[137.2253,50.2813],[137.3581,50.2704],[137.3899,50.1868],[137.4367,50.2057],[137.3934,50.2566],[137.3831,50.3167],[137.4185,50.372]],[[137.0793,50.2236],[137.0196,50.1801],[136.9286,50.1524],[136.936,50.2098],[137.0096,50.2375],[137.0793,50.2236]]]},"properties":{"name":null,"scalerank":7,"min_zoom":5.7}},
{"type":"Feature","geometry":{"type":"Polygon","coordinates":[[[-3.9954,15.3194],[-4.0812,15.3568],[-4.1081,15.393],[-4.1373,15.3709],[-4.2667,15.4375],[-4.2528,15.3539],[-4.2228,15.3644],[-4.1848,15.3138],[-4.2313,15.2912],[-4.2259,15.2329],[-4.1913,15.2049],[-4.1439,15.3026],[-4.0886,15.2923],[-4.0711,15.2714],[-4.0104,15.2867],[-3.9954,15.3194]]]},"properties":{"name":"Lake Débo","scalerank":7,"min_zoom":5.7}},
{"type":"Feature","geometry":{"type":"Polygon","coordinates":[[[61.9514,46.2594],[61.8858,46.258],[61.7186,46.2132],[61.6426,46.1761],[61.5638,46.1123],[61.5935,46.0437],[61.6712,45.9995],[61.771,46.0195],[61.7951,46.0628],[61.741,46.0746],[61.7427,46.119],[61.6665,46.1011],[61.6403,46.1411],[61.7942,46.1611],[61.8384,46.1805],[61.9052,46.1688],[61.947,46.2141],[61.9514,46.2594]]]},"properties":{"name":null,"scalerank":7,"min_zoom":5.7}},
{"type":"Feature","geometry":{"type":"Polygon","coordinates":[[[18.8904,49.9484],[18.8445,49.9449],[18.8718,49.9081],[18.896,49.9249],[18.8904,49.9484]]]},"properties":{"name":null,"scalerank":7,"min_zoom":5.7}},
{"type":"Feature","geometry":{"type":"Polygon","coordinates":[[[-5.2216,39.817],[-5.2981,39.8029],[-5.4003,39.8717],[-5.4809,39.8555],[-5.5028,39.8176],[-5.4351,39.7958],[-5.3663,39.8102],[-5.2768,39.7828],[-5.2216,39.817]]]},"properties":{"name":null,"scalerank":7,"min_zoom":5.7}},
{"type":"Feature","geometry":{"type":"Polygon","coordinates":[[[26.9542,61.1395],[26.842,61.1557],[26.7705,61.2228],[26.8291,61.3009],[26.6775,61.3892],[26.6557,61.4271],[26.9115,61.4104],[26.6901,61.4648],[26.5812,61.4104],[26.6707,61.3656],[26.6946,61.3315],[26.7849,61.3126],[26.782,61.2761],[26.5883,61.2417],[26.6357,61.1699],[26.7049,61.146],[26.7116,61.0942],[26.8691,61.1086],[26.9542,61.1395]]]},"properties":{"name":null,"scalerank":7,"min_zoom":5.7}},
{"type":"Feature","geometry":{"type":"Polygon","coordinates":[[[11.8021,62.6087],[11.6838,62.6641],[11.7456,62.692],[11.4639,62.6982],[11.503,62.6785],[11.5978,62.6791],[11.7432,62.6202],[11.8021,62.6087]]]},"properties":{"name":"Aursund","scalerank":7,"min_zoom":5.7}},
{"type":"Feature","geometry":{"type":"Polygon","coordinates":[[[11.2198,59.477],[11.1442,59.3993],[11.0388,59.3569],[11.0114,59.3295],[11.0568,59.3065],[11.0968,59.3648],[11.1945,59.4181],[11.2198,59.477]]]},"properties":{"name":null,"scalerank":7,"min_zoom":5.7}},
{"type":"Feature","geometry":{"type":"Polygon","coordinates":[[[11.2319,59.7448],[11.2413,59.779],[11.2107,59.8558],[11.0968,59.9465],[11.113,59.8567],[11.2319,59.7448]]]},"properties":{"name":"Øyeren","scalerank":7,"min_zoom":5.7}},
{"type":"Feature","geometry":{"type":"Polygon","coordinates":[[[16.4024,60.1558],[16.3294,60.1493],[16.3459,60.1263],[16.4024,60.1558]]]},"properties":{"name":null,"scalerank":7,"min_zoom":5.7}},
{"type":"Feature","geometry":{"type":"Polygon","coordinates":[[[17.2988,60.3848],[17.2249,60.4136],[17.1318,60.4022],[17.0421,60.368],[16.929,60.298],[16.7892,60.2788],[16.8122,60.2514],[16.7465,60.192],[16.8334,60.1761],[16.8372,60.2323],[16.9438,60.2788],[16.9979,60.2706],[17.0594,60.3456],[17.2102,60.3306],[17.2988,60.3848]]]},"properties":{"name":null,"scalerank":7,"min_zoom":5.7}},
{"type":"Feature","geometry":{"type":"Polygon","coordinates":[[[30.0285,60.6733],[29.9596,60.69],[29.7957,60.7728],[29.7863,60.7257],[29.8813,60.7092],[29.8454,60.6644],[29.9962,60.6541],[30.0285,60.6733]]]},"properties":{"name":null,"scalerank":7,"min_zoom":5.7}},
{"type":"Feature","geometry":{"type":"Polygon","coordinates":[[[28.461,59.3204],[28.3957,59.3377],[28.2747,59.3142],[28.157,59.3642],[28.0319,59.3422],[27.9592,59.3068],[28.0071,59.238],[28.1028,59.2742],[28.0999,59.1744],[28.134,59.1694],[28.164,59.2583],[28.2594,59.2668],[28.3324,59.2995],[28.461,59.3204]]]},"properties":{"name":null,"scalerank":7,"min_zoom":5.7}},
{"type":"Feature","geometry":{"type":"Polygon","coordinates":[[[30.4804,46.1561],[30.4212,46.1947],[30.4127,46.2544],[30.2749,46.3133],[30.2069,46.3963],[30.1286,46.3739],[30.1254,46.3051],[30.1922,46.2524],[30.3029,46.2238],[30.3668,46.1752],[30.423,46.0914],[30.498,46.1249],[30.4804,46.1561]]]},"properties":{"name":null,"scalerank":7,"min_zoom":5.7}},
{"type":"Feature","geometry":{"type":"Polygon","coordinates":[[[13.3148,61.6229],[13.3307,61.5708],[13.3834,61.564],[13.3148,61.6229]]]},"properties":{"name":null,"scalerank":7,"min_zoom":5.7}},
{"type":"Feature","geometry":{"type":"Polygon","coordinates":[[[37.458,-3.5864],[37.4247,-3.61],[37.3341,-3.61],[37.3417,-3.6597],[37.3953,-3.7106],[37.4274,-3.768],[37.4536,-3.7627],[37.4462,-3.6685],[37.4774,-3.5955],[37.458,-3.5864]]]},"properties":{"name":"Lake Lembeni","scalerank":7,"min_zoom":5.7}},
{"type":"Feature","geometry":{"type":"Polygon","coordinates":[[[113.0616,29.3965],[113.0339,29.3612],[112.9798,29.3741],[112.9229,29.4274],[112.8588,29.4445],[112.8611,29.3947],[112.8838,29.3491],[112.8329,29.272],[112.8352,29.2155],[112.8988,29.2846],[112.9974,29.3394],[113.0163,29.2782],[112.9874,29.254],[112.9862,29.1704],[113.0557,29.2846],[113.0616,29.3965]]]},"properties":{"name":null,"scalerank":7,"min_zoom":5.7}},
{"type":"Feature","geometry":{"type":"Polygon","coordinates":[[[15.0672,60.8923],[14.9936,60.8958],[14.9226,60.8608],[14.5618,60.9856],[14.507,60.9026],[14.6571,60.8452],[14.6995,60.8131],[15.0489,60.8378],[15.0672,60.8923]]]},"properties":{"name":"Siljan","scalerank":7,"min_zoom":5.7}},
{"type":"Feature","geometry":{"type":"Polygon","coordinates":[[[20.7867,67.8772],[20.6477,67.851],[20.54,67.8537],[20.4346,67.9199],[20.4137,67.9547],[20.3254,67.9782],[20.3322,68.0297],[20.2262,68.0162],[19.9719,68.234],[19.8429,68.2358],[19.6984,68.2626],[19.7838,68.2967],[19.5624,68.3011],[19.4776,68.3197],[19.2204,68.3367],[19.112,68.3724],[18.7909,68.4218],[18.5919,68.4407],[18.7279,68.3518],[18.7968,68.34],[19.0711,68.3526],[19.316,68.2796],[19.5012,68.2776],[19.4956,68.2496],[19.931,68.191],[20.0405,68.156],[20.1638,68.0265],[20.3716,67.9555],[20.4626,67.8722],[20.6348,67.8216],[20.7867,67.8772]]]},"properties":{"name":"Torneträsk","scalerank":7,"min_zoom":5.7}},
{"type":"Feature","geometry":{"type":"Polygon","coordinates":[[[-56.6239,-1.2924],[-56.6903,-1.2921],[-56.6913,-1.3275],[-56.5141,-1.3607],[-56.4952,-1.3846],[-56.5538,-1.429],[-56.5178,-1.4426],[-56.4496,-1.4072],[-56.4147,-1.4464],[-56.3632,-1.4499],[-56.316,-1.4976],[-56.3308,-1.5574],[-56.2939,-1.5789],[-56.1686,-1.5524],[-56.0895,-1.5462],[-56.024,-1.5756],[-55.9939,-1.6418],[-55.9557,-1.6795],[-55.9199,-1.6089],[-55.9647,-1.5983],[-55.997,-1.515],[-55.9626,-1.4841],[-56.0001,-1.429],[-56.0123,-1.4894],[-56.151,-1.5182],[-56.1919,-1.505],[-56.2168,-1.53],[-56.2515,-1.5156],[-56.2952,-1.4573],[-56.384,-1.429],[-56.4321,-1.3675],[-56.4312,-1.3363],[-56.5242,-1.3278],[-56.6239,-1.2924]]]},"properties":{"name":"Lago de  Erepecu","scalerank":7,"min_zoom":5.7}},
{"type":"Feature","geometry":{"type":"Polygon","coordinates":[[[118.8261,29.6273],[118.8344,29.6285],[118.84,29.6302],[118.8261,29.6273]]]},"properties":{"name":null,"scalerank":7,"min_zoom":5.7}},
{"type":"Feature","geometry":{"type":"Polygon","coordinates":[[[108.9449,41.0236],[108.8587,41.0368],[108.8313,40.985],[108.8616,40.9317],[108.8004,40.9391],[108.7518,40.8997],[108.7082,40.8119],[108.7297,40.8043],[108.8772,40.9061],[108.9449,40.9718],[108.9449,41.0236]]]},"properties":{"name":"Ulansuhai Nur","scalerank":7,"min_zoom":5.7}},
{"type":"Feature","geometry":{"type":"Polygon","coordinates":[[[112.8773,28.9979],[112.8473,28.9479],[112.7251,28.8828],[112.6345,28.8867],[112.5865,28.9146],[112.4835,28.8964],[112.4793,28.8499],[112.4255,28.8357],[112.3943,28.8958],[112.3192,28.9246],[112.283,28.8658],[112.268,28.9517],[112.2815,29.0041],[112.2527,29.0768],[112.1944,29.0724],[112.1991,28.9761],[112.1423,28.9346],[112.1676,28.8849],[112.2141,28.8351],[112.2612,28.8254],[112.3383,28.8322],[112.3601,28.8814],[112.4113,28.8254],[112.4734,28.7813],[112.5367,28.793],[112.5756,28.8384],[112.6192,28.7813],[112.6583,28.8116],[112.6598,28.8481],[112.8573,28.9158],[112.8773,28.9979]]]},"properties":{"name":"Dongting Hu","scalerank":7,"min_zoom":5.7}},
{"type":"Feature","geometry":{"type":"Polygon","coordinates":[[[16.3512,67.3824],[16.3968,67.3489],[16.511,67.35],[16.549,67.3241],[16.7068,67.3168],[16.6726,67.378],[16.5311,67.4381],[16.8407,67.4704],[16.9075,67.5178],[16.6217,67.4866],[16.3983,67.4966],[16.3989,67.4204],[16.3512,67.3824]]]},"properties":{"name":"Virihaure","scalerank":7,"min_zoom":5.7}},
{"type":"Feature","geometry":{"type":"Polygon","coordinates":[[[15.0074,65.21],[15.0342,65.2701],[14.9318,65.2542],[15.0074,65.21]]]},"properties":{"name":null,"scalerank":7,"min_zoom":5.7}},
{"type":"Feature","geometry":{"type":"Polygon","coordinates":[[[15.4181,64.9586],[15.2067,65.0352],[15.0551,65.0419],[15.3171,64.9742],[15.4181,64.9586]]]},"properties":{"name":null,"scalerank":7,"min_zoom":5.7}},
{"type":"Feature","geometry":{"type":"Polygon","coordinates":[[[15.8843,64.9121],[15.9874,64.8226],[16.1204,64.7914],[16.2817,64.7066],[16.3915,64.6857],[16.5087,64.6378],[16.5422,64.6657],[16.4098,64.7019],[16.385,64.739],[16.3097,64.7476],[16.2043,64.7902],[16.028,64.8359],[15.9874,64.9015],[15.8843,64.9121]]]},"properties":{"name":null,"scalerank":7,"min_zoom":5.7}},
{"type":"Feature","geometry":{"type":"Polygon","coordinates":[[[87.8043,51.3984],[87.6974,51.5815],[87.6839,51.7632],[87.6282,51.7246],[87.6482,51.5992],[87.6842,51.5341],[87.7513,51.3681],[87.8043,51.3984]]]},"properties":{"name":"Ozero Teletskoye","scalerank":7,"min_zoom":5.7}},
{"type":"Feature","geometry":{"type":"Polygon","coordinates":[[[119.5794,31.6628],[119.5117,31.6519],[119.4814,31.5474],[119.5523,31.563],[119.6009,31.6213],[119.5794,31.6628]]]},"properties":{"name":null,"scalerank":7,"min_zoom":5.7}},
{"type":"Feature","geometry":{"type":"Polygon","coordinates":[[[119.8582,31.6784],[119.7987,31.6866],[119.7707,31.6078],[119.7322,31.5409],[119.7236,31.4862],[119.7666,31.4747],[119.8576,31.5977],[119.8582,31.6784]]]},"properties":{"name":"Ge Hu","scalerank":7,"min_zoom":5.7}},
{"type":"Feature","geometry":{"type":"Polygon","coordinates":[[[115.1766,30.1462],[115.1121,30.1345],[115.0129,30.1353],[114.9473,30.1174],[114.9052,30.0871],[115.0415,30.0862],[115.1366,30.0671],[115.1907,30.1094],[115.1766,30.1462]]]},"properties":{"name":null,"scalerank":7,"min_zoom":5.7}},
{"type":"Feature","geometry":{"type":"Polygon","coordinates":[[[31.4271,49.7706],[31.4727,49.7609],[31.5265,49.7936],[31.581,49.8548],[31.5766,49.9449],[31.5265,49.9982],[31.4406,50.0143],[31.4256,49.9257],[31.4432,49.8436],[31.4271,49.7706]]]},"properties":{"name":null,"scalerank":7,"min_zoom":5.7}},
{"type":"Feature","geometry":{"type":"Polygon","coordinates":[[[80.6391,46.6256],[80.6353,46.6218],[80.6427,46.6218],[80.6391,46.6256]]]},"properties":{"name":"Lake Sasykkol","scalerank":7,"min_zoom":5.7}},
{"type":"Feature","geometry":{"type":"Polygon","coordinates":[[[80.6391,46.6256],[80.7301,46.5991],[80.8334,46.5011],[80.9338,46.5064],[81.0024,46.4864],[81.0671,46.4988],[81.1575,46.4578],[81.1752,46.5032],[81.2405,46.5726],[81.2023,46.6557],[81.156,46.6763],[81.0722,46.6495],[80.975,46.6495],[80.9179,46.668],[80.842,46.6701],[80.7595,46.6942],[80.6321,46.7036],[80.6085,46.6839],[80.6391,46.6256]]]},"properties":{"name":"Lake Sasykkol","scalerank":7,"min_zoom":5.7}},
{"type":"Feature","geometry":{"type":"Polygon","coordinates":[[[-72.0087,-39.2207],[-72.0637,-39.1915],[-72.1323,-39.2065],[-72.1946,-39.1918],[-72.2252,-39.2672],[-72.0695,-39.2872],[-71.9756,-39.2425],[-72.0087,-39.2207]]]},"properties":{"name":null,"scalerank":7,"min_zoom":5.7}},
{"type":"Feature","geometry":{"type":"Polygon","coordinates":[[[-72.7917,-48.6915],[-72.7948,-48.5055],[-72.8375,-48.4319],[-72.9163,-48.3978],[-72.9723,-48.4281],[-72.8726,-48.4537],[-72.8375,-48.5279],[-72.8238,-48.6106],[-72.8401,-48.7104],[-72.8791,-48.7472],[-72.9556,-48.7339],[-72.9945,-48.7472],[-73.0127,-48.8611],[-72.9748,-48.8979],[-72.9019,-48.8293],[-72.8236,-48.8143],[-72.7852,-48.8605],[-72.7254,-48.8864],[-72.6081,-48.8979],[-72.5796,-48.985],[-72.4928,-48.955],[-72.4813,-49.0418],[-72.5154,-49.0966],[-72.4548,-49.1484],[-72.2868,-49.1655],[-72.2596,-49.1207],[-72.3702,-49.0922],[-72.4608,-49.083],[-72.3775,-48.9591],[-72.2751,-48.9594],[-72.303,-48.9253],[-72.4608,-48.9253],[-72.6009,-48.8443],[-72.5284,-48.7975],[-72.4945,-48.8581],[-72.4548,-48.8481],[-72.4777,-48.7952],[-72.5351,-48.733],[-72.5631,-48.5314],[-72.6177,-48.5143],[-72.5868,-48.6256],[-72.5827,-48.7604],[-72.6321,-48.8228],[-72.7203,-48.8205],[-72.8033,-48.7675],[-72.7917,-48.6915]]]},"properties":{"name":"Lago San Martín","scalerank":7,"min_zoom":5.7}},
{"type":"Feature","geometry":{"type":"Polygon","coordinates":[[[32.5403,1.6253],[32.6286,1.6353],[32.6498,1.67],[32.6966,1.6904],[32.7417,1.7283],[32.7864,1.7298],[32.787,1.8022],[32.8173,1.8328],[32.8515,1.7951],[32.9089,1.784],[32.9545,1.7987],[33.0178,1.9123],[33.0028,1.9291],[32.9313,1.8793],[32.9068,1.8255],[32.8515,1.8737],[32.7673,1.8449],[32.7629,1.8116],[32.7087,1.7801],[32.6693,1.8002],[32.6478,1.743],[32.571,1.6762],[32.5197,1.6683],[32.4294,1.6977],[32.3481,1.658],[32.2831,1.6615],[32.3034,1.6206],[32.3664,1.6044],[32.4023,1.5682],[32.4411,1.5847],[32.3278,1.6259],[32.324,1.6409],[32.4108,1.6798],[32.4494,1.6777],[32.5403,1.6253]]]},"properties":{"name":"Lake Kwania","scalerank":7,"min_zoom":5.7}},
{"type":"Feature","geometry":{"type":"Polygon","coordinates":[[[20.8188,41.1125],[20.7702,41.1287],[20.7225,41.1746],[20.6501,41.1652],[20.6333,41.0162],[20.6507,40.9206],[20.7287,40.9094],[20.7914,40.9344],[20.8114,41.02],[20.8188,41.1125]]]},"properties":{"name":null,"scalerank":7,"min_zoom":5.7}},
{"type":"Feature","geometry":{"type":"Polygon","coordinates":[[[8.8461,46.1691],[8.7952,46.1644],[8.7333,46.1305],[8.7004,46.0811],[8.7136,46.0387],[8.6271,45.9636],[8.5211,45.8977],[8.6215,45.847],[8.6062,45.9053],[8.6486,45.9451],[8.7201,45.9816],[8.7534,46.0175],[8.7419,46.0834],[8.8461,46.1691]]]},"properties":{"name":"Lago di Como","scalerank":7,"min_zoom":5.7}},
{"type":"Feature","geometry":{"type":"Polygon","coordinates":[[[10.8551,45.8956],[10.8239,45.8438],[10.7636,45.787],[10.7294,45.7302],[10.5569,45.6057],[10.5737,45.5491],[10.5216,45.5091],[10.539,45.4841],[10.7009,45.4493],[10.7312,45.5182],[10.692,45.5974],[10.72,45.6704],[10.8481,45.8135],[10.8698,45.8603],[10.8551,45.8956]]]},"properties":{"name":"Lago di Garda","scalerank":7,"min_zoom":5.7}},
{"type":"Feature","geometry":{"type":"Polygon","coordinates":[[[29.1546,69.229],[29.2405,69.2351],[29.3291,69.2905],[29.2626,69.3205],[29.1546,69.229]]]},"properties":{"name":null,"scalerank":7,"min_zoom":5.7}},
{"type":"Feature","geometry":{"type":"Polygon","coordinates":[[[136.4064,51.9577],[136.4871,51.8824],[136.6157,51.9254],[136.6357,51.9577],[136.7426,51.9566],[136.7797,51.9945],[136.7461,52.0696],[136.702,52.1046],[136.5984,52.0699],[136.4624,52.0546],[136.4097,52.0019],[136.4064,51.9577]]]},"properties":{"name":null,"scalerank":7,"min_zoom":5.7}},
{"type":"Feature","geometry":{"type":"Polygon","coordinates":[[[84.062,30.5048],[84.0105,30.4956],[84.0514,30.4082],[84.0891,30.3614],[84.0962,30.453],[84.062,30.5048]]]},"properties":{"name":null,"scalerank":7,"min_zoom":5.7}},
{"type":"Feature","geometry":{"type":"Polygon","coordinates":[[[-44.6793,-3.7786],[-44.6879,-3.7951],[-44.658,-3.8714],[-44.6447,-3.824],[-44.6793,-3.7786]]]},"properties":{"name":null,"scalerank":8,"min_zoom":6}},
{"type":"Feature","geometry":{"type":"Polygon","coordinates":[[[15.7845,58.5132],[15.6244,58.5465],[15.5641,58.5368],[15.5149,58.4888],[15.6115,58.4806],[15.7845,58.5132]]]},"properties":{"name":null,"scalerank":8,"min_zoom":6}},
{"type":"Feature","geometry":{"type":"Polygon","coordinates":[[[15.1066,58.5521],[15.2267,58.5388],[15.2556,58.5686],[15.0984,58.5815],[15.1066,58.5521]]]},"properties":{"name":null,"scalerank":8,"min_zoom":6}},
{"type":"Feature","geometry":{"type":"Polygon","coordinates":[[[16.2967,66.5738],[16.3683,66.4876],[16.431,66.4905],[16.2967,66.5738]]]},"properties":{"name":null,"scalerank":8,"min_zoom":6}},
{"type":"Feature","geometry":{"type":"Polygon","coordinates":[[[17.612,66.1879],[17.6202,66.2179],[17.5696,66.2547],[17.3544,66.3554],[17.2617,66.3442],[17.4295,66.2762],[17.3994,66.2212],[17.612,66.1879]]]},"properties":{"name":"Hornavan","scalerank":8,"min_zoom":6}},
{"type":"Feature","geometry":{"type":"Polygon","coordinates":[[[-71.3025,-41.1234],[-71.199,-41.0993],[-71.2221,-41.0707],[-71.3549,-41.0622],[-71.4124,-41.0448],[-71.5103,-40.9883],[-71.5075,-40.8718],[-71.5715,-40.8176],[-71.6292,-40.845],[-71.6732,-40.8082],[-71.6989,-40.7419],[-71.7427,-40.7829],[-71.6091,-40.9153],[-71.5707,-40.9654],[-71.5843,-40.9924],[-71.6507,-41.0066],[-71.7645,-41.0027],[-71.7898,-41.0245],[-71.6504,-41.0484],[-71.5147,-41.0516],[-71.4235,-41.1037],[-71.3025,-41.1234]]]},"properties":{"name":"Lago Nahuel Huapí","scalerank":8,"min_zoom":6}},
{"type":"Feature","geometry":{"type":"Polygon","coordinates":[[[12.5159,60.9544],[12.548,60.9891],[12.4724,61.0197],[12.5159,60.9544]]]},"properties":{"name":null,"scalerank":8,"min_zoom":6}},
{"type":"Feature","geometry":{"type":"Polygon","coordinates":[[[91.2101,24.3623],[91.1347,24.3393],[91.155,24.2893],[91.1394,24.2628],[91.0758,24.2975],[91.0529,24.286],[91.0532,24.2195],[91.1403,24.2478],[91.1833,24.309],[91.2389,24.337],[91.2101,24.3623]]]},"properties":{"name":null,"scalerank":8,"min_zoom":6}},
{"type":"Feature","geometry":{"type":"Polygon","coordinates":[[[-54.1601,-2.2382],[-54.1692,-2.2147],[-54.236,-2.2394],[-54.2934,-2.2323],[-54.3202,-2.2064],[-54.3945,-2.2135],[-54.3431,-2.2794],[-54.3979,-2.3103],[-54.3627,-2.3339],[-54.2919,-2.2786],[-54.2623,-2.3136],[-54.2172,-2.3186],[-54.2086,-2.2706],[-54.1779,-2.2791],[-54.1601,-2.2382]]]},"properties":{"name":"Lago Grande","scalerank":8,"min_zoom":6}},
{"type":"Feature","geometry":{"type":"Polygon","coordinates":[[[24.8045,-21.2874],[24.7612,-21.2709],[24.6994,-21.2812],[24.6843,-21.3192],[24.7156,-21.3366],[24.7635,-21.3222],[24.8045,-21.2874]]]},"properties":{"name":"Lake Xau","scalerank":8,"min_zoom":6}},
{"type":"Feature","geometry":{"type":"Polygon","coordinates":[[[41.5944,11.4008],[41.5667,11.3846],[41.5738,11.3667],[41.607,11.3729],[41.5944,11.4008]]]},"properties":{"name":"Lake Adobed","scalerank":8,"min_zoom":6}},
{"type":"Feature","geometry":{"type":"Polygon","coordinates":[[[39.1103,8.4763],[39.0793,8.4648],[39.0449,8.408],[39.0105,8.4004],[39.0031,8.3303],[39.0667,8.3094],[39.0885,8.3336],[39.14,8.4581],[39.1103,8.4763]]]},"properties":{"name":"Koka Reservoir","scalerank":8,"min_zoom":6}},
{"type":"Feature","geometry":{"type":"Polygon","coordinates":[[[41.703,11.5233],[41.6547,11.6066],[41.6274,11.5539],[41.6659,11.51],[41.703,11.5233]]]},"properties":{"name":"Lake Gemeri","scalerank":8,"min_zoom":6}},
{"type":"Feature","geometry":{"type":"Polygon","coordinates":[[[42.5561,0.0316],[42.3998,0.051],[42.3547,0.0764],[42.3153,0.1396],[42.3097,0.0472],[42.3803,0.0372],[42.4492,0.0057],[42.4951,0.0187],[42.5505,-0.0311],[42.5561,0.0316]]]},"properties":{"name":null,"scalerank":8,"min_zoom":6}},
{"type":"Feature","geometry":{"type":"Polygon","coordinates":[[[32.0211,-27.4249],[31.9816,-27.4011],[31.9584,-27.331],[31.9092,-27.3401],[31.9693,-27.447],[32.0211,-27.4249]]]},"properties":{"name":null,"scalerank":8,"min_zoom":6}},
{"type":"Feature","geometry":{"type":"Polygon","coordinates":[[[-50.1502,-21.3481],[-50.1546,-21.3563],[-50.1517,-21.3525],[-50.1502,-21.3481]]]},"properties":{"name":null,"scalerank":8,"min_zoom":6}},
{"type":"Feature","geometry":{"type":"Polygon","coordinates":[[[29.4695,64.1683],[29.5284,64.1282],[29.6011,64.1853],[29.7657,64.1868],[29.8089,64.2466],[29.5487,64.2604],[29.5835,64.3051],[29.6102,64.4023],[29.514,64.3778],[29.5408,64.2751],[29.514,64.2678],[29.5761,64.2339],[29.4751,64.2027],[29.4695,64.1683]]]},"properties":{"name":null,"scalerank":8,"min_zoom":6}},
{"type":"Feature","geometry":{"type":"Polygon","coordinates":[[[121.4742,14.3748],[121.4292,14.3981],[121.3886,14.3415],[121.3191,14.3059],[121.3471,14.4084],[121.3356,14.4608],[121.2817,14.5131],[121.2526,14.5105],[121.2119,14.4325],[121.1616,14.5081],[121.0913,14.5184],[121.0668,14.4831],[121.0662,14.3777],[121.1672,14.2691],[121.1902,14.1882],[121.3064,14.1949],[121.3494,14.2494],[121.4301,14.305],[121.4401,14.3462],[121.4742,14.3748]]]},"properties":{"name":"Laguna de Bay","scalerank":8,"min_zoom":6}},
{"type":"Feature","geometry":{"type":"Polygon","coordinates":[[[29.2882,64.1238],[29.2028,64.1641],[29.1381,64.1647],[28.9444,64.0932],[28.7916,64.0955],[28.665,64.117],[28.5967,64.1444],[28.363,64.1786],[28.298,64.1038],[28.3259,64.0791],[28.2809,64.0275],[28.4039,64.0031],[28.4128,64.0779],[28.3633,64.1097],[28.4125,64.1556],[28.5414,64.1097],[28.4663,64.0897],[28.7254,64.0664],[28.8305,64.0855],[28.9182,64.0761],[29.2155,64.0855],[29.2882,64.1238]]]},"properties":{"name":null,"scalerank":8,"min_zoom":6}},
{"type":"Feature","geometry":{"type":"Polygon","coordinates":[[[-57.7272,-17.526],[-57.7548,-17.5328],[-57.7791,-17.468],[-57.8788,-17.4878],[-57.8587,-17.5304],[-57.804,-17.5717],[-57.7894,-17.6232],[-57.7342,-17.5531],[-57.7272,-17.526]]]},"properties":{"name":null,"scalerank":8,"min_zoom":6}},
{"type":"Feature","geometry":{"type":"Polygon","coordinates":[[[-71.9152,-44.8804],[-71.8072,-44.8931],[-71.7482,-44.8751],[-71.6763,-44.8742],[-71.6749,-44.8433],[-71.7489,-44.8418],[-71.8271,-44.8692],[-71.9152,-44.8804]]]},"properties":{"name":"Lago La Plata","scalerank":8,"min_zoom":6}},
{"type":"Feature","geometry":{"type":"Polygon","coordinates":[[[-71.3837,-44.964],[-71.3936,-44.9463],[-71.5502,-44.8957],[-71.5219,-44.946],[-71.4241,-44.9722],[-71.3837,-44.964]]]},"properties":{"name":"Lago Fontana","scalerank":8,"min_zoom":6}},
{"type":"Feature","geometry":{"type":"Polygon","coordinates":[[[87.3486,34.6273],[87.293,34.6315],[87.2685,34.61],[87.192,34.6159],[87.1808,34.5897],[87.2821,34.5897],[87.3244,34.5699],[87.3486,34.6273]]]},"properties":{"name":null,"scalerank":8,"min_zoom":6}},
{"type":"Feature","geometry":{"type":"Polygon","coordinates":[[[91.8388,67.7654],[91.9086,67.8708],[92.1897,67.967],[92.2447,68.0012],[92.5744,68.0948],[92.7449,68.1804],[92.6775,68.1887],[92.5582,68.1254],[92.2344,68.035],[92.0522,67.9429],[91.8214,67.8669],[91.8388,67.7654]]]},"properties":{"name":"Ozero Dyupkun","scalerank":8,"min_zoom":6}},
{"type":"Feature","geometry":{"type":"Polygon","coordinates":[[[141.6252,-6.9481],[141.5646,-7.0002],[141.549,-6.9866],[141.5637,-6.9195],[141.5013,-6.8494],[141.4833,-6.8079],[141.347,-6.8394],[141.3983,-6.8562],[141.4465,-6.8939],[141.4845,-6.9039],[141.5081,-6.9728],[141.4571,-6.9916],[141.4969,-7.0476],[141.4945,-7.0891],[141.4539,-7.0823],[141.43,-7.1217],[141.4948,-7.1244],[141.5142,-7.1629],[141.5663,-7.0917],[141.549,-7.069],[141.6179,-6.9866],[141.6252,-6.9481]]]},"properties":{"name":"Lake Murray","scalerank":8,"min_zoom":6}},
{"type":"Feature","geometry":{"type":"Polygon","coordinates":[[[92.0628,35.2199],[92.1553,35.1616],[92.2721,35.1996],[92.2986,35.2228],[92.2339,35.2643],[92.1909,35.2535],[92.1208,35.2782],[92.0387,35.2711],[91.9448,35.2337],[92.0357,35.2111],[92.0628,35.2199]]]},"properties":{"name":"Elsen Nur","scalerank":8,"min_zoom":6}},
{"type":"Feature","geometry":{"type":"Polygon","coordinates":[[[81.1422,7.9995],[81.0795,7.8791],[81.1449,7.9582],[81.1422,7.9995]]]},"properties":{"name":null,"scalerank":8,"min_zoom":6}},
{"type":"Feature","geometry":{"type":"Polygon","coordinates":[[[10.2561,-0.9442],[10.1492,-0.9354],[10.078,-0.8918],[10.0312,-0.8112],[9.9841,-0.7852],[10.01,-0.913],[9.98,-0.956],[10.03,-0.9881],[10.0804,-0.9975],[10.035,-1.069],[10.1354,-1.0187],[10.204,-1.011],[10.2561,-0.9442]]]},"properties":{"name":"Lac Onangué","scalerank":8,"min_zoom":6}},
{"type":"Feature","geometry":{"type":"Polygon","coordinates":[[[18.5819,-2.0743],[18.4853,-2.159],[18.4062,-2.1761],[18.397,-2.0398],[18.4421,-1.9727],[18.4106,-1.9692],[18.3517,-1.9971],[18.3031,-1.998],[18.2849,-1.9621],[18.2822,-1.8632],[18.3031,-1.779],[18.4547,-1.7175],[18.4818,-1.6418],[18.4329,-1.588],[18.317,-1.6698],[18.2834,-1.6507],[18.2816,-1.5953],[18.2392,-1.5883],[18.1869,-1.6209],[18.1804,-1.666],[18.0947,-1.6583],[18.0697,-1.6816],[18.0479,-1.7637],[18.0573,-1.779],[18.1695,-1.8299],[18.1866,-1.9018],[18.178,-1.9415],[18.1901,-2.0228],[18.3108,-2.1217],[18.3011,-2.1452],[18.2964,-2.2718],[18.2784,-2.3563],[18.2239,-2.431],[18.2204,-2.4773],[18.251,-2.5426],[18.2384,-2.6147],[18.2663,-2.6459],[18.2922,-2.5514],[18.2878,-2.472],[18.3379,-2.409],[18.4097,-2.2827],[18.4665,-2.2703],[18.4547,-2.2173],[18.5439,-2.1829],[18.5919,-2.1246],[18.5819,-2.0743]]]},"properties":{"name":"Lac Mai-Ndombe","scalerank":8,"min_zoom":6}},
{"type":"Feature","geometry":{"type":"Polygon","coordinates":[[[27.0443,-11.0371],[27.0687,-11.0153],[27.0775,-10.9131],[27.129,-10.8864],[27.1078,-10.8501],[27.0446,-10.8163],[27.0452,-10.8628],[26.9518,-10.851],[26.9518,-10.9061],[26.986,-10.9137],[27.0072,-10.9682],[26.996,-11.0209],[27.0443,-11.0371]]]},"properties":{"name":"Lake Rentenue","scalerank":8,"min_zoom":6}},
{"type":"Feature","geometry":{"type":"Polygon","coordinates":[[[16.0265,66.8517],[16.0763,66.8308],[16.1528,66.8308],[16.028,66.8717],[16.0265,66.8517]]]},"properties":{"name":null,"scalerank":8,"min_zoom":6}},
{"type":"Feature","geometry":{"type":"Polygon","coordinates":[[[26.8253,64.4868],[26.8291,64.4871],[26.8214,64.4871],[26.8253,64.4868]]]},"properties":{"name":null,"scalerank":8,"min_zoom":6}},
{"type":"Feature","geometry":{"type":"Polygon","coordinates":[[[27.6451,49.476],[27.6065,49.4174],[27.4726,49.4174],[27.5444,49.3988],[27.613,49.39],[27.6542,49.4627],[27.6451,49.476]]]},"properties":{"name":null,"scalerank":8,"min_zoom":6}},
{"type":"Feature","geometry":{"type":"Polygon","coordinates":[[[-8.1682,53.0751],[-8.278,53.0722],[-8.2934,53.0272],[-8.3524,52.9945],[-8.3538,52.9318],[-8.4463,52.9221],[-8.4294,52.875],[-8.2785,52.9336],[-8.2847,52.9951],[-8.2375,53.0428],[-8.1682,53.0751]]]},"properties":{"name":"Lough Derg","scalerank":8,"min_zoom":6}},
{"type":"Feature","geometry":{"type":"Polygon","coordinates":[[[-7.9752,53.8537],[-7.9359,53.8514],[-7.9768,53.8793],[-7.9977,53.8679],[-7.9752,53.8537]]]},"properties":{"name":null,"scalerank":8,"min_zoom":6}},
{"type":"Feature","geometry":{"type":"Polygon","coordinates":[[[-7.8666,53.5608],[-7.939,53.5497],[-8.0042,53.6182],[-8.0592,53.5847],[-8.0042,53.5293],[-7.9776,53.4613],[-7.9222,53.4678],[-7.9037,53.527],[-7.8666,53.5608]]]},"properties":{"name":"Lough Ree","scalerank":8,"min_zoom":6}},
{"type":"Feature","geometry":{"type":"Polygon","coordinates":[[[-8.05,54.0619],[-8.0177,54.1531],[-8.0999,54.1534],[-8.05,54.0619]]]},"properties":{"name":"Lough Allen","scalerank":8,"min_zoom":6}},
{"type":"Feature","geometry":{"type":"Polygon","coordinates":[[[-4.9581,56.9316],[-4.8916,56.9666],[-4.8358,57.0102],[-4.8647,57.0131],[-4.9337,56.9625],[-4.9581,56.9316]]]},"properties":{"name":"Loch Lochy","scalerank":8,"min_zoom":6}},
{"type":"Feature","geometry":{"type":"Polygon","coordinates":[[[74.6494,34.3983],[74.5552,34.4204],[74.5211,34.381],[74.5158,34.3209],[74.5573,34.3012],[74.5638,34.3657],[74.6494,34.3983]]]},"properties":{"name":null,"scalerank":8,"min_zoom":6}},
{"type":"Feature","geometry":{"type":"Polygon","coordinates":[[[73.8479,33.1626],[73.8025,33.2044],[73.7154,33.2256],[73.7534,33.2977],[73.6848,33.2842],[73.6765,33.2312],[73.6389,33.1496],[73.6692,33.1349],[73.7145,33.1558],[73.7284,33.1906],[73.7958,33.1629],[73.8479,33.1626]]]},"properties":{"name":null,"scalerank":8,"min_zoom":6}},
{"type":"Feature","geometry":{"type":"Polygon","coordinates":[[[-61.2888,-17.4669],[-61.3334,-17.4224],[-61.4167,-17.461],[-61.45,-17.461],[-61.4888,-17.4945],[-61.45,-17.5334],[-61.3611,-17.5387],[-61.3389,-17.5054],[-61.35,-17.4557],[-61.2888,-17.4669]]]},"properties":{"name":"Lago Concepción","scalerank":8,"min_zoom":6}},
{"type":"Feature","geometry":{"type":"Polygon","coordinates":[[[-5.0956,6.3189],[-5.0975,6.2436],[-5.1333,6.2289],[-5.0951,6.2],[-5.0782,6.2147],[-5.0707,6.2974],[-5.0956,6.3189]]]},"properties":{"name":null,"scalerank":8,"min_zoom":6}},
{"type":"Feature","geometry":{"type":"Polygon","coordinates":[[[2.5467,6.4384],[2.5084,6.472],[2.446,6.4817],[2.3883,6.4549],[2.3777,6.3955],[2.4501,6.3825],[2.5576,6.4105],[2.5467,6.4384]]]},"properties":{"name":null,"scalerank":8,"min_zoom":6}},
{"type":"Feature","geometry":{"type":"Polygon","coordinates":[[[37.7597,-0.7958],[37.7585,-0.8185],[37.8127,-0.7988],[37.7994,-0.7835],[37.7597,-0.7958]]]},"properties":{"name":null,"scalerank":8,"min_zoom":6}},
{"type":"Feature","geometry":{"type":"Polygon","coordinates":[[[37.6584,-0.7953],[37.6373,-0.8167],[37.5769,-0.8206],[37.4965,-0.8806],[37.4489,-0.8374],[37.3815,-0.8329],[37.3553,-0.805],[37.3087,-0.8235],[37.3594,-0.8585],[37.4262,-0.8709],[37.4153,-0.9051],[37.5048,-0.9012],[37.528,-0.913],[37.5804,-0.8877],[37.6584,-0.7953]]]},"properties":{"name":"Masinga Res.","scalerank":8,"min_zoom":6}},
{"type":"Feature","geometry":{"type":"Polygon","coordinates":[[[29.9187,-1.306],[29.9323,-1.2577],[29.8908,-1.2371],[29.9187,-1.306]]]},"properties":{"name":"Lake Bunyonyi","scalerank":8,"min_zoom":6}},
{"type":"Feature","geometry":{"type":"Polygon","coordinates":[[[75.5608,24.8191],[75.5307,24.7959],[75.4118,24.755],[75.4183,24.7267],[75.5555,24.757],[75.607,24.7391],[75.6379,24.7782],[75.6338,24.8233],[75.5937,24.9027],[75.5608,24.8191]]]},"properties":{"name":null,"scalerank":8,"min_zoom":6}},
{"type":"Feature","geometry":{"type":"Polygon","coordinates":[[[124.3764,45.2445],[124.3219,45.2851],[124.1888,45.3398],[124.1747,45.3136],[124.205,45.2477],[124.2512,45.1871],[124.3454,45.1756],[124.4143,45.1977],[124.4335,45.2321],[124.3764,45.2445]]]},"properties":{"name":"Qagan Nur","scalerank":8,"min_zoom":6}},
{"type":"Feature","geometry":{"type":"Polygon","coordinates":[[[99.114,72.3463],[99.056,72.3126],[99.2279,72.2842],[99.2877,72.2458],[99.4558,72.2341],[99.3139,72.1591],[99.5188,72.1878],[99.5594,72.2094],[99.7575,72.2135],[99.9427,72.2519],[99.9627,72.3508],[99.8576,72.3873],[99.635,72.3937],[99.5214,72.4362],[99.2821,72.4019],[99.1296,72.3532],[99.1193,72.3466],[99.114,72.3463]]]},"properties":{"name":"Ozero Labaz","scalerank":8,"min_zoom":6}},
{"type":"Feature","geometry":{"type":"Polygon","coordinates":[[[118.9877,31.1677],[118.9218,31.1418],[118.8535,31.1418],[118.8535,31.1017],[118.9621,31.0652],[119.0119,31.1038],[118.9877,31.1677]]]},"properties":{"name":null,"scalerank":8,"min_zoom":6}},
{"type":"Feature","geometry":{"type":"Polygon","coordinates":[[[120.8481,31.4132],[120.8296,31.4591],[120.7757,31.4438],[120.7174,31.457],[120.6803,31.362],[120.8266,31.3814],[120.8481,31.4132]]]},"properties":{"name":null,"scalerank":8,"min_zoom":6}},
{"type":"Feature","geometry":{"type":"Polygon","coordinates":[[[116.2802,28.5664],[116.2725,28.5081],[116.3137,28.4213],[116.3532,28.4036],[116.3429,28.5213],[116.4047,28.5225],[116.4103,28.5534],[116.3002,28.6267],[116.2716,28.6049],[116.2802,28.5664]]]},"properties":{"name":null,"scalerank":8,"min_zoom":6}},
{"type":"Feature","geometry":{"type":"Polygon","coordinates":[[[116.1071,28.4516],[116.1542,28.4548],[116.1695,28.5693],[116.1056,28.5493],[116.133,28.5237],[116.1071,28.4516]]]},"properties":{"name":null,"scalerank":8,"min_zoom":6}},
{"type":"Feature","geometry":{"type":"Polygon","coordinates":[[[114.3132,30.5021],[114.3474,30.4809],[114.3992,30.5589],[114.3989,30.6025],[114.3191,30.5533],[114.3132,30.5021]]]},"properties":{"name":null,"scalerank":8,"min_zoom":6}},
{"type":"Feature","geometry":{"type":"Polygon","coordinates":[[[112.5223,29.2717],[112.4422,29.2231],[112.4178,29.1601],[112.4979,29.126],[112.5008,29.1687],[112.5412,29.1728],[112.557,29.2352],[112.5223,29.2717]]]},"properties":{"name":null,"scalerank":8,"min_zoom":6}},
{"type":"Feature","geometry":{"type":"Polygon","coordinates":[[[114.1113,30.2083],[114.1325,30.1889],[114.214,30.173],[114.2617,30.2237],[114.207,30.2625],[114.1587,30.2504],[114.1113,30.2083]]]},"properties":{"name":null,"scalerank":8,"min_zoom":6}},
{"type":"Feature","geometry":{"type":"Polygon","coordinates":[[[116.1562,35.9979],[116.1094,35.9446],[116.2254,35.9046],[116.2448,35.9208],[116.2407,35.9894],[116.1777,36.0641],[116.1562,35.9979]]]},"properties":{"name":"Dongping Hu","scalerank":8,"min_zoom":6}},
{"type":"Feature","geometry":{"type":"Polygon","coordinates":[[[33.3416,68.2343],[33.2698,68.2558],[33.2801,68.3103],[33.2395,68.3506],[33.1532,68.3444],[33.1052,68.2284],[33.3416,68.2343]]]},"properties":{"name":"Lake Kolozero","scalerank":8,"min_zoom":6}},
{"type":"Feature","geometry":{"type":"Polygon","coordinates":[[[13.8032,57.0538],[13.7384,57.0756],[13.6848,57.0517],[13.6307,56.9499],[13.6436,56.8942],[13.6027,56.8321],[13.6731,56.8021],[13.7358,56.8498],[13.7664,56.9004],[13.7664,56.9752],[13.8217,57.0102],[13.8032,57.0538]]]},"properties":{"name":"Bolmen","scalerank":8,"min_zoom":6}},
{"type":"Feature","geometry":{"type":"Polygon","coordinates":[[[14.8399,56.6431],[14.7652,56.6735],[14.6156,56.6737],[14.6298,56.6131],[14.6766,56.5872],[14.8632,56.6128],[14.8399,56.6431]]]},"properties":{"name":"Åsnen","scalerank":8,"min_zoom":6}},
{"type":"Feature","geometry":{"type":"Polygon","coordinates":[[[12.2113,59.046],[12.1974,59.1143],[12.0485,59.2047],[11.9802,59.2259],[11.9045,59.2833],[11.8863,59.323],[11.9431,59.3848],[11.8171,59.4225],[11.8139,59.3198],[11.7694,59.303],[11.7968,59.1753],[11.8318,59.187],[11.8139,59.293],[11.9896,59.2123],[12.1547,59.1193],[12.2113,59.046]]]},"properties":{"name":"Foxen","scalerank":8,"min_zoom":6}},
{"type":"Feature","geometry":{"type":"Polygon","coordinates":[[[12.767,53.4369],[12.6646,53.4905],[12.6057,53.4469],[12.6834,53.3998],[12.7067,53.3477],[12.7841,53.3889],[12.767,53.4369]]]},"properties":{"name":"Müritz","scalerank":8,"min_zoom":6}},
{"type":"Feature","geometry":{"type":"Polygon","coordinates":[[[11.4527,53.7569],[11.4277,53.7272],[11.4577,53.6871],[11.4241,53.6256],[11.511,53.6127],[11.4639,53.6862],[11.4989,53.7366],[11.4527,53.7569]]]},"properties":{"name":"Schweriner See","scalerank":8,"min_zoom":6}},
{"type":"Feature","geometry":{"type":"Polygon","coordinates":[[[-7.4584,54.1937],[-7.551,54.2767],[-7.6131,54.2488],[-7.4584,54.1937]]]},"properties":{"name":"Upper Lough Erne","scalerank":8,"min_zoom":6}},
{"type":"Feature","geometry":{"type":"Polygon","coordinates":[[[90.2657,28.6247],[90.2331,28.5973],[90.2825,28.5434],[90.3664,28.5458],[90.3967,28.5172],[90.4406,28.5305],[90.5245,28.5222],[90.5324,28.5643],[90.4577,28.6197],[90.3797,28.6158],[90.2657,28.6247]]]},"properties":{"name":"Puma Yumco","scalerank":5,"min_zoom":4.7}},
{"type":"Feature","geometry":{"type":"Polygon","coordinates":[[[18.095,59.3268],[17.9955,59.3539],[17.9228,59.3433],[17.7903,59.3875],[17.76,59.421],[17.7933,59.5091],[17.8439,59.532],[17.8195,59.5906],[17.7527,59.6295],[17.6064,59.6527],[17.6526,59.6898],[17.6708,59.7422],[17.5678,59.7696],[17.5566,59.7313],[17.6178,59.6972],[17.5634,59.6766],[17.6108,59.6327],[17.74,59.5947],[17.7892,59.5397],[17.697,59.4534],[17.6685,59.4929],[17.5251,59.5049],[17.4866,59.5479],[17.4071,59.5417],[17.3444,59.4776],[17.2299,59.5264],[17.0697,59.5464],[16.9438,59.5494],[16.8899,59.5897],[16.8063,59.5947],[16.7418,59.53],[16.6747,59.5379],[16.5602,59.6127],[16.4981,59.6009],[16.5343,59.5358],[16.3954,59.5117],[16.2985,59.4608],[16.2337,59.4776],[16.1655,59.444],[16.4772,59.457],[16.5902,59.4502],[16.6659,59.4784],[16.7262,59.4658],[16.8239,59.4776],[16.9158,59.4617],[16.9717,59.4078],[17.0359,59.3813],[17.3067,59.3536],[17.2416,59.3198],[17.2823,59.2789],[17.3994,59.2521],[17.3509,59.3266],[17.4718,59.3054],[17.5107,59.2824],[17.637,59.2918],[17.7721,59.2471],[17.8675,59.2583],[17.9696,59.3339],[18.095,59.3268]]]},"properties":{"name":"Mälaren","scalerank":2,"min_zoom":2}},
{"type":"Feature","geometry":{"type":"Polygon","coordinates":[[[-118.2596,40.7139],[-118.3122,40.6921],[-118.2955,40.6739],[-118.233,40.6989],[-118.2596,40.7139]]]},"properties":{"name":"Rye Patch Reservoir","scalerank":8,"min_zoom":6}},
{"type":"Feature","geometry":{"type":"Polygon","coordinates":[[[35.947,14.7725],[35.95,14.8007],[35.9152,14.8523],[35.8734,14.8523],[35.947,14.7725]]]},"properties":{"name":"Khashm el Girba Dam","scalerank":8,"min_zoom":6}},
{"type":"Feature","geometry":{"type":"Polygon","coordinates":[[[46.9412,40.8314],[46.9992,40.776],[47.1261,40.8178],[46.9683,40.8584],[46.8988,40.9044],[46.7216,40.9638],[46.6227,41.0654],[46.4664,41.0295],[46.5235,40.9753],[46.4864,40.9397],[46.3702,40.9247],[46.3855,40.8858],[46.4552,40.897],[46.6174,40.9067],[46.8971,40.8487],[46.9412,40.8314]]]},"properties":{"name":"Mingevir Reservoir","scalerank":7,"min_zoom":5.7}},
{"type":"Feature","geometry":{"type":"Polygon","coordinates":[[[114.6629,23.9028],[114.6117,23.8881],[114.5988,23.8551],[114.5502,23.8362],[114.5155,23.9193],[114.4816,23.8848],[114.5361,23.8195],[114.5051,23.7821],[114.3918,23.7821],[114.4057,23.7276],[114.4519,23.7267],[114.5378,23.7518],[114.6247,23.8156],[114.6629,23.9028]]]},"properties":{"name":"Xinfengjiang Shuiku","scalerank":7,"min_zoom":5.7}},
{"type":"Feature","geometry":{"type":"Polygon","coordinates":[[[76.5548,12.4473],[76.5213,12.4653],[76.4936,12.4608],[76.4627,12.4767],[76.4542,12.4479],[76.5113,12.4411],[76.5548,12.4473]]]},"properties":{"name":"Krishna Raja Sagar","scalerank":8,"min_zoom":6}},
{"type":"Feature","geometry":{"type":"Polygon","coordinates":[[[75.6267,13.7163],[75.5767,13.7269],[75.5487,13.6998],[75.5393,13.6545],[75.4963,13.6192],[75.5572,13.6059],[75.5773,13.6324],[75.5572,13.6674],[75.6158,13.6772],[75.6267,13.7163]]]},"properties":{"name":"Bhadra Reservoir","scalerank":8,"min_zoom":6}},
{"type":"Feature","geometry":{"type":"Polygon","coordinates":[[[76.3129,15.2806],[76.2278,15.3112],[76.2187,15.2555],[76.09,15.275],[76.0889,15.2131],[76.0173,15.1607],[75.977,15.1799],[75.9105,15.1566],[75.9225,15.1216],[76.0209,15.1275],[76.053,15.1157],[76.1027,15.1404],[76.1192,15.1746],[76.176,15.1999],[76.2154,15.1607],[76.2481,15.1905],[76.3347,15.2361],[76.3129,15.2806]]]},"properties":{"name":"Tungabhadra","scalerank":8,"min_zoom":6}},
{"type":"Feature","geometry":{"type":"Polygon","coordinates":[[[82.8692,54.6709],[82.9961,54.7024],[83.0744,54.7798],[83.2139,54.7457],[83.2025,54.7836],[83.1097,54.7901],[83.0738,54.8387],[82.9723,54.8443],[82.7818,54.7966],[82.6582,54.688],[82.5557,54.6553],[82.4236,54.6373],[82.3456,54.5685],[82.284,54.494],[82.1695,54.4486],[82.1095,54.4063],[82.0232,54.3721],[81.9467,54.3742],[81.7798,54.3318],[81.6868,54.2579],[81.6435,54.187],[81.5196,54.1122],[81.3842,54.0936],[81.2791,54.0351],[81.2288,53.9653],[81.2714,53.9211],[81.4148,54.0436],[81.6117,54.1172],[81.6974,54.1873],[81.7557,54.2759],[81.8278,54.3038],[82.0609,54.3518],[82.2396,54.4336],[82.3226,54.4495],[82.4789,54.542],[82.5875,54.547],[82.6511,54.5729],[82.7606,54.6523],[82.8692,54.6709]]]},"properties":{"name":"Novosibirsk Reservoir","scalerank":7,"min_zoom":5.7}},
{"type":"Feature","geometry":{"type":"Polygon","coordinates":[[[84.2207,47.7292],[84.2607,47.7595],[84.3908,47.7731],[84.384,47.8346],[84.4379,47.8534],[84.4565,47.9014],[84.5621,47.9308],[84.4812,47.9567],[84.3487,48.0333],[84.218,48.0433],[84.0735,48.0821],[83.9693,48.1304],[83.8824,48.151],[83.717,48.2143],[83.5539,48.2437],[83.5039,48.2764],[83.5433,48.3056],[83.6914,48.3765],[83.717,48.3668],[83.8845,48.3627],[83.9307,48.3709],[83.9496,48.4092],[83.7997,48.4207],[83.7129,48.3903],[83.6546,48.4033],[83.5619,48.4651],[83.528,48.5204],[83.5283,48.6394],[83.4518,48.7345],[83.4695,48.7942],[83.5822,48.9243],[83.727,48.9593],[83.7965,48.9885],[83.9316,49.0003],[83.9855,49.0474],[84.316,49.123],[84.4438,49.2034],[84.3417,49.1901],[84.2439,49.2216],[84.2142,49.2514],[84.0888,49.3149],[83.9867,49.3941],[83.9281,49.4103],[83.9051,49.4589],[83.7983,49.4898],[83.7317,49.4942],[83.7058,49.5681],[83.7859,49.5566],[83.8012,49.627],[83.8636,49.6717],[83.9681,49.6964],[83.8975,49.7238],[83.8518,49.7014],[83.8315,49.6605],[83.7535,49.6308],[83.7367,49.5961],[83.6134,49.6167],[83.4574,49.5993],[83.4315,49.5407],[83.5392,49.5351],[83.6243,49.4851],[83.6576,49.4174],[83.7023,49.4521],[83.8356,49.4368],[83.9216,49.38],[84.0202,49.3429],[84.1506,49.239],[84.1815,49.1616],[84.1565,49.1348],[83.9684,49.0739],[83.765,49.0465],[83.6146,48.9711],[83.5722,48.9688],[83.4718,48.8916],[83.4344,48.8345],[83.4165,48.7574],[83.4462,48.6741],[83.4418,48.6138],[83.3694,48.5608],[83.3841,48.5057],[83.4315,48.4274],[83.5478,48.3939],[83.5957,48.3689],[83.5071,48.3353],[83.4792,48.2735],[83.4362,48.2585],[83.2569,48.2735],[83.1613,48.2591],[83.1074,48.2252],[83.042,48.2649],[83.012,48.2096],[83.1236,48.1437],[83.1571,48.1478],[83.2119,48.0995],[83.3067,48.0539],[83.4109,48.0612],[83.531,48.0262],[83.6496,48.0194],[83.6988,47.9791],[83.7883,47.9511],[83.8557,47.8749],[83.9254,47.8693],[84.0756,47.8284],[84.2207,47.7292]]]},"properties":{"name":"Lake Zaysan","scalerank":3,"min_zoom":3}},
{"type":"Feature","geometry":{"type":"Polygon","coordinates":[[[43.4465,33.2521],[43.4289,33.2011],[43.4665,33.1838],[43.549,33.2112],[43.597,33.293],[43.5702,33.3374],[43.5292,33.3557],[43.4819,33.3295],[43.4339,33.3675],[43.4256,33.4166],[43.3709,33.4446],[43.3567,33.3757],[43.2952,33.3489],[43.2873,33.3215],[43.3938,33.2591],[43.4465,33.2521]]]},"properties":{"name":"Lake Habbaniyah","scalerank":6,"min_zoom":5}},
{"type":"Feature","geometry":{"type":"Polygon","coordinates":[[[43.2999,33.7228],[43.4665,33.7045],[43.4945,33.7766],[43.4695,33.8017],[43.5075,33.8758],[43.4954,33.9394],[43.4465,33.9653],[43.4392,34.0124],[43.405,34.0398],[43.3709,34.0124],[43.3226,34.0948],[43.2575,34.1122],[43.191,34.1829],[43.1569,34.2829],[43.1239,34.3412],[43.0512,34.2535],[43.0753,34.1767],[43.0642,34.1046],[43.0792,34.0545],[43.0962,33.915],[43.2007,33.7816],[43.2611,33.7183],[43.2999,33.7228]]]},"properties":{"name":"Buhayrat ath Tharthar","scalerank":3,"min_zoom":3}},
{"type":"Feature","geometry":{"type":"Polygon","coordinates":[[[38.3808,38.5103],[38.4453,38.4762],[38.6349,38.4305],[38.7011,38.4023],[38.8056,38.4252],[38.9395,38.3107],[39.0264,38.3204],[38.8798,38.3881],[38.8412,38.4656],[38.7605,38.4411],[38.6984,38.442],[38.5804,38.4712],[38.4718,38.5094],[38.3767,38.5542],[38.3808,38.5103]]]},"properties":{"name":"Saksak Dagi","scalerank":7,"min_zoom":5.7}},
{"type":"Feature","geometry":{"type":"Polygon","coordinates":[[[33.5365,49.0023],[33.5683,48.9708],[33.7093,48.9067],[33.7293,48.9152],[33.8868,48.8613],[34.0678,48.7727],[34.192,48.7492],[34.2971,48.6659],[34.3651,48.6559],[34.3651,48.6126],[34.474,48.5808],[34.469,48.5484],[34.5226,48.5249],[34.5703,48.5622],[34.5606,48.5937],[34.4687,48.6603],[34.3566,48.7068],[34.2677,48.7565],[34.2441,48.8331],[34.1379,48.8431],[34.0987,48.8816],[33.996,48.8654],[33.8603,48.9293],[33.7952,48.937],[33.5856,49.0082],[33.5365,49.0023]]]},"properties":{"name":null,"scalerank":4,"min_zoom":4}},
{"type":"Feature","geometry":{"type":"Polygon","coordinates":[[[30.4306,50.8636],[30.3835,50.7806],[30.3985,50.6784],[30.4527,50.6304],[30.5222,50.6302],[30.5095,50.6846],[30.5451,50.7629],[30.5596,50.8427],[30.5649,51.0222],[30.5908,51.0617],[30.5666,51.1106],[30.589,51.2006],[30.4845,51.2042],[30.4106,51.0738],[30.3582,51.0691],[30.2702,51.0293],[30.3882,51.0211],[30.4462,50.9666],[30.4306,50.8636]]]},"properties":{"name":"Kiev Reservoir","scalerank":7,"min_zoom":5.7}},
{"type":"Feature","geometry":{"type":"Polygon","coordinates":[[[32.1259,66.5082],[31.9914,66.5314],[31.8871,66.5717],[31.757,66.4946],[31.8471,66.4537],[31.9961,66.4513],[32.097,66.4672],[32.2183,66.4602],[32.4014,66.4272],[32.4476,66.4661],[32.3779,66.4923],[32.4644,66.6062],[32.3099,66.5803],[32.2419,66.5906],[32.3911,66.6624],[32.4394,66.7057],[32.2892,66.7139],[32.2981,66.7978],[32.339,66.872],[32.1506,66.8452],[32.1374,66.9353],[32.0844,66.9721],[31.9707,66.9285],[31.6908,66.8985],[31.624,66.9211],[31.5042,66.8543],[31.5221,66.7604],[31.332,66.6771],[31.1804,66.6474],[31.0868,66.5688],[31.2822,66.5941],[31.2755,66.6203],[31.4209,66.693],[31.611,66.7492],[31.7411,66.7251],[31.823,66.6927],[31.9342,66.6998],[31.9225,66.6442],[32.0708,66.5909],[32.1259,66.5082]]]},"properties":{"name":"Lake Kovdozero","scalerank":4,"min_zoom":4}},
{"type":"Feature","geometry":{"type":"MultiPolygon","coordinates":[[[[32.4067,67.4472],[32.2413,67.5431],[32.0635,67.5358],[31.8995,67.5531],[31.9128,67.5061],[32.0228,67.4887],[32.1353,67.4166],[32.2851,67.4177],[32.4067,67.4472]]],[[[32.6613,67.655],[32.5851,67.6532],[32.309,67.7136],[32.1253,67.7145],[31.9769,67.6962],[31.8035,67.6941],[31.6661,67.6594],[31.6749,67.6391],[32.0979,67.5705],[31.9254,67.6379],[32.1218,67.6627],[32.1527,67.7003],[32.3104,67.6715],[32.4358,67.6671],[32.5651,67.6391],[32.6613,67.655]]],[[[33.2916,68.0642],[33.288,68.0112],[33.2283,67.9611],[33.1532,67.9547],[32.9887,67.9747],[32.9204,67.9547],[33.1276,67.8987],[33.1464,67.8428],[33.0093,67.8246],[32.8992,67.8381],[32.863,67.8057],[33.0575,67.8039],[33.0219,67.7607],[33.0787,67.7003],[32.9739,67.7039],[33.0266,67.6471],[32.9604,67.6026],[32.7149,67.6253],[32.7629,67.5773],[32.5642,67.5358],[32.3678,67.5646],[32.4176,67.504],[32.5021,67.4748],[32.4768,67.446],[32.5833,67.418],[32.6737,67.5055],[32.777,67.5249],[32.8238,67.5652],[32.9969,67.5387],[33.0508,67.4887],[33.1511,67.5343],[33.308,67.5764],[33.1155,67.5976],[33.067,67.6314],[33.1965,67.6615],[33.1511,67.7554],[33.1812,67.8293],[33.3448,68.0162],[33.2916,68.0642]]]]},"properties":{"name":"Lake Imandra","scalerank":6,"min_zoom":5}},
{"type":"Feature","geometry":{"type":"Polygon","coordinates":[[[30.5284,62.8148],[30.6108,62.7739],[30.6797,62.808],[30.6246,62.8292],[30.7274,62.8678],[30.8107,62.8739],[30.8533,62.9455],[30.8704,63.0532],[30.7294,63.0553],[30.632,62.9761],[30.5145,62.9514],[30.5531,62.9216],[30.6864,62.8695],[30.5284,62.8148]]]},"properties":{"name":"Koitere","scalerank":4,"min_zoom":4}},
{"type":"Feature","geometry":{"type":"Polygon","coordinates":[[[29.4513,62.9037],[29.4112,62.8692],[29.5107,62.7815],[29.6179,62.7459],[29.6856,62.68],[29.8301,62.7194],[29.8431,62.7739],[29.7498,62.8957],[29.6111,62.959],[29.5066,62.974],[29.6035,62.8595],[29.4872,62.8416],[29.4513,62.9037]]]},"properties":{"name":"Rikkavesi","scalerank":4,"min_zoom":4}},
{"type":"Feature","geometry":{"type":"Polygon","coordinates":[[[31.6493,58.2197],[31.6234,58.3204],[31.6664,58.3758],[31.6101,58.4008],[31.5666,58.364],[31.5024,58.4073],[31.4168,58.4284],[31.2631,58.417],[31.1766,58.3496],[31.0641,58.3219],[30.8872,58.2406],[31.0099,58.2089],[31.0744,58.1788],[31.2345,58.1517],[31.3367,58.1659],[31.5151,58.2424],[31.6493,58.2197]]]},"properties":{"name":"Lake Il'Men'","scalerank":4,"min_zoom":4}},
{"type":"Feature","geometry":{"type":"Polygon","coordinates":[[[45.213,56.1719],[45.3319,56.088],[45.4358,56.0718],[45.5362,56.12],[45.6622,56.1289],[45.7702,56.1554],[45.8241,56.1845],[45.9104,56.1786],[45.9363,56.1306],[45.9963,56.1312],[46.1238,56.1854],[46.2256,56.2469],[46.2963,56.2575],[46.5762,56.3429],[46.6748,56.2507],[46.8285,56.188],[46.9138,56.1315],[47.0016,56.1245],[47.1005,56.1407],[47.2429,56.1442],[47.358,56.1295],[47.4519,56.1433],[47.4163,56.1777],[47.3074,56.1748],[47.1791,56.2075],[47.0949,56.1933],[46.9612,56.2325],[46.8635,56.2443],[46.8617,56.3146],[46.7917,56.3396],[46.7714,56.3941],[46.6239,56.4238],[46.5653,56.3841],[46.4228,56.3862],[46.2748,56.4541],[46.2174,56.4332],[46.2477,56.3826],[46.3478,56.3311],[46.3266,56.3055],[46.1632,56.2834],[46.0911,56.2566],[46.0043,56.2563],[46.0007,56.2281],[46.0908,56.2001],[45.9578,56.1798],[45.9318,56.2228],[45.825,56.2454],[45.7579,56.2051],[45.6295,56.2169],[45.4841,56.1789],[45.4135,56.1139],[45.3726,56.1077],[45.2713,56.1754],[45.213,56.1719]]]},"properties":{"name":"Cheboksary Reservoir","scalerank":7,"min_zoom":5.7}},
{"type":"Feature","geometry":{"type":"Polygon","coordinates":[[[26.8253,64.4868],[26.8011,64.3908],[26.8117,64.3281],[26.8768,64.3366],[26.9321,64.2939],[26.9036,64.2604],[27.0207,64.1989],[27.165,64.1998],[27.1641,64.1574],[27.3086,64.117],[27.3007,64.1915],[27.3748,64.2395],[27.4417,64.2339],[27.5188,64.2854],[27.5827,64.2816],[27.598,64.2277],[27.842,64.1989],[27.794,64.1647],[27.9571,64.1512],[28.0963,64.1035],[28.184,64.1226],[28.1779,64.158],[28.0586,64.1853],[27.9244,64.1797],[27.8435,64.2595],[27.7693,64.2221],[27.6639,64.2469],[27.6365,64.2742],[27.7602,64.3225],[27.975,64.3581],[27.9783,64.3837],[27.6542,64.4026],[27.51,64.3296],[27.4249,64.3293],[27.185,64.3955],[27.1641,64.4182],[27.2394,64.4626],[27.1847,64.4803],[27.2403,64.5265],[27.1635,64.5424],[27.0996,64.5106],[26.9983,64.5047],[26.842,64.5415],[26.8114,64.5244],[26.855,64.4932],[26.8388,64.4871],[26.8253,64.4868]]]},"properties":{"name":"Oulujärvi","scalerank":4,"min_zoom":4}},
{"type":"Feature","geometry":{"type":"Polygon","coordinates":[[[27.2238,66.5455],[27.2665,66.5085],[27.3798,66.4911],[27.4384,66.5426],[27.5067,66.5638],[27.5267,66.6053],[27.6589,66.5841],[27.7413,66.5879],[27.5697,66.6759],[27.4905,66.7501],[27.4043,66.7139],[27.5279,66.6724],[27.5326,66.6403],[27.4113,66.6241],[27.2238,66.5455]]]},"properties":{"name":"Kemijärvi","scalerank":7,"min_zoom":5.7}},
{"type":"Feature","geometry":{"type":"Polygon","coordinates":[[[34.2167,67.8505],[34.2977,67.7386],[34.3254,67.6697],[34.2956,67.5567],[34.3795,67.5296],[34.4964,67.5296],[34.6062,67.5905],[34.5629,67.6129],[34.5249,67.6939],[34.3686,67.7669],[34.3386,67.879],[34.2167,67.8505]]]},"properties":{"name":"Umbozero Lake","scalerank":5,"min_zoom":4.7}},
{"type":"Feature","geometry":{"type":"Polygon","coordinates":[[[31.256,68.6299],[31.1922,68.6547],[30.8648,68.6794],[30.8413,68.7294],[30.6891,68.6838],[30.7279,68.6314],[30.911,68.6417],[31.0662,68.4789],[30.9711,68.4539],[31.0744,68.4159],[31.1907,68.4348],[31.1624,68.4916],[31.2663,68.5387],[31.3164,68.5923],[31.395,68.5752],[31.5922,68.6146],[31.7441,68.6146],[31.7456,68.6432],[31.6299,68.6656],[31.4848,68.6187],[31.4268,68.637],[31.256,68.6299]]]},"properties":{"name":"Paduskoye More","scalerank":8,"min_zoom":6}},
{"type":"Feature","geometry":{"type":"Polygon","coordinates":[[[27.1697,68.0886],[27.175,68.1024],[27.0219,68.1295],[26.983,68.1013],[26.8544,68.0851],[26.5165,68.1754],[26.344,68.1775],[26.2195,68.1351],[26.2972,68.106],[26.1317,68.0857],[26.1488,68.0621],[26.3272,68.103],[26.4226,68.1054],[26.623,68.0633],[26.6707,68.0162],[26.7631,67.9753],[26.8971,67.9814],[26.8676,68.0692],[27.0837,68.1116],[27.1697,68.0886]]]},"properties":{"name":"Porttipahta Reservoir","scalerank":8,"min_zoom":6}},
{"type":"Feature","geometry":{"type":"Polygon","coordinates":[[[27.175,68.1024],[27.1697,68.0886],[27.1879,68.0662],[27.3383,68.0436],[27.3901,67.9753],[27.3348,67.9647],[27.3754,67.8896],[27.4293,67.8608],[27.5438,67.8469],[27.6015,67.8148],[27.7502,67.8269],[27.7534,67.8961],[27.8131,67.9396],[27.9115,67.9685],[28.1325,67.975],[28.0392,68.025],[27.8167,68.0018],[27.794,68.0503],[27.6639,68.0851],[27.6433,68.0162],[27.5005,67.9944],[27.4043,68.023],[27.5141,68.1051],[27.4346,68.1227],[27.3772,68.0762],[27.2983,68.0727],[27.175,68.1024]]]},"properties":{"name":"Lokan Tekojarvi","scalerank":8,"min_zoom":6}},
{"type":"Feature","geometry":{"type":"Polygon","coordinates":[[[18.4147,67.4272],[18.4247,67.4481],[18.2033,67.5331],[18.1559,67.5617],[17.984,67.5841],[17.8513,67.6253],[17.7306,67.6438],[17.2558,67.758],[17.2399,67.7307],[17.3647,67.6871],[17.2614,67.6641],[17.4091,67.6362],[17.5154,67.6594],[17.639,67.6185],[17.7067,67.6179],[18.1524,67.5293],[18.1721,67.4919],[18.2943,67.4731],[18.4147,67.4272]]]},"properties":{"name":"Akkajaure","scalerank":5,"min_zoom":4.7}},
{"type":"Feature","geometry":{"type":"Polygon","coordinates":[[[18.4247,67.4481],[18.4147,67.4272],[18.488,67.3889],[18.6122,67.3986],[18.7553,67.3889],[18.9546,67.29],[19.0914,67.262],[19.095,67.2246],[19.233,67.1625],[19.2598,67.1331],[19.3681,67.1107],[19.5477,67.1034],[19.5721,67.066],[19.6966,67.0513],[19.757,67.0839],[19.6596,67.1187],[19.4997,67.1484],[19.3699,67.1555],[19.112,67.2756],[18.9363,67.3212],[18.8868,67.3703],[18.7273,67.4119],[18.5289,67.4124],[18.4247,67.4481]]]},"properties":{"name":"Stora Lulevatten","scalerank":7,"min_zoom":5.7}},
{"type":"Feature","geometry":{"type":"Polygon","coordinates":[[[11.2608,60.607],[11.1907,60.5982],[11.1115,60.6736],[11.0412,60.7978],[10.967,60.8363],[10.9496,60.7642],[10.7671,60.7828],[10.7271,60.8043],[10.7297,60.884],[10.6011,60.9782],[10.5787,60.9665],[10.6867,60.879],[10.6823,60.8157],[10.7079,60.7781],[10.9799,60.6603],[11.0944,60.6215],[11.2319,60.5217],[11.2608,60.607]]]},"properties":{"name":"Mjøsa","scalerank":8,"min_zoom":6}},
{"type":"Feature","geometry":{"type":"Polygon","coordinates":[[[12.7223,6.5223],[12.6887,6.5],[12.6293,6.4885],[12.6334,6.4555],[12.6902,6.4429],[12.7555,6.3999],[12.7723,6.3445],[12.8333,6.2945],[12.8718,6.3213],[12.9389,6.2833],[12.9666,6.3554],[13.0166,6.439],[12.9445,6.4278],[12.9389,6.3722],[12.9001,6.361],[12.8333,6.4055],[12.7776,6.4278],[12.7844,6.4723],[12.7223,6.5223]]]},"properties":{"name":"M'Bakaou Reservoir","scalerank":8,"min_zoom":6}},
{"type":"Feature","geometry":{"type":"Polygon","coordinates":[[[-109.3736,29.1857],[-109.436,29.1327],[-109.4923,29.1269],[-109.5064,29.1569],[-109.5869,29.194],[-109.654,29.1913],[-109.6913,29.2205],[-109.7155,29.2684],[-109.7052,29.3294],[-109.7451,29.3232],[-109.7127,29.1816],[-109.7114,29.1233],[-109.6868,29.0282],[-109.6505,28.9761],[-109.6225,29.0041],[-109.6574,29.0686],[-109.6496,29.1051],[-109.5441,29.1269],[-109.4957,29.1045],[-109.3987,29.1101],[-109.3373,29.1681],[-109.3736,29.1857]]]},"properties":{"name":"Lake Novillo","scalerank":8,"min_zoom":6}},
{"type":"Feature","geometry":{"type":"Polygon","coordinates":[[[-114.5995,35.4159],[-114.6544,35.4987],[-114.6662,35.4271],[-114.5995,35.4159]]]},"properties":{"name":"Lake Mohave","scalerank":7,"min_zoom":5.7}},
{"type":"Feature","geometry":{"type":"Polygon","coordinates":[[[-98.0163,57.364],[-98.0793,57.3808],[-98.2097,57.3876],[-98.2436,57.4385],[-98.3906,57.49],[-98.2505,57.5206],[-98.1927,57.5895],[-98.1859,57.634],[-98.2374,57.6619],[-98.3566,57.6413],[-98.3977,57.5695],[-98.5624,57.5436],[-98.575,57.5162],[-98.521,57.4626],[-98.5353,57.3399],[-98.4785,57.3105],[-98.521,57.2645],[-98.6034,57.2778],[-98.6638,57.2113],[-98.6427,57.175],[-98.6923,57.148],[-98.706,57.0864],[-98.74,57.0597],[-98.871,57.0864],[-98.8878,57.0485],[-98.8459,56.9443],[-98.8603,56.9184],[-98.9679,56.9081],[-99.0656,56.9387],[-98.9733,57.0747],[-99.0712,57.0602],[-99.1652,56.9522],[-99.217,56.9219],[-99.3136,57.0043],[-99.3979,56.9631],[-99.3919,56.9086],[-99.4472,56.8303],[-99.5207,56.7782],[-99.6203,56.7388],[-99.7223,56.7609],[-99.7341,56.7253],[-99.6246,56.6988],[-99.5526,56.6999],[-99.5623,56.7429],[-99.4608,56.7441],[-99.385,56.722],[-99.3049,56.737],[-99.2588,56.7129],[-99.2137,56.7603],[-99.0969,56.8053],[-99.0834,56.873],[-99.0303,56.881],[-98.9256,56.8183],[-98.8096,56.8633],[-98.7609,56.8995],[-98.7315,56.9646],[-98.6551,56.9766],[-98.5762,57.0864],[-98.5247,57.0791],[-98.4254,57.0997],[-98.3294,57.0803],[-98.2137,57.1247],[-98.2411,57.1547],[-98.1522,57.2366],[-98.1479,57.3322],[-98.0163,57.364]],[[-98.3445,57.1403],[-98.5353,57.1274],[-98.6235,57.1586],[-98.5793,57.1957],[-98.5004,57.1748],[-98.3412,57.1689],[-98.3445,57.1403]]]},"properties":{"name":"Southern Indian Lake","scalerank":4,"min_zoom":4}},
{"type":"Feature","geometry":{"type":"Polygon","coordinates":[[[-103.8021,53.499],[-103.736,53.5293],[-103.6798,53.5214],[-103.6329,53.5982],[-103.5452,53.502],[-103.4894,53.5087],[-103.3699,53.5956],[-103.4076,53.6462],[-103.4649,53.6645],[-103.6568,53.6365],[-103.7151,53.6071],[-103.7277,53.5594],[-103.8021,53.499]]]},"properties":{"name":"Tobin Lake","scalerank":7,"min_zoom":5.7}},
{"type":"Feature","geometry":{"type":"Polygon","coordinates":[[[-100.2614,53.6238],[-100.2856,53.6303],[-100.295,53.6044],[-100.406,53.6182],[-100.4482,53.6059],[-100.495,53.5547],[-100.5994,53.5944],[-100.6655,53.5579],[-100.5836,53.5379],[-100.689,53.4864],[-100.757,53.5288],[-100.833,53.5249],[-100.923,53.4714],[-100.8893,53.4366],[-100.6734,53.3518],[-100.6094,53.3351],[-100.5231,53.2768],[-100.4311,53.3083],[-100.3817,53.2721],[-100.3786,53.2282],[-100.3133,53.169],[-99.9404,53.0837],[-99.8627,53.0922],[-99.7802,53.1537],[-99.6423,53.1452],[-99.6091,53.1947],[-99.5357,53.1049],[-99.5458,53.0478],[-99.3985,53.0575],[-99.3848,53.1111],[-99.4252,53.1526],[-99.3304,53.1593],[-99.4184,53.2073],[-99.4054,53.3027],[-99.3713,53.348],[-99.4552,53.3536],[-99.5252,53.3098],[-99.6381,53.3065],[-99.7275,53.3171],[-99.7927,53.23],[-99.8505,53.2282],[-99.9181,53.2618],[-99.9051,53.3098],[-99.9768,53.3339],[-99.9159,53.3683],[-99.8867,53.4148],[-99.9636,53.4349],[-99.9603,53.502],[-100.0173,53.5608],[-100.1539,53.6156],[-100.2614,53.6238]]]},"properties":{"name":"Cedar Lake","scalerank":4,"min_zoom":4}},
{"type":"Feature","geometry":{"type":"Polygon","coordinates":[[[-97.2996,55.2113],[-97.3871,55.2219],[-97.5374,55.2146],[-97.6531,55.1628],[-97.6719,55.1057],[-97.7857,55.0477],[-97.9511,55.0141],[-97.9291,54.9452],[-97.8294,54.9482],[-97.7492,54.9767],[-97.6597,55.0282],[-97.6047,55.0038],[-97.4955,55.0465],[-97.4459,55.0365],[-97.2935,55.0433],[-97.2807,55.073],[-97.4685,55.0921],[-97.6357,55.05],[-97.6331,55.0827],[-97.4606,55.1154],[-97.3013,55.1743],[-97.2996,55.2113]]]},"properties":{"name":"Sipiwesk Lac","scalerank":7,"min_zoom":5.7}},
{"type":"Feature","geometry":{"type":"Polygon","coordinates":[[[-87.9681,50.7673],[-88.0503,50.7558],[-88.1557,50.8053],[-88.256,50.8138],[-88.2696,50.8636],[-88.3306,50.8939],[-88.4867,50.9348],[-88.3909,50.8689],[-88.3312,50.8082],[-88.413,50.8144],[-88.4546,50.8362],[-88.5805,50.8386],[-88.6191,50.7953],[-88.5235,50.7747],[-88.2766,50.7885],[-88.1882,50.7782],[-88.1843,50.737],[-88.2698,50.7326],[-88.2938,50.6987],[-88.3691,50.6831],[-88.4005,50.654],[-88.4963,50.624],[-88.4177,50.6031],[-88.3472,50.6346],[-88.2024,50.6408],[-88.1325,50.6337],[-88.1217,50.7461],[-88.0358,50.7244],[-87.9681,50.7673]]]},"properties":{"name":"Ogoki Reservoir","scalerank":7,"min_zoom":5.7}},
{"type":"Feature","geometry":{"type":"Polygon","coordinates":[[[-95.019,50.2875],[-94.9352,50.2928],[-94.821,50.2746],[-94.749,50.2813],[-94.7149,50.3323],[-94.7459,50.3564],[-94.811,50.3379],[-94.8006,50.3093],[-94.9304,50.3284],[-94.9834,50.3593],[-95.0647,50.3078],[-95.019,50.2875]]]},"properties":{"name":"Umfreville Lake","scalerank":8,"min_zoom":6}},
{"type":"Feature","geometry":{"type":"Polygon","coordinates":[[[-94.4248,50.2122],[-94.349,50.1648],[-94.1591,50.1724],[-94.1727,50.2048],[-94.3166,50.2036],[-94.3686,50.2328],[-94.3455,50.2746],[-94.4639,50.2819],[-94.4248,50.2122]]]},"properties":{"name":null,"scalerank":8,"min_zoom":6}},
{"type":"Feature","geometry":{"type":"Polygon","coordinates":[[[-92.6418,50.3638],[-92.7101,50.377],[-92.7468,50.4871],[-92.7031,50.5569],[-92.7443,50.5831],[-92.803,50.5207],[-92.889,50.5071],[-92.9597,50.6084],[-93.0631,50.619],[-93.1286,50.6475],[-93.1327,50.5854],[-93.0326,50.5392],[-92.9565,50.5204],[-93.0007,50.4894],[-93.003,50.4524],[-92.9319,50.4344],[-92.9503,50.3429],[-92.9135,50.332],[-92.8857,50.3929],[-92.8482,50.4073],[-92.7858,50.3838],[-92.7824,50.2778],[-92.7009,50.2778],[-92.7019,50.2292],[-92.6139,50.2328],[-92.526,50.2628],[-92.4774,50.2407],[-92.4352,50.3002],[-92.3476,50.2746],[-92.3539,50.2057],[-92.2521,50.2625],[-92.196,50.211],[-92.1688,50.2949],[-92.1781,50.3493],[-92.131,50.3682],[-92.0232,50.339],[-92.0528,50.3155],[-92.0272,50.2699],[-91.915,50.2813],[-91.8522,50.2634],[-91.6822,50.2607],[-91.6863,50.3061],[-91.8163,50.2949],[-91.9352,50.3217],[-91.9561,50.3705],[-91.9281,50.4056],[-91.8373,50.422],[-91.8553,50.4974],[-91.8883,50.548],[-91.8057,50.5733],[-91.7164,50.6649],[-91.6481,50.6728],[-91.5983,50.7037],[-91.5216,50.6831],[-91.4973,50.7202],[-91.5965,50.727],[-91.6492,50.6982],[-91.7368,50.6943],[-91.7922,50.6581],[-91.8316,50.5984],[-91.9764,50.5692],[-92.1077,50.5209],[-92.0588,50.503],[-91.9763,50.5059],[-92.0446,50.4167],[-92.1675,50.4061],[-92.2099,50.377],[-92.206,50.3429],[-92.2764,50.314],[-92.3722,50.3396],[-92.3947,50.4114],[-92.4484,50.3802],[-92.5286,50.3658],[-92.6418,50.3638]]]},"properties":{"name":"Lac Seul","scalerank":8,"min_zoom":6}},
{"type":"Feature","geometry":{"type":"Polygon","coordinates":[[[-76.6405,47.6091],[-76.7214,47.5906],[-76.7743,47.5302],[-76.7647,47.4169],[-76.8056,47.3615],[-76.6957,47.3554],[-76.7323,47.257],[-76.6393,47.29],[-76.6096,47.2723],[-76.5719,47.1737],[-76.5728,47.1319],[-76.4692,47.0742],[-76.3841,47.0389],[-76.3723,47.0734],[-76.3164,47.0978],[-76.3698,47.1322],[-76.4225,47.1057],[-76.5005,47.1458],[-76.545,47.197],[-76.478,47.2291],[-76.5043,47.2732],[-76.4759,47.2932],[-76.4834,47.3418],[-76.4112,47.4169],[-76.4561,47.4504],[-76.4425,47.4781],[-76.5124,47.5087],[-76.6063,47.4858],[-76.6387,47.4984],[-76.6168,47.5714],[-76.6814,47.5464],[-76.7026,47.58],[-76.5826,47.6138],[-76.5316,47.6506],[-76.522,47.7018],[-76.6405,47.6091]],[[-76.5307,47.4919],[-76.4692,47.4372],[-76.5045,47.3969],[-76.5722,47.4496],[-76.5307,47.4919]],[[-76.7332,47.4578],[-76.691,47.4846],[-76.6576,47.4437],[-76.668,47.3898],[-76.7473,47.441],[-76.7332,47.4578]]]},"properties":{"name":"Cabonga Reservoir","scalerank":5,"min_zoom":4.7}},
{"type":"Feature","geometry":{"type":"Polygon","coordinates":[[[-80.1761,48.7877],[-80.0768,48.7524],[-80.0257,48.7498],[-79.968,48.6912],[-79.9126,48.6947],[-79.8935,48.6308],[-79.7656,48.6285],[-79.7016,48.6553],[-79.5897,48.6088],[-79.4826,48.6102],[-79.4514,48.6417],[-79.3575,48.6514],[-79.2961,48.6332],[-79.2868,48.5985],[-79.3057,48.5231],[-79.279,48.4993],[-79.3467,48.4516],[-79.2584,48.4439],[-79.2231,48.4993],[-79.279,48.534],[-79.263,48.5723],[-79.2815,48.6444],[-79.2306,48.7121],[-79.2768,48.7197],[-79.3856,48.6985],[-79.4443,48.7221],[-79.5715,48.8204],[-79.6339,48.7651],[-79.7424,48.703],[-79.8215,48.703],[-79.8954,48.7804],[-79.8454,48.8092],[-79.8295,48.886],[-79.9028,48.8872],[-79.8954,48.9593],[-80.0254,48.9064],[-80.0985,48.9329],[-80.1365,48.8769],[-80.1152,48.8493],[-80.1902,48.8207],[-80.1761,48.7877]]]},"properties":{"name":"Lake Abitibi","scalerank":5,"min_zoom":4.7}},
{"type":"Feature","geometry":{"type":"Polygon","coordinates":[[[-77.2173,47.567],[-77.2308,47.5196],[-77.3152,47.6056],[-77.3189,47.5123],[-77.2506,47.4713],[-77.256,47.406],[-77.34,47.348],[-77.3024,47.3283],[-77.2573,47.3601],[-77.1939,47.3639],[-77.1524,47.3974],[-77.2043,47.4313],[-77.1475,47.5231],[-77.0738,47.464],[-76.9468,47.4354],[-76.9353,47.4858],[-77.0316,47.5061],[-77.1032,47.504],[-77.1125,47.5585],[-77.1954,47.5464],[-77.2173,47.567]]]},"properties":{"name":"Dozois Reservoir","scalerank":6,"min_zoom":5}},
{"type":"Feature","geometry":{"type":"Polygon","coordinates":[[[-77.4553,47.5096],[-77.4834,47.5811],[-77.4423,47.5956],[-77.4653,47.6482],[-77.4135,47.7051],[-77.4423,47.7248],[-77.5062,47.6241],[-77.6285,47.5267],[-77.4553,47.5096]]]},"properties":{"name":"Dozois Reservoir","scalerank":7,"min_zoom":5.7}},
{"type":"Feature","geometry":{"type":"Polygon","coordinates":[[[-71.9398,48.4324],[-71.8091,48.4725],[-71.7719,48.5228],[-71.7892,48.5546],[-71.7495,48.5805],[-71.807,48.6588],[-71.8637,48.685],[-71.965,48.6894],[-72.1054,48.7559],[-72.245,48.7395],[-72.3204,48.7483],[-72.3235,48.6947],[-72.3716,48.6647],[-72.2951,48.6049],[-72.2191,48.5817],[-72.2131,48.5204],[-72.1653,48.4725],[-72.1038,48.4804],[-72.0288,48.4377],[-71.9398,48.4324]]]},"properties":{"name":"Lac Saint-Jean","scalerank":4,"min_zoom":4}},
{"type":"Feature","geometry":{"type":"Polygon","coordinates":[[[-71.1606,50.1041],[-71.2285,50.1241],[-71.2426,50.1727],[-71.2257,50.2222],[-71.2629,50.2392],[-71.282,50.1406],[-71.3436,50.072],[-71.3296,50.0494],[-71.2183,50.0193],[-71.1381,50.0826],[-71.1606,50.1041]]]},"properties":{"name":"Lake Péribonca","scalerank":7,"min_zoom":5.7}},
{"type":"Feature","geometry":{"type":"Polygon","coordinates":[[[-76.1395,53.7151],[-76.1357,53.7286],[-76.2709,53.721],[-76.3626,53.7442],[-76.4162,53.7298],[-76.6474,53.7013],[-76.7513,53.6798],[-76.8099,53.7189],[-76.6564,53.7907],[-76.3578,53.832],[-76.5197,53.8882],[-76.3804,53.9029],[-76.3722,53.9494],[-76.2566,53.9532],[-76.3307,53.995],[-76.25,54.0192],[-76.2924,54.0904],[-76.1989,54.1092],[-76.3878,54.1599],[-76.3885,54.1987],[-76.4977,54.1793],[-76.5101,54.1463],[-76.4696,54.1019],[-76.4724,54.0407],[-76.5357,54.0601],[-76.7094,54.0433],[-76.8588,54.0769],[-76.8873,54.0265],[-76.7557,53.9956],[-76.6464,53.9912],[-76.7584,53.9041],[-76.901,53.8399],[-77.0472,53.8049],[-77.0676,53.8343],[-77.1705,53.7769],[-77.4051,53.8052],[-77.508,53.7501],[-77.6846,53.6954],[-77.6125,53.6674],[-77.4788,53.6671],[-77.4241,53.6191],[-77.5105,53.6171],[-77.5302,53.5906],[-77.4532,53.55],[-77.4328,53.5161],[-77.3558,53.5279],[-77.2957,53.5123],[-77.2769,53.5538],[-77.1527,53.4817],[-77.1088,53.5084],[-76.9792,53.4908],[-76.8196,53.5282],[-76.7602,53.517],[-76.2861,53.6021],[-76.2646,53.6409],[-76.4047,53.6462],[-76.2362,53.6974],[-76.1395,53.7151]],[[-76.7471,53.8779],[-76.6203,53.9482],[-76.5411,53.9256],[-76.7092,53.8661],[-76.7471,53.8779]],[[-76.8352,53.5535],[-76.9422,53.5114],[-77.0547,53.5152],[-77.1771,53.5414],[-77.0734,53.5873],[-77.0429,53.5547],[-76.9715,53.5812],[-76.9147,53.5532],[-76.8352,53.5535]],[[-76.708,53.623],[-76.7984,53.5826],[-76.8246,53.6283],[-76.708,53.623]]]},"properties":{"name":"Réservoir de La Grande 2","scalerank":4,"min_zoom":4}},
{"type":"Feature","geometry":{"type":"Polygon","coordinates":[[[48.4375,53.1096],[48.4275,53.084],[48.4987,52.9536],[48.3695,52.8417],[48.3368,52.7796],[48.3374,52.719],[48.2594,52.6981],[48.212,52.6377],[48.1054,52.5441],[48.1199,52.4543],[48.0675,52.356],[47.9591,52.2495],[47.8747,52.2074],[47.7566,52.0893],[47.7899,52.0563],[47.9197,52.0772],[47.9665,52.117],[47.9886,52.1723],[48.0622,52.2309],[48.1408,52.2286],[48.1687,52.2006],[48.2738,52.1853],[48.3857,52.1921],[48.3842,52.2138],[48.1976,52.2215],[48.1228,52.2733],[48.1734,52.3319],[48.2123,52.4205],[48.2267,52.505],[48.2779,52.59],[48.418,52.6098],[48.3942,52.6589],[48.4484,52.7675],[48.537,52.8061],[48.6217,52.9038],[48.5573,52.9739],[48.5432,53.081],[48.6159,53.1264],[48.5761,53.1705],[48.5134,53.177],[48.4375,53.1096]]]},"properties":{"name":"Saratov Reservoir","scalerank":7,"min_zoom":5.7}},
{"type":"Feature","geometry":{"type":"Polygon","coordinates":[[[53.3339,55.876],[53.2468,55.8737],[53.1073,55.8887],[52.9515,55.9252],[52.797,55.9999],[52.8986,56.0314],[52.9024,56.0547],[52.6843,56.0026],[52.5085,55.8896],[52.3846,55.9037],[52.3145,55.8848],[52.2933,55.8133],[52.3496,55.7012],[52.3849,55.7406],[52.3419,55.7909],[52.3622,55.8292],[52.5827,55.8478],[52.674,55.8272],[52.7228,55.8481],[52.8859,55.8422],[52.9312,55.8204],[52.9804,55.7618],[53.1114,55.7736],[53.248,55.7521],[53.2904,55.7165],[53.3981,55.6753],[53.4219,55.6953],[53.2692,55.7889],[53.0193,55.8339],[53.0958,55.8498],[53.3145,55.8398],[53.4738,55.8784],[53.5447,55.8413],[53.5868,55.876],[53.6677,55.871],[53.6857,55.9137],[53.5385,55.9396],[53.4708,55.9005],[53.3339,55.876]]]},"properties":{"name":"Nizhnekamsk Reservoir","scalerank":7,"min_zoom":5.7}},
{"type":"Feature","geometry":{"type":"Polygon","coordinates":[[[35.7142,68.7418],[35.6203,68.7739],[35.6815,68.8171],[35.5982,68.8469],[35.5143,68.8248],[35.4913,68.7851],[35.3439,68.7648],[35.3088,68.7179],[35.1884,68.657],[35.3197,68.6538],[35.3059,68.6158],[35.3486,68.5107],[35.2267,68.4201],[35.2076,68.3506],[35.1572,68.3191],[35.2088,68.2891],[35.1664,68.2264],[35.2276,68.214],[35.3153,68.3197],[35.2767,68.4224],[35.3801,68.4563],[35.446,68.5266],[35.4672,68.5934],[35.4469,68.6717],[35.6144,68.6859],[35.7142,68.7418]]]},"properties":{"name":"Serebryanskoe Reservoir","scalerank":6,"min_zoom":5}},
{"type":"Feature","geometry":{"type":"Polygon","coordinates":[[[38.6137,37.5492],[38.6578,37.6101],[38.7782,37.6263],[38.8827,37.6546],[38.8471,37.6867],[38.9513,37.6881],[38.9283,37.7279],[38.9728,37.75],[39.0002,37.881],[38.9513,37.8406],[38.8827,37.8106],[38.8765,37.7235],[38.8141,37.7152],[38.7744,37.659],[38.7046,37.6481],[38.6299,37.6519],[38.621,37.6198],[38.5056,37.5804],[38.4859,37.5448],[38.3746,37.5086],[38.3676,37.5548],[38.4394,37.654],[38.3649,37.6575],[38.3408,37.5722],[38.2737,37.5736],[38.3361,37.4833],[38.49,37.4447],[38.5198,37.4736],[38.6013,37.4921],[38.6137,37.5492]]]},"properties":{"name":"Ataturk Barajt","scalerank":7,"min_zoom":5.7}},
{"type":"Feature","geometry":{"type":"Polygon","coordinates":[[[-68.19,51.3275],[-68.2605,51.382],[-68.2549,51.4535],[-68.2841,51.4812],[-68.286,51.568],[-68.3251,51.6313],[-68.4045,51.6875],[-68.501,51.6651],[-68.5542,51.6784],[-68.4735,51.7431],[-68.451,51.8156],[-68.3939,51.8933],[-68.4928,51.9056],[-68.4928,51.82],[-68.5311,51.7399],[-68.5702,51.7355],[-68.6294,51.6878],[-68.6925,51.6937],[-68.7911,51.6722],[-68.8702,51.6784],[-68.9508,51.6254],[-69.1651,51.6487],[-69.2521,51.7193],[-69.2823,51.7785],[-69.3523,51.7617],[-69.2756,51.7152],[-69.109,51.5427],[-69.1444,51.5147],[-69.177,51.399],[-69.1781,51.3057],[-69.1264,51.3057],[-69,51.1765],[-68.9025,51.1335],[-68.7944,51.0484],[-68.7948,51.0134],[-68.703,50.903],[-68.7429,50.8533],[-68.7049,50.8156],[-68.6585,50.8865],[-68.6645,50.9719],[-68.6216,51.0281],[-68.4791,51.1235],[-68.3254,51.1609],[-68.3269,51.2056],[-68.2614,51.2177],[-68.2464,51.2545],[-68.1759,51.2863],[-68.19,51.3275]],[[-68.5929,51.0829],[-68.7186,50.9728],[-68.7258,51.0211],[-68.6913,51.0788],[-68.6381,51.1179],[-68.5929,51.0829]],[[-68.373,51.2663],[-68.5021,51.1862],[-68.6569,51.1521],[-68.7916,51.1603],[-68.8148,51.1992],[-68.9022,51.2212],[-68.9109,51.2477],[-69.0269,51.2545],[-69.0616,51.336],[-69.109,51.3775],[-69.1023,51.4226],[-69.0066,51.5221],[-68.9153,51.5924],[-68.6504,51.6593],[-68.4516,51.5857],[-68.3924,51.5339],[-68.3865,51.3496],[-68.4369,51.3537],[-68.4906,51.3937],[-68.4965,51.4588],[-68.5645,51.4379],[-68.5049,51.3302],[-68.4243,51.314],[-68.373,51.2663]]]},"properties":{"name":"Réservoir Manicouagan","scalerank":2,"min_zoom":2}},
{"type":"Feature","geometry":{"type":"Polygon","coordinates":[[[-76.1357,53.7286],[-76.1395,53.7151],[-76.1092,53.645],[-75.9655,53.701],[-75.884,53.6854],[-75.861,53.6527],[-75.9873,53.6224],[-76.0528,53.5617],[-76.1214,53.5555],[-76.1599,53.524],[-76.1318,53.4619],[-75.8556,53.4596],[-75.7503,53.4979],[-75.67,53.5102],[-75.6366,53.5806],[-75.7268,53.5835],[-75.7377,53.6241],[-75.5185,53.6394],[-75.441,53.6174],[-75.2196,53.6406],[-75.1463,53.6227],[-75.0477,53.6477],[-74.9654,53.6462],[-74.9901,53.6026],[-74.8402,53.5953],[-74.7046,53.6065],[-74.43,53.6833],[-74.5755,53.6812],[-74.8031,53.625],[-74.9227,53.6862],[-74.9991,53.6798],[-75.0593,53.6951],[-75.1669,53.6851],[-75.2247,53.6639],[-75.3172,53.6556],[-75.3683,53.6865],[-75.3144,53.7183],[-75.1834,53.7289],[-75.0905,53.7213],[-75.0152,53.779],[-74.7928,53.8508],[-74.6376,53.8505],[-74.6734,53.8852],[-74.7608,53.9076],[-75.0172,53.8346],[-75.0899,53.8414],[-75.1675,53.8072],[-75.2298,53.8072],[-75.237,53.8505],[-75.3877,53.8988],[-75.554,53.9008],[-75.6344,53.8755],[-75.7197,53.8964],[-75.8588,53.8735],[-75.8425,53.8476],[-75.9552,53.8025],[-75.8946,53.7763],[-76.0001,53.7525],[-76.0702,53.7201],[-76.1357,53.7286]],[[-75.7468,53.5426],[-75.7908,53.5052],[-75.8687,53.5076],[-75.8248,53.5623],[-75.7468,53.5426]],[[-75.734,53.6662],[-75.8238,53.6462],[-75.8045,53.7027],[-75.729,53.6995],[-75.734,53.6662]],[[-75.6135,53.701],[-75.6595,53.6521],[-75.7047,53.6951],[-75.6135,53.701]],[[-75.4167,53.7066],[-75.5106,53.6509],[-75.5619,53.6701],[-75.5352,53.7201],[-75.4232,53.7325],[-75.4167,53.7066]]]},"properties":{"name":"Réservoir de La Grande 3","scalerank":4,"min_zoom":4}},
{"type":"Feature","geometry":{"type":"Polygon","coordinates":[[[-113.651,35.871],[-113.69,35.9061],[-113.7067,35.9526],[-113.7619,36],[-113.7904,36.0618],[-113.8649,36.0836],[-113.9188,36.1424],[-113.9489,36.1492],[-113.9847,36.2363],[-114.0636,36.1992],[-114.1179,36.1469],[-114.1513,36.045],[-114.2414,36.0409],[-114.2895,36.1036],[-114.3761,36.1857],[-114.3884,36.2163],[-114.3727,36.3199],[-114.3167,36.4356],[-114.3363,36.478],[-114.4314,36.3514],[-114.4124,36.2778],[-114.457,36.1719],[-114.6451,36.1651],[-114.7439,36.1301],[-114.8587,36.1371],[-114.8035,36.0818],[-114.8163,36.0521],[-114.7693,36.027],[-114.7172,36.0253],[-114.7041,36.0818],[-114.6291,36.1371],[-114.5436,36.1536],[-114.4882,36.0962],[-114.429,36.0703],[-114.3659,36.1327],[-114.3294,36.0992],[-114.3304,36.0518],[-114.2274,36.0147],[-114.1161,36.0265],[-114.0568,36.1816],[-113.9952,36.1966],[-113.9806,36.1357],[-113.9261,36.1277],[-113.8714,36.0633],[-113.7775,36.0259],[-113.7555,35.9638],[-113.7282,35.954],[-113.7098,35.8881],[-113.651,35.871]]]},"properties":{"name":"Lake Mead","scalerank":4,"min_zoom":4}},
{"type":"Feature","geometry":{"type":"Polygon","coordinates":[[[-110.4102,37.9107],[-110.4313,37.8506],[-110.4809,37.8015],[-110.445,37.7712],[-110.4866,37.7135],[-110.5065,37.6575],[-110.5498,37.6458],[-110.6032,37.6042],[-110.6718,37.503],[-110.6989,37.508],[-110.7613,37.5648],[-110.7466,37.4727],[-110.7106,37.4403],[-110.7541,37.3437],[-110.8487,37.3537],[-110.8487,37.3072],[-110.9008,37.2027],[-110.9657,37.1377],[-111.1127,37.1238],[-111.166,37.1442],[-111.1981,37.0929],[-111.2367,37.1483],[-111.3266,37.0765],[-111.3057,37.04],[-111.3509,37.0229],[-111.4373,37.0991],[-111.4418,37.0352],[-111.5328,37.0514],[-111.4735,36.9322],[-111.3756,36.9649],[-111.3635,37.0079],[-111.2487,37.0135],[-111.1712,37.0659],[-111.1668,37.0876],[-111.0168,37.105],[-110.952,37.1238],[-110.8733,37.1786],[-110.6815,37.1724],[-110.69,37.1954],[-110.8081,37.1854],[-110.8627,37.2066],[-110.795,37.3096],[-110.7159,37.3496],[-110.705,37.3982],[-110.6504,37.4391],[-110.7002,37.4744],[-110.6384,37.4889],[-110.6443,37.5218],[-110.5452,37.611],[-110.452,37.6555],[-110.4597,37.7008],[-110.4176,37.7135],[-110.4136,37.7826],[-110.3824,37.8009],[-110.4102,37.9107]]]},"properties":{"name":"Lake Powell","scalerank":4,"min_zoom":4}},
{"type":"Feature","geometry":{"type":"Polygon","coordinates":[[[-122.3373,56.085],[-122.2217,56.0211],[-122.1716,56.0435],[-122.2447,56.0871],[-122.3368,56.12],[-122.4733,56.1301],[-122.5161,56.1568],[-122.6018,56.161],[-122.7197,56.1044],[-122.804,56.1065],[-123.0673,56.0847],[-123.1277,56.0874],[-123.1051,56.0276],[-123.1483,56.0005],[-123.2538,55.9858],[-123.2823,55.9991],[-123.6658,56.052],[-123.8143,56.0485],[-123.9037,56.0332],[-123.9654,56.0438],[-124.0461,56.0938],[-124.0957,56.168],[-124.0929,56.2396],[-124.1709,56.2225],[-124.2342,56.2472],[-124.3837,56.3561],[-124.4261,56.4527],[-124.4923,56.5398],[-124.6336,56.6022],[-124.6519,56.5837],[-124.531,56.4509],[-124.4794,56.3391],[-124.3984,56.2643],[-124.193,56.1053],[-124.1301,56.0847],[-124.1784,56.0376],[-124.2758,56.0344],[-124.2602,55.9967],[-124.1572,56.0029],[-124.0565,56.0244],[-124.0215,55.9573],[-124.0679,55.9208],[-123.9859,55.9072],[-123.8658,55.8566],[-123.7012,55.6923],[-123.6295,55.6894],[-123.469,55.6014],[-123.294,55.3994],[-123.199,55.2414],[-123.1771,55.287],[-123.179,55.38],[-123.2342,55.4165],[-123.3963,55.554],[-123.4208,55.6099],[-123.6441,55.7324],[-123.6964,55.7927],[-123.6843,55.8254],[-123.7845,55.8922],[-123.8073,55.9814],[-123.7342,56.0376],[-123.4447,56.017],[-123.2787,55.9805],[-123.1272,55.9805],[-123.0338,56.0438],[-122.8822,56.0774],[-122.7375,56.0659],[-122.6651,56.1036],[-122.5598,56.1292],[-122.4967,56.1003],[-122.3373,56.085]]]},"properties":{"name":"Williston Lake","scalerank":5,"min_zoom":4.7}},
{"type":"Feature","geometry":{"type":"Polygon","coordinates":[[[-106.2256,47.617],[-106.21,47.6427],[-106.279,47.8072],[-106.3554,47.8814],[-106.3729,47.9559],[-106.3383,48.0209],[-106.4087,48.02],[-106.6399,47.9491],[-106.5548,47.9347],[-106.5731,47.8693],[-106.7035,47.814],[-106.8233,47.7798],[-106.8885,47.7875],[-106.8997,47.7221],[-106.9331,47.6974],[-107.126,47.6962],[-107.2126,47.6815],[-107.3459,47.7283],[-107.406,47.7083],[-107.4398,47.6427],[-107.5548,47.6774],[-107.6214,47.6836],[-107.6242,47.6388],[-107.5119,47.6471],[-107.4196,47.6256],[-107.3712,47.6992],[-107.2657,47.6736],[-107.0527,47.6594],[-106.9233,47.6794],[-106.8331,47.6806],[-106.82,47.7389],[-106.7111,47.7318],[-106.6413,47.7837],[-106.5458,47.7183],[-106.5563,47.7984],[-106.4905,47.8346],[-106.4634,47.9088],[-106.3087,47.7748],[-106.2849,47.6842],[-106.2256,47.617]]]},"properties":{"name":"Fort Peck Lake","scalerank":5,"min_zoom":4.7}},
{"type":"Feature","geometry":{"type":"Polygon","coordinates":[[[-102.1002,47.5443],[-102.0644,47.5461],[-101.8981,47.4796],[-101.8004,47.4749],[-101.7443,47.4966],[-101.6734,47.4919],[-101.4884,47.5464],[-101.3821,47.4966],[-101.3453,47.5367],[-101.2499,47.554],[-101.2523,47.5832],[-101.1244,47.5679],[-101.1151,47.5988],[-101.181,47.665],[-101.266,47.6223],[-101.3341,47.6235],[-101.3922,47.6017],[-101.5675,47.5956],[-101.6453,47.5499],[-101.8111,47.5676],[-101.8469,47.5558],[-101.9704,47.5591],[-102.127,47.6188],[-102.2203,47.6306],[-102.214,47.7248],[-102.2531,47.7513],[-102.2419,47.7875],[-102.2904,47.8723],[-102.297,47.9173],[-102.376,47.9718],[-102.4269,47.9444],[-102.4134,47.8793],[-102.3691,47.8381],[-102.4109,47.7925],[-102.5721,47.8196],[-102.633,47.8625],[-102.5952,47.9547],[-102.5339,48.0327],[-102.5943,48.0489],[-102.7111,48.1337],[-102.9961,48.1908],[-103.1263,48.1772],[-103.202,48.1584],[-103.2704,48.0816],[-103.3349,48.0889],[-103.4485,48.0468],[-103.5106,48.0633],[-103.5239,48.1281],[-103.5663,48.1622],[-103.6356,48.1619],[-103.7076,48.1178],[-103.8003,48.0907],[-103.7488,48.0347],[-103.5783,48.1298],[-103.5479,48.0503],[-103.4827,47.9988],[-103.3885,48.0383],[-103.2509,48.0495],[-103.1748,48.1298],[-103.0885,48.1498],[-102.8613,48.1301],[-102.7524,48.0969],[-102.633,48.0127],[-102.6577,47.8552],[-102.6008,47.7981],[-102.4184,47.7613],[-102.306,47.7595],[-102.2783,47.7168],[-102.2961,47.6365],[-102.2416,47.5973],[-102.1002,47.5443]]]},"properties":{"name":"Lake Sakakawea","scalerank":5,"min_zoom":4.7}},
{"type":"Feature","geometry":{"type":"Polygon","coordinates":[[[-100.2525,45.0531],[-100.3103,45.0837],[-100.2716,45.1414],[-100.2476,45.2477],[-100.295,45.3225],[-100.2584,45.3834],[-100.303,45.4505],[-100.3134,45.4947],[-100.3764,45.5085],[-100.4518,45.5559],[-100.4138,45.6307],[-100.3286,45.671],[-100.3016,45.7263],[-100.3718,45.8373],[-100.3892,45.8927],[-100.5084,45.9807],[-100.5791,46.0725],[-100.5985,46.1708],[-100.5493,46.2209],[-100.559,46.28],[-100.5383,46.3192],[-100.5405,46.3943],[-100.5704,46.4434],[-100.549,46.4893],[-100.5448,46.5877],[-100.5638,46.6244],[-100.6216,46.6389],[-100.6553,46.6751],[-100.728,46.6839],[-100.7809,46.7157],[-100.806,46.681],[-100.625,46.6012],[-100.593,46.5588],[-100.6113,46.5123],[-100.5976,46.4572],[-100.6226,46.4207],[-100.5745,46.3945],[-100.5677,46.3204],[-100.5903,46.2827],[-100.5885,46.2168],[-100.6814,46.1591],[-100.654,46.1305],[-100.6129,46.0272],[-100.5851,46.0148],[-100.5564,45.9462],[-100.4911,45.8832],[-100.4314,45.8768],[-100.3371,45.7037],[-100.4203,45.6907],[-100.4625,45.6154],[-100.4918,45.6051],[-100.6269,45.6772],[-100.5702,45.5986],[-100.5373,45.5895],[-100.4547,45.5029],[-100.3876,45.4897],[-100.303,45.389],[-100.3269,45.366],[-100.4379,45.4064],[-100.6185,45.3696],[-100.5953,45.3366],[-100.5156,45.3657],[-100.4029,45.3575],[-100.3649,45.3128],[-100.31,45.281],[-100.3031,45.2392],[-100.3371,45.203],[-100.3253,45.1735],[-100.3499,45.1185],[-100.3371,45.0531],[-100.3886,45.0531],[-100.4749,45.0284],[-100.4264,44.888],[-100.4537,44.8589],[-100.5083,44.8677],[-100.5432,44.7964],[-100.5841,44.7926],[-100.6335,44.8624],[-100.7477,44.8862],[-100.781,44.8668],[-100.7595,44.8153],[-100.8992,44.8076],[-100.9759,44.8165],[-100.9737,44.7817],[-101.0397,44.7594],[-101.1073,44.772],[-101.1323,44.7399],[-101.0218,44.7234],[-100.8667,44.7702],[-100.7892,44.7652],[-100.6674,44.7149],[-100.6746,44.6101],[-100.6222,44.5168],[-100.6119,44.4638],[-100.5667,44.4394],[-100.4591,44.4532],[-100.3995,44.4367],[-100.3849,44.4697],[-100.4203,44.5044],[-100.4799,44.4862],[-100.4972,44.6066],[-100.5449,44.5724],[-100.6206,44.6119],[-100.5954,44.7223],[-100.522,44.7579],[-100.4008,44.853],[-100.379,44.8871],[-100.4063,44.981],[-100.3654,45.0234],[-100.296,44.9981],[-100.2525,45.0531]]]},"properties":{"name":"Lake Oahe","scalerank":5,"min_zoom":4.7}},
{"type":"Feature","geometry":{"type":"Polygon","coordinates":[[[-74.1125,48.3689],[-74.1496,48.4021],[-74.2489,48.3906],[-74.3718,48.4863],[-74.4161,48.5022],[-74.3851,48.5811],[-74.4407,48.5887],[-74.4802,48.5346],[-74.5963,48.632],[-74.5592,48.703],[-74.49,48.7612],[-74.5714,48.7898],[-74.5814,48.8213],[-74.6946,48.7942],[-74.756,48.7636],[-74.8493,48.7474],[-74.9027,48.7127],[-74.9138,48.6706],[-75.0789,48.6829],[-75.1404,48.6241],[-75.2112,48.5826],[-75.3253,48.5749],[-75.295,48.5381],[-75.4068,48.4795],[-75.2861,48.4675],[-75.3089,48.4098],[-75.2155,48.4036],[-75.2087,48.4613],[-75.1515,48.4998],[-75.1806,48.5608],[-75.043,48.5908],[-74.9965,48.5596],[-75.0577,48.4925],[-75.1198,48.4863],[-75.1054,48.4009],[-75.1129,48.3485],[-75.1492,48.2961],[-75.1116,48.282],[-75.0646,48.3518],[-74.9866,48.3585],[-74.9865,48.3959],[-75.0303,48.4283],[-75.0174,48.4804],[-74.9609,48.5784],[-74.8658,48.5879],[-74.8627,48.5331],[-74.7909,48.5137],[-74.7538,48.4575],[-74.7442,48.4033],[-74.6736,48.3553],[-74.6605,48.3968],[-74.5693,48.436],[-74.5333,48.4825],[-74.4407,48.4789],[-74.3384,48.3968],[-74.2298,48.3718],[-74.1125,48.3689]],[[-74.6053,48.7333],[-74.6516,48.6782],[-74.6273,48.6335],[-74.6663,48.6032],[-74.7405,48.5823],[-74.772,48.6205],[-74.6254,48.7359],[-74.6053,48.7333]],[[-74.612,48.7674],[-74.8123,48.7015],[-74.7981,48.7353],[-74.7357,48.7395],[-74.6609,48.7748],[-74.612,48.7674]]]},"properties":{"name":"Réservoir Gouin","scalerank":5,"min_zoom":4.7}},
{"type":"Feature","geometry":{"type":"Polygon","coordinates":[[[-117.9661,49.3782],[-118.0821,49.4798],[-118.1249,49.6122],[-118.0999,49.75],[-118.143,49.7262],[-118.17,49.6225],[-118.1717,49.5581],[-118.092,49.4174],[-117.9661,49.3782]]]},"properties":{"name":"Lower Arrow Lake","scalerank":5,"min_zoom":4.7}},
{"type":"Feature","geometry":{"type":"Polygon","coordinates":[[[-100.9348,29.5054],[-101.0325,29.5416],[-101.0521,29.4913],[-101.0977,29.4928],[-101.1453,29.5181],[-101.1847,29.5669],[-101.2137,29.5622],[-101.301,29.5128],[-101.2658,29.4872],[-101.2142,29.5181],[-101.1428,29.4754],[-101.0455,29.4512],[-101.0108,29.4848],[-100.9426,29.4766],[-100.9348,29.5054]]]},"properties":{"name":"Amistad Reservoir","scalerank":5,"min_zoom":4.7}},
{"type":"Feature","geometry":{"type":"Polygon","coordinates":[[[-75.728,46.8847],[-75.7702,46.8956],[-75.8248,46.8408],[-75.8713,46.8738],[-75.9458,46.844],[-76.0446,46.7657],[-75.9742,46.7387],[-75.9212,46.7875],[-75.8768,46.7969],[-75.847,46.7213],[-75.7681,46.7248],[-75.758,46.7557],[-75.7021,46.7863],[-75.728,46.8847]]]},"properties":{"name":"Réservoir Baskatong","scalerank":5,"min_zoom":4.7}},
{"type":"Feature","geometry":{"type":"Polygon","coordinates":[[[-120.0265,47.8731],[-120.1365,47.902],[-120.1663,47.9264],[-120.1794,48.0062],[-120.2807,48.0533],[-120.2956,48.0374],[-120.2056,47.9853],[-120.1921,47.9067],[-120.1163,47.8693],[-120.0265,47.8731]]]},"properties":{"name":"Lake Chelan","scalerank":5,"min_zoom":4.7}},
{"type":"Feature","geometry":{"type":"Polygon","coordinates":[[[-119.6232,37.0455],[-119.6927,37.0111],[-119.648,37.0079],[-119.6082,37.0288],[-119.6232,37.0455]]]},"properties":{"name":"Millerton Lake","scalerank":5,"min_zoom":4.7}},
{"type":"Feature","geometry":{"type":"Polygon","coordinates":[[[-70.0382,49.4118],[-70.0757,49.4701],[-70.0049,49.5169],[-69.9219,49.5248],[-69.8898,49.4718],[-69.924,49.4527],[-69.857,49.38],[-69.8742,49.3364],[-69.7628,49.3282],[-69.8213,49.3935],[-69.8806,49.536],[-69.9739,49.5519],[-70.0401,49.6252],[-70.0853,49.6387],[-70.0835,49.6785],[-70.1252,49.7017],[-70.1683,49.6717],[-70.2406,49.6882],[-70.2672,49.7468],[-70.2585,49.7818],[-70.3676,49.8742],[-70.2878,49.7126],[-70.2952,49.6643],[-70.3847,49.6717],[-70.4191,49.6917],[-70.5059,49.6317],[-70.5557,49.6146],[-70.6206,49.4933],[-70.6452,49.5239],[-70.7039,49.5127],[-70.7757,49.5996],[-70.8333,49.5961],[-70.9335,49.491],[-70.9098,49.4521],[-70.8077,49.5404],[-70.74,49.5292],[-70.7407,49.4495],[-70.5136,49.4863],[-70.4596,49.513],[-70.3398,49.5192],[-70.3651,49.5916],[-70.3259,49.634],[-70.2747,49.6487],[-70.1611,49.6093],[-70.1443,49.4801],[-70.0382,49.4118]],[[-70.0997,49.4863],[-70.1083,49.5707],[-70.0879,49.6143],[-70.0248,49.5687],[-70.0276,49.5345],[-70.0997,49.4863]]]},"properties":{"name":"Réservoir Pipmuacan","scalerank":5,"min_zoom":4.7}},
{"type":"Feature","geometry":{"type":"Polygon","coordinates":[[[-98.6045,43.0971],[-98.686,43.1],[-98.7369,43.1645],[-98.856,43.1819],[-98.8875,43.2528],[-98.9667,43.2731],[-99.0485,43.319],[-99.1323,43.4209],[-99.1651,43.4427],[-99.269,43.465],[-99.2846,43.5486],[-99.3304,43.5039],[-99.2952,43.4536],[-99.2204,43.435],[-99.1514,43.3979],[-99.0721,43.312],[-99.005,43.2655],[-98.9206,43.2434],[-98.9187,43.1954],[-98.884,43.1545],[-98.773,43.1348],[-98.7206,43.07],[-98.5488,43.0591],[-98.6045,43.0971]]]},"properties":{"name":"Lake Francis Case","scalerank":6,"min_zoom":5}},
{"type":"Feature","geometry":{"type":"Polygon","coordinates":[[[-99.1296,26.6948],[-99.2137,26.756],[-99.2036,26.7978],[-99.2204,26.8379],[-99.2051,26.9427],[-99.2615,26.8932],[-99.3123,26.9371],[-99.3502,26.9409],[-99.3731,27.0157],[-99.414,26.9642],[-99.3645,26.9347],[-99.3461,26.8408],[-99.2895,26.8447],[-99.2524,26.799],[-99.2403,26.6978],[-99.2449,26.6524],[-99.2777,26.638],[-99.2428,26.5797],[-99.1448,26.5641],[-99.1648,26.6286],[-99.1296,26.6948]]]},"properties":{"name":"Falcon Lake","scalerank":6,"min_zoom":5}},
{"type":"Feature","geometry":{"type":"Polygon","coordinates":[[[-69.4,54.0633],[-69.3391,54.0227],[-69.2852,54.0327],[-69.2804,54.0713],[-69.3747,54.0719],[-69.4027,54.1101],[-69.4983,54.0704],[-69.6268,54.1363],[-69.6851,54.1184],[-69.7471,54.1531],[-69.6702,54.2582],[-69.7874,54.3003],[-69.8018,54.338],[-69.8789,54.3698],[-69.9955,54.348],[-69.9527,54.3094],[-69.8943,54.3318],[-69.8424,54.3177],[-69.9369,54.2164],[-70.0004,54.1675],[-70.0411,54.1828],[-70.125,54.1628],[-70.1649,54.1251],[-70.1512,54.0848],[-70.0152,54.1558],[-69.8267,54.0969],[-69.7892,54.0586],[-69.663,54.0792],[-69.6498,54.0256],[-69.7419,54.0133],[-69.7989,54.0439],[-69.8904,53.9471],[-69.7948,53.9288],[-69.69,53.99],[-69.6262,54.003],[-69.5622,53.9871],[-69.4761,54.0418],[-69.4,54.0633]]]},"properties":{"name":"Réservoir de Caniapiscau","scalerank":6,"min_zoom":5}},
{"type":"Feature","geometry":{"type":"Polygon","coordinates":[[[-68.8156,53.8782],[-68.8665,53.917],[-68.8559,53.9615],[-68.9309,53.9836],[-69.1301,54.0086],[-69.2446,53.9859],[-69.2287,53.9403],[-68.9876,53.9494],[-68.9595,53.9129],[-68.8928,53.9017],[-68.8086,53.8414],[-68.7459,53.8172],[-68.8086,53.7416],[-68.8724,53.7631],[-68.9042,53.7213],[-68.7733,53.7007],[-68.767,53.6665],[-68.8198,53.643],[-68.9201,53.6465],[-68.9601,53.6215],[-68.9486,53.5667],[-69.0959,53.4399],[-69.0406,53.4272],[-68.9092,53.4666],[-68.8496,53.5126],[-68.8597,53.6071],[-68.7529,53.557],[-68.6913,53.6462],[-68.7412,53.6547],[-68.7193,53.7896],[-68.6776,53.8102],[-68.8156,53.8782]]]},"properties":{"name":"Lac Bermen","scalerank":6,"min_zoom":5}},
{"type":"Feature","geometry":{"type":"Polygon","coordinates":[[[-70.2827,54.4386],[-70.2217,54.4569],[-70.1477,54.4269],[-70.0164,54.4504],[-69.8427,54.461],[-69.7878,54.4916],[-69.8246,54.5767],[-69.9115,54.7153],[-70.0207,54.7386],[-70.0245,54.67],[-69.9553,54.6883],[-69.9116,54.6671],[-69.9293,54.6144],[-69.87,54.5646],[-69.973,54.4548],[-70.0622,54.4857],[-70.0915,54.471],[-70.2331,54.4722],[-70.4727,54.3792],[-70.4187,54.3586],[-70.3772,54.3921],[-70.2812,54.416],[-70.2827,54.4386]]]},"properties":{"name":"Réservoir de Caniapiscau","scalerank":6,"min_zoom":5}},
{"type":"Feature","geometry":{"type":"Polygon","coordinates":[[[-87.9085,36.1739],[-87.9395,36.2973],[-88.0378,36.4433],[-88.0124,36.5245],[-88.0275,36.6205],[-88.1051,36.775],[-88.1604,36.9116],[-88.2464,37.002],[-88.2792,36.9929],[-88.2218,36.9322],[-88.0989,36.6953],[-88.0798,36.6682],[-88.0983,36.6243],[-88.0584,36.5804],[-88.0505,36.5145],[-88.0754,36.438],[-88.1188,36.4115],[-88.1036,36.377],[-88.1462,36.3117],[-88.1052,36.2946],[-88.043,36.3924],[-88.0096,36.3532],[-87.9507,36.2237],[-87.9611,36.1854],[-87.9407,36.1201],[-87.9953,36.068],[-88.0087,35.995],[-87.9164,36.1098],[-87.9085,36.1739]]]},"properties":{"name":"Kentucky Lake","scalerank":6,"min_zoom":5}},
{"type":"Feature","geometry":{"type":"Polygon","coordinates":[[[-82.2118,33.7113],[-82.2193,33.7696],[-82.3391,33.8449],[-82.5209,33.9379],[-82.4954,33.8835],[-82.3965,33.8535],[-82.2752,33.7628],[-82.2542,33.711],[-82.2739,33.6636],[-82.1882,33.6824],[-82.2118,33.7113]]]},"properties":{"name":"J. Strom Thurmond Lake","scalerank":6,"min_zoom":5}},
{"type":"Feature","geometry":{"type":"Polygon","coordinates":[[[-118.36,52.1246],[-118.2637,52.1179],[-118.257,52.152],[-118.3927,52.1467],[-118.4461,52.1694],[-118.4636,52.215],[-118.6178,52.3598],[-118.7197,52.4314],[-118.7475,52.4808],[-118.8031,52.5159],[-118.8722,52.5877],[-118.9895,52.6489],[-119.0579,52.7213],[-119.0841,52.7048],[-118.9837,52.6174],[-118.876,52.5547],[-118.8329,52.4947],[-118.7241,52.3854],[-118.6086,52.3139],[-118.5655,52.255],[-118.5151,52.2209],[-118.4933,52.1435],[-118.5008,52.0955],[-118.4451,52.074],[-118.3818,52.0796],[-118.36,52.1246]]]},"properties":{"name":"Kinbasket Lake","scalerank":6,"min_zoom":5}},
{"type":"Feature","geometry":{"type":"Polygon","coordinates":[[[-122.1667,40.7625],[-122.1907,40.794],[-122.2597,40.7698],[-122.3551,40.7957],[-122.4441,40.7351],[-122.3997,40.7213],[-122.3619,40.7486],[-122.1667,40.7625]]]},"properties":{"name":"Shasta Lake","scalerank":6,"min_zoom":5}},
{"type":"Feature","geometry":{"type":"Polygon","coordinates":[[[-86.917,34.5876],[-86.97,34.6382],[-86.9914,34.6809],[-87.1159,34.723],[-87.193,34.7736],[-87.2878,34.7766],[-87.3243,34.8281],[-87.4438,34.8281],[-87.5468,34.8484],[-87.6368,34.8066],[-87.602,34.7895],[-87.5249,34.8196],[-87.4329,34.7872],[-87.388,34.7981],[-87.2791,34.7398],[-87.1924,34.7419],[-87.052,34.6468],[-86.917,34.5876]]]},"properties":{"name":"Wheeler Lake","scalerank":6,"min_zoom":5}},
{"type":"Feature","geometry":{"type":"Polygon","coordinates":[[[-118.084,48.667],[-118.1139,48.6609],[-118.2228,48.4583],[-118.2253,48.3968],[-118.1731,48.2567],[-118.1519,48.2667],[-118.1959,48.4124],[-118.1304,48.5549],[-118.0903,48.6158],[-118.084,48.667]]]},"properties":{"name":"Franklin D. Roosevelt Lake","scalerank":7,"min_zoom":5.7}},
{"type":"Feature","geometry":{"type":"Polygon","coordinates":[[[-117.7015,50.7611],[-117.8044,50.7338],[-117.846,50.699],[-117.9317,50.6649],[-117.947,50.6113],[-117.9438,50.4933],[-117.9554,50.463],[-117.9415,50.3414],[-117.8944,50.2813],[-117.8325,50.1718],[-117.7771,50.2024],[-117.8822,50.3429],[-117.9075,50.5754],[-117.8632,50.631],[-117.8678,50.6755],[-117.7015,50.74],[-117.7015,50.7611]]]},"properties":{"name":"Upper Arrow Lake","scalerank":7,"min_zoom":5.7}},
{"type":"Feature","geometry":{"type":"Polygon","coordinates":[[[-117.5393,51.6955],[-117.5636,51.772],[-117.6598,51.7964],[-117.7236,51.7935],[-117.6751,51.7134],[-117.5929,51.691],[-117.5393,51.6955]]]},"properties":{"name":"Kinbasket Lake","scalerank":7,"min_zoom":5.7}},
{"type":"Feature","geometry":{"type":"Polygon","coordinates":[[[-107.2806,33.1143],[-107.3112,32.9704],[-107.2798,33.0022],[-107.2657,33.0772],[-107.2806,33.1143]]]},"properties":{"name":"Caballo Reservoir","scalerank":7,"min_zoom":5.7}},
{"type":"Feature","geometry":{"type":"Polygon","coordinates":[[[-107.1563,33.2939],[-107.2109,33.2312],[-107.1677,33.177],[-107.1521,33.2397],[-107.1563,33.2939]]]},"properties":{"name":"Elephant Butte Reservoir","scalerank":7,"min_zoom":5.7}},
{"type":"Feature","geometry":{"type":"Polygon","coordinates":[[[-106.5943,51.1003],[-106.6899,51.1309],[-106.7594,51.185],[-106.7991,51.2613],[-106.8823,51.2545],[-106.813,51.1715],[-106.738,51.1214],[-106.6625,51.097],[-106.7205,51.0593],[-106.81,51.0417],[-106.867,51.0523],[-106.9192,50.969],[-106.9157,50.9392],[-106.9878,50.8957],[-106.9793,50.8412],[-107.009,50.7918],[-107.0694,50.7597],[-107.1612,50.772],[-107.2829,50.7261],[-107.4304,50.7064],[-107.4885,50.6593],[-107.5456,50.6431],[-107.6017,50.6649],[-107.9195,50.6929],[-107.9794,50.6614],[-107.8103,50.6649],[-107.7177,50.6375],[-107.6284,50.6519],[-107.5489,50.6128],[-107.3649,50.6784],[-107.2795,50.6784],[-107.1711,50.7435],[-107.115,50.7202],[-107.0125,50.7332],[-106.9431,50.7885],[-106.944,50.881],[-106.8821,50.9257],[-106.8749,51.0008],[-106.7712,51.0172],[-106.6503,51.0635],[-106.5179,51.0552],[-106.5943,51.1003]]]},"properties":{"name":"Lake Diefenbaker","scalerank":7,"min_zoom":5.7}},
{"type":"Feature","geometry":{"type":"Polygon","coordinates":[[[-64.7248,53.2997],[-64.6556,53.2721],[-64.6624,53.3742],[-64.7564,53.4169],[-64.7648,53.4537],[-64.8465,53.4413],[-64.9395,53.4095],[-64.9151,53.3783],[-64.831,53.3616],[-64.7248,53.2997]]]},"properties":{"name":"Ossokmanuan Lake","scalerank":7,"min_zoom":5.7}},
{"type":"Feature","geometry":{"type":"Polygon","coordinates":[[[-103.8783,31.951],[-103.942,31.971],[-103.9126,31.9112],[-103.8783,31.951]]]},"properties":{"name":"Red Bluff Lake","scalerank":7,"min_zoom":5.7}},
{"type":"Feature","geometry":{"type":"Polygon","coordinates":[[[-104.2891,32.7502],[-104.3188,32.7178],[-104.3145,32.6657],[-104.2939,32.6336],[-104.2704,32.7178],[-104.2891,32.7502]]]},"properties":{"name":"Brantley Lake","scalerank":7,"min_zoom":5.7}},
{"type":"Feature","geometry":{"type":"Polygon","coordinates":[[[-101.6857,41.2152],[-101.6815,41.262],[-101.7677,41.2747],[-101.8522,41.3035],[-101.9119,41.2906],[-101.7523,41.2261],[-101.6857,41.2152]]]},"properties":{"name":"Lake C.W. McConaughy","scalerank":7,"min_zoom":5.7}},
{"type":"Feature","geometry":{"type":"Polygon","coordinates":[[[-106.8269,42.0839],[-106.8113,42.133],[-106.8955,42.1539],[-106.8951,42.098],[-106.8311,42.0247],[-106.7787,42.038],[-106.8269,42.0839]]]},"properties":{"name":"Seminoe Reservoir","scalerank":7,"min_zoom":5.7}},
{"type":"Feature","geometry":{"type":"Polygon","coordinates":[[[-122.6289,41.0224],[-122.6783,40.9965],[-122.7286,40.8843],[-122.8096,40.8746],[-122.7545,40.8205],[-122.717,40.8755],[-122.6783,40.887],[-122.6773,40.9365],[-122.6289,41.0224]]]},"properties":{"name":"Trinity Lake","scalerank":7,"min_zoom":5.7}},
{"type":"Feature","geometry":{"type":"Polygon","coordinates":[[[-78.2956,36.6099],[-78.3923,36.6164],[-78.4566,36.6579],[-78.5041,36.6317],[-78.5491,36.682],[-78.5854,36.6776],[-78.6348,36.7061],[-78.676,36.7853],[-78.7099,36.7471],[-78.6416,36.6652],[-78.6001,36.6579],[-78.5213,36.6119],[-78.5421,36.586],[-78.4982,36.5554],[-78.3465,36.5737],[-78.2922,36.5478],[-78.2956,36.6099]]]},"properties":{"name":"John H. Kerr Reservoir","scalerank":7,"min_zoom":5.7}},
{"type":"Feature","geometry":{"type":"Polygon","coordinates":[[[-96.6714,33.8517],[-96.5785,33.8585],[-96.5444,33.9309],[-96.5751,34.0062],[-96.5223,34.0728],[-96.5797,34.0713],[-96.6602,34.0242],[-96.5941,33.9494],[-96.6309,33.9256],[-96.7089,33.9379],[-96.7094,33.8805],[-96.7391,33.8564],[-96.7912,33.8897],[-96.837,33.8844],[-96.8936,33.9727],[-96.9934,33.9683],[-96.9943,33.9206],[-96.9191,33.9338],[-96.8786,33.8676],[-96.8116,33.8555],[-96.8211,33.8199],[-96.7261,33.8308],[-96.6714,33.8517]]]},"properties":{"name":"Lake Texoma","scalerank":7,"min_zoom":5.7}},
{"type":"Feature","geometry":{"type":"Polygon","coordinates":[[[-109.5635,41.0277],[-109.5885,40.9685],[-109.5124,40.9977],[-109.5294,41.0457],[-109.5014,41.1154],[-109.523,41.2182],[-109.5598,41.2703],[-109.5959,41.2564],[-109.5351,41.1375],[-109.5703,41.0772],[-109.5635,41.0277]]]},"properties":{"name":"Flaming Gorge Reservoir","scalerank":7,"min_zoom":5.7}},
{"type":"Feature","geometry":{"type":"Polygon","coordinates":[[[-112.6202,43.0049],[-112.6904,43.0656],[-112.764,42.9372],[-112.8193,42.9004],[-112.8782,42.8295],[-112.8286,42.8257],[-112.7607,42.8807],[-112.7088,42.8919],[-112.696,42.9252],[-112.5834,42.9793],[-112.6202,43.0049]]]},"properties":{"name":"American Falls Reservoir","scalerank":7,"min_zoom":5.7}},
{"type":"Feature","geometry":{"type":"Polygon","coordinates":[[[-105.4211,27.5541],[-105.5105,27.5367],[-105.5534,27.5573],[-105.5802,27.5096],[-105.5248,27.5031],[-105.449,27.5305],[-105.4211,27.5541]]]},"properties":{"name":"Presa de la Boquilla","scalerank":7,"min_zoom":5.7}},
{"type":"Feature","geometry":{"type":"Polygon","coordinates":[[[-101.3528,18.5256],[-101.495,18.4971],[-101.5506,18.5256],[-101.5661,18.5954],[-101.6052,18.5939],[-101.6797,18.6354],[-101.7077,18.6763],[-101.8522,18.6287],[-101.8573,18.7005],[-101.9314,18.775],[-101.9692,18.7635],[-101.9991,18.8],[-102.0031,18.8895],[-102.0376,18.913],[-102.0849,18.8895],[-102.0815,18.8482],[-102.0462,18.7826],[-101.9955,18.7658],[-101.8994,18.6902],[-101.8784,18.573],[-101.9056,18.525],[-101.8847,18.4662],[-101.9058,18.4273],[-101.8721,18.3202],[-101.9062,18.2657],[-101.8359,18.2454],[-101.8038,18.2622],[-101.8563,18.3249],[-101.8609,18.4526],[-101.8721,18.5056],[-101.8406,18.5551],[-101.7502,18.5668],[-101.694,18.553],[-101.6588,18.5871],[-101.5357,18.4882],[-101.4954,18.4709],[-101.4264,18.4776],[-101.3416,18.4694],[-101.3528,18.5256]]]},"properties":{"name":"Presa del Infiernillo","scalerank":7,"min_zoom":5.7}},
{"type":"Feature","geometry":{"type":"Polygon","coordinates":[[[-92.0984,15.9052],[-92.1452,15.9423],[-92.3539,16.0521],[-92.3916,16.0877],[-92.4224,16.0833],[-92.5256,16.1366],[-92.5456,16.1857],[-92.6289,16.199],[-92.6895,16.2411],[-92.7369,16.2543],[-92.7647,16.2855],[-92.8274,16.2985],[-92.7647,16.3812],[-92.7687,16.4153],[-92.8739,16.3097],[-92.8904,16.2369],[-92.8859,16.1775],[-92.8404,16.2093],[-92.8302,16.2567],[-92.7306,16.2302],[-92.6156,16.1516],[-92.6242,16.1118],[-92.7434,16.1616],[-92.7566,16.0998],[-92.7934,16.0877],[-92.7825,16.0418],[-92.7424,16.0721],[-92.6077,16.0312],[-92.6053,16.0736],[-92.573,16.0933],[-92.5291,16.0665],[-92.5466,16.0309],[-92.5872,16.0038],[-92.5257,15.9658],[-92.532,16.0212],[-92.4876,16.0556],[-92.4449,16.0621],[-92.3927,16.0318],[-92.306,15.962],[-92.2677,15.9597],[-92.1688,15.9149],[-92.1734,15.8758],[-92.0984,15.9052]]]},"properties":{"name":"Presa de la Angostura","scalerank":7,"min_zoom":5.7}},
{"type":"Feature","geometry":{"type":"Polygon","coordinates":[[[-89.8894,44.2525],[-89.9587,44.1768],[-90.0429,44.1256],[-90.0118,44.0126],[-89.9808,43.9708],[-89.9964,43.9293],[-89.9484,43.8745],[-89.9412,43.9702],[-89.9661,44.0146],[-90.0046,44.0314],[-89.9618,44.1209],[-89.9107,44.1721],[-89.8894,44.2525]]]},"properties":{"name":"Petenwell Lake","scalerank":7,"min_zoom":5.7}},
{"type":"Feature","geometry":{"type":"Polygon","coordinates":[[[-84.6762,30.8047],[-84.7429,30.7953],[-84.7708,30.8147],[-84.8234,30.7844],[-84.9049,30.7718],[-84.9413,30.8618],[-84.9492,30.7503],[-84.8845,30.7097],[-84.8527,30.7523],[-84.7919,30.7582],[-84.6762,30.8047]]]},"properties":{"name":"Lake Seminole","scalerank":7,"min_zoom":5.7}},
{"type":"Feature","geometry":{"type":"Polygon","coordinates":[[[-87.9538,36.7677],[-87.9491,36.8789],[-88.0165,37.004],[-88.0615,36.9979],[-88.0549,36.9293],[-87.9981,36.8268],[-87.9891,36.7335],[-87.8855,36.6099],[-87.8821,36.6473],[-87.9383,36.7262],[-87.9538,36.7677]]]},"properties":{"name":"Lake Barkley","scalerank":8,"min_zoom":6}},
{"type":"Feature","geometry":{"type":"Polygon","coordinates":[[[-98.9218,26.2768],[-98.958,26.2668],[-98.9836,26.2091],[-99.0731,26.2112],[-98.9945,26.0978],[-98.9427,26.112],[-98.9601,26.1761],[-98.8959,26.1897],[-98.9218,26.2768]]]},"properties":{"name":"Presa Marte R. Gomez","scalerank":8,"min_zoom":6}},
{"type":"Feature","geometry":{"type":"Polygon","coordinates":[[[-80.0809,33.2315],[-80.0335,33.2159],[-79.9909,33.2459],[-79.972,33.2945],[-80.0133,33.3884],[-80.0579,33.3839],[-80.1314,33.3257],[-80.1434,33.2877],[-80.0809,33.2315]]]},"properties":{"name":"Lake Moultrie","scalerank":8,"min_zoom":6}},
{"type":"Feature","geometry":{"type":"Polygon","coordinates":[[[-80.1833,33.5091],[-80.2513,33.5002],[-80.3143,33.5191],[-80.3483,33.4905],[-80.4403,33.4884],[-80.3688,33.439],[-80.2863,33.4166],[-80.2317,33.4369],[-80.2125,33.4046],[-80.1546,33.4284],[-80.1833,33.5091]]]},"properties":{"name":"Lake Marion","scalerank":8,"min_zoom":6}},
{"type":"Feature","geometry":{"type":"Polygon","coordinates":[[[-101.7717,35.491],[-101.7222,35.5699],[-101.665,35.6049],[-101.6158,35.6726],[-101.5335,35.7174],[-101.5862,35.7342],[-101.6155,35.6894],[-101.73,35.5996],[-101.7717,35.491]]]},"properties":{"name":"Lake Meredith","scalerank":8,"min_zoom":6}},
{"type":"Feature","geometry":{"type":"Polygon","coordinates":[[[-103.4138,35.3768],[-103.4759,35.4039],[-103.5237,35.3697],[-103.4554,35.3562],[-103.4138,35.3768]]]},"properties":{"name":"Ute Reservoir","scalerank":8,"min_zoom":6}},
{"type":"Feature","geometry":{"type":"Polygon","coordinates":[[[-104.1749,35.5481],[-104.2158,35.5481],[-104.2292,35.496],[-104.1915,35.4209],[-104.3091,35.4104],[-104.247,35.3733],[-104.1915,35.3756],[-104.1715,35.4068],[-104.1749,35.5481]]]},"properties":{"name":"Conchas Lake","scalerank":8,"min_zoom":6}},
{"type":"Feature","geometry":{"type":"Polygon","coordinates":[[[-93.7691,31.4567],[-93.8336,31.3814],[-93.728,31.4088],[-93.6946,31.367],[-93.7121,31.306],[-93.6987,31.2392],[-93.6359,31.2027],[-93.6358,31.1662],[-93.5666,31.193],[-93.5881,31.2625],[-93.6346,31.3437],[-93.6212,31.3949],[-93.6662,31.4255],[-93.6976,31.4912],[-93.7005,31.5451],[-93.7763,31.5922],[-93.7947,31.7626],[-93.8389,31.8483],[-93.8888,31.9021],[-93.9576,31.933],[-93.9918,31.984],[-94.0177,31.9675],[-93.9815,31.9068],[-93.9379,31.8747],[-93.94,31.8406],[-93.8986,31.8144],[-93.847,31.7099],[-93.8424,31.6448],[-93.8615,31.6004],[-93.8161,31.5618],[-93.8131,31.5124],[-93.7719,31.4912],[-93.7691,31.4567]]]},"properties":{"name":"Toledo Bend Reservoir","scalerank":8,"min_zoom":6}},
{"type":"Feature","geometry":{"type":"Polygon","coordinates":[[[-111.1507,43.2843],[-111.0951,43.2057],[-111.0525,43.2145],[-111.1149,43.2899],[-111.1507,43.2843]]]},"properties":{"name":"Palisades Reservoir","scalerank":8,"min_zoom":6}},
{"type":"Feature","geometry":{"type":"Polygon","coordinates":[[[-104.9327,42.5625],[-104.9755,42.5852],[-104.9907,42.5416],[-104.9557,42.5307],[-104.9327,42.5625]]]},"properties":{"name":"Glendo Reservoir","scalerank":8,"min_zoom":6}},
{"type":"Feature","geometry":{"type":"Polygon","coordinates":[[[-106.8992,42.2658],[-106.9077,42.3306],[-106.8518,42.4339],[-106.8562,42.4777],[-106.9261,42.4695],[-106.9537,42.4027],[-106.9089,42.3662],[-106.9294,42.3185],[-106.8992,42.2658]]]},"properties":{"name":"Pathfinder Reservoir","scalerank":8,"min_zoom":6}},
{"type":"Feature","geometry":{"type":"Polygon","coordinates":[[[-93.3913,17.0515],[-93.4178,17.1024],[-93.4574,17.1339],[-93.4953,17.1395],[-93.5151,17.1819],[-93.5791,17.1674],[-93.7007,17.203],[-93.7589,17.1963],[-93.7869,17.1471],[-93.7039,17.1557],[-93.6491,17.1483],[-93.6287,17.1006],[-93.5441,17.1162],[-93.4778,17.0868],[-93.4668,17.0623],[-93.3913,17.0515]]]},"properties":{"name":"Presa Nezahualcyotl","scalerank":8,"min_zoom":6}},
{"type":"Feature","geometry":{"type":"Polygon","coordinates":[[[-98.1167,18.9507],[-98.1635,18.9463],[-98.1941,18.9707],[-98.2802,18.9804],[-98.2058,18.9257],[-98.1635,18.9121],[-98.1167,18.9507]]]},"properties":{"name":"Presa Manuel vila Camacho","scalerank":8,"min_zoom":6}},
{"type":"Feature","geometry":{"type":"Polygon","coordinates":[[[-98.6848,24.0043],[-98.7076,24.0638],[-98.7911,24.0538],[-98.7542,23.9955],[-98.8556,23.9352],[-98.7883,23.8975],[-98.7597,23.8554],[-98.7252,23.8492],[-98.6907,23.891],[-98.6723,23.9634],[-98.6848,24.0043]]]},"properties":{"name":"Presa Vicente Guerrero","scalerank":8,"min_zoom":6}},
{"type":"Feature","geometry":{"type":"Polygon","coordinates":[[[-109.7707,27.998],[-109.8108,27.9415],[-109.8371,27.9397],[-109.9147,27.844],[-109.8565,27.8275],[-109.8252,27.854],[-109.7803,27.9379],[-109.7707,27.998]]]},"properties":{"name":"Presa Alvaro Obregon","scalerank":8,"min_zoom":6}},
{"type":"Feature","geometry":{"type":"Polygon","coordinates":[[[-121.5003,39.6936],[-121.4717,39.6192],[-121.4851,39.588],[-121.3975,39.55],[-121.3807,39.6021],[-121.4401,39.605],[-121.5003,39.6936]]]},"properties":{"name":"Lake Oroville","scalerank":8,"min_zoom":6}},
{"type":"Feature","geometry":{"type":"Polygon","coordinates":[[[-108.1258,43.3829],[-108.1638,43.4226],[-108.2402,43.3611],[-108.1508,43.3099],[-108.1258,43.3829]]]},"properties":{"name":"Boysen Reservoir","scalerank":8,"min_zoom":6}},
{"type":"Feature","geometry":{"type":"Polygon","coordinates":[[[-82.8005,34.5405],[-82.8242,34.5364],[-82.8355,34.4649],[-82.9134,34.3972],[-82.8748,34.3648],[-82.8288,34.3551],[-82.8083,34.4178],[-82.8321,34.4498],[-82.8008,34.4793],[-82.8005,34.5405]]]},"properties":{"name":"Hartwell Lake","scalerank":8,"min_zoom":6}},
{"type":"Feature","geometry":{"type":"Polygon","coordinates":[[[-83.8286,34.3892],[-83.8492,34.3695],[-83.9222,34.3595],[-83.9656,34.3866],[-83.9325,34.4392],[-83.9884,34.4401],[-83.9922,34.3506],[-83.9531,34.2953],[-83.9925,34.2429],[-84.039,34.222],[-84.1035,34.2223],[-84.0755,34.167],[-83.9906,34.1776],[-83.9086,34.2641],[-83.8401,34.3492],[-83.8286,34.3892]]]},"properties":{"name":"Lake Sidney Lanier","scalerank":8,"min_zoom":6}},
{"type":"Feature","geometry":{"type":"Polygon","coordinates":[[[-77.7653,36.5016],[-77.8539,36.5281],[-77.9975,36.5454],[-78.0458,36.6096],[-78.1208,36.5896],[-78.1254,36.5625],[-78.0328,36.5384],[-77.9179,36.4815],[-77.7653,36.5016]]]},"properties":{"name":"Lake Gaston","scalerank":8,"min_zoom":6}},
{"type":"Feature","geometry":{"type":"Polygon","coordinates":[[[-79.5241,37.0791],[-79.6028,37.1253],[-79.7147,37.2154],[-79.7207,37.1895],[-79.6074,37.0626],[-79.7097,37.0579],[-79.7045,37.0302],[-79.5027,37.0497],[-79.5241,37.0791]]]},"properties":{"name":"Smith Mountain Lake","scalerank":8,"min_zoom":6}},
{"type":"Feature","geometry":{"type":"Polygon","coordinates":[[[-85.1389,31.8774],[-85.1718,31.8332],[-85.136,31.7782],[-85.1177,31.649],[-85.0624,31.6369],[-85.0499,31.6796],[-85.0898,31.7178],[-85.0936,31.762],[-85.1382,31.8194],[-85.1389,31.8774]]]},"properties":{"name":"Walter F. George Reservoir","scalerank":8,"min_zoom":6}},
{"type":"Feature","geometry":{"type":"Polygon","coordinates":[[[38.704,58.1132],[38.568,58.2371],[38.5895,58.2548],[38.7361,58.1921],[38.8065,58.1821],[38.7997,58.2545],[38.8798,58.3613],[38.9531,58.3602],[38.9746,58.3981],[38.9554,58.4561],[38.9027,58.4979],[38.6911,58.5656],[38.1556,58.9171],[38.0932,58.9936],[38.0338,58.9863],[37.9537,59.0401],[37.7724,59.0869],[37.8186,59.1078],[37.9534,59.1173],[38.0664,59.0937],[38.1742,59.0531],[38.2628,59.0766],[38.3058,59.0646],[38.4091,59.1423],[38.3034,59.1402],[38.1839,59.1894],[38.1877,59.102],[38.1082,59.1014],[37.8748,59.1346],[37.7691,59.1567],[37.6849,59.1208],[37.6791,59.0825],[37.7176,59.0039],[37.6596,58.981],[37.5737,58.9771],[37.4762,58.9515],[37.491,58.9159],[37.4365,58.8673],[37.5463,58.8403],[37.5304,58.9047],[37.6219,58.9389],[37.7285,58.9442],[37.8377,58.9224],[37.8969,58.8856],[37.916,58.8376],[38.0099,58.8726],[37.994,58.8061],[38.0529,58.7296],[37.9984,58.7001],[38.0785,58.6566],[38.1156,58.6068],[38.0461,58.6004],[38.0844,58.5297],[37.931,58.555],[37.7541,58.6336],[37.6549,58.648],[37.6049,58.6313],[37.6944,58.5753],[37.6484,58.5356],[37.5445,58.5697],[37.5548,58.6157],[37.4389,58.6242],[37.3608,58.6828],[37.3123,58.7711],[37.2487,58.772],[37.1981,58.8423],[37.1398,58.8085],[37.1984,58.729],[37.3241,58.6492],[37.4986,58.5798],[37.5375,58.5309],[37.6481,58.4496],[37.7365,58.4117],[37.8504,58.3316],[38.0703,58.2677],[38.2195,58.2545],[38.2719,58.1821],[38.233,58.1423],[38.2516,58.0387],[38.3346,58.0449],[38.344,58.117],[38.3882,58.145],[38.4933,58.1306],[38.573,58.0911],[38.6334,58.13],[38.704,58.1132]]]},"properties":{"name":"Rybinsk Reservoir","scalerank":2,"min_zoom":2}},
{"type":"Feature","geometry":{"type":"Polygon","coordinates":[[[4.6705,10.3973],[4.639,10.4668],[4.6243,10.5542],[4.5875,10.5684],[4.5248,10.6231],[4.448,10.5328],[4.4612,10.4992],[4.4612,10.4106],[4.4483,10.3544],[4.4818,10.3061],[4.5228,10.1854],[4.5228,10.1445],[4.4904,10.1106],[4.5228,10.0836],[4.571,9.9935],[4.5628,9.9105],[4.6258,9.8675],[4.6435,9.9008],[4.6064,9.9228],[4.6217,9.9534],[4.6061,10.0058],[4.6258,10.0421],[4.5431,10.1383],[4.5825,10.1822],[4.6337,10.2066],[4.6231,10.2325],[4.6529,10.2958],[4.6573,10.3408],[4.6947,10.3641],[4.6705,10.3973]]]},"properties":{"name":"Kainji Reservoir","scalerank":4,"min_zoom":4}},
{"type":"Feature","geometry":{"type":"Polygon","coordinates":[[[35.3224,47.5511],[35.2844,47.5811],[35.2573,47.6427],[35.2193,47.673],[35.1625,47.7901],[35.1269,47.7657],[35.119,47.6898],[35.0783,47.6291],[35.0201,47.5764],[34.9421,47.5464],[34.897,47.5467],[34.6692,47.5791],[34.613,47.6091],[34.4487,47.5956],[34.4587,47.5699],[34.3969,47.542],[34.303,47.5797],[34.2191,47.5267],[34.1643,47.5267],[34.0778,47.5811],[33.9651,47.5405],[33.9236,47.5037],[33.9291,47.4498],[33.9848,47.3933],[33.9483,47.3615],[33.9724,47.3333],[33.925,47.2629],[33.8456,47.202],[33.7837,47.184],[33.7758,47.1202],[33.6863,47.041],[33.6236,47.0165],[33.6445,46.9883],[33.5989,46.8894],[33.5588,46.8367],[33.633,46.8346],[33.6916,46.9338],[33.7051,46.9853],[33.8235,47.0616],[33.8453,47.1152],[33.9986,47.2379],[34.013,47.2885],[34.0651,47.3571],[34.0298,47.3922],[34.0905,47.4228],[34.2226,47.4169],[34.3133,47.4298],[34.3522,47.4781],[34.4684,47.4958],[34.6159,47.5414],[34.7607,47.5022],[34.781,47.4749],[34.8926,47.4086],[34.9685,47.3963],[35.0586,47.4219],[35.0995,47.451],[35.1781,47.4448],[35.2352,47.4569],[35.3244,47.5061],[35.3224,47.5511]]]},"properties":{"name":"Kakhovka Reservoir","scalerank":4,"min_zoom":4}},
{"type":"Feature","geometry":{"type":"Polygon","coordinates":[[[33.1747,49.0635],[33.2044,49.1027],[33.147,49.151],[33.1052,49.209],[33.0302,49.2534],[33.0007,49.3079],[32.9286,49.3414],[32.8653,49.4383],[32.7008,49.4801],[32.749,49.5407],[32.717,49.5702],[32.6651,49.556],[32.6119,49.4656],[32.6881,49.3997],[32.749,49.37],[32.6808,49.3491],[32.6066,49.3656],[32.427,49.4247],[32.3331,49.4883],[32.2557,49.521],[32.183,49.5063],[32.08,49.5342],[32.0161,49.5893],[31.8857,49.5551],[32.0046,49.4945],[32.0443,49.4495],[32.1223,49.4271],[32.248,49.3535],[32.379,49.3223],[32.452,49.2743],[32.5233,49.2602],[32.6666,49.1919],[32.7891,49.0812],[32.8721,49.095],[32.9395,49.0703],[33.0128,49.0956],[33.0987,49.0691],[33.0987,49.0276],[33.1532,49.0206],[33.1747,49.0635]]]},"properties":{"name":"Kremenchuk Reservoir","scalerank":4,"min_zoom":4}},
{"type":"Feature","geometry":{"type":"Polygon","coordinates":[[[48.4445,54.1363],[48.469,54.111],[48.5958,54.1025],[48.7975,53.98],[48.8784,53.9438],[48.9305,53.864],[48.9311,53.8311],[48.8619,53.7601],[48.8478,53.6921],[48.8896,53.5759],[49.0059,53.5188],[49.0315,53.4534],[49.0804,53.3984],[49.1339,53.4128],[49.2196,53.4063],[49.1893,53.3518],[49.2446,53.3498],[49.3053,53.4143],[49.4563,53.4475],[49.9423,53.4399],[49.8601,53.4746],[49.1345,53.5037],[49.0551,53.5517],[49.0433,53.6283],[49.0777,53.7104],[49.0765,53.7922],[49.0992,53.8243],[49.1831,53.8281],[49.2052,53.7846],[49.2714,53.7846],[49.1955,53.9167],[49.2446,53.97],[49.4622,54.0439],[49.5343,54.0916],[49.5917,54.1719],[49.5655,54.194],[49.4831,54.1396],[49.4162,54.1399],[49.3744,54.0998],[49.3126,54.0989],[49.1781,54.0412],[49.0206,53.9497],[48.975,53.9482],[48.9076,53.9818],[48.8307,54.0483],[48.8455,54.091],[48.7371,54.154],[48.6153,54.1628],[48.5461,54.219],[48.4654,54.3515],[48.476,54.3768],[48.6041,54.4448],[48.7913,54.4684],[48.8325,54.5046],[48.8973,54.5161],[48.8805,54.5623],[48.9082,54.6273],[48.9991,54.6135],[48.9564,54.6927],[49.0206,54.7392],[49.0447,54.8178],[48.9491,54.8037],[48.927,54.9164],[48.9326,54.9685],[48.9894,54.9956],[49.1607,54.9879],[49.2158,55.0232],[49.3529,55.0165],[49.3974,54.9991],[49.4622,55.0642],[49.4283,55.0854],[49.4939,55.1428],[49.579,55.1401],[49.6965,55.1716],[49.7415,55.2116],[49.9284,55.297],[50.075,55.3052],[50.1545,55.325],[50.2057,55.3618],[50.3573,55.3473],[50.4362,55.3727],[50.6119,55.3665],[50.6773,55.3909],[50.7733,55.4654],[50.8754,55.4795],[51.0117,55.4477],[51.1444,55.4486],[51.145,55.4772],[51.296,55.4704],[51.4482,55.4521],[51.5604,55.5237],[51.5189,55.5646],[51.621,55.5781],[51.6828,55.5513],[51.7344,55.6093],[51.7238,55.6638],[51.7664,55.6947],[51.8409,55.6638],[51.8783,55.6882],[51.7835,55.7232],[51.7176,55.6988],[51.6587,55.6364],[51.5477,55.6073],[51.4612,55.6081],[51.4765,55.5134],[51.4194,55.4757],[51.2545,55.5272],[51.1618,55.5169],[51.0694,55.4733],[50.8221,55.5134],[50.6349,55.4139],[50.5975,55.458],[50.4789,55.4704],[50.3859,55.4253],[50.2705,55.4289],[50.1995,55.4477],[50.0329,55.4507],[49.9838,55.3803],[49.851,55.3562],[49.74,55.4127],[49.6853,55.4212],[49.6261,55.3868],[49.4519,55.3759],[49.3806,55.4445],[49.3338,55.4598],[49.3159,55.3553],[49.4071,55.3211],[49.39,55.274],[49.3008,55.2882],[49.2652,55.2702],[49.1952,55.3482],[49.2093,55.3865],[49.1422,55.4036],[49.1251,55.4398],[49.0309,55.4554],[49.01,55.4274],[49.1857,55.2941],[49.2128,55.2411],[49.2782,55.2084],[49.2847,55.1584],[49.2379,55.1513],[48.8861,55.0335],[48.8455,54.9544],[48.8932,54.8719],[48.8207,54.8037],[48.7916,54.7359],[48.8293,54.6794],[48.8043,54.6494],[48.6406,54.6597],[48.5314,54.6518],[48.4419,54.6117],[48.4027,54.5611],[48.4119,54.5267],[48.3936,54.4166],[48.4222,54.3539],[48.3695,54.2435],[48.373,54.1669],[48.4445,54.1363]]]},"properties":{"name":"Samara Reservoir","scalerank":4,"min_zoom":4}},
{"type":"Feature","geometry":{"type":"Polygon","coordinates":[[[-40.8892,-9.3324],[-40.9156,-9.3671],[-40.9599,-9.3471],[-40.9628,-9.2765],[-40.9372,-9.202],[-40.973,-9.1481],[-40.9312,-9.0963],[-40.9811,-9.0248],[-41.0401,-8.9986],[-41.0492,-9.0495],[-40.9943,-9.1075],[-41.0151,-9.1322],[-41.0068,-9.1893],[-41.0498,-9.2258],[-41.0391,-9.3],[-41.085,-9.2865],[-41.1138,-9.3044],[-41.1589,-9.2983],[-41.1573,-9.4016],[-41.1851,-9.396],[-41.2672,-9.3277],[-41.279,-9.3474],[-41.2151,-9.4016],[-41.1882,-9.4634],[-41.2501,-9.5343],[-41.2382,-9.592],[-41.3072,-9.5744],[-41.3427,-9.6009],[-41.3514,-9.6385],[-41.4111,-9.6118],[-41.4098,-9.5597],[-41.4671,-9.5608],[-41.5087,-9.6076],[-41.5607,-9.5717],[-41.6271,-9.6073],[-41.664,-9.5638],[-41.6956,-9.5782],[-41.7548,-9.5667],[-41.7794,-9.5917],[-41.8687,-9.6235],[-41.9615,-9.6288],[-41.9884,-9.6109],[-41.9592,-9.5738],[-42.0125,-9.5196],[-42.0833,-9.5361],[-42.0629,-9.5976],[-42.092,-9.6206],[-42.141,-9.5979],[-42.1941,-9.6097],[-42.2301,-9.6377],[-42.1788,-9.6609],[-42.1949,-9.6883],[-42.2549,-9.7021],[-42.2869,-9.733],[-42.317,-9.728],[-42.3619,-9.6571],[-42.3987,-9.6759],[-42.2685,-9.794],[-42.2972,-9.8369],[-42.2964,-9.8743],[-42.3288,-9.8876],[-42.3488,-9.9282],[-42.3256,-9.9659],[-42.3472,-9.9965],[-42.4087,-9.9988],[-42.4454,-10.0195],[-42.4516,-9.9582],[-42.543,-9.9285],[-42.5402,-9.975],[-42.5128,-10.0121],[-42.4514,-10.048],[-42.4973,-10.088],[-42.7573,-9.9205],[-42.7939,-9.9211],[-42.8126,-9.9894],[-42.7088,-10.0465],[-42.5985,-10.0704],[-42.5943,-10.1175],[-42.5683,-10.1802],[-42.5383,-10.1825],[-42.5197,-10.2382],[-42.4739,-10.2661],[-42.4803,-10.3377],[-42.5232,-10.3942],[-42.562,-10.3853],[-42.6345,-10.2926],[-42.6497,-10.3144],[-42.6491,-10.3759],[-42.6089,-10.4095],[-42.6238,-10.4454],[-42.7558,-10.4062],[-42.7317,-10.4472],[-42.7436,-10.4725],[-42.635,-10.4636],[-42.6129,-10.504],[-42.6757,-10.5511],[-42.7069,-10.5452],[-42.7718,-10.4993],[-42.8313,-10.4324],[-42.8712,-10.4513],[-42.8965,-10.5184],[-42.7618,-10.5505],[-42.7044,-10.5864],[-42.7303,-10.6367],[-42.7358,-10.723],[-42.7738,-10.7663],[-42.8078,-10.7739],[-42.8588,-10.7477],[-42.909,-10.6641],[-42.9184,-10.5967],[-43.0064,-10.5996],[-43.0191,-10.6388],[-43.0019,-10.6947],[-42.9284,-10.6868],[-42.8927,-10.7091],[-42.8716,-10.7863],[-42.9355,-10.7848],[-42.9532,-10.8343],[-43.0321,-10.9146],[-43.1046,-10.9438],[-43.0721,-11.002],[-43.1217,-11.0468],[-43.1427,-11.0948],[-43.2075,-11.0768],[-43.2203,-11.1298],[-43.1535,-11.1077],[-43.1301,-11.131],[-43.0875,-11.0462],[-43.0238,-11.0138],[-43.0119,-11.0491],[-43.0571,-11.1248],[-43.0497,-11.1498],[-42.9792,-11.1672],[-42.9527,-11.2449],[-42.8588,-11.221],[-42.827,-11.239],[-42.8236,-11.1522],[-42.7902,-11.1286],[-42.7274,-11.116],[-42.7396,-11.0153],[-42.7682,-10.914],[-42.7627,-10.8872],[-42.715,-10.8793],[-42.7342,-10.8401],[-42.7181,-10.8095],[-42.6509,-10.7925],[-42.6559,-10.753],[-42.6248,-10.7065],[-42.633,-10.6724],[-42.6011,-10.6459],[-42.5681,-10.5743],[-42.5182,-10.5046],[-42.4457,-10.4336],[-42.4049,-10.3338],[-42.3413,-10.4357],[-42.3759,-10.4672],[-42.4104,-10.597],[-42.3892,-10.6105],[-42.3603,-10.6794],[-42.3115,-10.66],[-42.3406,-10.63],[-42.3594,-10.5049],[-42.3328,-10.4654],[-42.287,-10.4916],[-42.2432,-10.5458],[-42.2227,-10.5914],[-42.2177,-10.6579],[-42.2415,-10.7418],[-42.2752,-10.7954],[-42.2689,-10.8228],[-42.329,-10.8861],[-42.3346,-10.9723],[-42.2726,-10.9364],[-42.2342,-10.841],[-42.2408,-10.8125],[-42.1657,-10.7203],[-42.1763,-10.645],[-42.1204,-10.6459],[-42.1899,-10.579],[-42.2273,-10.511],[-42.285,-10.4301],[-42.331,-10.3877],[-42.3391,-10.3435],[-42.3709,-10.3238],[-42.3765,-10.2859],[-42.3415,-10.2337],[-42.3768,-10.1363],[-42.355,-10.0916],[-42.3085,-10.0716],[-42.2545,-10.0736],[-42.247,-10.1884],[-42.1466,-10.3003],[-42.1475,-10.3441],[-42.1069,-10.3503],[-42.1244,-10.2882],[-42.2162,-10.174],[-42.2164,-10.1369],[-42.155,-10.1307],[-42.0189,-10.1917],[-41.9494,-10.2058],[-41.9258,-10.2405],[-41.955,-10.2991],[-41.9364,-10.3518],[-41.884,-10.4204],[-41.8658,-10.4033],[-41.931,-10.3297],[-41.9217,-10.282],[-41.8929,-10.28],[-41.907,-10.222],[-41.9484,-10.1799],[-42.0006,-10.1552],[-42.0166,-10.1031],[-42.0536,-10.1396],[-42.1347,-10.1136],[-42.2062,-10.0718],[-42.2005,-10.0415],[-42.1032,-9.9771],[-42.0773,-9.9429],[-42.0668,-9.8166],[-42.0428,-9.7737],[-41.9849,-9.789],[-41.9906,-9.8467],[-41.9588,-9.8452],[-41.9566,-9.7845],[-41.8759,-9.7354],[-41.8193,-9.7966],[-41.7716,-9.8284],[-41.7098,-9.8505],[-41.6103,-9.811],[-41.5698,-9.7816],[-41.476,-9.8063],[-41.3087,-9.7168],[-41.2579,-9.7062],[-41.2005,-9.7239],[-41.1617,-9.6827],[-41.1277,-9.6762],[-41.1681,-9.6129],[-41.159,-9.5594],[-41.1166,-9.4949],[-41.0737,-9.4658],[-41.0433,-9.5167],[-41.0054,-9.4869],[-40.9809,-9.4378],[-40.9533,-9.454],[-40.8797,-9.4281],[-40.8523,-9.4499],[-40.8102,-9.431],[-40.807,-9.4022],[-40.8892,-9.3324]],[[-42.7889,-11.0265],[-42.8131,-11.1148],[-42.8624,-11.1475],[-42.9355,-11.088],[-42.8987,-11.0494],[-42.8607,-10.9664],[-42.8119,-10.9567],[-42.7889,-11.0265]],[[-42.7885,-10.8619],[-42.8546,-10.9223],[-42.8855,-10.9117],[-42.845,-10.8478],[-42.7885,-10.8619]]]},"properties":{"name":"Represa de Sobradinho","scalerank":4,"min_zoom":4}},
{"type":"Feature","geometry":{"type":"Polygon","coordinates":[[[39.1691,59.8396],[39.0882,59.8337],[39.0982,59.7961],[39.2112,59.7448],[39.2751,59.6907],[39.3643,59.6524],[39.6825,59.4693],[39.7346,59.4729],[39.8082,59.5185],[39.714,59.5476],[39.5939,59.6715],[39.5068,59.6704],[39.3396,59.7778],[39.2215,59.7896],[39.1691,59.8396]]]},"properties":{"name":"Ozero Kubenskoye","scalerank":5,"min_zoom":4.7}},
{"type":"Feature","geometry":{"type":"Polygon","coordinates":[[[28.9747,-16.5979],[28.9388,-16.5941],[28.8472,-16.5346],[28.6983,-16.5326],[28.6803,-16.4813],[28.6209,-16.5011],[28.5052,-16.5205],[28.439,-16.5429],[28.4075,-16.5914],[28.3633,-16.5532],[28.295,-16.5532],[28.3289,-16.5941],[28.2653,-16.6179],[28.2256,-16.6494],[28.1858,-16.6306],[28.1758,-16.6909],[28.1402,-16.7195],[28.1305,-16.7586],[28.0822,-16.7445],[28.0707,-16.831],[28.0065,-16.8537],[27.9662,-16.8357],[27.973,-16.8001],[27.9256,-16.7689],[27.8814,-16.7683],[27.8602,-16.8172],[27.7952,-16.8063],[27.7769,-16.8461],[27.8152,-16.8752],[27.862,-16.887],[27.7716,-16.9314],[27.7328,-16.9158],[27.7328,-16.985],[27.6574,-17.0256],[27.7122,-17.0595],[27.6666,-17.0863],[27.6365,-17.0392],[27.5482,-17.1325],[27.5244,-17.1707],[27.5173,-17.2249],[27.4726,-17.2623],[27.4175,-17.2767],[27.4493,-17.3114],[27.3866,-17.3653],[27.3448,-17.4159],[27.3795,-17.456],[27.371,-17.5257],[27.3422,-17.5669],[27.308,-17.5531],[27.2862,-17.6043],[27.2297,-17.6164],[27.1776,-17.6909],[27.0884,-17.7804],[27.0808,-17.8328],[27.1252,-17.8463],[27.0613,-17.8958],[27.0234,-17.9481],[27.0543,-17.9782],[27.0755,-17.9281],[27.1567,-17.8637],[27.1591,-17.808],[27.2009,-17.7774],[27.2194,-17.7359],[27.3507,-17.6008],[27.4105,-17.5878],[27.4596,-17.5148],[27.5291,-17.5081],[27.5756,-17.4781],[27.6118,-17.3632],[27.653,-17.3159],[27.7101,-17.1902],[27.8078,-17.1428],[27.892,-17.1148],[27.9639,-17.0224],[28.0068,-17.0368],[28.048,-17.081],[28.0657,-17.0445],[28.1034,-17.033],[28.0616,-16.9709],[28.1166,-16.8461],[28.2267,-16.8116],[28.2609,-16.8275],[28.315,-16.8172],[28.3236,-16.7886],[28.3695,-16.7898],[28.3845,-16.8293],[28.4354,-16.8413],[28.4837,-16.7733],[28.6377,-16.7159],[28.6544,-16.6827],[28.6933,-16.6886],[28.6889,-16.7527],[28.716,-16.8078],[28.781,-16.814],[28.8425,-16.7772],[28.869,-16.7207],[28.8493,-16.6833],[28.8805,-16.6624],[28.9306,-16.675],[28.9747,-16.5979]]]},"properties":{"name":"Lake Kariba","scalerank":5,"min_zoom":4.7}},
{"type":"Feature","geometry":{"type":"Polygon","coordinates":[[[102.8086,18.5495],[102.7203,18.6113],[102.7809,18.7134],[102.6379,18.6113],[102.6467,18.6516],[102.6058,18.6584],[102.5734,18.6916],[102.574,18.7237],[102.5233,18.7717],[102.4842,18.7511],[102.5128,18.717],[102.5304,18.6366],[102.5519,18.6086],[102.5793,18.5059],[102.6067,18.4647],[102.6585,18.4326],[102.6935,18.505],[102.7229,18.5268],[102.7792,18.5244],[102.8086,18.5495]]]},"properties":{"name":"Nam Ngum Reservoir","scalerank":5,"min_zoom":4.7}},
{"type":"Feature","geometry":{"type":"Polygon","coordinates":[[[129.0261,-16.1151],[128.9508,-16.1081],[128.8825,-16.1316],[128.8554,-16.1681],[128.7962,-16.149],[128.803,-16.0666],[128.745,-16.0975],[128.7218,-16.1431],[128.6697,-16.1316],[128.6535,-16.1596],[128.7144,-16.2244],[128.6446,-16.24],[128.6181,-16.2691],[128.6455,-16.3233],[128.6276,-16.3707],[128.5425,-16.4743],[128.4954,-16.5532],[128.5622,-16.5473],[128.6146,-16.5855],[128.5766,-16.6494],[128.6785,-16.6868],[128.7562,-16.6859],[128.8039,-16.6391],[128.7692,-16.6079],[128.808,-16.5576],[128.7901,-16.4843],[128.8204,-16.4101],[128.8583,-16.4469],[128.9025,-16.4295],[128.8945,-16.3986],[128.9249,-16.3436],[128.9743,-16.3118],[128.9546,-16.2726],[128.9714,-16.2244],[129.0199,-16.2096],[129.0397,-16.1552],[129.0261,-16.1151]]]},"properties":{"name":"Lake Argyle","scalerank":5,"min_zoom":4.7}},
{"type":"Feature","geometry":{"type":"Polygon","coordinates":[[[32.2277,22.6514],[32.3104,22.5911],[32.2695,22.5581],[32.3178,22.5346],[32.326,22.5908],[32.3993,22.6029],[32.4235,22.6611],[32.4885,22.7156],[32.5659,22.7409],[32.5963,22.7818],[32.603,22.9066],[32.6563,22.932],[32.7149,22.932],[32.7479,23.0256],[32.7764,23.0279],[32.8856,22.9652],[32.928,22.9249],[33.0093,22.959],[32.9318,22.9805],[32.936,23.0418],[32.8674,23.0762],[32.8447,23.151],[32.863,23.1683],[32.9577,23.138],[32.9639,23.1592],[32.9204,23.2287],[33.0081,23.2234],[32.9919,23.327],[32.9059,23.4927],[32.9477,23.5422],[32.8962,23.5905],[32.933,23.6464],[32.9751,23.6373],[33.0028,23.7132],[32.9404,23.7783],[32.9295,23.8212],[32.893,23.8642],[32.87,23.969],[32.8371,23.8736],[32.8771,23.8257],[32.8644,23.6914],[32.8412,23.6105],[32.7764,23.5905],[32.7393,23.6111],[32.7111,23.6758],[32.6737,23.6649],[32.621,23.576],[32.6796,23.6011],[32.6869,23.5422],[32.5783,23.518],[32.6139,23.4692],[32.6451,23.4583],[32.7149,23.4901],[32.7408,23.5316],[32.7764,23.5225],[32.8212,23.473],[32.8856,23.4865],[32.8288,23.3985],[32.8942,23.3497],[32.8329,23.3188],[32.8197,23.2823],[32.7691,23.2781],[32.7008,23.1925],[32.6937,23.1015],[32.6254,22.9941],[32.6363,22.9693],[32.5715,22.8978],[32.5598,22.7857],[32.4235,22.7165],[32.3867,22.6467],[32.3511,22.6279],[32.3104,22.6438],[32.2419,22.7815],[32.2048,22.7674],[32.1282,22.778],[32.0623,22.7403],[32.0164,22.7368],[31.9575,22.677],[31.8786,22.652],[31.838,22.5831],[31.7829,22.5631],[31.7553,22.5961],[31.6905,22.6208],[31.6693,22.5923],[31.7382,22.5316],[31.8044,22.5028],[31.73,22.4477],[31.6728,22.4595],[31.6937,22.4042],[31.6593,22.3839],[31.5151,22.2602],[31.4444,22.2211],[31.4009,22.1604],[31.3582,22.1437],[31.3661,22.1092],[31.3443,22.0477],[31.337,21.9609],[31.2813,21.8855],[31.1916,21.8087],[31.1733,21.7669],[31.1818,21.6562],[31.2301,21.7686],[31.2952,21.7733],[31.3782,21.9117],[31.3926,22.053],[31.44,22.1266],[31.5424,22.2125],[31.6484,22.2729],[31.6661,22.3359],[31.7414,22.3712],[31.8409,22.3786],[31.8118,22.4183],[31.8924,22.4112],[31.9036,22.4666],[31.9513,22.4972],[31.9428,22.5649],[31.9813,22.5619],[31.9696,22.6146],[32.0043,22.6485],[32.057,22.6376],[32.0558,22.6897],[32.1326,22.73],[32.2054,22.708],[32.2277,22.6514]]]},"properties":{"name":"Lake Nasser","scalerank":5,"min_zoom":4.7}},
{"type":"Feature","geometry":{"type":"Polygon","coordinates":[[[73.293,41.7807],[73.0866,41.8069],[73.0716,41.8522],[72.9477,41.8622],[72.9194,41.9008],[72.85,41.8852],[72.6998,41.9023],[72.5989,41.9267],[72.7419,41.7842],[72.7107,41.7421],[72.817,41.756],[72.8791,41.7295],[73.0437,41.7839],[73.1744,41.7354],[73.293,41.7807]]]},"properties":{"name":"Toktogul Suu Saktagychy","scalerank":5,"min_zoom":4.7}},
{"type":"Feature","geometry":{"type":"Polygon","coordinates":[[[-54.8677,4.8041],[-54.844,4.7438],[-54.7868,4.8869],[-54.7985,4.9148],[-54.845,4.9213],[-54.9135,4.906],[-54.941,4.8789],[-54.9723,4.898],[-54.9637,4.9422],[-54.9843,4.9713],[-55.1298,5.0058],[-55.151,4.9504],[-55.1637,4.8562],[-55.2112,4.7776],[-55.2689,4.7506],[-55.2956,4.6855],[-55.2789,4.6234],[-55.3031,4.6013],[-55.2957,4.543],[-55.2423,4.551],[-55.2142,4.4762],[-55.1572,4.4901],[-55.1206,4.4591],[-55.0754,4.5048],[-55.0786,4.5592],[-55.024,4.5707],[-55.0025,4.6266],[-54.9535,4.6302],[-54.92,4.609],[-54.8617,4.6031],[-54.8692,4.6899],[-54.923,4.654],[-54.9456,4.6973],[-54.9439,4.742],[-54.8677,4.8041]]]},"properties":{"name":"Professor Doctor Ingenieur W. J. Van Blommestein Meer","scalerank":5,"min_zoom":4.7}},
{"type":"Feature","geometry":{"type":"Polygon","coordinates":[[[-54.2258,-24.6876],[-54.2646,-24.6529],[-54.2812,-24.5758],[-54.2797,-24.5116],[-54.2441,-24.4565],[-54.2254,-24.2926],[-54.286,-24.2293],[-54.2941,-24.1628],[-54.2643,-24.0865],[-54.3271,-24.0848],[-54.3621,-24.1333],[-54.3502,-24.1869],[-54.3683,-24.2169],[-54.2931,-24.3453],[-54.3454,-24.4353],[-54.3988,-24.4142],[-54.3732,-24.4851],[-54.3941,-24.5758],[-54.369,-24.6187],[-54.3913,-24.6944],[-54.4416,-24.7173],[-54.5171,-24.7091],[-54.6284,-24.7115],[-54.4646,-24.7594],[-54.4418,-24.7851],[-54.4615,-24.823],[-54.4638,-24.884],[-54.558,-24.8739],[-54.6753,-24.8884],[-54.7193,-24.856],[-54.7603,-24.8893],[-54.6864,-24.9052],[-54.6032,-24.9054],[-54.4856,-24.9387],[-54.518,-25.0099],[-54.5201,-25.0691],[-54.5981,-25.0358],[-54.6597,-25.0356],[-54.6943,-25.0158],[-54.77,-25.0635],[-54.692,-25.1065],[-54.6188,-25.0885],[-54.5636,-25.1027],[-54.4902,-25.1489],[-54.5414,-25.2119],[-54.5414,-25.2496],[-54.61,-25.3123],[-54.639,-25.3753],[-54.6455,-25.425],[-54.5549,-25.4438],[-54.5564,-25.4067],[-54.4825,-25.3791],[-54.4159,-25.3691],[-54.4541,-25.2975],[-54.3677,-25.2816],[-54.2812,-25.2531],[-54.2887,-25.2128],[-54.3763,-25.2042],[-54.3858,-25.1654],[-54.3405,-25.0388],[-54.3972,-25.0058],[-54.4045,-24.9478],[-54.3646,-24.921],[-54.3721,-24.8548],[-54.2819,-24.9134],[-54.2323,-24.9178],[-54.3072,-24.8413],[-54.327,-24.8004],[-54.3064,-24.7412],[-54.2735,-24.7229],[-54.2016,-24.73],[-54.2258,-24.6876]]]},"properties":{"name":"Represa Itaipu","scalerank":5,"min_zoom":4.7}},
{"type":"Feature","geometry":{"type":"Polygon","coordinates":[[[0.3209,7.5141],[0.2512,7.4599],[0.2504,7.5712],[0.2945,7.5959],[0.2673,7.6574],[0.2891,7.7292],[0.2421,7.8499],[0.2615,7.9008],[0.137,7.9029],[0.1194,7.9385],[0.1554,7.9824],[0.1307,8.0489],[0.195,8.0672],[0.2296,8.0954],[0.1774,8.129],[0.2058,8.1917],[0.1619,8.2141],[0.2058,8.2538],[0.2093,8.3003],[0.2693,8.3206],[0.253,8.3942],[0.2334,8.4051],[0.1086,8.3995],[0.1306,8.3692],[0.2071,8.3857],[0.2286,8.3465],[0.1709,8.3289],[0.1831,8.2664],[0.1095,8.2335],[0.16,8.1611],[0.1438,8.1366],[0.1859,8.1004],[0.1369,8.0683],[0.1033,8.0825],[0.0396,8.0566],[0.1033,8.0183],[0.1048,7.9874],[0.0536,7.9329],[0.0723,7.8941],[0.0584,7.8608],[0.089,7.8149],[0.0612,7.774],[0.0355,7.7908],[-0.0549,7.7672],[-0.0829,7.8287],[-0.0755,7.877],[-0.1096,7.9862],[-0.1513,8.0469],[-0.2467,8.0757],[-0.248,8.1054],[-0.3219,8.144],[-0.3188,8.189],[-0.2692,8.197],[-0.2331,8.1781],[-0.189,8.2202],[-0.3157,8.26],[-0.3933,8.247],[-0.3903,8.192],[-0.4181,8.1714],[-0.4691,8.199],[-0.5075,8.1781],[-0.569,8.2258],[-0.5868,8.2897],[-0.657,8.3477],[-0.7266,8.391],[-0.7717,8.4634],[-0.8127,8.4766],[-0.8289,8.5146],[-0.7937,8.5323],[-0.7762,8.5711],[-0.6993,8.61],[-0.73,8.6444],[-0.8632,8.5523],[-0.9116,8.6409],[-0.9785,8.6892],[-0.988,8.7589],[-1.0194,8.7992],[-1.1002,8.8496],[-1.1517,8.9352],[-1.1074,8.9991],[-1.1407,9.0259],[-1.1848,8.9535],[-1.1723,8.9043],[-1.0971,8.8087],[-1.0166,8.7639],[-1.0139,8.6927],[-1.0613,8.7048],[-1.2089,8.68],[-1.2638,8.6945],[-1.2951,8.7398],[-1.333,8.7448],[-1.3566,8.7807],[-1.4149,8.776],[-1.323,8.7056],[-1.2547,8.6715],[-1.1845,8.6565],[-1.1602,8.5738],[-1.1346,8.5811],[-1.1517,8.6409],[-1.0835,8.6842],[-1.0287,8.6741],[-0.9523,8.6362],[-0.9149,8.5894],[-0.8937,8.5246],[-0.8017,8.4178],[-0.7471,8.3085],[-0.7054,8.2812],[-0.6975,8.2508],[-0.6492,8.2255],[-0.6304,8.1575],[-0.709,8.124],[-0.7402,8.144],[-0.7706,8.1193],[-0.724,8.0913],[-0.6327,8.1163],[-0.6014,8.0981],[-0.5172,8.1305],[-0.5137,8.0792],[-0.4249,8.0954],[-0.3582,8.041],[-0.2692,8.0519],[-0.2414,7.9986],[-0.1847,7.963],[-0.1668,7.9309],[-0.174,7.8546],[-0.1436,7.781],[-0.0957,7.7628],[-0.0914,7.7378],[-0.1541,7.7313],[-0.1815,7.7051],[-0.2194,7.7263],[-0.3131,7.6489],[-0.3629,7.648],[-0.4043,7.6777],[-0.4162,7.6415],[-0.4864,7.6188],[-0.456,7.5909],[-0.422,7.6138],[-0.3041,7.6144],[-0.2698,7.6344],[-0.1797,7.6395],[-0.0692,7.6618],[-0.0524,7.618],[0.0397,7.5488],[-0.0829,7.5344],[-0.13,7.5679],[-0.1679,7.5241],[-0.0926,7.469],[-0.089,7.5135],[-0.0034,7.5076],[0.053,7.4723],[0.0525,7.4293],[0.0963,7.3489],[0.1965,7.2741],[0.1454,7.2415],[0.101,7.1953],[0.0406,7.2056],[0.0261,7.1726],[0.0958,7.129],[0.089,7.0819],[0.1306,7.0546],[0.1095,7.0269],[0.0481,6.9927],[0.0524,6.9439],[0.0994,6.8891],[0.0412,6.8594],[0.014,6.8282],[-0.0344,6.8835],[-0.0643,6.7667],[-0.0344,6.7319],[-0.034,6.6566],[-0.0458,6.6251],[-0.0823,6.6165],[-0.1576,6.6407],[-0.1776,6.6622],[-0.171,6.7319],[-0.2331,6.7531],[-0.243,6.7175],[-0.2844,6.7319],[-0.3307,6.7146],[-0.3549,6.7334],[-0.3846,6.8553],[-0.4193,6.7946],[-0.3955,6.7187],[-0.449,6.7157],[-0.5075,6.7319],[-0.5226,6.8079],[-0.5584,6.7776],[-0.6046,6.7879],[-0.6364,6.8361],[-0.7054,6.8417],[-0.6993,6.8008],[-0.65,6.7764],[-0.6345,6.734],[-0.5962,6.7046],[-0.568,6.7207],[-0.4863,6.7046],[-0.4206,6.6778],[-0.3597,6.6192],[-0.2944,6.6168],[-0.2487,6.5833],[-0.24,6.5544],[-0.1049,6.4894],[-0.0356,6.4326],[-0.0277,6.3625],[0.0046,6.3493],[0.0346,6.4173],[0.0676,6.422],[0.1061,6.4558],[0.1573,6.5271],[0.1369,6.5477],[0.1648,6.5948],[0.2468,6.6501],[0.2468,6.7455],[0.22,6.8394],[0.2239,6.8809],[0.253,6.9592],[0.2596,7.0328],[0.2945,7.0472],[0.3113,7.0961],[0.2624,7.1158],[0.2851,7.2026],[0.2673,7.2117],[0.2673,7.321],[0.3016,7.3963],[0.2829,7.4263],[0.3209,7.5141]],[[0.1709,6.6984],[0.091,6.6701],[0.006,6.7605],[0.1033,6.8143],[0.1238,6.7667],[0.1506,6.7805],[0.1777,6.7428],[0.1709,6.6984]]]},"properties":{"name":"Lake Volta","scalerank":5,"min_zoom":4.7}},
{"type":"Feature","geometry":{"type":"Polygon","coordinates":[[[101.8101,55.6332],[101.8964,55.5743],[102.1027,55.5507],[102.0668,55.4983],[101.9614,55.4945],[101.8413,55.4757],[101.7059,55.4969],[101.7483,55.4433],[101.8242,55.4212],[101.8604,55.4424],[102.1398,55.4931],[102.2181,55.549],[102.3273,55.5434],[102.3382,55.4827],[102.2599,55.4398],[102.3067,55.3373],[102.2564,55.3038],[102.302,55.2708],[102.4203,55.2599],[102.4177,55.3132],[102.3332,55.3223],[102.2867,55.4189],[102.3859,55.4757],[102.3947,55.5599],[102.3458,55.597],[102.2131,55.6208],[102.1469,55.6002],[101.9664,55.6726],[101.9853,55.6876],[102.1289,55.6759],[102.0706,55.7365],[102.0229,55.7153],[101.8448,55.7565],[101.851,55.811],[101.9602,55.8625],[101.98,55.9487],[102.0162,55.9896],[101.9956,56.0579],[102.0459,56.0718],[102.1937,56.0644],[102.2084,56.0989],[102.3205,56.1315],[102.403,56.133],[102.6331,56.161],[102.7427,56.1474],[102.8692,56.1159],[102.9349,56.0579],[102.9711,56.0014],[102.9572,55.9319],[102.9811,55.8404],[103.085,55.8048],[103.1698,55.7471],[103.1886,55.6817],[103.1606,55.5169],[103.1727,55.4748],[103.2704,55.3865],[103.3064,55.3132],[103.3199,55.1239],[103.221,55.0124],[103.1115,54.9411],[103.0606,54.8734],[103.0544,54.7783],[103.0732,54.7474],[103.1895,54.6856],[103.2307,54.6208],[103.241,54.484],[103.2228,54.4139],[103.1807,54.4024],[103.123,54.338],[103.0214,54.2573],[102.9693,54.1499],[102.9876,54.086],[103.0924,53.9953],[103.1689,53.9435],[103.216,53.8635],[103.2319,53.7539],[103.1512,53.7578],[102.9081,53.819],[102.9275,53.7878],[103.1032,53.7313],[103.2551,53.7242],[103.3364,53.6901],[103.3417,53.519],[103.3867,53.4069],[103.3873,53.3171],[103.3426,53.2029],[103.3835,53.1717],[103.43,53.2806],[103.4412,53.3648],[103.3926,53.4861],[103.3873,53.5293],[103.4376,53.5876],[103.659,53.5776],[103.5922,53.6182],[103.4479,53.6391],[103.2911,53.814],[103.2969,53.8738],[103.2351,53.9503],[103.1886,53.9677],[103.1271,54.0401],[103.0576,54.0713],[103.0085,54.1399],[103.0509,54.2488],[103.2157,54.3689],[103.3326,54.3859],[103.2704,54.4336],[103.2601,54.5467],[103.2775,54.597],[103.2481,54.6641],[103.1848,54.7183],[103.0988,54.743],[103.0765,54.7866],[103.1156,54.9081],[103.1606,54.9482],[103.2225,54.9656],[103.3181,55.058],[103.3579,55.131],[103.3588,55.2531],[103.3323,55.3335],[103.2116,55.4839],[103.2104,55.5384],[103.2387,55.6735],[103.2631,55.7085],[103.1919,55.7709],[103.0697,55.8369],[103.0167,55.9246],[103.0317,56.0435],[103.0509,56.0579],[102.9614,56.1401],[103.0644,56.236],[103.0029,56.2431],[102.9752,56.1945],[102.9204,56.1719],[102.8112,56.2225],[102.5799,56.2499],[102.5778,56.2981],[102.496,56.3658],[102.4969,56.2531],[102.2993,56.2325],[102.1769,56.1904],[102.1086,56.1945],[102.0921,56.1598],[101.912,56.1298],[101.8731,56.0818],[101.7963,56.1195],[101.7963,56.1451],[101.939,56.1748],[101.9034,56.2204],[101.8407,56.2125],[101.8225,56.2831],[101.7736,56.302],[101.7015,56.2778],[101.6809,56.2225],[101.7371,56.1674],[101.6738,56.1551],[101.65,56.0962],[101.7377,56.0956],[101.6809,56.0473],[101.7618,55.9997],[101.7359,55.939],[101.6809,55.9346],[101.6529,55.9902],[101.5864,55.979],[101.587,55.9384],[101.4563,55.9994],[101.3856,55.9693],[101.4789,55.9496],[101.4816,55.8928],[101.5425,55.8616],[101.6879,55.8436],[101.7247,55.8033],[101.8019,55.7886],[101.7939,55.6947],[101.8101,55.6332]]]},"properties":{"name":"Bratsk Reservoir","scalerank":6,"min_zoom":5}},
{"type":"Feature","geometry":{"type":"Polygon","coordinates":[[[-49.8715,-4.3173],[-49.7765,-4.3803],[-49.7709,-4.4036],[-49.8357,-4.4516],[-49.8391,-4.5048],[-49.7391,-4.4468],[-49.7125,-4.4045],[-49.6558,-4.4292],[-49.6664,-4.471],[-49.6261,-4.5458],[-49.7394,-4.5846],[-49.7615,-4.6255],[-49.6607,-4.5964],[-49.6192,-4.6735],[-49.5809,-4.622],[-49.5588,-4.6458],[-49.5335,-4.7271],[-49.5736,-4.7545],[-49.5198,-4.8413],[-49.5204,-4.9125],[-49.4998,-4.9502],[-49.4508,-4.9723],[-49.443,-5.0194],[-49.3994,-5.0444],[-49.3822,-5.1036],[-49.3173,-5.1957],[-49.2864,-5.2734],[-49.2161,-5.3673],[-49.1559,-5.3923],[-49.0509,-5.3341],[-49.1041,-5.307],[-49.166,-5.3167],[-49.2061,-5.2964],[-49.2935,-5.1854],[-49.3307,-5.0291],[-49.298,-4.9911],[-49.3944,-4.8616],[-49.3471,-4.8504],[-49.302,-4.8684],[-49.2932,-4.7936],[-49.3139,-4.7486],[-49.3802,-4.7565],[-49.4065,-4.7138],[-49.3654,-4.6841],[-49.413,-4.6488],[-49.4003,-4.6229],[-49.267,-4.7015],[-49.244,-4.6847],[-49.3238,-4.6394],[-49.3425,-4.5855],[-49.3865,-4.5569],[-49.433,-4.5513],[-49.4561,-4.4772],[-49.3937,-4.4854],[-49.3949,-4.4574],[-49.4698,-4.4112],[-49.4847,-4.3735],[-49.4408,-4.3462],[-49.4401,-4.3011],[-49.5157,-4.2911],[-49.5656,-4.2714],[-49.5641,-4.2328],[-49.4923,-4.2222],[-49.5955,-4.174],[-49.5831,-4.1066],[-49.6049,-4.0536],[-49.5984,-4.0197],[-49.6009,-3.8881],[-49.5722,-3.8605],[-49.5615,-3.8157],[-49.6329,-3.8466],[-49.7178,-3.8375],[-49.7181,-3.8976],[-49.7337,-3.975],[-49.6791,-4.045],[-49.7597,-4.0341],[-49.7452,-4.0904],[-49.7631,-4.136],[-49.72,-4.1854],[-49.7733,-4.2108],[-49.7999,-4.1704],[-49.8506,-4.171],[-49.7608,-4.2776],[-49.76,-4.3067],[-49.8846,-4.2808],[-49.8715,-4.3173]]]},"properties":{"name":"Represa de Tucuruí","scalerank":6,"min_zoom":5}},
{"type":"Feature","geometry":{"type":"Polygon","coordinates":[[[-44.8808,-18.8371],[-44.9319,-18.8516],[-44.9456,-18.8092],[-44.9846,-18.7971],[-45.0228,-18.7606],[-45.0736,-18.8098],[-45.1056,-18.7744],[-45.139,-18.8],[-45.1836,-18.7759],[-45.1621,-18.7123],[-45.2052,-18.5849],[-45.1928,-18.536],[-45.2205,-18.4636],[-45.2555,-18.4848],[-45.295,-18.4603],[-45.2913,-18.4115],[-45.2526,-18.3182],[-45.266,-18.2926],[-45.2137,-18.239],[-45.2782,-18.1939],[-45.365,-18.2251],[-45.3708,-18.2834],[-45.3107,-18.2331],[-45.3296,-18.3087],[-45.3798,-18.3532],[-45.3238,-18.39],[-45.3986,-18.4436],[-45.4488,-18.4106],[-45.4932,-18.4659],[-45.4648,-18.5039],[-45.5115,-18.5201],[-45.5316,-18.5728],[-45.515,-18.6164],[-45.4745,-18.5495],[-45.4261,-18.5436],[-45.4079,-18.4739],[-45.3574,-18.5024],[-45.335,-18.486],[-45.2604,-18.5254],[-45.338,-18.6243],[-45.2848,-18.6167],[-45.2448,-18.5852],[-45.2498,-18.6779],[-45.2745,-18.7038],[-45.2735,-18.7447],[-45.321,-18.8245],[-45.2741,-18.8616],[-45.2498,-18.7362],[-45.1799,-18.8151],[-45.2067,-18.9084],[-45.2542,-18.8995],[-45.2957,-18.9363],[-45.4402,-19.0096],[-45.4355,-19.0229],[-45.3268,-19.0014],[-45.2483,-18.9316],[-45.2208,-18.9437],[-45.0995,-18.9328],[-45.1506,-18.863],[-45.127,-18.8307],[-45.0897,-18.8577],[-45.0411,-18.818],[-44.9835,-18.8292],[-44.9047,-18.8842],[-44.8808,-18.8371]]]},"properties":{"name":"Represa Três Marias","scalerank":6,"min_zoom":5}},
{"type":"Feature","geometry":{"type":"Polygon","coordinates":[[[-51.3892,-20.3357],[-51.4206,-20.4276],[-51.3754,-20.455],[-51.338,-20.4087],[-51.2008,-20.5006],[-51.0954,-20.5333],[-51.1032,-20.4867],[-51.1646,-20.4847],[-51.1999,-20.4382],[-51.2423,-20.4279],[-51.2959,-20.3746],[-51.2491,-20.3431],[-51.2219,-20.3705],[-51.1564,-20.4008],[-51.1618,-20.3602],[-51.0993,-20.3169],[-51.0632,-20.3193],[-51.008,-20.2866],[-50.9659,-20.3346],[-50.9381,-20.3013],[-51.0061,-20.2174],[-51.0048,-20.1753],[-50.9625,-20.0947],[-50.9006,-20.0343],[-50.7591,-19.9766],[-50.6664,-19.9713],[-50.628,-19.8804],[-50.7606,-19.9254],[-50.8128,-19.9333],[-50.9659,-20.0063],[-50.9687,-19.9239],[-51.0165,-19.7238],[-51.0492,-19.7588],[-51.0776,-19.8212],[-51.0361,-19.8291],[-51.031,-19.9592],[-51.0619,-20.014],[-51.0313,-20.0464],[-51.0429,-20.1185],[-51.0719,-20.1927],[-51.0968,-20.2003],[-51.1263,-20.1559],[-51.1876,-20.1094],[-51.1415,-20.2183],[-51.1599,-20.2627],[-51.2913,-20.2742],[-51.3465,-20.3101],[-51.5124,-20.2056],[-51.4943,-20.2448],[-51.3892,-20.3357]]]},"properties":{"name":"Repressa de Jupia","scalerank":6,"min_zoom":5}},
{"type":"Feature","geometry":{"type":"Polygon","coordinates":[[[68.0586,41.0551],[68.1169,41.0669],[68.2735,41.0162],[68.3244,41.0574],[68.3692,41.0504],[68.4557,41.1069],[68.3839,41.1381],[68.335,41.1331],[68.2806,41.1566],[68.2399,41.2076],[68.1805,41.2102],[68.0813,41.1822],[68.0124,41.2467],[67.9282,41.2502],[67.9491,41.1722],[68.0027,41.116],[68.0206,41.0595],[68.0586,41.0551]]]},"properties":{"name":"Shardara Bgeni","scalerank":6,"min_zoom":5}},
{"type":"Feature","geometry":{"type":"Polygon","coordinates":[[[111.973,62.8383],[112.049,62.8354],[112.1555,62.7532],[112.2853,62.7783],[112.4181,62.871],[112.3598,62.8981],[112.3678,63.0255],[112.4961,63.0196],[112.507,63.0523],[112.3737,63.1032],[112.2126,63.1233],[112.0552,63.0476],[112.1385,63.0185],[112.129,62.9846],[112.1764,62.9225],[112.0655,62.9125],[112.0625,62.8769],[111.9801,62.8728],[111.9112,62.911],[111.8986,62.9496],[111.8161,62.9525],[111.7676,62.9934],[111.8956,63.0376],[111.9904,63.0891],[111.9186,63.1336],[111.9115,63.2116],[111.7037,63.2734],[111.5244,63.2728],[111.6071,63.2163],[111.5653,63.1024],[111.4508,63.0871],[111.4161,63.1256],[111.253,63.1062],[111.1261,63.1651],[111.137,63.2531],[111.1788,63.281],[111.0944,63.3387],[111.0069,63.2392],[111.1247,63.075],[111.0163,63.0314],[110.9831,62.9761],[110.8079,62.9964],[110.7052,63.0756],[110.9304,63.1765],[110.8586,63.2077],[110.6687,63.2381],[110.6507,63.2051],[110.452,63.2195],[110.4971,63.2481],[110.5277,63.3208],[110.6231,63.3758],[110.4588,63.4665],[110.3705,63.4474],[110.306,63.4847],[110.2118,63.488],[110.0682,63.5274],[109.9643,63.4956],[109.924,63.4371],[110.0402,63.4591],[110.1571,63.4591],[110.2048,63.3903],[110.2972,63.4276],[110.417,63.3069],[110.3558,63.2749],[110.3829,63.1848],[110.1359,63.2122],[110.0926,63.1648],[110.2269,63.1618],[110.4983,63.128],[110.493,63.0717],[110.3835,62.9793],[110.5303,63.0082],[110.6013,62.9987],[110.6649,63.027],[110.7108,62.9805],[110.8403,62.9455],[110.931,62.9384],[110.9787,62.8951],[111.1865,62.8887],[111.1682,62.8454],[111.0896,62.8015],[111.1582,62.7739],[111.1303,62.7391],[111.2133,62.707],[111.2174,62.6761],[111.1126,62.6379],[111.0888,62.5958],[111.1303,62.561],[110.903,62.5295],[110.7876,62.5313],[110.8285,62.4783],[111.0475,62.5142],[111.1718,62.5063],[111.1924,62.4206],[111.266,62.3844],[111.2171,62.2937],[111.2721,62.2443],[111.1029,62.1636],[111.2,62.1363],[111.2807,62.075],[111.0702,62.0329],[110.931,62.0615],[110.8168,62.1212],[110.7579,62.0839],[110.6955,62.1056],[110.6198,62.0933],[110.5183,62.1469],[110.4073,62.161],[110.13,62.1751],[110.007,62.143],[109.8901,62.0948],[109.8351,62.0474],[109.6437,62.0273],[109.6634,61.9714],[109.5748,61.9364],[109.5407,61.8893],[109.5816,61.8557],[109.5201,61.793],[109.6219,61.7869],[109.6499,61.9099],[109.8042,62.0067],[109.9157,62.0144],[109.989,62.075],[110.0685,62.0939],[110.1542,62.1436],[110.3443,62.1342],[110.445,62.0812],[110.5345,62.1065],[110.5586,62.0588],[110.6766,62.0694],[110.7497,62.0403],[110.8515,62.0394],[111.1076,62.0011],[111.2162,62.0003],[111.3169,62.045],[111.3943,62.0474],[111.2981,62.1198],[111.2521,62.1283],[111.2601,62.1978],[111.3025,62.2225],[111.4647,62.2207],[111.5509,62.1672],[111.6425,62.2166],[111.5798,62.254],[111.3837,62.2525],[111.3958,62.2829],[111.2925,62.3091],[111.3354,62.3623],[111.48,62.3768],[111.5586,62.3591],[111.6433,62.4053],[111.5848,62.4309],[111.3928,62.3779],[111.3016,62.3903],[111.3151,62.4312],[111.2533,62.486],[111.3284,62.5275],[111.2948,62.5543],[111.4046,62.692],[111.3825,62.7291],[111.3884,62.8204],[111.2674,62.8763],[111.2486,62.9411],[111.1423,62.936],[111.11,62.9761],[111.13,63.0135],[111.3075,63.0841],[111.5109,63.0679],[111.6133,63.1041],[111.6784,63.2257],[111.8185,63.2195],[111.888,63.1795],[111.86,63.0717],[111.7369,63.0756],[111.6166,63.0238],[111.6516,62.9693],[111.5294,62.9849],[111.5144,62.9316],[111.4046,62.9514],[111.3931,62.8887],[111.5768,62.8572],[111.8291,62.8969],[111.9074,62.8392],[111.973,62.8383]]]},"properties":{"name":"Vilyuy Reservoir","scalerank":6,"min_zoom":5}},
{"type":"Feature","geometry":{"type":"Polygon","coordinates":[[[92.011,55.1678],[92.1423,55.2084],[92.2003,55.2049],[92.3984,55.4242],[92.4084,55.5031],[92.3313,55.463],[92.2456,55.3547],[92.0481,55.2116],[91.9542,55.2025],[91.8606,55.1763],[91.5698,55.1557],[91.5159,55.1445],[91.3531,55.0812],[91.2092,55.0854],[91.1047,55.0718],[91.0175,55.0303],[90.9681,54.9438],[90.9151,54.8999],[90.9151,54.7421],[90.8645,54.6927],[90.9292,54.6397],[91.0858,54.5852],[91.1515,54.5399],[91.2133,54.5219],[91.2351,54.4893],[91.2092,54.4375],[91.2504,54.3721],[91.2159,54.3244],[91.2957,54.3056],[91.3534,54.2629],[91.3937,54.1831],[91.5436,54.0663],[91.5247,54.0024],[91.4011,53.9341],[91.3805,53.8793],[91.4085,53.8446],[91.3923,53.8058],[91.4226,53.7746],[91.5144,53.766],[91.4644,53.8449],[91.4632,53.8855],[91.5177,53.9309],[91.6345,53.9538],[91.8123,53.9415],[91.7814,53.9994],[91.6646,53.9906],[91.5486,53.9615],[91.588,54.0271],[91.5339,54.204],[91.4974,54.2629],[91.3876,54.3586],[91.4632,54.3721],[91.545,54.338],[91.6036,54.3653],[91.5003,54.3924],[91.3743,54.3721],[91.324,54.3986],[91.3093,54.4622],[91.2483,54.5425],[90.9866,54.6379],[90.9699,54.8248],[90.9943,54.9232],[91.0311,54.9682],[91.1332,55.0374],[91.3602,55.0506],[91.6625,55.0854],[91.8535,55.1127],[91.8915,55.1507],[92.011,55.1678]]]},"properties":{"name":"Krasnoyarsk Reservoir","scalerank":7,"min_zoom":5.7}},
{"type":"Feature","geometry":{"type":"Polygon","coordinates":[[[41.1811,57.5242],[41.116,57.586],[41.1049,57.6525],[41.043,57.6778],[40.9715,57.7511],[40.9044,57.7923],[40.6986,57.8226],[40.643,57.8603],[40.7393,57.8803],[40.7711,57.9098],[40.8817,57.9012],[40.9044,58.0311],[40.8096,58.0046],[40.8423,57.9636],[40.7393,57.9492],[40.7325,58.004],[40.6433,57.9978],[40.6089,57.9636],[40.6301,57.9269],[40.4838,57.9436],[40.5467,57.8877],[40.595,57.878],[40.6295,57.8259],[40.5744,57.7847],[40.3866,57.7544],[40.1903,57.6663],[40.1915,57.6307],[40.3978,57.7308],[40.5712,57.7611],[40.6707,57.7976],[40.8647,57.7806],[40.9377,57.7502],[40.9727,57.6884],[41.0525,57.6407],[41.0704,57.5833],[41.1434,57.5242],[41.1782,57.4565],[41.2426,57.4977],[41.1811,57.5242]]]},"properties":{"name":"Kostroma Reservoir","scalerank":7,"min_zoom":5.7}},
{"type":"Feature","geometry":{"type":"Polygon","coordinates":[[[38.0494,57.3458],[38.1115,57.3773],[38.1356,57.4155],[38.1091,57.4294],[38.0494,57.3458]]]},"properties":{"name":"Uglich Reservoir","scalerank":7,"min_zoom":5.7}},
{"type":"Feature","geometry":{"type":"Polygon","coordinates":[[[37.0053,56.7638],[37.1148,56.7241],[37.1115,56.7697],[36.9585,56.8492],[36.8701,56.8106],[36.7748,56.8092],[36.6756,56.7774],[36.7439,56.7571],[36.7235,56.7085],[36.5878,56.6266],[36.5004,56.6272],[36.4092,56.6069],[36.3556,56.6131],[36.2487,56.5907],[36.1322,56.5357],[36.1372,56.5074],[36.3123,56.5377],[36.3671,56.5651],[36.5681,56.6043],[36.6876,56.6726],[36.7671,56.7029],[36.7718,56.7603],[36.8248,56.7936],[37.0053,56.7638]]]},"properties":{"name":"Ivankovo Reservoir","scalerank":7,"min_zoom":5.7}},
{"type":"Feature","geometry":{"type":"Polygon","coordinates":[[[73.0036,34.0831],[72.8938,34.129],[72.8573,34.2426],[72.8791,34.308],[72.837,34.4154],[72.817,34.3898],[72.837,34.345],[72.8344,34.2927],[72.8096,34.2464],[72.8126,34.1902],[72.7796,34.1514],[72.6893,34.1146],[72.7313,34.0675],[72.7926,34.1019],[72.865,34.0751],[72.8797,34.0313],[72.9141,34.0118],[73.0204,34.0628],[73.0036,34.0831]]]},"properties":{"name":"Tarbela Dam","scalerank":7,"min_zoom":5.7}},
{"type":"Feature","geometry":{"type":"Polygon","coordinates":[[[32.7043,-15.5726],[32.6808,-15.5323],[32.5368,-15.5532],[32.447,-15.5338],[32.384,-15.5517],[32.3137,-15.5364],[32.2757,-15.5685],[32.1744,-15.5915],[32.1176,-15.5935],[32.057,-15.6277],[31.979,-15.5879],[31.9466,-15.6197],[31.8854,-15.5882],[31.8306,-15.6056],[31.6781,-15.6241],[31.5813,-15.6094],[31.4462,-15.6253],[31.4312,-15.6109],[31.3646,-15.6171],[31.3217,-15.6439],[31.2716,-15.6524],[31.2531,-15.681],[31.1975,-15.6801],[31.1486,-15.7819],[31.1589,-15.8611],[31.1933,-15.8114],[31.2475,-15.7757],[31.294,-15.6998],[31.337,-15.6707],[31.3797,-15.696],[31.3929,-15.663],[31.4347,-15.6827],[31.5289,-15.6898],[31.5704,-15.6762],[31.6287,-15.7107],[31.7703,-15.7039],[31.8721,-15.6695],[31.9878,-15.6998],[32.0228,-15.7172],[32.1141,-15.7363],[32.1462,-15.7036],[32.2268,-15.6724],[32.281,-15.676],[32.3519,-15.6489],[32.4476,-15.58],[32.4771,-15.6024],[32.5392,-15.5956],[32.5368,-15.567],[32.6428,-15.5664],[32.6872,-15.6091],[32.7043,-15.5726]]]},"properties":{"name":"Lago de Cahora Bassa","scalerank":7,"min_zoom":5.7}},
{"type":"Feature","geometry":{"type":"Polygon","coordinates":[[[34.3295,11.5939],[34.361,11.5636],[34.4137,11.5442],[34.4552,11.5018],[34.504,11.4962],[34.5662,11.435],[34.6553,11.392],[34.7069,11.3231],[34.7339,11.3323],[34.7104,11.3988],[34.5809,11.4853],[34.5288,11.5527],[34.4617,11.5913],[34.4172,11.6637],[34.4305,11.7179],[34.4893,11.7267],[34.464,11.7991],[34.3934,11.7894],[34.3563,11.7585],[34.328,11.6899],[34.3522,11.6322],[34.3295,11.5939]]]},"properties":{"name":"Roseires Reservoir","scalerank":7,"min_zoom":5.7}},
{"type":"Feature","geometry":{"type":"Polygon","coordinates":[[[55.5634,57.2775],[55.5746,57.3785],[55.5202,57.4353],[55.5755,57.5259],[55.5614,57.5663],[55.5031,57.5998],[55.3965,57.6089],[55.4528,57.7131],[55.3815,57.7358],[55.3324,57.6134],[55.3974,57.586],[55.4828,57.5792],[55.5208,57.548],[55.5066,57.4974],[55.3904,57.4353],[55.4866,57.4194],[55.5031,57.3637],[55.3185,57.3272],[55.1195,57.369],[55.0174,57.3561],[54.9523,57.2077],[54.9715,57.1547],[54.9049,57.1015],[54.8211,57.1238],[54.7601,57.0652],[54.6324,57.0979],[54.527,57.0997],[54.4446,57.0685],[54.3727,57.019],[54.1752,57.0031],[54.0987,56.966],[54.0884,56.7712],[54.1846,56.8015],[54.2203,56.9322],[54.2532,56.9555],[54.3392,56.9566],[54.484,57.0026],[54.5476,57.0382],[54.6468,57.0102],[54.7804,57.0311],[54.8528,57.0237],[55.0498,57.1103],[55.0548,57.1815],[55.0889,57.2095],[55.1322,57.3084],[55.2602,57.271],[55.421,57.3081],[55.5634,57.2775]]]},"properties":{"name":"Votkinsk Reservoir","scalerank":7,"min_zoom":5.7}},
{"type":"Feature","geometry":{"type":"Polygon","coordinates":[[[57.0503,58.1535],[56.8504,58.1838],[56.8495,58.2913],[56.8186,58.3057],[56.7294,58.2577],[56.6461,58.248],[56.5557,58.1821],[56.4041,58.1821],[56.38,58.2521],[56.3361,58.2901],[56.4518,58.3708],[56.4442,58.4202],[56.2737,58.5321],[56.1648,58.565],[56.1115,58.5986],[56.2399,58.6754],[56.4156,58.8797],[56.5819,58.8965],[56.6717,58.9156],[56.4389,58.9504],[56.3759,58.9144],[56.3094,58.9094],[56.292,58.9536],[56.327,59.0219],[56.2676,59.0734],[56.2658,59.1161],[56.3291,59.1614],[56.247,59.1735],[56.2281,59.2303],[56.2961,59.2538],[56.3935,59.2618],[56.6461,59.3071],[56.6614,59.3713],[56.7282,59.4272],[56.6967,59.4943],[56.7332,59.6144],[56.6552,59.6454],[56.665,59.7381],[56.5496,59.7984],[56.597,59.6607],[56.6717,59.6077],[56.617,59.5947],[56.6629,59.5473],[56.5881,59.4734],[56.6641,59.4458],[56.6697,59.3937],[56.5858,59.3692],[56.4875,59.3681],[56.4091,59.313],[56.2231,59.2538],[56.1928,59.2226],[56.1666,59.1231],[56.1163,59.0772],[56.2199,58.9771],[56.0909,58.9501],[56.0185,58.9804],[55.8631,58.9983],[55.5823,58.9839],[55.6494,58.9636],[55.8631,58.971],[56.0009,58.9362],[56.106,58.9298],[56.1101,58.8882],[56.1981,58.8294],[56.1645,58.7717],[55.9538,58.6896],[55.7036,58.6051],[56.015,58.6545],[55.9885,58.5815],[56.0483,58.5247],[56.2131,58.5365],[56.2493,58.4932],[56.3665,58.4417],[56.4115,58.3814],[56.3635,58.3593],[56.2393,58.3602],[56.2049,58.3266],[56.2234,58.2824],[56.3376,58.2536],[56.3441,58.2168],[56.2964,58.1473],[56.4047,58.1721],[56.4651,58.1635],[56.6184,58.1035],[56.675,58.0584],[56.7783,58.0184],[56.637,57.9698],[56.7209,57.8503],[56.7527,57.78],[56.8548,57.8103],[56.7939,57.9065],[56.7332,57.9492],[56.8095,57.9919],[56.7992,58.044],[56.6991,58.0787],[56.6502,58.1338],[56.7583,58.2074],[56.8351,58.142],[56.901,58.1647],[56.9917,58.1241],[57.0503,58.1535]]]},"properties":{"name":"Kama Reservoir","scalerank":7,"min_zoom":5.7}},
{"type":"Feature","geometry":{"type":"Polygon","coordinates":[[[38.5577,35.8893],[38.4815,35.8878],[38.4432,35.9526],[38.3717,35.9205],[38.1695,36.0182],[38.1182,36.0718],[38.1,36.1427],[38.1356,36.1719],[38.1441,36.2175],[38.2257,36.2522],[38.1968,36.3364],[38.1592,36.2628],[38.0944,36.2402],[38.0423,36.1725],[38.0149,36.1133],[38.0188,36.0756],[38.1344,35.9487],[38.2039,35.9317],[38.2537,35.8775],[38.3075,35.8657],[38.3355,35.8363],[38.3938,35.8472],[38.4097,35.8151],[38.4582,35.8013],[38.5598,35.8528],[38.5577,35.8893]]]},"properties":{"name":"Buhayrat al-Assad","scalerank":7,"min_zoom":5.7}},
{"type":"Feature","geometry":{"type":"Polygon","coordinates":[[[39.8512,38.6905],[39.8238,38.6634],[39.7523,38.6451],[39.6807,38.6725],[39.6021,38.6663],[39.5159,38.6899],[39.4882,38.7328],[39.4923,38.7626],[39.523,38.7997],[39.618,38.8362],[39.5871,38.8582],[39.5571,38.8197],[39.5303,38.8164],[39.5023,38.782],[39.4608,38.7755],[39.3681,38.8226],[39.3125,38.8344],[39.2769,38.865],[39.1806,38.8853],[39.0464,38.898],[39.0052,38.9265],[38.921,38.9298],[38.8957,38.9674],[38.8474,38.9401],[38.7706,39.0375],[38.7591,38.9604],[38.7146,38.9198],[38.7732,38.8715],[38.8683,38.8426],[38.9304,38.878],[39.0296,38.8644],[39.0843,38.878],[39.1632,38.8582],[39.1974,38.8303],[39.2451,38.8582],[39.2878,38.8167],[39.3681,38.7961],[39.3825,38.7626],[39.4426,38.7802],[39.4717,38.7626],[39.4779,38.6999],[39.4073,38.6389],[39.4158,38.5933],[39.5439,38.6266],[39.5862,38.6501],[39.6878,38.6551],[39.7849,38.6101],[39.8473,38.641],[39.8512,38.6905]]]},"properties":{"name":"Keban Baraji","scalerank":7,"min_zoom":5.7}},
{"type":"Feature","geometry":{"type":"Polygon","coordinates":[[[46.3434,50.183],[46.331,50.2328],[46.3652,50.2746],[46.4208,50.2875],[46.4479,50.3673],[46.3684,50.3555],[46.3657,50.3178],[46.2963,50.2722],[46.2268,50.3096],[46.1355,50.3222],[45.858,50.2949],[45.9195,50.3393],[45.9215,50.4008],[45.8409,50.5239],[45.7314,50.6137],[45.7152,50.6475],[45.7493,50.7402],[45.9274,50.7809],[46.009,50.7741],[46.064,50.8498],[46.0602,50.9354],[46.0281,50.9746],[46.0408,51.0334],[46.0031,51.0699],[45.9036,51.1088],[45.8647,51.1412],[45.8636,51.2342],[45.8924,51.2819],[45.9884,51.3431],[45.9957,51.4017],[46.0293,51.4397],[45.9998,51.4803],[46.1594,51.5291],[46.2221,51.5915],[46.3163,51.6316],[46.2662,51.654],[46.3151,51.7164],[46.3931,51.727],[46.4788,51.7717],[46.5909,51.719],[46.7308,51.7196],[46.6719,51.7741],[46.3451,51.7952],[46.2418,51.7534],[46.2492,51.6822],[46.1809,51.6448],[46.1697,51.5786],[46.0128,51.5053],[45.9672,51.4944],[45.9257,51.4082],[45.8103,51.3502],[45.7773,51.2766],[45.7947,51.1409],[45.8556,51.092],[45.9934,51.037],[45.9787,50.9584],[46.0431,50.8845],[45.9984,50.853],[45.8574,50.8088],[45.787,50.8053],[45.6596,50.7541],[45.6384,50.6375],[45.6596,50.6034],[45.7314,50.5551],[45.8294,50.4612],[45.8518,50.3911],[45.7287,50.3408],[45.6937,50.3093],[45.656,50.2328],[45.7585,50.1848],[45.8376,50.2057],[45.8465,50.2384],[46.0066,50.276],[46.1135,50.2616],[46.1491,50.2875],[46.1938,50.2057],[46.2503,50.2492],[46.3434,50.183]]]},"properties":{"name":"Volgograd Reservoir","scalerank":7,"min_zoom":5.7}},
{"type":"Feature","geometry":{"type":"Polygon","coordinates":[[[42.6517,57.4155],[42.7406,57.4273],[42.8033,57.4079],[42.854,57.3528],[42.8952,57.3711],[43.0671,57.3714],[43.1101,57.3431],[43.1021,57.2984],[42.937,57.2319],[42.9049,57.1883],[42.9935,57.1748],[43.0359,57.1291],[43.0659,57.0276],[43.1722,56.9973],[43.1837,56.9422],[43.1124,56.9328],[43.1374,56.8872],[43.2034,56.9078],[43.2331,56.8121],[43.2096,56.7182],[43.3294,56.6614],[43.4033,56.6991],[43.3635,56.8289],[43.3176,56.9307],[43.39,56.9487],[43.2461,56.9931],[43.1589,57.0611],[43.1413,57.1185],[43.1539,57.1801],[43.2057,57.296],[43.2543,57.3322],[43.2673,57.3758],[43.3235,57.4023],[43.3506,57.483],[43.3997,57.5236],[43.4824,57.5504],[43.5725,57.6301],[43.4863,57.6284],[43.4186,57.5589],[43.3123,57.5171],[43.2634,57.4244],[43.1422,57.4194],[42.9732,57.3876],[42.8534,57.3943],[42.7763,57.4559],[42.6517,57.4155]]]},"properties":{"name":"Gorky Reservoir","scalerank":7,"min_zoom":5.7}},
{"type":"Feature","geometry":{"type":"Polygon","coordinates":[[[103.6349,57.0399],[103.5716,57.0102],[103.5162,57.0517],[103.5625,57.1256],[103.5077,57.1321],[103.4509,57.1026],[103.3181,57.1748],[103.1789,57.2907],[103.1948,57.3222],[103.0576,57.3119],[102.9752,57.3564],[103.052,57.4329],[102.8766,57.3823],[102.8083,57.4435],[102.8242,57.5236],[102.7612,57.5822],[102.6067,57.6478],[102.5981,57.6822],[102.6429,57.7473],[102.7429,57.7779],[102.745,57.8173],[102.6911,57.8954],[102.5725,57.7861],[102.5981,57.7644],[102.5572,57.6822],[102.5027,57.6272],[102.3977,57.5677],[102.3382,57.4694],[102.3202,57.3743],[102.2428,57.3322],[102.2879,57.2878],[102.3191,57.1618],[102.2767,57.1412],[102.3185,57.0926],[102.3691,57.1374],[102.3791,57.1957],[102.3523,57.2804],[102.4403,57.2881],[102.4088,57.3375],[102.4715,57.3596],[102.4339,57.3943],[102.4816,57.4285],[102.4085,57.5133],[102.4495,57.5654],[102.5498,57.6319],[102.594,57.6357],[102.7061,57.5713],[102.7547,57.561],[102.7977,57.5036],[102.7618,57.4382],[102.8254,57.3602],[102.9204,57.3514],[102.9955,57.2846],[102.9893,57.223],[103.0785,57.2513],[103.2075,57.1833],[103.2631,57.1065],[103.2119,57.0652],[103.349,57.0426],[103.3929,57.0076],[103.4565,57.0308],[103.5648,56.9828],[103.6349,57.0399]]]},"properties":{"name":"Ust-Ilimsk Reservoir","scalerank":7,"min_zoom":5.7}},
{"type":"Feature","geometry":{"type":"Polygon","coordinates":[[[70.3732,40.4122],[70.2242,40.4092],[70.1368,40.3651],[69.9252,40.3036],[69.851,40.2968],[69.8221,40.2653],[69.9119,40.232],[70.12,40.2765],[70.1833,40.2656],[70.3255,40.315],[70.3708,40.3651],[70.3732,40.4122]]]},"properties":{"name":"Obanbori Qayroqum","scalerank":7,"min_zoom":5.7}},
{"type":"Feature","geometry":{"type":"Polygon","coordinates":[[[-2.602,40.7189],[-2.7151,40.6115],[-2.7092,40.5099],[-2.673,40.5638],[-2.6934,40.6009],[-2.6577,40.6603],[-2.602,40.7189]]]},"properties":{"name":"Embalse de Entrepeas","scalerank":7,"min_zoom":5.7}},
{"type":"Feature","geometry":{"type":"Polygon","coordinates":[[[76.7659,31.261],[76.7365,31.2987],[76.6746,31.3205],[76.6599,31.3487],[76.6119,31.3514],[76.6814,31.2948],[76.6479,31.2784],[76.4589,31.4673],[76.4427,31.4291],[76.5987,31.286],[76.6479,31.2578],[76.6955,31.2654],[76.7053,31.3063],[76.7659,31.261]]]},"properties":{"name":"Gobind Sagar Reservoir","scalerank":7,"min_zoom":5.7}},
{"type":"Feature","geometry":{"type":"Polygon","coordinates":[[[83.9911,21.6568],[83.9469,21.7683],[83.9254,21.7466],[83.9584,21.6459],[83.9266,21.6138],[83.8975,21.6365],[83.9051,21.685],[83.871,21.6986],[83.7706,21.6609],[83.7535,21.7021],[83.644,21.781],[83.5584,21.7683],[83.5274,21.7466],[83.4762,21.6577],[83.3906,21.6815],[83.473,21.6091],[83.5201,21.6603],[83.5401,21.7089],[83.5754,21.726],[83.6649,21.695],[83.7058,21.6403],[83.7883,21.4993],[83.8427,21.4819],[83.8698,21.5343],[83.9401,21.5467],[84.0346,21.6162],[83.9911,21.6568]]]},"properties":{"name":"Hinakud Dam","scalerank":7,"min_zoom":5.7}},
{"type":"Feature","geometry":{"type":"Polygon","coordinates":[[[79.3136,16.5958],[79.2877,16.6541],[79.2595,16.6567],[79.2003,16.5613],[79.1641,16.6023],[79.1043,16.5937],[79.1079,16.5307],[79.2085,16.4701],[79.1897,16.3738],[79.2324,16.3152],[79.2586,16.3403],[79.2171,16.3947],[79.2274,16.4504],[79.2674,16.5057],[79.2689,16.5351],[79.3189,16.5602],[79.3136,16.5958]]]},"properties":{"name":"Nagarjuna Sagar Dam","scalerank":7,"min_zoom":5.7}},
{"type":"Feature","geometry":{"type":"Polygon","coordinates":[[[111.6793,32.6663],[111.648,32.7099],[111.6445,32.7755],[111.6101,32.8102],[111.5583,32.8264],[111.5056,32.92],[111.5118,32.9533],[111.4711,32.9924],[111.4393,32.9571],[111.3449,32.9842],[111.3178,32.9686],[111.4452,32.92],[111.5174,32.8644],[111.4841,32.7534],[111.4479,32.7231],[111.4791,32.6466],[111.3931,32.5918],[111.1809,32.6816],[111.1659,32.7119],[111.0917,32.7316],[111.0776,32.6866],[111.1167,32.6631],[111.1373,32.5845],[111.1741,32.6295],[111.2139,32.6407],[111.3039,32.5591],[111.3519,32.5394],[111.4764,32.5668],[111.5209,32.6369],[111.6793,32.6663]]]},"properties":{"name":"Danjiangkou Shuiku","scalerank":7,"min_zoom":5.7}},
{"type":"Feature","geometry":{"type":"Polygon","coordinates":[[[78.0111,43.7824],[78.082,43.8377],[78.1047,43.8757],[78.0378,43.891],[77.8968,43.8565],[77.6699,43.8742],[77.3873,43.9293],[77.3532,43.9496],[77.2584,43.9101],[77.1377,43.9081],[77.1135,43.8707],[77.15,43.8274],[77.2501,43.8118],[77.3225,43.8227],[77.3611,43.8047],[77.508,43.7794],[77.6349,43.7844],[77.7073,43.7668],[77.742,43.7768],[77.8659,43.7682],[77.8942,43.7406],[77.9905,43.7435],[78.0111,43.7824]]]},"properties":{"name":"Kapchagay Reservoir","scalerank":7,"min_zoom":5.7}},
{"type":"Feature","geometry":{"type":"Polygon","coordinates":[[[26.0935,-27.6071],[26.0196,-27.6239],[25.9171,-27.5859],[25.8689,-27.5859],[25.8521,-27.5512],[25.7938,-27.5615],[25.6999,-27.6024],[25.6296,-27.6563],[25.6301,-27.7257],[25.6955,-27.7366],[25.7452,-27.7708],[25.7597,-27.7172],[25.7111,-27.6654],[25.7812,-27.5983],[25.8421,-27.6065],[25.8642,-27.6292],[25.9266,-27.6301],[25.9963,-27.6613],[26.0122,-27.7228],[26.0861,-27.7207],[26.0723,-27.6545],[26.0935,-27.6071]]]},"properties":{"name":"Bloemhof Dam","scalerank":7,"min_zoom":5.7}},
{"type":"Feature","geometry":{"type":"Polygon","coordinates":[[[28.5055,-26.9731],[28.4022,-26.9104],[28.3324,-26.9142],[28.2706,-26.8739],[28.1988,-26.8871],[28.1811,-26.8438],[28.1399,-26.8485],[28.0931,-26.9136],[28.2047,-26.9454],[28.1652,-26.986],[28.1578,-27.0272],[28.283,-27.0734],[28.3165,-27.0502],[28.3701,-27.099],[28.3551,-27.13],[28.4016,-27.1788],[28.4098,-27.0899],[28.3618,-27.0684],[28.3383,-26.9966],[28.2912,-27.0069],[28.2679,-27.0496],[28.2097,-27.0013],[28.2473,-26.9872],[28.2294,-26.9327],[28.2576,-26.9092],[28.3292,-26.9554],[28.3716,-26.9386],[28.429,-27.0013],[28.5055,-26.9731]]]},"properties":{"name":"Vaal Dam","scalerank":7,"min_zoom":5.7}},
{"type":"Feature","geometry":{"type":"Polygon","coordinates":[[[149.0299,-33.9203],[148.9781,-33.9251],[148.9637,-33.966],[149.0299,-33.9203]]]},"properties":{"name":"Wyangala Reservoir","scalerank":7,"min_zoom":5.7}},
{"type":"Feature","geometry":{"type":"Polygon","coordinates":[[[-5.3449,7.4307],[-5.4276,7.3692],[-5.4038,7.4408],[-5.4003,7.5311],[-5.4126,7.562],[-5.4506,7.575],[-5.4363,7.5017],[-5.4708,7.4487],[-5.5505,7.4655],[-5.5374,7.4246],[-5.5027,7.4043],[-5.5317,7.3351],[-5.5158,7.3012],[-5.5779,7.3018],[-5.586,7.2686],[-5.5527,7.2488],[-5.5614,7.2017],[-5.6138,7.2235],[-5.6126,7.3148],[-5.6518,7.3106],[-5.6536,7.3692],[-5.6914,7.4672],[-5.6862,7.5055],[-5.572,7.5014],[-5.5785,7.5311],[-5.6256,7.5891],[-5.6194,7.6336],[-5.5517,7.7289],[-5.5785,7.7604],[-5.6266,7.7625],[-5.6256,7.8075],[-5.5847,7.8355],[-5.5785,7.9006],[-5.519,7.9326],[-5.5773,8.0286],[-5.5881,7.9892],[-5.6212,7.9594],[-5.6605,7.8423],[-5.6809,7.89],[-5.7294,7.9112],[-5.7255,7.8593],[-5.6945,7.8384],[-5.7519,7.7896],[-5.7186,7.7481],[-5.7024,7.648],[-5.7218,7.6088],[-5.7164,7.5567],[-5.7458,7.5276],[-5.7907,7.4307],[-5.7651,7.4169],[-5.7882,7.3392],[-5.8234,7.3003],[-5.8175,7.2635],[-5.7769,7.2671],[-5.7398,7.2076],[-5.7196,7.1158],[-5.6831,7.0972],[-5.5847,7.0881],[-5.5833,7.0646],[-5.5096,7.0472],[-5.4612,6.9721],[-5.3593,6.9592],[-5.3561,7.0236],[-5.3929,7.0678],[-5.4204,7.1632],[-5.4791,7.1773],[-5.4665,7.2379],[-5.4073,7.2326],[-5.4499,7.2892],[-5.4273,7.346],[-5.3792,7.3489],[-5.3449,7.4307]]]},"properties":{"name":"Lac de Kossou","scalerank":7,"min_zoom":5.7}},
{"type":"Feature","geometry":{"type":"Polygon","coordinates":[[[129.2004,54.6597],[129.1801,54.6833],[129.0826,54.6918],[129.0273,54.7159],[128.9402,54.7124],[128.7733,54.6741],[128.6908,54.7044],[128.6523,54.68],[128.5584,54.6824],[128.4574,54.6194],[128.3444,54.6526],[128.141,54.6276],[128.05,54.6329],[128.0768,54.7012],[128.0559,54.7695],[128.0041,54.7689],[127.9923,54.6859],[127.9264,54.5973],[127.8057,54.5985],[127.778,54.5587],[127.6456,54.6035],[127.6662,54.6939],[127.5767,54.6738],[127.5938,54.6156],[127.5043,54.5305],[127.4257,54.5573],[127.378,54.6783],[127.3427,54.605],[127.3912,54.5529],[127.3303,54.5428],[127.2994,54.5961],[127.247,54.6232],[127.2205,54.6671],[127.159,54.6671],[127.1905,54.607],[127.2962,54.5367],[127.1672,54.4975],[127.1999,54.4751],[127.2679,54.5034],[127.3924,54.4684],[127.4607,54.4804],[127.5016,54.4495],[127.5425,54.3721],[127.5478,54.3174],[127.7262,54.1955],[127.7804,54.2043],[127.8443,54.1737],[127.798,54.1508],[127.6673,54.1384],[127.6332,54.0801],[127.5687,54.0362],[127.4737,54.0086],[127.3924,54.0639],[127.3215,54.0854],[127.2164,54.1711],[127.078,54.2149],[126.988,54.1884],[127.1652,54.1531],[127.2237,54.0945],[127.4112,53.9774],[127.4224,53.9014],[127.4036,53.8649],[127.2688,53.8037],[127.275,53.7622],[127.3636,53.7475],[127.4869,53.8885],[127.4972,53.9312],[127.6073,53.9783],[127.632,54.0227],[127.7141,54.0783],[127.8263,54.1169],[127.8822,54.091],[127.9505,54.1098],[127.9199,54.1669],[127.9638,54.189],[127.9605,54.2314],[128.0303,54.2688],[127.9985,54.3038],[127.8987,54.2729],[127.8304,54.3038],[127.8934,54.4469],[127.9644,54.4854],[127.9602,54.5367],[128.0898,54.5423],[128.1383,54.4931],[128.2213,54.4943],[128.3099,54.4398],[128.3756,54.4342],[128.2252,54.5378],[128.2755,54.5646],[128.365,54.5093],[128.4562,54.5431],[128.5334,54.4975],[128.584,54.4957],[128.6334,54.4422],[128.7853,54.3839],[128.8436,54.3883],[128.788,54.4737],[128.5837,54.5755],[128.6511,54.6052],[128.7247,54.5811],[128.7312,54.6273],[128.8036,54.6047],[128.891,54.6385],[128.9602,54.6385],[129.0491,54.6615],[129.098,54.6194],[129.2072,54.6055],[129.2004,54.6597]]]},"properties":{"name":"Zeya Reservoir","scalerank":7,"min_zoom":5.7}},
{"type":"Feature","geometry":{"type":"Polygon","coordinates":[[[-5.0873,39.2871],[-5.065,39.273],[-5.0026,39.3572],[-5.0235,39.3601],[-5.0873,39.2871]]]},"properties":{"name":"Embalse de García de Sola","scalerank":7,"min_zoom":5.7}},
{"type":"Feature","geometry":{"type":"Polygon","coordinates":[[[-5.065,39.273],[-5.0873,39.2871],[-5.1602,39.2827],[-5.1927,39.1888],[-5.1107,39.253],[-5.065,39.273]]]},"properties":{"name":"Embalse de Orellana","scalerank":7,"min_zoom":5.7}},
{"type":"Feature","geometry":{"type":"Polygon","coordinates":[[[99.1941,14.5867],[99.1031,14.5667],[99.0616,14.6659],[99.0554,14.738],[99.0675,14.7899],[99.0543,14.8358],[99.0802,14.8843],[99.1558,14.9364],[99.0746,14.9815],[99.0908,14.9244],[99.0401,14.8782],[99.0195,14.811],[98.9777,14.7787],[99.0154,14.7319],[99.0172,14.6774],[98.9904,14.6324],[99.0089,14.5888],[98.9933,14.5517],[99.0292,14.4934],[99.1329,14.3907],[99.1673,14.4452],[99.1161,14.5031],[99.1193,14.5252],[99.1761,14.5491],[99.1941,14.5867]]]},"properties":{"name":"Chao Nen Dam","scalerank":7,"min_zoom":5.7}},
{"type":"Feature","geometry":{"type":"Polygon","coordinates":[[[119.1888,29.541],[119.1408,29.5384],[119.0451,29.6096],[119.0378,29.6744],[118.9827,29.6314],[118.9259,29.6229],[118.925,29.5825],[118.8617,29.5658],[118.7316,29.501],[118.7572,29.4663],[118.8261,29.4901],[118.913,29.4883],[118.9892,29.5313],[119.0384,29.4975],[119.1479,29.4901],[119.1955,29.4975],[119.1888,29.541]]]},"properties":{"name":"Xinanjiang Shuiku","scalerank":7,"min_zoom":5.7}},
{"type":"Feature","geometry":{"type":"Polygon","coordinates":[[[115.7315,40.3551],[115.6464,40.3309],[115.5707,40.2936],[115.5787,40.2468],[115.6193,40.3015],[115.7223,40.3427],[115.7315,40.3551]]]},"properties":{"name":"Guanting Shuiku","scalerank":7,"min_zoom":5.7}},
{"type":"Feature","geometry":{"type":"Polygon","coordinates":[[[-5.0235,39.3601],[-5.0026,39.3572],[-4.9905,39.3854],[-4.8798,39.333],[-4.8804,39.3669],[-4.9446,39.3919],[-5.0503,39.4125],[-5.0235,39.3601]]]},"properties":{"name":"Embalse de Cala","scalerank":7,"min_zoom":5.7}},
{"type":"Feature","geometry":{"type":"Polygon","coordinates":[[[-51.981,-21.4793],[-52.0707,-21.4805],[-52.1066,-21.5503],[-52.0631,-21.6198],[-52.0758,-21.6498],[-52.1593,-21.7051],[-52.19,-21.6551],[-52.2505,-21.6318],[-52.1962,-21.731],[-52.2535,-21.794],[-52.319,-21.8426],[-52.3084,-21.8738],[-52.3867,-21.9939],[-52.4264,-22.0969],[-52.526,-22.1843],[-52.5734,-22.1726],[-52.6463,-22.2158],[-52.7118,-22.23],[-52.7427,-22.2635],[-52.8568,-22.2936],[-52.9308,-22.3336],[-52.986,-22.378],[-52.9658,-22.4449],[-52.9193,-22.4557],[-52.8428,-22.4207],[-52.8169,-22.3801],[-52.6763,-22.2938],[-52.5703,-22.2385],[-52.519,-22.2232],[-52.4625,-22.1832],[-52.3694,-22.099],[-52.3253,-21.9989],[-52.3139,-21.94],[-52.1943,-21.8317],[-52.1528,-21.7396],[-52.0604,-21.6845],[-52.0272,-21.643],[-52.0473,-21.6],[-52.0474,-21.5379],[-51.981,-21.4793]]]},"properties":{"name":"Represa Porto Primavera","scalerank":7,"min_zoom":5.7}},
{"type":"Feature","geometry":{"type":"Polygon","coordinates":[[[146.1799,-36.0139],[146.0733,-35.9735],[146.0277,-35.9665],[146.0174,-36.008],[146.0966,-36.0336],[146.1587,-36.0377],[146.1799,-36.0139]]]},"properties":{"name":"Lake Mulwala","scalerank":7,"min_zoom":5.7}},
{"type":"Feature","geometry":{"type":"Polygon","coordinates":[[[147.234,-36.033],[147.1746,-36.023],[147.1537,-35.9991],[147.0606,-35.9853],[147.0936,-36.0286],[147.0447,-36.1075],[147.0406,-36.1737],[147.1066,-36.2411],[147.1961,-36.2205],[147.1086,-36.1896],[147.0795,-36.1036],[147.1242,-36.0457],[147.2155,-36.0616],[147.234,-36.033]]]},"properties":{"name":"Lake Hume","scalerank":7,"min_zoom":5.7}},
{"type":"Feature","geometry":{"type":"Polygon","coordinates":[[[92.3286,22.7115],[92.3339,22.7612],[92.2848,22.7948],[92.253,22.8981],[92.2029,22.9393],[92.1756,22.884],[92.2303,22.8157],[92.2621,22.7365],[92.2174,22.665],[92.1988,22.7097],[92.1341,22.7815],[92.0937,22.7748],[92.1815,22.6932],[92.1697,22.6659],[92.19,22.5484],[92.2583,22.5066],[92.3392,22.4757],[92.3251,22.5281],[92.2745,22.5296],[92.2174,22.5552],[92.22,22.6061],[92.2745,22.6588],[92.2645,22.7035],[92.3286,22.7115]]]},"properties":{"name":"Kaptai Lake","scalerank":7,"min_zoom":5.7}},
{"type":"Feature","geometry":{"type":"Polygon","coordinates":[[[-6.9293,6.517],[-6.9159,6.5371],[-6.9669,6.573],[-6.951,6.643],[-6.9657,6.777],[-7.0035,6.8417],[-7.0418,6.8644],[-7.0384,6.9312],[-7.0502,6.9789],[-7.0871,6.9715],[-7.0583,6.9241],[-7.0793,6.8726],[-7.021,6.7946],[-6.9973,6.7252],[-7.0007,6.6551],[-7.0722,6.5771],[-7.0793,6.5332],[-7.0179,6.5138],[-7.0384,6.4446],[-7.03,6.3972],[-7.0583,6.3858],[-7.079,6.462],[-7.1129,6.4005],[-7.1061,6.369],[-7.1264,6.321],[-7.1669,6.3225],[-7.1817,6.3625],[-7.2172,6.3543],[-7.2272,6.4181],[-7.2636,6.412],[-7.307,6.4311],[-7.3107,6.4623],[-7.4077,6.472],[-7.4389,6.5338],[-7.4771,6.4782],[-7.4411,6.4349],[-7.3803,6.4446],[-7.3597,6.4072],[-7.2836,6.3454],[-7.2508,6.3357],[-7.2157,6.2765],[-7.1232,6.2462],[-7.0569,6.2618],[-7.0035,6.3416],[-6.9973,6.4005],[-6.9736,6.4732],[-6.9326,6.4823],[-6.9293,6.517]]]},"properties":{"name":"Lac de Buyo","scalerank":7,"min_zoom":5.7}},
{"type":"Feature","geometry":{"type":"Polygon","coordinates":[[[-62.9972,7.5959],[-62.972,7.5559],[-62.9864,7.4826],[-62.9561,7.4452],[-62.9208,7.5202],[-62.86,7.5276],[-62.8338,7.4581],[-62.8395,7.4366],[-62.8042,7.336],[-62.7917,7.2739],[-62.8463,7.1982],[-62.8737,7.2023],[-62.943,7.1111],[-62.9897,7.0819],[-62.9764,7.0128],[-63.0001,6.9789],[-62.9577,6.9424],[-62.9452,6.8685],[-62.9146,6.8629],[-62.8539,6.8143],[-62.8389,6.8882],[-62.8662,6.91],[-62.9225,6.9177],[-62.9146,7.0063],[-62.8729,7.0431],[-62.8463,7.1508],[-62.7337,7.3327],[-62.7689,7.3504],[-62.7643,7.4104],[-62.7882,7.4508],[-62.7508,7.5202],[-62.754,7.5453],[-62.8055,7.5859],[-62.7695,7.6483],[-62.7577,7.701],[-62.7159,7.6989],[-62.7228,7.7466],[-62.7917,7.7331],[-62.8653,7.6986],[-62.9086,7.693],[-62.9972,7.774],[-63.0048,7.7054],[-62.9729,7.6854],[-63.0493,7.6127],[-62.9972,7.5959]]]},"properties":{"name":"Embalse de Guri","scalerank":7,"min_zoom":5.7}},
{"type":"Feature","geometry":{"type":"Polygon","coordinates":[[[-55.4682,-32.44],[-55.5037,-32.4259],[-55.5286,-32.4944],[-55.5824,-32.4989],[-55.6985,-32.4347],[-55.6925,-32.5304],[-55.7649,-32.4927],[-55.8241,-32.4889],[-55.7879,-32.5683],[-55.8091,-32.606],[-55.8961,-32.5545],[-55.9349,-32.5683],[-55.975,-32.6157],[-56.0612,-32.5875],[-56.0625,-32.6455],[-56.0827,-32.6658],[-56.1798,-32.6825],[-56.2132,-32.7538],[-56.3086,-32.732],[-56.3663,-32.7349],[-56.3214,-32.6631],[-56.3436,-32.6246],[-56.391,-32.6843],[-56.4116,-32.7667],[-56.3934,-32.7982],[-56.4186,-32.8539],[-56.473,-32.8221],[-56.5587,-32.8079],[-56.6162,-32.8427],[-56.6395,-32.7632],[-56.7059,-32.8221],[-56.8005,-32.8315],[-56.7877,-32.888],[-56.6451,-32.8689],[-56.5847,-32.845],[-56.4764,-32.835],[-56.4068,-32.8786],[-56.3738,-32.8489],[-56.2939,-32.8486],[-56.2543,-32.9316],[-56.1794,-32.9042],[-56.0802,-32.9395],[-56.0893,-32.8868],[-56.1812,-32.8453],[-56.1617,-32.76],[-56.0384,-32.795],[-56.0067,-32.7588],[-55.9551,-32.7547],[-55.9251,-32.7941],[-55.8889,-32.7608],[-55.8914,-32.7199],[-55.9231,-32.6749],[-55.8911,-32.6372],[-55.8079,-32.7043],[-55.7955,-32.7591],[-55.7611,-32.7667],[-55.7827,-32.6825],[-55.8158,-32.6428],[-55.7496,-32.6069],[-55.7604,-32.5536],[-55.6166,-32.5683],[-55.6411,-32.5365],[-55.4815,-32.5236],[-55.4682,-32.44]]]},"properties":{"name":"Lago Rincón del Bonete","scalerank":7,"min_zoom":5.7}},
{"type":"Feature","geometry":{"type":"Polygon","coordinates":[[[-68.9317,-39.503],[-68.9049,-39.4641],[-68.8425,-39.4226],[-68.7895,-39.4576],[-68.7387,-39.4488],[-68.7105,-39.4105],[-68.6849,-39.3155],[-68.7954,-39.3402],[-68.7986,-39.2946],[-68.8404,-39.2851],[-68.8672,-39.3157],[-69.0805,-39.3946],[-69.0728,-39.4144],[-68.9664,-39.394],[-69.0337,-39.4544],[-69.1024,-39.4503],[-69.1433,-39.4647],[-69.1888,-39.432],[-69.2653,-39.4788],[-69.2406,-39.5292],[-69.3351,-39.6284],[-69.2989,-39.659],[-69.2212,-39.6186],[-69.0955,-39.5963],[-69.0069,-39.5586],[-68.9317,-39.503]]]},"properties":{"name":"Embalse Ezequiel Ramos Mexia","scalerank":7,"min_zoom":5.7}},
{"type":"Feature","geometry":{"type":"Polygon","coordinates":[[[44.0082,49.196],[43.899,49.2307],[43.8742,49.2057],[43.989,49.1851],[43.9216,49.0971],[43.9104,49.0029],[43.8901,48.9723],[43.798,48.9449],[43.6446,48.9376],[43.5887,48.8495],[43.4539,48.7839],[43.4465,48.7121],[43.5213,48.6467],[43.4392,48.5711],[43.4015,48.5104],[43.3429,48.4651],[43.2437,48.4725],[43.1519,48.4583],[43.1154,48.4834],[43.126,48.5355],[43.0274,48.5087],[42.9664,48.5546],[42.9252,48.5402],[43.0412,48.489],[43.1033,48.4036],[43.0762,48.2664],[43.0224,48.2184],[42.9046,48.2181],[42.8596,48.1566],[42.8357,48.071],[42.8501,47.9559],[42.7919,47.8784],[42.5858,47.8125],[42.5387,47.8107],[42.4569,47.8437],[42.466,47.9102],[42.3765,47.9582],[42.3327,47.8381],[42.2117,47.7589],[42.2346,47.7301],[42.1166,47.6671],[42.1098,47.6017],[42.1749,47.5334],[42.2399,47.5811],[42.3533,47.5882],[42.413,47.635],[42.5007,47.6223],[42.5902,47.6706],[42.6809,47.7469],[42.9323,47.7875],[42.9973,47.8481],[43.035,47.8234],[43.0271,47.7636],[43.0809,47.7772],[43.1033,47.8246],[43.0421,47.9138],[43.0642,47.9753],[43.1101,48.0127],[43.2246,48.0035],[43.2278,48.023],[43.1372,48.0515],[43.0868,48.1019],[43.1516,48.1955],[43.1392,48.2305],[43.1687,48.2811],[43.2955,48.3091],[43.3167,48.3674],[43.3591,48.3965],[43.3618,48.4374],[43.4877,48.4969],[43.5416,48.5884],[43.702,48.627],[43.6976,48.6579],[43.6058,48.6423],[43.5522,48.6538],[43.4839,48.7044],[43.478,48.7533],[43.5722,48.7998],[43.6211,48.8419],[43.6417,48.9022],[43.6755,48.9246],[43.7936,48.9152],[43.8707,48.9314],[43.9467,48.9941],[43.9726,49.0406],[43.944,49.0906],[44.0082,49.196]]]},"properties":{"name":"Tsimlyansk Reservoir","scalerank":7,"min_zoom":5.7}},
{"type":"Feature","geometry":{"type":"Polygon","coordinates":[[[-50.574,-18.8981],[-50.5216,-19.0176],[-50.4519,-19.0043],[-50.4792,-18.9396],[-50.3729,-18.8778],[-50.3628,-18.8489],[-50.2271,-18.8304],[-50.298,-18.8092],[-50.3154,-18.7841],[-50.2951,-18.7385],[-50.2596,-18.7241],[-50.166,-18.732],[-50.1336,-18.7038],[-50.0835,-18.7185],[-50.0094,-18.7691],[-50.0232,-18.6405],[-49.993,-18.6275],[-49.8645,-18.6302],[-49.8305,-18.6119],[-49.9841,-18.5854],[-50.0292,-18.4986],[-50.0465,-18.4339],[-50.0465,-18.367],[-50.0843,-18.3788],[-50.0428,-18.5675],[-50.0949,-18.6355],[-50.127,-18.642],[-50.1888,-18.6069],[-50.2225,-18.6361],[-50.2563,-18.6013],[-50.2818,-18.6361],[-50.3367,-18.6481],[-50.3781,-18.6119],[-50.3754,-18.7244],[-50.3891,-18.7656],[-50.443,-18.7874],[-50.467,-18.8192],[-50.4752,-18.871],[-50.5341,-18.8619],[-50.574,-18.8981]]]},"properties":{"name":"Represa de São Simão","scalerank":7,"min_zoom":5.7}},
{"type":"Feature","geometry":{"type":"Polygon","coordinates":[[[-67.1087,9.8489],[-67.067,9.8425],[-67.0319,9.8107],[-67.0204,9.7659],[-66.9419,9.8113],[-66.943,9.8504],[-67.1087,9.8489]]]},"properties":{"name":"Camatague","scalerank":8,"min_zoom":6}},
{"type":"Feature","geometry":{"type":"Polygon","coordinates":[[[-67.3091,9.0836],[-67.3423,9.1375],[-67.4058,9.1192],[-67.4293,9.0462],[-67.4076,8.9691],[-67.3558,8.9582],[-67.3315,9.0109],[-67.3387,9.0412],[-67.3091,9.0836]]]},"properties":{"name":"Embalse de Guárico","scalerank":8,"min_zoom":6}},
{"type":"Feature","geometry":{"type":"Polygon","coordinates":[[[-48.3263,-18.3835],[-48.2341,-18.3332],[-48.349,-18.3137],[-48.4225,-18.3402],[-48.5219,-18.3288],[-48.6172,-18.304],[-48.6903,-18.3267],[-48.8353,-18.3338],[-48.8098,-18.2946],[-48.723,-18.2207],[-48.6934,-18.1354],[-48.7089,-18.1059],[-48.7647,-18.201],[-48.8257,-18.1056],[-48.8059,-18.211],[-48.8456,-18.2437],[-48.898,-18.2366],[-48.9473,-18.2787],[-48.9969,-18.2614],[-49.0029,-18.3273],[-49.0633,-18.3638],[-49.1055,-18.3703],[-49.1136,-18.4188],[-49.0564,-18.4309],[-48.9304,-18.3476],[-48.8247,-18.3794],[-48.7704,-18.3614],[-48.69,-18.357],[-48.6,-18.3714],[-48.5408,-18.3529],[-48.3918,-18.3809],[-48.3263,-18.3835]]]},"properties":{"name":"Barragem Itumbiara","scalerank":8,"min_zoom":6}},
{"type":"Feature","geometry":{"type":"Polygon","coordinates":[[[149.2866,-32.616],[149.2416,-32.5987],[149.178,-32.606],[149.0941,-32.6781],[149.0959,-32.7096],[149.1565,-32.7352],[149.2107,-32.7391],[149.1704,-32.6596],[149.2263,-32.6649],[149.2866,-32.616]]]},"properties":{"name":"Burrendong Reservoir","scalerank":8,"min_zoom":6}},
{"type":"Feature","geometry":{"type":"Polygon","coordinates":[[[24.9681,-30.2214],[24.9178,-30.1905],[24.9025,-30.1283],[24.8586,-30.0815],[24.8306,-30.0085],[24.7953,-30.0238],[24.7647,-30.0748],[24.8342,-30.0942],[24.8277,-30.1675],[24.866,-30.1516],[24.8819,-30.2211],[24.9681,-30.2214]]]},"properties":{"name":"Vanderkloof Dam","scalerank":8,"min_zoom":6}},
{"type":"Feature","geometry":{"type":"Polygon","coordinates":[[[25.946,-30.5484],[25.8912,-30.5275],[25.8489,-30.5596],[25.855,-30.6082],[25.7806,-30.574],[25.7538,-30.6603],[25.6976,-30.6632],[25.6787,-30.6302],[25.6275,-30.6155],[25.5951,-30.574],[25.5089,-30.5934],[25.5342,-30.6314],[25.6063,-30.6299],[25.6089,-30.7209],[25.7193,-30.723],[25.7411,-30.7018],[25.7944,-30.7035],[25.8179,-30.6517],[25.8521,-30.6594],[25.9027,-30.6043],[25.9001,-30.5596],[25.946,-30.5484]]]},"properties":{"name":"Gariep Dam","scalerank":8,"min_zoom":6}},
{"type":"Feature","geometry":{"type":"Polygon","coordinates":[[[77.8918,11.9286],[77.8191,11.9266],[77.7235,11.9613],[77.7302,11.8992],[77.8124,11.8721],[77.7653,11.8444],[77.8168,11.8171],[77.8533,11.8854],[77.8918,11.9286]]]},"properties":{"name":"Stanley Reservoir","scalerank":8,"min_zoom":6}},
{"type":"Feature","geometry":{"type":"Polygon","coordinates":[[[75.6102,24.6472],[75.5572,24.6387],[75.5469,24.5907],[75.5684,24.5448],[75.5081,24.483],[75.4639,24.4541],[75.408,24.3632],[75.3435,24.334],[75.3659,24.2993],[75.4277,24.3093],[75.468,24.3467],[75.5034,24.4058],[75.5884,24.4774],[75.6261,24.5259],[75.6261,24.5904],[75.6102,24.6472]]]},"properties":{"name":"Gandhi Sagar Dam","scalerank":8,"min_zoom":6}},
{"type":"Feature","geometry":{"type":"Polygon","coordinates":[[[98.8406,17.342],[98.8568,17.3055],[98.8915,17.2922],[98.8874,17.2472],[98.9139,17.2119],[98.9671,17.2189],[98.8868,17.3985],[98.8341,17.3632],[98.8406,17.342]]]},"properties":{"name":"Bhumphol K. K. Nam","scalerank":8,"min_zoom":6}},
{"type":"Feature","geometry":{"type":"Polygon","coordinates":[[[100.5034,17.9307],[100.585,18.0508],[100.5181,18.0255],[100.514,17.9978],[100.4637,17.9631],[100.464,17.929],[100.4133,17.9228],[100.4575,17.8421],[100.484,17.7679],[100.5767,17.7815],[100.5626,17.8365],[100.5052,17.8821],[100.5034,17.9307]]]},"properties":{"name":"Siri Kit Dam","scalerank":8,"min_zoom":6}},
{"type":"Feature","geometry":{"type":"Polygon","coordinates":[[[-50.2023,-19.903],[-50.1203,-19.8968],[-50.0746,-19.9351],[-50.0571,-19.9704],[-49.9255,-19.961],[-49.9184,-20.0461],[-49.8754,-20.064],[-49.6558,-20.1244],[-49.7363,-20.0673],[-49.8563,-20.0408],[-49.8797,-19.9949],[-49.847,-19.9622],[-49.769,-19.9469],[-49.5538,-19.9448],[-49.5112,-19.9513],[-49.4414,-19.9837],[-49.4259,-19.9657],[-49.4694,-19.8948],[-49.5332,-19.8721],[-49.6164,-19.8918],[-49.6875,-19.9198],[-49.7489,-19.883],[-49.8244,-19.9036],[-49.9187,-19.9089],[-49.9863,-19.8783],[-50.022,-19.8459],[-50.0192,-19.7885],[-50.0699,-19.792],[-50.1264,-19.8247],[-50.1642,-19.8197],[-50.2284,-19.8427],[-50.3473,-19.8327],[-50.3803,-19.8815],[-50.316,-19.891],[-50.287,-19.9186],[-50.2344,-19.9245],[-50.2023,-19.903]]]},"properties":{"name":"Represa Agua Vermetha","scalerank":8,"min_zoom":6}},
{"type":"Feature","geometry":{"type":"Polygon","coordinates":[[[-45.2192,-21.0705],[-45.2205,-21.1237],[-45.2691,-21.1102],[-45.234,-21.0181],[-45.3544,-21.044],[-45.4098,-21.0107],[-45.4843,-20.9928],[-45.5015,-20.9448],[-45.5851,-20.9071],[-45.5938,-20.8538],[-45.618,-20.8185],[-45.6495,-20.8465],[-45.6578,-20.7278],[-45.6251,-20.699],[-45.5147,-20.6966],[-45.6125,-20.6575],[-45.5403,-20.5724],[-45.6197,-20.5762],[-45.651,-20.5595],[-45.6472,-20.6504],[-45.6691,-20.6884],[-45.7067,-20.7037],[-45.7445,-20.6893],[-45.7549,-20.5659],[-45.8006,-20.591],[-45.8376,-20.6522],[-45.8709,-20.6763],[-45.923,-20.6813],[-46.0156,-20.6419],[-46.0394,-20.6716],[-46.1065,-20.6801],[-46.2347,-20.6698],[-46.2193,-20.6978],[-46.1558,-20.7028],[-46.1392,-20.7237],[-46.1598,-20.7767],[-46.2034,-20.812],[-46.1588,-20.8612],[-46.0979,-20.8294],[-46.0683,-20.8632],[-46.1202,-20.9401],[-46.0828,-20.9442],[-46.0399,-20.9813],[-46.0483,-21.0181],[-46.1659,-21.0007],[-46.0402,-21.0752],[-45.9801,-21.0905],[-45.9972,-21.1444],[-45.9688,-21.2059],[-46.045,-21.3018],[-46.0204,-21.3251],[-46.0405,-21.381],[-46.1485,-21.4081],[-46.0184,-21.4193],[-45.9689,-21.3428],[-45.9835,-21.2912],[-45.9713,-21.2568],[-45.8806,-21.2874],[-45.8457,-21.3469],[-45.8515,-21.396],[-45.8178,-21.4281],[-45.7345,-21.4243],[-45.6883,-21.4667],[-45.6241,-21.4361],[-45.7721,-21.3957],[-45.8223,-21.3701],[-45.8144,-21.3021],[-45.9024,-21.248],[-45.9471,-21.2006],[-45.9093,-21.1476],[-45.9535,-21.1317],[-45.956,-21.0955],[-45.8946,-21.0522],[-45.8435,-21.0822],[-45.7714,-21.0419],[-45.9049,-21.0004],[-45.9335,-21.0284],[-46.0157,-21.0351],[-45.9947,-20.968],[-46.0583,-20.9259],[-45.9998,-20.9109],[-46.038,-20.8453],[-46.0805,-20.7967],[-46.1351,-20.7817],[-46.0746,-20.7178],[-46.0035,-20.6843],[-45.9889,-20.7111],[-46.0131,-20.7452],[-45.8569,-20.7417],[-45.8656,-20.7125],[-45.8265,-20.6913],[-45.6943,-20.8144],[-45.6915,-20.8818],[-45.6303,-20.8933],[-45.6007,-20.9433],[-45.5578,-20.9495],[-45.5442,-20.9889],[-45.5764,-21.0042],[-45.5593,-21.0852],[-45.5188,-21.0057],[-45.3703,-21.0684],[-45.3107,-21.0519],[-45.2779,-21.0711],[-45.2909,-21.1058],[-45.2701,-21.1388],[-45.2277,-21.1432],[-45.2005,-21.1126],[-45.2192,-21.0705]]]},"properties":{"name":"Represa Furnas","scalerank":8,"min_zoom":6}},
{"type":"Feature","geometry":{"type":"Polygon","coordinates":[[[-49.4851,-23.1116],[-49.5846,-23.1175],[-49.6788,-23.1016],[-49.7771,-23.0668],[-49.7988,-23.0916],[-49.7109,-23.2093],[-49.7346,-23.2723],[-49.7624,-23.2811],[-49.8082,-23.3712],[-49.7568,-23.4007],[-49.6892,-23.3845],[-49.6558,-23.4351],[-49.6993,-23.4619],[-49.6892,-23.4957],[-49.7315,-23.5263],[-49.6654,-23.547],[-49.6186,-23.5025],[-49.565,-23.6049],[-49.5268,-23.5943],[-49.5708,-23.5443],[-49.5543,-23.4834],[-49.6031,-23.4316],[-49.6073,-23.3403],[-49.5928,-23.3112],[-49.6834,-23.2008],[-49.6865,-23.1578],[-49.6349,-23.1463],[-49.5228,-23.1575],[-49.4663,-23.1437],[-49.4851,-23.1116]]]},"properties":{"name":"Represa Itarare","scalerank":8,"min_zoom":6}},
{"type":"Feature","geometry":{"type":"Polygon","coordinates":[[[-50.5252,-22.9323],[-50.5525,-22.8888],[-50.6718,-22.8773],[-50.7356,-22.9226],[-50.7709,-22.9205],[-50.7881,-22.847],[-50.8435,-22.8019],[-50.844,-22.7551],[-50.8782,-22.7048],[-50.9397,-22.7042],[-50.954,-22.658],[-50.9263,-22.6353],[-50.9363,-22.5864],[-50.9845,-22.645],[-50.9962,-22.7286],[-51.0324,-22.7336],[-51.1561,-22.7021],[-51.2245,-22.65],[-51.2495,-22.6129],[-51.2987,-22.6126],[-51.2913,-22.5532],[-51.3243,-22.5491],[-51.364,-22.6212],[-51.464,-22.6271],[-51.4668,-22.668],[-51.4083,-22.6824],[-51.3614,-22.7822],[-51.374,-22.8146],[-51.3461,-22.839],[-51.3075,-22.7972],[-51.3378,-22.7127],[-51.3091,-22.6909],[-51.2448,-22.7557],[-51.2364,-22.819],[-51.1934,-22.8414],[-51.1639,-22.7907],[-51.1132,-22.8331],[-51.0988,-22.7901],[-51.0638,-22.7975],[-51.0511,-22.8393],[-50.985,-22.8714],[-51.0389,-22.9488],[-50.9909,-22.9927],[-50.9641,-22.9921],[-50.9421,-22.8629],[-50.8654,-22.8514],[-50.817,-22.9635],[-50.7247,-22.9724],[-50.6567,-22.9161],[-50.6122,-22.9373],[-50.5252,-22.9323]]]},"properties":{"name":"Represa Iepe","scalerank":8,"min_zoom":6}},
{"type":"Feature","geometry":{"type":"Polygon","coordinates":[[[137.9657,-29.1078],[138.0443,-29.0654],[137.9833,-29.0324],[137.8853,-29.0086],[137.8303,-29.0133],[137.7999,-28.955],[137.7944,-28.8917],[137.7593,-28.8052],[137.6757,-28.6824],[137.6163,-28.648],[137.6039,-28.5491],[137.6378,-28.5076],[137.7052,-28.4908],[137.6504,-28.4425],[137.5942,-28.3663],[137.5945,-28.3104],[137.6239,-28.3039],[137.6519,-28.3583],[137.7052,-28.381],[137.7602,-28.3742],[137.787,-28.3265],[137.7358,-28.3121],[137.6345,-28.2638],[137.6018,-28.2097],[137.6283,-28.1644],[137.6807,-28.162],[137.6934,-28.114],[137.6327,-28.1117],[137.5062,-28.1767],[137.4564,-28.0699],[137.424,-28.049],[137.3896,-27.9839],[137.2663,-27.9648],[137.1261,-27.8718],[137.0779,-27.8529],[136.9887,-27.8641],[136.8857,-27.9206],[136.8218,-27.9359],[136.7812,-27.9833],[136.7897,-28.0448],[136.8562,-27.9924],[136.9425,-28.0722],[136.9481,-28.1682],[136.9843,-28.2064],[136.9955,-28.3548],[136.9907,-28.3987],[136.9481,-28.4299],[136.8692,-28.4157],[136.8992,-28.477],[136.893,-28.6303],[136.9492,-28.7289],[136.8965,-28.7463],[136.9057,-28.9],[136.9242,-28.9359],[136.9916,-29.0059],[137.0452,-29.0236],[137.1047,-29.0039],[137.1353,-28.9512],[137.115,-28.885],[137.1724,-28.8779],[137.1827,-28.8214],[137.2212,-28.8231],[137.2253,-28.8635],[137.273,-28.9094],[137.3066,-28.9936],[137.3142,-29.0486],[137.3566,-29.0257],[137.3596,-28.983],[137.3231,-28.8405],[137.273,-28.7993],[137.2536,-28.7198],[137.296,-28.6524],[137.3269,-28.6821],[137.3145,-28.7796],[137.4349,-28.9106],[137.495,-28.9291],[137.4726,-28.9789],[137.4891,-29.0071],[137.5862,-29.041],[137.6798,-29.0183],[137.7626,-28.9736],[137.7988,-29.041],[137.9124,-29.0742],[137.9657,-29.1078]]]},"properties":{"name":"Lake Eyre North","scalerank":1,"min_zoom":1.7}},
{"type":"Feature","geometry":{"type":"Polygon","coordinates":[[[122.8507,-23.6753],[122.9075,-23.642],[122.9025,-23.6147],[122.9493,-23.5596],[122.941,-23.4598],[122.9578,-23.4118],[122.9413,-23.3895],[122.9466,-23.2938],[122.9172,-23.2611],[122.8536,-23.2594],[122.7865,-23.2794],[122.7235,-23.2479],[122.6938,-23.2965],[122.7026,-23.3409],[122.6555,-23.3927],[122.6172,-23.4113],[122.5952,-23.4975],[122.6055,-23.5337],[122.6446,-23.5314],[122.6982,-23.5623],[122.7164,-23.6138],[122.7841,-23.6691],[122.7956,-23.6941],[122.8507,-23.6753]]]},"properties":{"name":"Lake Disappointment","scalerank":3,"min_zoom":3}},
{"type":"Feature","geometry":{"type":"Polygon","coordinates":[[[128.7485,-22.6727],[128.8784,-22.6871],[128.916,-22.6224],[128.9711,-22.5732],[129.0785,-22.5541],[129.1074,-22.5211],[129.1006,-22.4325],[129.1377,-22.4119],[129.176,-22.439],[129.2466,-22.3869],[129.1945,-22.3404],[129.115,-22.3368],[129.0718,-22.3133],[129.0556,-22.2485],[129.0308,-22.212],[129.098,-22.1517],[129.1206,-22.0846],[129.198,-22.0663],[129.1883,-22.0139],[129.1059,-22.0063],[129.0638,-21.9827],[129.037,-22.0012],[128.9369,-22.0351],[128.9302,-22.0925],[128.8866,-22.1475],[128.702,-22.2933],[128.5893,-22.3236],[128.5237,-22.3142],[128.4592,-22.3642],[128.4621,-22.4069],[128.4392,-22.4502],[128.3903,-22.4616],[128.3632,-22.3998],[128.3099,-22.4316],[128.3294,-22.5081],[128.3155,-22.5735],[128.3765,-22.6041],[128.4539,-22.6227],[128.6249,-22.6418],[128.7485,-22.6727]]]},"properties":{"name":"Lake Mackay","scalerank":3,"min_zoom":3}},
{"type":"Feature","geometry":{"type":"Polygon","coordinates":[[[135.9372,-32.3549],[135.8925,-32.296],[136.0258,-32.1415],[136.0591,-32.1235],[136.155,-32.1294],[136.1362,-32.1862],[136.1486,-32.2145],[136.1194,-32.2631],[136.2077,-32.2593],[136.2498,-32.2439],[136.2484,-32.1762],[136.2663,-32.1497],[136.2563,-32.0529],[136.3205,-31.9631],[136.304,-31.8895],[136.2451,-31.8003],[136.2366,-31.6069],[136.1783,-31.5654],[136.1121,-31.4436],[136.1076,-31.387],[136.0585,-31.3826],[136.1012,-31.2728],[136.0879,-31.2416],[135.9708,-31.2387],[135.9402,-31.2107],[135.8992,-31.2107],[135.8318,-31.2369],[135.7211,-31.2387],[135.6493,-31.2251],[135.556,-31.1842],[135.5278,-31.1045],[135.4389,-31.0577],[135.4194,-31.1995],[135.4592,-31.2646],[135.5751,-31.294],[135.5516,-31.3458],[135.5857,-31.3635],[135.6437,-31.3397],[135.7273,-31.3644],[135.7223,-31.42],[135.6449,-31.4374],[135.5999,-31.5127],[135.5969,-31.5698],[135.6446,-31.6049],[135.7038,-31.6016],[135.7173,-31.5331],[135.7774,-31.5501],[135.8189,-31.6128],[135.8056,-31.7241],[135.8989,-31.7618],[135.9343,-31.8124],[136.0132,-31.8251],[136.0511,-31.8833],[136.0664,-31.9552],[136.0238,-31.9767],[136.0308,-32.0173],[135.9769,-32.0535],[135.9154,-32.115],[135.9257,-32.1854],[135.8601,-32.2804],[135.8677,-32.3222],[135.9372,-32.3549]]]},"properties":{"name":"Lake Gairdner","scalerank":3,"min_zoom":3}},
{"type":"Feature","geometry":{"type":"Polygon","coordinates":[[[137.8762,-31.6361],[137.9256,-31.5728],[138.0266,-31.5057],[138.0849,-31.4474],[138.1296,-31.3753],[138.1379,-31.3138],[138.1149,-31.2611],[138.1158,-31.2184],[138.0849,-31.1616],[137.9666,-31.0797],[137.9889,-31.0209],[138.0413,-30.9994],[138.0499,-30.9679],[138.0084,-30.9181],[137.9948,-30.8304],[137.8682,-30.6132],[137.8111,-30.5793],[137.8082,-30.5455],[137.6843,-30.4424],[137.6431,-30.4233],[137.5188,-30.4109],[137.4455,-30.3559],[137.4258,-30.2911],[137.3507,-30.224],[137.2489,-30.1766],[137.1977,-30.2037],[137.2186,-30.2649],[137.2936,-30.3117],[137.3628,-30.4186],[137.404,-30.524],[137.3764,-30.6043],[137.4199,-30.637],[137.5556,-30.6199],[137.6336,-30.5917],[137.6984,-30.6188],[137.6981,-30.6561],[137.6233,-30.7459],[137.6195,-30.7842],[137.6651,-30.8787],[137.633,-30.9411],[137.6775,-31.0203],[137.6975,-31.095],[137.6428,-31.1289],[137.5862,-31.0942],[137.5079,-31.0947],[137.5156,-31.1248],[137.6333,-31.1957],[137.6607,-31.2234],[137.6584,-31.264],[137.7358,-31.2602],[137.7802,-31.2796],[137.7758,-31.3317],[137.7228,-31.4127],[137.7452,-31.4815],[137.7122,-31.5395],[137.691,-31.6467],[137.7178,-31.6764],[137.6934,-31.7889],[137.5859,-31.7765],[137.5786,-31.7962],[137.6528,-31.8245],[137.7275,-31.9119],[137.7673,-31.9304],[137.7876,-31.8636],[137.7832,-31.7983],[137.8294,-31.692],[137.8762,-31.6361]]]},"properties":{"name":"Lake Torrens","scalerank":3,"min_zoom":3}},
{"type":"Feature","geometry":{"type":"Polygon","coordinates":[[[139.9662,-30.8961],[139.9977,-30.8113],[139.998,-30.627],[140.0268,-30.5743],[140.0539,-30.4633],[140.0412,-30.3809],[139.9553,-30.2658],[139.8955,-30.3485],[139.8864,-30.3856],[139.824,-30.4881],[139.7472,-30.5331],[139.6309,-30.6214],[139.592,-30.7162],[139.542,-30.7721],[139.4861,-30.8896],[139.6103,-30.9508],[139.5985,-30.9958],[139.6279,-31.0265],[139.6909,-31.0388],[139.7616,-31.0126],[139.7966,-31.0444],[139.796,-31.1262],[139.8534,-31.1095],[139.8364,-31.0647],[139.8614,-31.0111],[139.9126,-31.0132],[139.9662,-30.8961]]]},"properties":{"name":"Lake Frome","scalerank":3,"min_zoom":3}},
{"type":"Feature","geometry":{"type":"Polygon","coordinates":[[[119.8205,-29.4233],[119.8252,-29.4033],[119.7666,-29.3665],[119.7466,-29.2526],[119.6783,-29.1349],[119.6804,-29.0854],[119.7557,-29.0486],[119.8364,-28.9597],[119.8897,-28.9323],[119.9365,-28.9388],[119.9529,-28.9924],[119.9868,-29.0271],[119.9909,-28.9094],[119.975,-28.8858],[119.9017,-28.8782],[119.8116,-28.9197],[119.761,-28.8729],[119.7216,-28.9073],[119.696,-28.9821],[119.6312,-29.0471],[119.5714,-29.0701],[119.484,-29.0536],[119.3477,-29.0018],[119.2942,-29.0736],[119.2515,-29.0966],[119.1776,-29.0916],[119.081,-29.1372],[119.1137,-29.1593],[119.2191,-29.1625],[119.1797,-29.2912],[119.2056,-29.3456],[119.338,-29.2514],[119.3592,-29.1567],[119.4025,-29.1316],[119.4493,-29.1752],[119.4531,-29.2214],[119.4346,-29.3309],[119.4075,-29.3916],[119.376,-29.5443],[119.4196,-29.5646],[119.5114,-29.5187],[119.4984,-29.4704],[119.5285,-29.4531],[119.5317,-29.381],[119.5544,-29.3159],[119.5388,-29.237],[119.5567,-29.1958],[119.6041,-29.1802],[119.6545,-29.1914],[119.681,-29.2291],[119.6483,-29.3247],[119.6088,-29.3474],[119.615,-29.3824],[119.7275,-29.4063],[119.7534,-29.4634],[119.6253,-29.5532],[119.7328,-29.5473],[119.7749,-29.5873],[119.8008,-29.5308],[119.8205,-29.4233]]]},"properties":{"name":"Lake Barlee","scalerank":5,"min_zoom":4.7}},
{"type":"Feature","geometry":{"type":"Polygon","coordinates":[[[137.6707,-29.2712],[137.7043,-29.2291],[137.7187,-29.179],[137.7022,-29.1222],[137.6475,-29.1234],[137.4988,-29.2029],[137.4479,-29.2138],[137.286,-29.2141],[137.2468,-29.2426],[137.1635,-29.2405],[137.1306,-29.3492],[137.0723,-29.4401],[137.1341,-29.4445],[137.215,-29.4913],[137.2657,-29.4799],[137.2636,-29.4454],[137.314,-29.4136],[137.356,-29.4175],[137.3852,-29.4831],[137.4296,-29.4042],[137.4691,-29.4027],[137.4744,-29.3424],[137.5721,-29.3259],[137.6145,-29.396],[137.6534,-29.4169],[137.6507,-29.3121],[137.6707,-29.2712]]]},"properties":{"name":"Lake Eyre South","scalerank":5,"min_zoom":4.7}},
{"type":"Feature","geometry":{"type":"Polygon","coordinates":[[[139.7539,-25.1465],[139.7124,-25.1804],[139.7151,-25.2207],[139.7775,-25.2007],[139.7978,-25.1769],[139.8596,-25.1857],[139.8614,-25.1321],[139.9111,-25.1309],[139.9538,-25.0774],[139.9909,-25.1253],[140.078,-25.09],[140.1251,-25.037],[140.0957,-24.9935],[139.9832,-24.9531],[139.9526,-24.9602],[139.9064,-25.0261],[139.7881,-25.0853],[139.7539,-25.1465]]]},"properties":{"name":null,"scalerank":7,"min_zoom":5.7}},
{"type":"Feature","geometry":{"type":"Polygon","coordinates":[[[143.0682,-33.5674],[143.0894,-33.4862],[143.1282,-33.4779],[143.1636,-33.51],[143.1727,-33.5539],[143.2336,-33.6116],[143.2778,-33.5951],[143.3157,-33.528],[143.299,-33.4617],[143.223,-33.3911],[143.1689,-33.3637],[143.0767,-33.3867],[143.0352,-33.4647],[143.0314,-33.5041],[142.9893,-33.5433],[143.0408,-33.6351],[143.0961,-33.6757],[143.1444,-33.6625],[143.0682,-33.5674]]]},"properties":{"name":null,"scalerank":7,"min_zoom":5.7}},
{"type":"Feature","geometry":{"type":"Polygon","coordinates":[[[131.2498,-24.9134],[131.097,-24.8507],[131.0964,-24.8183],[130.9504,-24.7344],[130.9157,-24.6962],[130.9321,-24.6443],[130.8041,-24.647],[130.6678,-24.5861],[130.5368,-24.5684],[130.4123,-24.5134],[130.3728,-24.5331],[130.4161,-24.5758],[130.5268,-24.6299],[130.6622,-24.6744],[130.7867,-24.7624],[130.9389,-24.8425],[131.0375,-24.9514],[131.0949,-24.9119],[131.1835,-24.962],[131.4022,-24.9796],[131.3949,-24.9322],[131.2498,-24.9134]]]},"properties":{"name":"Lake Amadeus","scalerank":7,"min_zoom":5.7}},
{"type":"Feature","geometry":{"type":"Polygon","coordinates":[[[123.125,-26.5177],[123.0944,-26.4944],[123.0773,-26.4152],[123.1053,-26.3508],[123.0909,-26.2737],[123.0179,-26.2195],[122.9778,-26.2539],[122.944,-26.2389],[122.9131,-26.1939],[122.8103,-26.1521],[122.7691,-26.1609],[122.7108,-26.1409],[122.6417,-26.1462],[122.6349,-26.0888],[122.5024,-26.1597],[122.468,-26.1541],[122.4665,-26.1082],[122.4368,-26.0579],[122.463,-26.0017],[122.4118,-26.0093],[122.3479,-25.9958],[122.3614,-26.0373],[122.2958,-26.0458],[122.2425,-26.0028],[122.2714,-25.9722],[122.2187,-25.9328],[122.1639,-25.9805],[122.191,-26.0223],[122.1053,-26.0979],[122.133,-26.1418],[122.2275,-26.1859],[122.294,-26.1465],[122.3355,-26.1435],[122.3826,-26.2018],[122.347,-26.2504],[122.3667,-26.2725],[122.433,-26.2339],[122.506,-26.2345],[122.5342,-26.281],[122.5955,-26.2698],[122.6396,-26.2165],[122.6829,-26.2357],[122.793,-26.213],[122.8533,-26.2221],[122.9407,-26.281],[122.9225,-26.334],[123.0005,-26.3499],[122.9952,-26.4217],[123.0429,-26.4694],[123.0647,-26.5474],[123.15,-26.5768],[123.1839,-26.5415],[123.125,-26.5177]]]},"properties":{"name":"Lake Carnegie","scalerank":7,"min_zoom":5.7}},
{"type":"Feature","geometry":{"type":"Polygon","coordinates":[[[117.455,-30.3406],[117.5294,-30.2838],[117.5468,-30.1713],[117.548,-30.0374],[117.5253,-29.9768],[117.5424,-29.9567],[117.6401,-29.9297],[117.6475,-29.8608],[117.6163,-29.8352],[117.5403,-29.8552],[117.4918,-29.8243],[117.5448,-29.7516],[117.538,-29.6915],[117.5757,-29.6344],[117.6475,-29.6697],[117.6908,-29.6747],[117.709,-29.635],[117.6796,-29.5611],[117.7225,-29.4846],[117.782,-29.4089],[117.7911,-29.3724],[117.7187,-29.3662],[117.6816,-29.4634],[117.6151,-29.4913],[117.427,-29.4528],[117.4544,-29.5143],[117.5006,-29.5449],[117.5124,-29.5829],[117.4794,-29.6485],[117.4644,-29.7177],[117.4276,-29.7925],[117.4247,-29.9093],[117.455,-29.9859],[117.4617,-30.0704],[117.4247,-30.1693],[117.4258,-30.2155],[117.4561,-30.2643],[117.455,-30.3406]]]},"properties":{"name":"Lake Moore","scalerank":7,"min_zoom":5.7}},
{"type":"Feature","geometry":{"type":"Polygon","coordinates":[[[122.6393,-29.3336],[122.5822,-29.2979],[122.5351,-29.2473],[122.4774,-29.212],[122.4268,-29.1505],[122.3859,-29.0198],[122.3759,-28.9135],[122.3623,-28.8814],[122.2584,-28.8252],[122.1348,-28.8411],[122.1171,-28.8923],[122.0847,-28.9],[122.1071,-28.95],[122.1848,-28.9047],[122.2187,-28.9547],[122.1474,-28.9688],[122.1498,-28.995],[122.1963,-29.0492],[122.2719,-29.1611],[122.3323,-29.207],[122.4294,-29.2414],[122.5342,-29.3206],[122.5849,-29.3815],[122.6399,-29.3742],[122.6935,-29.4016],[122.7641,-29.4107],[122.7553,-29.3748],[122.6743,-29.3559],[122.6393,-29.3336]]]},"properties":{"name":"Lake Carey","scalerank":7,"min_zoom":5.7}},
{"type":"Feature","geometry":{"type":"Polygon","coordinates":[[[135.3476,-31.4059],[135.2131,-31.3915],[135.1775,-31.3776],[135.1407,-31.284],[135.1404,-31.2431],[135.1666,-31.1695],[135.2075,-31.1271],[135.2602,-31.1065],[135.3046,-31.1377],[135.3473,-31.0824],[135.3441,-31.0056],[135.2072,-30.9605],[135.148,-31.0197],[135.1642,-31.0777],[135.1289,-31.1186],[135.0995,-31.1942],[135.0856,-31.3402],[135.0674,-31.3832],[135.0212,-31.3782],[134.9952,-31.4097],[134.9317,-31.4227],[134.8322,-31.3738],[134.7786,-31.4665],[134.8693,-31.4468],[134.894,-31.5004],[134.8551,-31.574],[134.8775,-31.5884],[134.9022,-31.6526],[134.9455,-31.6717],[135.0005,-31.6072],[135.0076,-31.523],[135.0267,-31.4892],[135.0936,-31.486],[135.1913,-31.4651],[135.2201,-31.5604],[135.2487,-31.5072],[135.3096,-31.503],[135.3438,-31.541],[135.3714,-31.6075],[135.4174,-31.6178],[135.4153,-31.5698],[135.3588,-31.5222],[135.3405,-31.481],[135.3476,-31.4059]]]},"properties":{"name":"Lake Everard","scalerank":7,"min_zoom":5.7}},
{"type":"Feature","geometry":{"type":"Polygon","coordinates":[[[135.1507,-18.1445],[135.0715,-18.1886],[134.9985,-18.2484],[134.9343,-18.2558],[134.9149,-18.3105],[134.9387,-18.337],[134.9973,-18.35],[135.0347,-18.3815],[135.0818,-18.3832],[135.1725,-18.357],[135.1892,-18.3326],[135.1663,-18.2834],[135.1695,-18.241],[135.2113,-18.163],[135.1507,-18.1445]]]},"properties":{"name":null,"scalerank":8,"min_zoom":6}},
{"type":"Feature","geometry":{"type":"Polygon","coordinates":[[[129.0232,-23.3777],[129.0002,-23.3715],[128.6329,-23.4004],[128.5869,-23.4219],[128.6717,-23.4569],[128.7191,-23.4525],[128.7671,-23.4857],[128.8289,-23.5007],[129.0041,-23.5646],[129.0626,-23.5584],[129.0252,-23.499],[129.0585,-23.4065],[129.0232,-23.3777]]]},"properties":{"name":null,"scalerank":8,"min_zoom":6}},
{"type":"Feature","geometry":{"type":"Polygon","coordinates":[[[130.0608,-24.3414],[130.0302,-24.3038],[130.0373,-24.2617],[129.9222,-24.2417],[129.8674,-24.1845],[129.7756,-24.1845],[129.7629,-24.259],[129.7921,-24.2764],[129.8977,-24.3064],[129.9654,-24.3388],[130.039,-24.4159],[130.1412,-24.4333],[130.2107,-24.4595],[130.2377,-24.4271],[130.15,-24.3662],[130.0608,-24.3414]]]},"properties":{"name":"Lake Neale","scalerank":8,"min_zoom":6}},
{"type":"Feature","geometry":{"type":"Polygon","coordinates":[[[123.4173,-27.1682],[123.4597,-27.1311],[123.3994,-27.0496],[123.3852,-26.971],[123.4438,-26.9422],[123.432,-26.913],[123.367,-26.8924],[123.3746,-26.8583],[123.3478,-26.8144],[123.3355,-26.7432],[123.2528,-26.6758],[123.1648,-26.6181],[123.1079,-26.6584],[123.0005,-26.6531],[123.0105,-26.7034],[122.9978,-26.7594],[123.0679,-26.7387],[123.1318,-26.7355],[123.2157,-26.7758],[123.2881,-26.782],[123.3258,-26.8424],[123.3178,-26.9115],[123.2645,-26.9672],[123.3417,-27.0372],[123.3764,-27.1029],[123.344,-27.1429],[123.3511,-27.1985],[123.4173,-27.1682]]]},"properties":{"name":"Lake Wells","scalerank":8,"min_zoom":6}},
{"type":"Feature","geometry":{"type":"Polygon","coordinates":[[[121.1351,-29.5667],[121.1958,-29.524],[121.1866,-29.5052],[121.0344,-29.4722],[120.957,-29.4057],[120.8993,-29.3851],[120.8045,-29.3727],[120.7098,-29.3303],[120.6073,-29.348],[120.562,-29.4292],[120.6538,-29.4566],[120.7945,-29.4869],[120.9052,-29.4843],[120.9341,-29.4993],[120.9441,-29.567],[121.0421,-29.5326],[121.1351,-29.5667]]]},"properties":{"name":"Lake Ballard","scalerank":8,"min_zoom":6}},
{"type":"Feature","geometry":{"type":"Polygon","coordinates":[[[121.4262,-29.7683],[121.4059,-29.8087],[121.3936,-29.9108],[121.4086,-29.9311],[121.4674,-29.8987],[121.4869,-29.8316],[121.5572,-29.7878],[121.6126,-29.7848],[121.6226,-29.7363],[121.5775,-29.6736],[121.5237,-29.6809],[121.4722,-29.6656],[121.4286,-29.5905],[121.3562,-29.602],[121.4262,-29.7683]]]},"properties":{"name":"Lake Goongarrie","scalerank":8,"min_zoom":6}},
{"type":"Feature","geometry":{"type":"Polygon","coordinates":[[[130.9227,-29.3489],[130.8886,-29.4169],[130.8453,-29.4478],[130.9398,-29.4875],[130.9657,-29.5217],[131.0534,-29.5643],[131.1099,-29.4681],[131.0926,-29.3842],[131.0655,-29.3524],[131.0084,-29.3262],[130.9227,-29.3489]]]},"properties":{"name":null,"scalerank":8,"min_zoom":6}},
{"type":"Feature","geometry":{"type":"Polygon","coordinates":[[[121.7789,-31.9437],[121.7954,-31.8907],[121.8319,-31.8754],[121.8846,-31.9805],[121.9505,-31.9316],[121.9799,-31.8825],[121.9455,-31.8421],[121.9458,-31.8009],[121.9852,-31.7529],[122.045,-31.7185],[122.1068,-31.6605],[122.1568,-31.6346],[122.1886,-31.5907],[122.1292,-31.5646],[121.992,-31.6496],[121.9793,-31.6799],[121.8996,-31.672],[121.8239,-31.7079],[121.8198,-31.7379],[121.8578,-31.7753],[121.8254,-31.7971],[121.7624,-31.8065],[121.7283,-31.8589],[121.69,-31.8863],[121.7147,-31.9696],[121.7259,-32.0709],[121.7574,-32.118],[121.8086,-32.0638],[121.8601,-32.0408],[121.7851,-31.9728],[121.7789,-31.9437]]]},"properties":{"name":"Lake Cowan","scalerank":8,"min_zoom":6}},
{"type":"Feature","geometry":{"type":"Polygon","coordinates":[[[133.4051,-17.8007],[133.4428,-17.8828],[133.4328,-17.9532],[133.4557,-17.9679],[133.5688,-17.9225],[133.5688,-17.8872],[133.6,-17.8283],[133.5652,-17.7671],[133.5117,-17.6385],[133.4116,-17.7312],[133.4051,-17.8007]]]},"properties":{"name":null,"scalerank":8,"min_zoom":6}},
{"type":"Feature","geometry":{"type":"Polygon","coordinates":[[[-111.9502,40.9777],[-112.0098,41.0324],[-112.0972,41.0548],[-112.1939,41.1925],[-112.2466,41.2314],[-112.2569,41.2647],[-112.3252,41.2708],[-112.2533,41.3477],[-112.1732,41.3312],[-112.0981,41.3365],[-112.0546,41.3712],[-112.0657,41.4098],[-112.1429,41.4124],[-112.1786,41.3889],[-112.2771,41.3877],[-112.2849,41.4478],[-112.3915,41.4575],[-112.3828,41.3309],[-112.3463,41.2323],[-112.4297,41.2067],[-112.4717,41.2385],[-112.4726,41.3168],[-112.5029,41.3456],[-112.5161,41.4186],[-112.5517,41.4366],[-112.6108,41.426],[-112.677,41.4584],[-112.7236,41.5019],[-112.7395,41.5581],[-112.708,41.5814],[-112.7,41.6347],[-112.7746,41.6815],[-112.8109,41.6771],[-112.8577,41.6356],[-113.0112,41.615],[-113.0164,41.587],[-112.9771,41.5446],[-113.0215,41.5116],[-112.9521,41.3812],[-112.9422,41.333],[-112.8432,41.2706],[-112.7721,41.1905],[-112.7799,41.1422],[-112.7435,40.9965],[-112.6922,40.9703],[-112.5909,40.8746],[-112.5313,40.8599],[-112.5232,40.902],[-112.4767,40.9344],[-112.4456,40.8561],[-112.4472,40.8155],[-112.4088,40.7754],[-112.3951,40.6986],[-112.3404,40.6892],[-112.1839,40.774],[-112.1352,40.8205],[-112.1203,40.8761],[-111.9453,40.9473],[-111.9502,40.9777]],[[-112.1666,40.9173],[-112.244,40.9574],[-112.2449,41.0365],[-112.1938,41.0433],[-112.1657,40.9759],[-112.1666,40.9173]]]},"properties":{"name":"Great Salt Lake","scalerank":1,"min_zoom":1.7}},
{"type":"Feature","geometry":{"type":"Polygon","coordinates":[[[-97.4385,25.4264],[-97.5137,25.4673],[-97.5006,25.4129],[-97.5689,25.3166],[-97.6104,25.3104],[-97.6235,25.3649],[-97.6914,25.3684],[-97.6908,25.3157],[-97.7184,25.261],[-97.6849,25.1594],[-97.7037,25.1291],[-97.7162,25.0287],[-97.6971,24.9628],[-97.6226,24.9204],[-97.6753,24.8642],[-97.7258,24.8642],[-97.7249,24.8233],[-97.6899,24.7255],[-97.6787,24.6246],[-97.7152,24.5195],[-97.7476,24.488],[-97.7714,24.5571],[-97.8178,24.5548],[-97.85,24.5227],[-97.8296,24.4326],[-97.7785,24.42],[-97.7334,24.455],[-97.7123,24.4362],[-97.7242,24.3855],[-97.7355,24.2007],[-97.7505,24.1062],[-97.7773,24.0541],[-97.7535,24.0388],[-97.7605,23.939],[-97.7415,23.8212],[-97.7084,24.2481],[-97.6852,24.3838],[-97.665,24.5563],[-97.6166,24.7208],[-97.5941,24.8489],[-97.537,24.9922],[-97.5415,25.0567],[-97.5072,25.11],[-97.4869,25.1794],[-97.4214,25.2901],[-97.4385,25.4264]]]},"properties":{"name":"Laguna Madre","scalerank":2,"min_zoom":2}},
{"type":"Feature","geometry":{"type":"Polygon","coordinates":[[[-115.6298,33.3186],[-115.6674,33.3454],[-115.7577,33.3592],[-115.7903,33.3757],[-115.9294,33.5114],[-116.0217,33.5232],[-116.061,33.5023],[-116.0311,33.4116],[-115.8754,33.2924],[-115.8239,33.1838],[-115.7662,33.129],[-115.7091,33.1105],[-115.6535,33.1591],[-115.598,33.2385],[-115.6298,33.3186]]]},"properties":{"name":"Salton Sea","scalerank":3,"min_zoom":3}},
{"type":"Feature","geometry":{"type":"Polygon","coordinates":[[[-71.5695,18.5121],[-71.7025,18.5683],[-71.7607,18.52],[-71.7618,18.4915],[-71.7148,18.4597],[-71.6178,18.4164],[-71.528,18.4294],[-71.4943,18.4641],[-71.5695,18.5121]]]},"properties":{"name":"Lago Enriquillo","scalerank":4,"min_zoom":4}},
{"type":"Feature","geometry":{"type":"Polygon","coordinates":[[[-120.3491,42.0892],[-120.4146,42.113],[-120.4559,42.0948],[-120.4984,42.038],[-120.4882,41.9482],[-120.5031,41.924],[-120.4466,41.7842],[-120.368,41.8245],[-120.3762,41.8599],[-120.3558,41.927],[-120.3196,41.9691],[-120.3134,42.015],[-120.3491,42.0892]]]},"properties":{"name":"Goose Lake","scalerank":5,"min_zoom":4.7}},
{"type":"Feature","geometry":{"type":"Polygon","coordinates":[[[-119.4509,39.9341],[-119.4959,39.9754],[-119.5171,40.1355],[-119.5586,40.2073],[-119.6168,40.205],[-119.6668,40.1746],[-119.7049,40.1199],[-119.6865,40.0748],[-119.6168,40.0222],[-119.6015,39.9618],[-119.526,39.9212],[-119.4543,39.867],[-119.4194,39.8903],[-119.4509,39.9341]]]},"properties":{"name":"Pyramid Lake","scalerank":5,"min_zoom":4.7}},
{"type":"Feature","geometry":{"type":"Polygon","coordinates":[[[-118.6317,43.2675],[-118.6014,43.319],[-118.6674,43.38],[-118.657,43.4444],[-118.8233,43.4159],[-118.9309,43.4241],[-118.965,43.38],[-118.8822,43.2631],[-118.842,43.2631],[-118.7862,43.2295],[-118.7369,43.2928],[-118.6754,43.3002],[-118.6317,43.2675]]]},"properties":{"name":"Malheur Lake","scalerank":5,"min_zoom":4.7}},
{"type":"Feature","geometry":{"type":"Polygon","coordinates":[[[-119.007,43.2428],[-119.1268,43.2925],[-119.2232,43.2637],[-119.1838,43.2334],[-119.1804,43.1939],[-119.0896,43.1613],[-119.0177,43.2028],[-119.007,43.2428]]]},"properties":{"name":"Harney Lake","scalerank":6,"min_zoom":5}},
{"type":"Feature","geometry":{"type":"Polygon","coordinates":[[[-71.948,18.5306],[-72.005,18.5963],[-72.0096,18.6401],[-72.0509,18.6319],[-72.0593,18.5677],[-72.0362,18.5324],[-71.9813,18.5068],[-71.9647,18.4788],[-71.9052,18.4915],[-71.948,18.5306]]]},"properties":{"name":"Etang Saumâtre","scalerank":7,"min_zoom":5.7}},
{"type":"Feature","geometry":{"type":"Polygon","coordinates":[[[-52.6012,-32.4591],[-52.6947,-32.3661],[-52.711,-32.3287],[-52.694,-32.2472],[-52.6559,-32.1771],[-52.7281,-32.1977],[-52.7726,-32.2454],[-52.8278,-32.349],[-52.7757,-32.3844],[-52.808,-32.4094],[-52.9273,-32.4512],[-52.9861,-32.4974],[-53.0042,-32.5798],[-53.0472,-32.6163],[-53.1588,-32.6443],[-53.1807,-32.7043],[-53.2639,-32.7447],[-53.2995,-32.7835],[-53.2865,-32.825],[-53.307,-32.8965],[-53.3491,-32.9163],[-53.3311,-32.9519],[-53.4475,-32.9451],[-53.4973,-32.9713],[-53.5785,-33.0761],[-53.6365,-33.1088],[-53.6168,-33.1624],[-53.6455,-33.1877],[-53.6093,-33.2574],[-53.5657,-33.2736],[-53.5925,-33.3346],[-53.5601,-33.3634],[-53.5856,-33.4505],[-53.5491,-33.5044],[-53.5335,-33.5892],[-53.4967,-33.533],[-53.4445,-33.5212],[-53.4337,-33.4043],[-53.4646,-33.3013],[-53.4623,-33.2357],[-53.4237,-33.1574],[-53.3706,-33.1379],[-53.311,-33.0897],[-53.2591,-33.0952],[-53.2175,-33.0611],[-53.161,-32.9601],[-53.1461,-32.8577],[-53.1243,-32.7991],[-53.0643,-32.8221],[-52.9961,-32.7555],[-52.9957,-32.825],[-52.8791,-32.9213],[-52.8163,-32.9222],[-52.7359,-32.8583],[-52.6906,-32.7464],[-52.6216,-32.6549],[-52.5921,-32.5801],[-52.6012,-32.4591]]]},"properties":{"name":"Lagoa Mirim","scalerank":1,"min_zoom":1.7}},
{"type":"Feature","geometry":{"type":"Polygon","coordinates":[[[5.8704,52.54],[5.8509,52.5933],[5.8088,52.613],[5.6605,52.6115],[5.5978,52.6695],[5.6119,52.7752],[5.6564,52.8196],[5.6375,52.855],[5.5736,52.8385],[5.4109,52.8573],[5.3661,52.895],[5.4132,52.9244],[5.4138,53.0198],[5.3723,53.0769],[5.2878,53.0445],[5.0653,52.923],[5.115,52.8611],[5.1227,52.7755],[5.1704,52.746],[5.236,52.7622],[5.294,52.7431],[5.304,52.7069],[5.2272,52.6533],[5.1365,52.6251],[5.085,52.6454],[5.035,52.6251],[5.0909,52.5008],[5.0617,52.4614],[5.0918,52.4393],[5.0417,52.404],[5.0305,52.3478],[5.2051,52.3095],[5.2684,52.3116],[5.3611,52.2701],[5.4474,52.255],[5.5333,52.268],[5.5778,52.3227],[5.654,52.3716],[5.7791,52.4081],[5.8606,52.4782],[5.8704,52.54]],[[5.8583,52.5064],[5.7812,52.4258],[5.6378,52.3946],[5.5436,52.3581],[5.5457,52.3024],[5.4892,52.2757],[5.4232,52.2739],[5.236,52.3369],[5.153,52.3439],[5.133,52.3854],[5.2837,52.4552],[5.4544,52.5153],[5.4786,52.5529],[5.6537,52.6115],[5.6808,52.5936],[5.8392,52.5703],[5.8583,52.5064]]]},"properties":{"name":"IJsselmeer","scalerank":2,"min_zoom":2}},
{"type":"Feature","geometry":{"type":"Polygon","coordinates":[[[35.3877,45.3066],[35.3383,45.3401],[34.9998,45.6748],[34.9421,45.759],[34.9109,45.8303],[34.8131,45.8279],[34.8479,45.913],[34.8125,45.9454],[34.7952,46.0292],[34.716,46.0357],[34.683,46.102],[34.7872,46.1114],[34.7707,46.142],[34.6977,46.1805],[34.6521,46.1844],[34.6165,46.1414],[34.6333,46.084],[34.5756,45.9969],[34.4107,46.0054],[34.4487,46.1078],[34.4826,46.1282],[34.5706,46.1208],[34.5444,46.1873],[34.4846,46.1455],[34.3795,46.1903],[34.3313,46.1767],[34.3183,46.1125],[34.2373,46.2344],[34.1817,46.2792],[34.1476,46.2347],[34.202,46.1835],[34.1155,46.1891],[34.1381,46.1243],[34.0395,46.1367],[33.9818,46.2012],[33.8938,46.2312],[33.8229,46.2241],[33.7558,46.2456],[33.6878,46.2029],[33.7322,46.1455],[33.787,46.1214],[33.8043,46.1767],[33.852,46.1594],[33.8385,46.1152],[33.9654,46.0201],[33.9892,46.0289],[33.9518,46.1017],[34.0375,46.0872],[34.079,46.0454],[34.1673,45.998],[34.1281,45.9548],[34.1961,45.9501],[34.2397,46.0075],[34.3083,45.9969],[34.3498,46.026],[34.4107,45.9562],[34.3778,45.9247],[34.4999,45.8785],[34.5373,45.923],[34.6268,45.9474],[34.6,45.8818],[34.5461,45.8629],[34.5032,45.7999],[34.5464,45.7926],[34.6477,45.8588],[34.7648,45.7837],[34.7372,45.7284],[34.7916,45.7172],[34.8511,45.7349],[34.915,45.6654],[34.9656,45.6689],[35.0669,45.5615],[35.0878,45.4579],[35.0224,45.434],[35.0519,45.3749],[35.1228,45.3325],[35.1934,45.3366],[35.2349,45.3145],[35.3498,45.2854],[35.3877,45.3066]]]},"properties":{"name":"Syvash","scalerank":2,"min_zoom":2}},
{"type":"Feature","geometry":{"type":"Polygon","coordinates":[[[78.2548,42.5996],[78.1109,42.5996],[78.0817,42.6229],[78.1111,42.6591],[78.1691,42.6747],[78.2048,42.7462],[78.1038,42.7256],[77.9831,42.7132],[77.9172,42.7268],[77.7976,42.7227],[77.5792,42.6761],[77.528,42.6473],[77.4356,42.6535],[77.3255,42.6797],[77.2063,42.6473],[77.1739,42.6535],[77.0582,42.6343],[76.9764,42.6096],[76.6746,42.5655],[76.5996,42.5137],[76.4971,42.5101],[76.4433,42.4677],[76.3326,42.4827],[76.2257,42.4692],[76.196,42.4398],[76.2396,42.3373],[76.2932,42.3138],[76.3968,42.3456],[76.5619,42.2802],[76.7435,42.2637],[76.8198,42.2205],[77.0482,42.1607],[77.1368,42.1534],[77.2893,42.181],[77.39,42.1698],[77.463,42.1813],[77.4812,42.1619],[77.5831,42.1949],[77.6873,42.2146],[77.7921,42.2938],[77.83,42.3426],[77.8927,42.3918],[77.8227,42.4027],[77.8294,42.4348],[77.9007,42.458],[77.9958,42.4657],[78.0558,42.4933],[78.1076,42.551],[78.1509,42.574],[78.3004,42.5634],[78.2548,42.5996]]]},"properties":{"name":"Issyk-Kul","scalerank":2,"min_zoom":2}},
{"type":"Feature","geometry":{"type":"Polygon","coordinates":[[[36.6976,2.7695],[36.6994,2.8504],[36.6579,2.8987],[36.5322,2.9017],[36.4006,3.0106],[36.3759,3.123],[36.2917,3.2431],[36.2225,3.322],[36.2405,3.3938],[36.2161,3.4565],[36.2064,3.5401],[36.2114,3.6588],[36.2405,3.6861],[36.264,3.7432],[36.219,3.8798],[36.1855,3.9428],[36.2429,4.1236],[36.237,4.1827],[36.2161,4.1998],[36.2149,4.2858],[36.1884,4.3393],[36.2084,4.4427],[36.1958,4.4783],[36.1981,4.5472],[36.1684,4.6149],[36.1675,4.6602],[36.1236,4.6631],[36.1066,4.6378],[35.9882,4.6352],[35.9556,4.594],[35.9152,4.4229],[35.9226,4.118],[35.854,3.959],[35.8531,3.8372],[35.8608,3.8051],[35.8334,3.7197],[35.8413,3.6302],[35.8961,3.5613],[35.9079,3.4957],[35.9358,3.4975],[35.9479,3.3394],[35.9965,3.3058],[36.0283,3.2525],[36.1063,3.2163],[36.1428,3.2199],[36.136,3.1607],[36.1481,3.1165],[36.1207,3.0079],[36.2028,2.9658],[36.2514,2.9726],[36.2579,2.9426],[36.3806,2.8463],[36.4368,2.7236],[36.4433,2.6306],[36.4769,2.6117],[36.5178,2.5517],[36.5319,2.4227],[36.5581,2.3945],[36.6358,2.4089],[36.6909,2.4672],[36.7082,2.5084],[36.6938,2.5452],[36.7,2.6462],[36.6879,2.7153],[36.6976,2.7695]]]},"properties":{"name":"Lake Turkana","scalerank":3,"min_zoom":3}},
{"type":"Feature","geometry":{"type":"Polygon","coordinates":[[[19.7932,54.5434],[19.84,54.4707],[19.943,54.5125],[19.991,54.5726],[20.079,54.5605],[20.2804,54.6291],[20.4067,54.6877],[20.1768,54.6956],[20.0858,54.6565],[20.0399,54.7165],[19.9819,54.718],[19.9445,54.6691],[19.9554,54.6356],[19.8939,54.6176],[19.7932,54.5434]]]},"properties":{"name":"Kaliningradskiy Zaliv","scalerank":3,"min_zoom":3}},
{"type":"Feature","geometry":{"type":"Polygon","coordinates":[[[19.84,54.4707],[19.7932,54.5434],[19.7411,54.5049],[19.4423,54.3718],[19.3572,54.3515],[19.2292,54.338],[19.2739,54.2817],[19.3961,54.2632],[19.4347,54.297],[19.5633,54.3465],[19.7205,54.391],[19.7432,54.4336],[19.84,54.4707]]]},"properties":{"name":"Zalew Wislany","scalerank":3,"min_zoom":3}},
{"type":"Feature","geometry":{"type":"Polygon","coordinates":[[[92.3245,50.2263],[92.3484,50.1562],[92.4052,50.1241],[92.4343,50.0715],[92.4926,50.0402],[92.563,50.0273],[92.5765,50.0002],[92.7434,49.9973],[92.9309,50.0532],[93.054,50.1704],[93.0828,50.2266],[93.2385,50.2663],[93.2803,50.2348],[93.381,50.264],[93.3825,50.3093],[93.3339,50.3222],[93.2797,50.3049],[93.2309,50.3564],[93.1378,50.3711],[93.0905,50.4288],[92.9983,50.4774],[92.955,50.536],[93.0066,50.6254],[92.9948,50.6534],[92.9006,50.6929],[92.8302,50.6481],[92.7508,50.5733],[92.6418,50.548],[92.5438,50.5539],[92.4867,50.5377],[92.4099,50.4918],[92.283,50.4677],[92.2268,50.4147],[92.2439,50.377],[92.3487,50.3019],[92.3245,50.2263]]]},"properties":{"name":"Uvs Nuur","scalerank":3,"min_zoom":3}},
{"type":"Feature","geometry":{"type":"Polygon","coordinates":[[[100.7174,36.8533],[100.5935,36.8636],[100.5599,36.8875],[100.4696,37.0173],[100.3474,37.1177],[100.2962,37.1786],[100.2582,37.1995],[100.0792,37.1913],[99.9842,37.2278],[99.8932,37.2116],[99.7769,37.178],[99.7546,37.1421],[99.7808,37.082],[99.8326,37.0379],[99.8423,36.9814],[99.7816,36.9375],[99.6621,36.967],[99.6192,36.9084],[99.7019,36.8416],[99.7802,36.8112],[99.7978,36.7235],[99.9079,36.72],[99.9265,36.6891],[100.0221,36.6437],[100.159,36.6243],[100.3,36.6576],[100.3854,36.6658],[100.4401,36.644],[100.4593,36.5996],[100.4984,36.5784],[100.6591,36.541],[100.7036,36.5554],[100.7419,36.6841],[100.6989,36.7444],[100.766,36.8045],[100.7174,36.8533]]]},"properties":{"name":"Qinghai Hu","scalerank":3,"min_zoom":3}},
{"type":"Feature","geometry":{"type":"Polygon","coordinates":[[[43.8263,32.7246],[43.7544,32.7522],[43.7321,32.7755],[43.6161,32.9901],[43.6246,33.0125],[43.5554,33.0398],[43.4869,33.026],[43.4577,32.9768],[43.4945,32.9442],[43.4554,32.8891],[43.405,32.8759],[43.4495,32.8367],[43.4256,32.7996],[43.4451,32.6792],[43.4989,32.6124],[43.5837,32.6077],[43.6823,32.5665],[43.7274,32.5606],[43.7689,32.5053],[43.7927,32.5362],[43.8734,32.588],[43.8919,32.6183],[43.8981,32.704],[43.8263,32.7246]]]},"properties":{"name":"Lake Razazah","scalerank":3,"min_zoom":3}},
{"type":"Feature","geometry":{"type":"Polygon","coordinates":[[[35.559,31.7655],[35.4766,31.7305],[35.4127,31.6242],[35.4148,31.5663],[35.3927,31.5141],[35.406,31.3449],[35.4422,31.3222],[35.4913,31.367],[35.5446,31.354],[35.572,31.4682],[35.5546,31.5383],[35.5864,31.7529],[35.559,31.7655]]]},"properties":{"name":"Dead Sea","scalerank":3,"min_zoom":3}},
{"type":"Feature","geometry":{"type":"Polygon","coordinates":[[[45.9021,37.4008],[45.8571,37.4235],[45.7929,37.5259],[45.714,37.5763],[45.7052,37.6134],[45.7729,37.6343],[45.7926,37.6714],[45.7561,37.7117],[45.6454,37.7673],[45.5495,37.7661],[45.4941,37.7273],[45.4138,37.8174],[45.4096,37.9092],[45.4879,37.9878],[45.4738,38.0426],[45.495,38.0761],[45.4935,38.1565],[45.3617,38.266],[45.3084,38.2725],[45.0941,38.268],[45.0473,38.2504],[44.9975,38.1594],[45.0287,38.1244],[45.1115,38.1591],[45.173,38.1524],[45.2009,38.1026],[45.1812,38.0384],[45.0914,38.0152],[45.0514,37.9716],[45.0629,37.8686],[45.0785,37.8542],[45.2207,37.8059],[45.2542,37.7561],[45.2622,37.6958],[45.2348,37.669],[45.2825,37.556],[45.2648,37.5],[45.2863,37.4836],[45.3243,37.3908],[45.2825,37.3635],[45.3169,37.2651],[45.372,37.1995],[45.3958,37.1963],[45.4514,37.1306],[45.5324,37.1445],[45.5668,37.1238],[45.6183,37.1927],[45.6236,37.264],[45.6596,37.3096],[45.7485,37.2849],[45.8141,37.3231],[45.8238,37.3499],[45.8865,37.3744],[45.9021,37.4008]],[[45.6525,37.4871],[45.6116,37.4597],[45.5668,37.5068],[45.6475,37.508],[45.6525,37.4871]]]},"properties":{"name":"Lake Urmia","scalerank":4,"min_zoom":4}},
{"type":"Feature","geometry":{"type":"Polygon","coordinates":[[[57.8654,41.8272],[57.7782,41.8825],[57.6952,41.8961],[57.684,41.965],[57.7229,42.0132],[57.5978,42.0698],[57.6393,42.1174],[57.6369,42.1946],[57.614,42.2399],[57.5177,42.2926],[57.4753,42.2961],[57.39,42.3473],[57.3073,42.3314],[57.2292,42.2885],[57.1972,42.2405],[57.0721,41.947],[57.0582,41.7969],[57.0335,41.7395],[57.0794,41.7206],[57.118,41.7942],[57.2198,41.718],[57.2416,41.6129],[57.3358,41.5464],[57.3691,41.5425],[57.4203,41.5899],[57.5139,41.5814],[57.5586,41.6082],[57.6184,41.5952],[57.6879,41.6482],[57.8539,41.6827],[57.8654,41.8272]]]},"properties":{"name":"Sarygamysh Köli","scalerank":4,"min_zoom":4}},
{"type":"Feature","geometry":{"type":"Polygon","coordinates":[[[81.3768,46.0905],[81.4077,46.0295],[81.5378,46.0007],[81.6417,45.9168],[81.6706,45.8682],[81.7724,45.8194],[81.9084,45.8464],[82.0056,45.8341],[82.1166,45.7505],[82.1433,45.759],[82.0609,45.9097],[82.0268,46.0805],[82.0491,46.1929],[81.98,46.2494],[81.9688,46.3133],[81.9146,46.3613],[81.7657,46.4311],[81.6297,46.4434],[81.5826,46.457],[81.4719,46.4299],[81.4057,46.3766],[81.3868,46.2706],[81.4236,46.2291],[81.4242,46.17],[81.3818,46.1458],[81.3768,46.0905]]]},"properties":{"name":"Alakol","scalerank":4,"min_zoom":4}},
{"type":"Feature","geometry":{"type":"Polygon","coordinates":[[[-62.2193,-30.6444],[-62.2704,-30.5876],[-62.3313,-30.5684],[-62.4904,-30.5614],[-62.5447,-30.5455],[-62.5583,-30.5187],[-62.6266,-30.5254],[-62.6729,-30.5125],[-62.7,-30.5943],[-62.7996,-30.6061],[-62.8383,-30.6355],[-62.918,-30.6476],[-62.9994,-30.6779],[-62.9283,-30.7315],[-62.8957,-30.801],[-62.7915,-30.8534],[-62.7365,-30.9437],[-62.675,-30.9128],[-62.6317,-30.8545],[-62.5347,-30.8646],[-62.4954,-30.8472],[-62.3631,-30.8339],[-62.3057,-30.8192],[-62.2536,-30.8407],[-62.2231,-30.8098],[-62.2088,-30.7247],[-62.2193,-30.6444]]]},"properties":{"name":"Mar Chiquita","scalerank":4,"min_zoom":4}},
{"type":"Feature","geometry":{"type":"Polygon","coordinates":[[[33.4308,38.9604],[33.4726,38.981],[33.4423,39.0449],[33.3248,39.1508],[33.283,39.1317],[33.3175,39.0793],[33.3092,39.036],[33.3345,38.9839],[33.3225,38.9383],[33.2194,38.9204],[33.2021,38.9047],[33.1467,38.7794],[33.1532,38.7072],[33.2966,38.6383],[33.3548,38.5827],[33.4979,38.5288],[33.5415,38.4844],[33.59,38.5506],[33.5989,38.5974],[33.6295,38.6151],[33.711,38.6216],[33.6439,38.7314],[33.6295,38.7864],[33.5842,38.8465],[33.5474,38.8038],[33.5468,38.7529],[33.4261,38.8506],[33.4308,38.9604]]]},"properties":{"name":"Lake Tuz","scalerank":4,"min_zoom":4}},
{"type":"Feature","geometry":{"type":"Polygon","coordinates":[[[43.1313,38.3169],[43.1475,38.3655],[43.2673,38.4402],[43.3064,38.4397],[43.3253,38.4865],[43.3161,38.5424],[43.2166,38.5868],[43.156,38.6375],[43.1687,38.6716],[43.2446,38.7699],[43.292,38.7791],[43.3088,38.8356],[43.3697,38.8409],[43.5013,38.8712],[43.5348,38.9133],[43.6405,38.9309],[43.5902,38.981],[43.393,38.9998],[43.2034,38.9401],[43.1619,38.948],[43.0659,38.9256],[43.0971,38.8582],[43.1837,38.8506],[43.0924,38.8041],[42.9564,38.7844],[42.9164,38.7967],[42.8284,38.7846],[42.7333,38.8035],[42.6008,38.7785],[42.4678,38.7367],[42.4354,38.7037],[42.4728,38.6383],[42.4239,38.6227],[42.3082,38.4876],[42.4572,38.5168],[42.5013,38.4712],[42.5758,38.5079],[42.6517,38.4788],[42.6918,38.4388],[42.7913,38.4467],[42.8019,38.4815],[42.9108,38.4467],[42.8978,38.4058],[42.9532,38.3775],[42.9455,38.3366],[43.0191,38.3166],[43.1313,38.3169]]]},"properties":{"name":"Lake Van","scalerank":4,"min_zoom":4}},
{"type":"Feature","geometry":{"type":"Polygon","coordinates":[[[37.9999,6.6165],[37.964,6.5933],[37.9066,6.5156],[37.8722,6.5112],[37.8542,6.4473],[37.8866,6.3457],[37.8757,6.1985],[37.7674,6.1676],[37.7073,6.117],[37.6808,6.0266],[37.7279,5.9998],[37.75,6.0222],[37.8501,6.0499],[37.8627,6.1099],[37.9387,6.2165],[38.0029,6.2556],[38.0073,6.3151],[38.0361,6.3704],[38.0832,6.4002],[38.1085,6.487],[38.15,6.5503],[38.1389,6.5945],[38.0918,6.5594],[38.0555,6.5612],[37.9999,6.6165]]]},"properties":{"name":"Lake Abaya","scalerank":5,"min_zoom":4.7}},
{"type":"Feature","geometry":{"type":"Polygon","coordinates":[[[35.5111,31.1995],[35.4213,31.2516],[35.3698,31.2354],[35.3636,31.1756],[35.416,31.0938],[35.4855,31.0885],[35.5178,31.1103],[35.5111,31.1995]]]},"properties":{"name":"Dead Sea","scalerank":5,"min_zoom":4.7}},
{"type":"Feature","geometry":{"type":"Polygon","coordinates":[[[47.6032,30.712],[47.5717,30.7303],[47.4375,30.7582],[47.4929,30.7818],[47.5035,30.8127],[47.4037,30.8194],[47.3407,30.75],[47.2556,30.7532],[47.1923,30.8094],[47.1535,30.8059],[47.0887,30.8401],[47.0437,30.8071],[46.9065,30.9022],[46.807,30.9242],[46.6913,30.876],[46.7793,30.825],[46.8199,30.7659],[46.8085,30.7229],[46.8585,30.7097],[46.925,30.7662],[47.0054,30.7417],[47.0955,30.7644],[47.1199,30.7367],[47.1908,30.7097],[47.3889,30.7002],[47.4278,30.6481],[47.4905,30.6626],[47.567,30.664],[47.6333,30.6826],[47.6032,30.712]]]},"properties":{"name":"Lake Hammar","scalerank":5,"min_zoom":4.7}},
{"type":"Feature","geometry":{"type":"Polygon","coordinates":[[[92.9165,49.329],[92.8426,49.3149],[92.8064,49.267],[92.87,49.2104],[93.0631,49.1707],[93.114,49.1157],[93.1632,49.103],[93.2812,49.1095],[93.3159,49.0627],[93.3348,48.9835],[93.368,48.9517],[93.4296,48.9791],[93.4787,49.0362],[93.5803,49.0338],[93.8119,49.1215],[93.7875,49.171],[93.6586,49.2187],[93.5885,49.206],[93.4587,49.211],[93.3689,49.2728],[93.2994,49.2937],[93.1923,49.3011],[93.1358,49.3397],[92.9907,49.3082],[92.9165,49.329]]]},"properties":{"name":"Khyargas Nuur","scalerank":5,"min_zoom":4.7}},
{"type":"Feature","geometry":{"type":"Polygon","coordinates":[[[42.4221,11.7111],[42.3845,11.6923],[42.4113,11.6246],[42.4489,11.6746],[42.4221,11.7111]]]},"properties":{"name":"Lake Assal","scalerank":5,"min_zoom":4.7}},
{"type":"Feature","geometry":{"type":"Polygon","coordinates":[[[69.6161,50.6302],[69.5716,50.6929],[69.3697,50.7185],[69.2743,50.699],[69.2932,50.6378],[69.2237,50.6213],[69.1354,50.5604],[69.0483,50.5754],[69.0012,50.5577],[68.9308,50.5754],[68.8543,50.5736],[68.7875,50.548],[68.7748,50.4727],[68.7474,50.4179],[68.7118,50.2813],[68.7668,50.2328],[68.8304,50.2013],[68.9494,50.181],[69.0795,50.2024],[69.1439,50.226],[69.1263,50.2704],[69.2549,50.2475],[69.2864,50.2716],[69.2484,50.362],[69.1448,50.3679],[69.1007,50.3261],[69.0383,50.3635],[69.0112,50.4232],[69.03,50.4441],[69.1186,50.4559],[69.1928,50.526],[69.2137,50.5916],[69.3038,50.6134],[69.3465,50.6722],[69.4333,50.6714],[69.463,50.6449],[69.2893,50.5919],[69.2967,50.5748],[69.4415,50.5928],[69.5169,50.5754],[69.6335,50.6146],[69.6161,50.6302]]]},"properties":{"name":"Tengiz Köli","scalerank":6,"min_zoom":5}},
{"type":"Feature","geometry":{"type":"Polygon","coordinates":[[[64.9575,52.9397],[64.918,52.8773],[64.8127,52.8093],[64.7744,52.7413],[64.6761,52.6727],[64.5892,52.6398],[64.568,52.5768],[64.5021,52.5526],[64.6116,52.5279],[64.7285,52.6065],[64.7785,52.5977],[64.82,52.6392],[64.8951,52.666],[64.9592,52.7316],[64.9363,52.8373],[64.9978,52.9153],[64.9575,52.9397]]]},"properties":{"name":"Qusmuryn Köli","scalerank":6,"min_zoom":5}},
{"type":"Feature","geometry":{"type":"Polygon","coordinates":[[[93.5779,47.6877],[93.4222,47.7663],[93.3748,47.814],[93.283,47.8584],[93.3047,47.9579],[93.2506,48.0159],[93.3748,48.1022],[93.4196,48.1699],[93.3992,48.212],[93.1446,48.2149],[93.1373,48.1392],[93.0969,48.1225],[93.046,48.1498],[93.0174,48.1133],[93.0148,48.04],[93.1028,47.9812],[93.2076,47.9818],[93.2656,47.9382],[93.2435,47.8578],[93.323,47.8048],[93.3463,47.7498],[93.3339,47.6912],[93.4372,47.5761],[93.4908,47.5761],[93.5803,47.6223],[93.6135,47.675],[93.5779,47.6877]]]},"properties":{"name":"Har Nuur","scalerank":7,"min_zoom":5.7}},
{"type":"Feature","geometry":{"type":"Polygon","coordinates":[[[-66.8888,-18.9534],[-66.9566,-18.8598],[-66.9918,-18.7323],[-67.0448,-18.6726],[-67.1093,-18.6323],[-67.0882,-18.5451],[-67.0563,-18.458],[-67.0397,-18.2799],[-67.0266,-18.2561],[-67.0912,-18.1875],[-67.0369,-18.0571],[-67.0775,-18.0297],[-67.1631,-18.0465],[-67.2253,-18.1292],[-67.1843,-18.1436],[-67.0744,-18.2322],[-67.0597,-18.2708],[-67.0591,-18.3632],[-67.111,-18.4271],[-67.1202,-18.468],[-67.1631,-18.5272],[-67.2382,-18.5672],[-67.2625,-18.5955],[-67.2525,-18.6364],[-67.1942,-18.6602],[-67.1427,-18.6976],[-67.129,-18.7359],[-67.2085,-18.7974],[-67.0913,-18.8739],[-67.0719,-18.9926],[-67.0533,-19.0408],[-67.0392,-19.1433],[-66.979,-19.1727],[-66.9243,-19.1427],[-66.8869,-19.0918],[-66.8691,-19.0205],[-66.8888,-18.9534]]]},"properties":{"name":"Lago Poopó","scalerank":7,"min_zoom":5.7}},
{"type":"Feature","geometry":{"type":"Polygon","coordinates":[[[36.9838,4.8869],[36.9231,4.8386],[36.881,4.7803],[36.7942,4.8209],[36.7901,4.7632],[36.7477,4.6567],[36.7177,4.523],[36.7406,4.4789],[36.7683,4.5224],[36.8236,4.5492],[36.914,4.5698],[36.9685,4.6396],[36.992,4.7111],[37.0014,4.8065],[36.9838,4.8869]]]},"properties":{"name":"Chew Bahir","scalerank":7,"min_zoom":5.7}},
{"type":"Feature","geometry":{"type":"Polygon","coordinates":[[[37.7,5.9557],[37.6111,5.9165],[37.6058,5.8721],[37.5472,5.782],[37.5554,5.7055],[37.5969,5.7175],[37.6602,5.767],[37.705,5.7841],[37.7294,5.9056],[37.7,5.9557]]]},"properties":{"name":"Lake Chamo","scalerank":7,"min_zoom":5.7}},
{"type":"Feature","geometry":{"type":"Polygon","coordinates":[[[41.7984,11.2775],[41.7734,11.2887],[41.721,11.271],[41.6871,11.2245],[41.6801,11.183],[41.6971,11.1394],[41.7722,11.0797],[41.8422,11.1338],[41.8823,11.2066],[41.7984,11.2775]]]},"properties":{"name":"Lake Abbe","scalerank":7,"min_zoom":5.7}},
{"type":"Feature","geometry":{"type":"Polygon","coordinates":[[[34.7554,-3.7778],[34.7999,-3.7928],[34.9833,-3.7168],[35.1193,-3.6944],[35.1531,-3.6582],[35.1946,-3.6444],[35.25,-3.5832],[35.2249,-3.5361],[35.2723,-3.4943],[35.3135,-3.4799],[35.3389,-3.4484],[35.3027,-3.3527],[35.2582,-3.3574],[35.1958,-3.4322],[35.0106,-3.5849],[34.9173,-3.6235],[34.8167,-3.6167],[34.761,-3.6889],[34.8055,-3.7112],[34.7554,-3.7778]]]},"properties":{"name":"Lake Eyasi","scalerank":7,"min_zoom":5.7}},
{"type":"Feature","geometry":{"type":"Polygon","coordinates":[[[36,-2.4943],[35.9609,-2.492],[35.9241,-2.5567],[35.9447,-2.5832],[36.0165,-2.5723],[36.0833,-2.439],[36.0824,-2.3831],[36.118,-2.2671],[36.1027,-2.1861],[36.0359,-2.1334],[36.0224,-2.1084],[35.9647,-2.1976],[35.9779,-2.2777],[35.9782,-2.3533],[36,-2.4222],[36.0321,-2.4531],[36,-2.4943]]]},"properties":{"name":"Lake Natron","scalerank":7,"min_zoom":5.7}},
{"type":"Feature","geometry":{"type":"Polygon","coordinates":[[[68.0586,41.0551],[68.0206,41.0595],[67.9052,40.9521],[67.7648,40.8817],[67.5399,40.8208],[67.3966,40.8181],[67.4084,40.8738],[67.2891,40.8911],[67.2674,40.9468],[67.1979,40.9615],[67.1164,40.9532],[67.0849,40.9771],[66.9848,41.0015],[66.8358,41.0024],[66.7693,40.9939],[66.545,41.0059],[66.4938,41.0195],[66.4437,41.0027],[66.3481,41.0095],[66.2756,41.0265],[66.1332,40.9933],[66.8526,40.8935],[66.885,40.8835],[67.0475,40.786],[67.1007,40.7751],[67.1561,40.801],[67.3295,40.7466],[67.3095,40.6886],[67.4216,40.5956],[67.4902,40.5656],[67.5282,40.5317],[67.6068,40.4973],[67.6023,40.6103],[67.5747,40.6512],[67.4908,40.7195],[67.502,40.7478],[67.5879,40.7486],[67.7216,40.8108],[67.7893,40.7837],[67.8461,40.819],[67.9047,40.8146],[67.9753,40.8614],[68.0139,40.9344],[68.0586,41.0551]]]},"properties":{"name":"Aydar Ko‘l","scalerank":7,"min_zoom":5.7}},
{"type":"Feature","geometry":{"type":"Polygon","coordinates":[[[32.5601,30.1795],[32.573,30.2119],[32.5268,30.2728],[32.45,30.3028],[32.4497,30.3361],[32.3723,30.4285],[32.3057,30.3997],[32.2966,30.3467],[32.3443,30.2987],[32.3982,30.2802],[32.4576,30.2407],[32.4871,30.2669],[32.5309,30.2292],[32.5601,30.1795]]]},"properties":{"name":"Great Bitter Lake","scalerank":8,"min_zoom":6}},
{"type":"Feature","geometry":{"type":"Polygon","coordinates":[[[176.0775,-38.7691],[176.0796,-38.7111],[175.9916,-38.7261],[175.9639,-38.682],[175.8986,-38.6596],[175.8018,-38.674],[175.7462,-38.7248],[175.7467,-38.7968],[175.7932,-38.7827],[175.8144,-38.8324],[175.7819,-38.8647],[175.7532,-38.9523],[175.8515,-38.9448],[175.8562,-38.9166],[175.9127,-38.9089],[176.0011,-38.871],[176.0775,-38.7691]]]},"properties":{"name":"Lake Taupo","scalerank":4,"min_zoom":4}},
{"type":"Feature","geometry":{"type":"Polygon","coordinates":[[[170.5566,-43.8132],[170.5043,-43.8263],[170.4876,-43.9179],[170.5435,-43.9572],[170.5566,-43.8132]]]},"properties":{"name":"Lake Tekapo","scalerank":5,"min_zoom":4.7}},
{"type":"Feature","geometry":{"type":"Polygon","coordinates":[[[169.8826,-44.2677],[169.8698,-44.1801],[169.8261,-44.1713],[169.8224,-44.2463],[169.8826,-44.2677]]]},"properties":{"name":"Lake Ohau","scalerank":7,"min_zoom":5.7}},
{"type":"Feature","geometry":{"type":"Polygon","coordinates":[[[167.9523,-45.0135],[167.952,-45.014],[167.9523,-45.0193],[167.9523,-45.0135]]]},"properties":{"name":"Lake Te Anau","scalerank":5,"min_zoom":4.7}},
{"type":"Feature","geometry":{"type":"Polygon","coordinates":[[[168.8004,-45.2591],[168.7804,-45.2362],[168.8027,-45.1166],[168.7488,-45.0592],[168.7585,-45.0164],[168.5793,-45.0705],[168.5098,-45.0583],[168.4559,-44.8994],[168.39,-44.8629],[168.3959,-44.9659],[168.4415,-45.0535],[168.518,-45.1131],[168.5986,-45.1096],[168.7064,-45.0739],[168.7535,-45.1328],[168.7382,-45.1852],[168.768,-45.2838],[168.8004,-45.2591]]]},"properties":{"name":"Lake Wakatipu","scalerank":5,"min_zoom":4.7}},
{"type":"Feature","geometry":{"type":"Polygon","coordinates":[[[170.2021,-44.0347],[170.1819,-43.9001],[170.1295,-43.9096],[170.1367,-43.9679],[170.1414,-44.1797],[170.2164,-44.1606],[170.2177,-44.0615],[170.2021,-44.0347]]]},"properties":{"name":"Lake Pukaki","scalerank":5,"min_zoom":4.7}},
{"type":"Feature","geometry":{"type":"Polygon","coordinates":[[[167.5728,-45.4767],[167.4752,-45.4813],[167.4538,-45.5024],[167.5859,-45.5649],[167.6594,-45.5504],[167.6185,-45.4738],[167.5728,-45.4767]]]},"properties":{"name":"Lake Manapouri","scalerank":5,"min_zoom":4.7}},
{"type":"Feature","geometry":{"type":"Polygon","coordinates":[[[167.8883,-44.9408],[167.9249,-44.9951],[167.8664,-45.0779],[167.815,-45.1064],[167.8355,-45.145],[167.8025,-45.1711],[167.6465,-45.1455],[167.7393,-45.2192],[167.7661,-45.2825],[167.7617,-45.3329],[167.7165,-45.39],[167.7936,-45.3839],[167.8312,-45.2892],[167.8645,-45.1483],[167.9492,-44.9979],[167.9349,-44.9513],[167.8883,-44.9408]]]},"properties":{"name":"Lake Te Anau","scalerank":5,"min_zoom":4.7}},
{"type":"Feature","geometry":{"type":"Polygon","coordinates":[[[169.0986,-44.6821],[169.0858,-44.5808],[169.1386,-44.5365],[169.18,-44.4352],[169.1871,-44.3809],[169.1257,-44.3866],[169.1157,-44.5065],[169.0529,-44.5451],[169.0501,-44.5922],[169.0087,-44.6322],[169.0986,-44.6821]]]},"properties":{"name":"Lake Wanaka","scalerank":5,"min_zoom":4.7}},
{"type":"Feature","geometry":{"type":"Polygon","coordinates":[[[169.2071,-44.4394],[169.2528,-44.458],[169.2428,-44.5537],[169.2514,-44.6079],[169.3085,-44.5965],[169.3099,-44.478],[169.4156,-44.3938],[169.3884,-44.3866],[169.3013,-44.4366],[169.2071,-44.4394]]]},"properties":{"name":"Lake Hawea","scalerank":5,"min_zoom":4.7}},
{"type":"Feature","geometry":{"type":"Polygon","coordinates":[[[176.2255,-38.0476],[176.2162,-38.0704],[176.2719,-38.1375],[176.3197,-38.0983],[176.3119,-38.0376],[176.2255,-38.0476]]]},"properties":{"name":"Lake Rotorua","scalerank":7,"min_zoom":5.7}},
{"type":"Feature","geometry":{"type":"Polygon","coordinates":[[[175.1583,-41.2808],[175.2517,-41.2391],[175.31,-41.1921],[175.2689,-41.1666],[175.1761,-41.2225],[175.1583,-41.2808]]]},"properties":{"name":"Lake Wairarapa","scalerank":7,"min_zoom":5.7}},
{"type":"Feature","geometry":{"type":"Polygon","coordinates":[[[170.145,-44.5366],[170.2107,-44.5466],[170.204,-44.4914],[170.2311,-44.4348],[170.263,-44.3996],[170.2012,-44.3487],[170.2116,-44.4653],[170.1916,-44.4929],[170.2002,-44.5214],[170.145,-44.5366]]]},"properties":{"name":"Lake Benmore","scalerank":7,"min_zoom":5.7}},
{"type":"Feature","geometry":{"type":"Polygon","coordinates":[[[171.4451,-43.2334],[171.4529,-43.2787],[171.5593,-43.338],[171.4451,-43.2334]]]},"properties":{"name":"Lake Coleridge","scalerank":7,"min_zoom":5.7}},
{"type":"Feature","geometry":{"type":"Polygon","coordinates":[[[177.0366,-38.7473],[177.0455,-38.7919],[177.1133,-38.7978],[177.1538,-38.7491],[177.0604,-38.7348],[177.0366,-38.7473]]]},"properties":{"name":"Lake Waikaremoana","scalerank":7,"min_zoom":5.7}},
{"type":"Feature","geometry":{"type":"Polygon","coordinates":[[[167.1418,-45.8398],[167.1718,-45.9026],[167.2132,-45.9219],[167.2789,-45.9319],[167.3238,-46.0133],[167.3909,-45.9997],[167.3217,-45.9747],[167.311,-45.9304],[167.2417,-45.9055],[167.2103,-45.9119],[167.1418,-45.8398]]]},"properties":{"name":"Lake Hauroko","scalerank":7,"min_zoom":5.7}},
{"type":"Feature","geometry":{"type":"Polygon","coordinates":[[[167.1011,-45.9412],[167.0968,-45.9947],[167.1104,-46.0325],[167.0876,-46.0661],[167.1382,-46.1446],[167.1489,-46.1011],[167.1075,-46.0796],[167.1261,-46.034],[167.1154,-45.9604],[167.1011,-45.9412]]]},"properties":{"name":"Lake Poteriteri","scalerank":7,"min_zoom":5.7}},
{"type":"Feature","geometry":{"type":"Polygon","coordinates":[[[167.3474,-45.8398],[167.3524,-45.8769],[167.3945,-45.8998],[167.4345,-45.8905],[167.4902,-45.8534],[167.4823,-45.8419],[167.4145,-45.8862],[167.3952,-45.8869],[167.3474,-45.8398]]]},"properties":{"name":"Lake Monowai","scalerank":7,"min_zoom":5.7}},
{"type":"Feature","geometry":{"type":"Polygon","coordinates":[[[172.5967,-41.7964],[172.6506,-41.891],[172.6677,-41.8746],[172.5967,-41.7964]]]},"properties":{"name":"Lake Rotoroa","scalerank":8,"min_zoom":6}},
{"type":"Feature","geometry":{"type":"Polygon","coordinates":[[[172.8269,-41.8],[172.818,-41.8064],[172.8337,-41.8378],[172.8472,-41.82],[172.8269,-41.8]]]},"properties":{"name":"Lake Rotoiti","scalerank":8,"min_zoom":6}},
{"type":"Feature","geometry":{"type":"Polygon","coordinates":[[[169.1908,-45.0685],[169.2197,-45.0541],[169.2226,-45.0237],[169.253,-44.9846],[169.2414,-44.9731],[169.2081,-45.0107],[169.2096,-45.0526],[169.1908,-45.0685]]]},"properties":{"name":"Lake Dunstan","scalerank":7,"min_zoom":5.7}},
{"type":"Feature","geometry":{"type":"Polygon","coordinates":[[[-84.4904,46.4493],[-84.423,46.5031],[-84.383,46.5158],[-84.2774,46.4825],[-84.1992,46.5472],[-84.1235,46.5255],[-84.1787,46.4541],[-84.1777,46.4232],[-84.0994,46.4193],[-84.0727,46.4935],[-84.1089,46.5382],[-84.1797,46.5528],[-84.3022,46.5193],[-84.3531,46.533],[-84.4336,46.5208],[-84.4938,46.4805],[-84.4904,46.4493]]]},"properties":{"name":"St. Marys River","scalerank":3,"min_zoom":3}},
{"type":"Feature","geometry":{"type":"Polygon","coordinates":[[[-106.7988,62.5256],[-106.8333,62.5472],[-106.8184,62.6017],[-106.765,62.6434],[-106.6224,62.6752],[-106.5288,62.7194],[-106.5654,62.7665],[-106.6572,62.7088],[-106.6899,62.7597],[-106.6346,62.8148],[-106.7547,62.8221],[-106.9435,62.7845],[-106.9004,62.6814],[-106.8196,62.6708],[-106.9294,62.5958],[-106.9348,62.5604],[-106.8537,62.5145],[-106.7988,62.5256]]]},"properties":{"name":"Whitefish Lake","scalerank":7,"min_zoom":6}},
{"type":"Feature","geometry":{"type":"Polygon","coordinates":[[[58.3121,45.062],[58.2814,44.9638],[58.2365,44.9082],[58.221,44.8467],[58.2379,44.7657],[58.3162,44.63],[58.3027,44.5603],[58.2368,44.5245],[58.235,44.4609],[58.26,44.4315],[58.3643,44.4247],[58.4168,44.444],[58.4831,44.5044],[58.5243,44.5692],[58.5788,44.7562],[58.6245,44.818],[58.623,44.8548],[58.5689,44.9295],[58.588,44.9899],[58.5468,45.0076],[58.644,45.0724],[58.6837,45.1489],[58.6292,45.2638],[58.6381,45.3536],[58.6719,45.4596],[58.7353,45.5067],[58.7662,45.5627],[58.8694,45.5961],[58.9016,45.6893],[58.9097,45.7907],[58.9867,45.8196],[59.0526,45.8783],[59.1048,45.8967],[59.1726,45.8748],[59.244,45.8923],[59.3095,45.9774],[59.2403,45.9939],[59.1648,45.9424],[59.0791,45.9435],[59.0655,45.8993],[58.9988,45.8982],[58.8615,45.9214],[58.8177,45.8964],[58.8383,45.8342],[58.7272,45.8456],[58.6957,45.8181],[58.6527,45.722],[58.6395,45.5946],[58.574,45.5321],[58.5494,45.4077],[58.4691,45.3484],[58.417,45.2907],[58.3725,45.1305],[58.3121,45.062]]]},"properties":{"name":"South Aral Sea","scalerank":0,"min_zoom":1}},
{"type":"Feature","geometry":{"type":"Polygon","coordinates":[[[59.7287,46.0828],[59.8133,46.1237],[59.8055,46.2439],[59.7846,46.2842],[59.7308,46.3217],[59.5895,46.3041],[59.5041,46.3188],[59.5917,46.2091],[59.7287,46.0828]]]},"properties":{"name":"Barsakelmes Lake","scalerank":6,"min_zoom":5}},
{"type":"Feature","geometry":{"type":"Polygon","coordinates":[[[60.7829,46.086],[60.8625,46.09],[60.8683,46.1125],[60.9463,46.1404],[60.9767,46.1699],[61.095,46.192],[61.2318,46.2509],[61.3003,46.3849],[61.277,46.4293],[61.2796,46.4798],[61.3268,46.499],[61.4504,46.5844],[61.5285,46.6771],[61.4092,46.6727],[61.315,46.6477],[61.2966,46.6109],[61.2333,46.5807],[61.2679,46.5137],[61.2443,46.4762],[61.1339,46.4496],[61.0838,46.46],[60.9469,46.46],[60.8394,46.5085],[60.7758,46.5928],[60.8193,46.7125],[60.8108,46.7471],[60.7177,46.7552],[60.58,46.7839],[60.5256,46.7508],[60.6353,46.7154],[60.7644,46.6473],[60.6706,46.5892],[60.5587,46.5656],[60.4507,46.6184],[60.4539,46.5736],[60.3949,46.5441],[60.3329,46.6692],[60.2867,46.7001],[60.2373,46.6957],[60.103,46.6144],[60.0364,46.6011],[59.9899,46.5505],[59.9774,46.4813],[59.995,46.4283],[60.0547,46.4084],[60.1334,46.3565],[60.2873,46.3823],[60.3315,46.4051],[60.4176,46.3683],[60.4714,46.3307],[60.5796,46.2932],[60.6157,46.3278],[60.6849,46.3396],[60.7058,46.3752],[60.81,46.2336],[60.8167,46.1705],[60.7523,46.1177],[60.7829,46.086]]]},"properties":{"name":"North Aral Sea","scalerank":0,"min_zoom":1}},
{"type":"Feature","geometry":{"type":"Polygon","coordinates":[[[145.9932,-42.8424],[146.0309,-42.9014],[146.1357,-42.9807],[146.2082,-42.9912],[146.218,-43.0386],[146.2518,-43.0497],[146.35,-43.0382],[146.3654,-43.0033],[146.3247,-42.9819],[146.3087,-42.9163],[146.2601,-42.9077],[146.1671,-42.9489],[146.1233,-42.9127],[146.1707,-42.8604],[146.0125,-42.808],[145.9932,-42.8424]]]},"properties":{"name":"Lake Pedder","scalerank":8,"min_zoom":6}},
{"type":"Feature","geometry":{"type":"Polygon","coordinates":[[[146.1646,-42.6778],[146.0177,-42.6978],[145.9921,-42.7578],[146.1213,-42.724],[146.2066,-42.8592],[146.2384,-42.8464],[146.2931,-42.7804],[146.2524,-42.6319],[146.1816,-42.6177],[146.1646,-42.6778]]]},"properties":{"name":"Lake Gordon","scalerank":8,"min_zoom":6}},
{"type":"Feature","geometry":{"type":"Polygon","coordinates":[[[-63.0836,54.0106],[-63.1473,54.0536],[-63.1441,54.1074],[-63.239,54.1707],[-63.1948,54.201],[-63.1916,54.2464],[-63.2592,54.2629],[-63.2424,54.3011],[-63.3092,54.3212],[-63.3015,54.3671],[-63.2465,54.3966],[-63.2715,54.4252],[-63.4135,54.375],[-63.4506,54.3446],[-63.5646,54.3198],[-63.596,54.2994],[-63.7386,54.2909],[-63.702,54.2421],[-63.632,54.2687],[-63.5991,54.2307],[-63.6423,54.1476],[-63.7156,54.1101],[-63.5189,54.068],[-63.5487,54.0501],[-63.6546,54.0539],[-63.7546,54.0745],[-63.8825,54.1637],[-63.9281,54.2526],[-64.0226,54.2923],[-64.1065,54.2923],[-64.1434,54.3806],[-64.186,54.4332],[-64.2405,54.4142],[-64.3113,54.5049],[-64.3745,54.5237],[-64.3113,54.5761],[-64.2562,54.6476],[-64.3398,54.7012],[-64.3885,54.6721],[-64.3471,54.6465],[-64.3861,54.5187],[-64.4258,54.4784],[-64.4359,54.4233],[-64.3807,54.3995],[-64.4411,54.3429],[-64.421,54.3003],[-64.4964,54.2779],[-64.5435,54.2283],[-64.5563,54.3627],[-64.6576,54.307],[-64.7215,54.3146],[-64.7817,54.2556],[-64.693,54.1849],[-64.6818,54.1439],[-64.7482,54.1251],[-64.7785,54.1531],[-64.9464,54.1769],[-64.9913,54.2426],[-64.9809,54.3106],[-65.0829,54.3759],[-65.1126,54.4174],[-65.0802,54.4751],[-65.1347,54.5237],[-65.2301,54.5405],[-65.2271,54.607],[-65.155,54.5676],[-65.1273,54.6565],[-65.1962,54.6329],[-65.2807,54.6415],[-65.2561,54.5025],[-65.2948,54.4463],[-65.1485,54.461],[-65.1285,54.3921],[-65.0832,54.3686],[-65.024,54.305],[-65.0249,54.2317],[-64.9913,54.1593],[-64.8996,54.1237],[-64.8494,54.088],[-65.0781,54.1075],[-65.1499,54.1476],[-65.2383,54.1596],[-65.3607,54.1505],[-65.4304,54.1328],[-65.4654,54.0521],[-65.5636,54.0775],[-65.6726,54.1584],[-65.8033,54.1737],[-65.8831,54.3153],[-65.9323,54.2588],[-66.0192,54.3571],[-66.1757,54.4734],[-66.4093,54.5941],[-66.4574,54.6465],[-66.2859,54.5941],[-66.2181,54.6008],[-66.3277,54.6671],[-66.3544,54.7012],[-66.2998,54.7286],[-66.418,54.8181],[-66.3806,54.8272],[-66.3748,54.9261],[-66.3101,54.9514],[-66.3819,55.0185],[-66.516,55.0539],[-66.5809,54.9956],[-66.5353,54.9591],[-66.615,54.9279],[-66.5025,54.8066],[-66.5347,54.7825],[-66.5298,54.7256],[-66.4779,54.68],[-66.5285,54.61],[-66.5878,54.6329],[-66.6613,54.62],[-66.6819,54.5861],[-66.6209,54.5355],[-66.6043,54.4796],[-66.5257,54.441],[-66.5537,54.3721],[-66.5052,54.3177],[-66.4269,54.3957],[-66.2833,54.3586],[-66.274,54.3842],[-66.3694,54.4342],[-66.4375,54.5058],[-66.4481,54.5487],[-66.3915,54.5655],[-66.2435,54.4648],[-66.2667,54.4236],[-66.0265,54.2941],[-65.7677,54.0889],[-65.7478,54.1225],[-65.6657,54.1251],[-65.5873,54.0568],[-65.5084,54.0365],[-65.4289,53.9677],[-65.4569,53.9129],[-65.3849,53.8891],[-65.3135,53.9061],[-65.2879,53.8584],[-65.3215,53.8219],[-65.3101,53.7757],[-65.4087,53.7831],[-65.356,53.736],[-65.3945,53.7045],[-65.3272,53.6598],[-65.293,53.6044],[-65.4251,53.5868],[-65.379,53.5308],[-65.463,53.5335],[-65.5647,53.5597],[-65.594,53.5164],[-65.4448,53.497],[-65.402,53.4575],[-65.2651,53.4714],[-65.1216,53.4322],[-65.0032,53.4246],[-65.001,53.4755],[-65.2249,53.4825],[-65.2799,53.5058],[-65.1696,53.5629],[-65.1696,53.6182],[-65.2368,53.6862],[-65.3082,53.7242],[-65.3272,53.7622],[-65.2276,53.7902],[-65.2535,53.8423],[-65.1696,53.8514],[-65.1001,53.8846],[-65.006,53.8708],[-64.9224,53.9264],[-64.8368,53.9409],[-64.7638,53.9144],[-64.6354,53.907],[-64.609,53.9638],[-64.5242,54.001],[-64.6026,54.0471],[-64.4934,54.0696],[-64.3356,54.0518],[-64.2762,54.0206],[-64.1834,54.0351],[-64.1356,54.0095],[-64.1237,53.9691],[-64.1631,53.9426],[-64.1094,53.8905],[-64.1134,53.8476],[-63.9558,53.8552],[-63.7916,53.8458],[-63.7105,53.9082],[-63.5931,53.9409],[-63.3539,53.9129],[-63.4595,53.9556],[-63.6034,53.9718],[-63.4378,54.0156],[-63.2587,53.9921],[-63.2381,53.9518],[-63.1343,53.9615],[-63.0836,54.0106]],[[-64.5631,54.0774],[-64.6779,54.0673],[-64.6998,54.1066],[-64.6045,54.1041],[-64.5631,54.0774]],[[-64.3142,54.2277],[-64.3311,54.1801],[-64.404,54.1979],[-64.3603,54.258],[-64.3142,54.2277]],[[-64.3123,54.1639],[-64.2854,54.2125],[-64.2388,54.2285],[-64.1586,54.1989],[-64.224,54.1713],[-64.3123,54.1639]],[[-63.5225,54.2355],[-63.5102,54.2761],[-63.3943,54.2874],[-63.4326,54.225],[-63.5225,54.2355]],[[-63.4997,54.1154],[-63.5454,54.1081],[-63.5936,54.1651],[-63.5113,54.1987],[-63.4219,54.1636],[-63.4997,54.1154]],[[-63.2179,54.0106],[-63.4567,54.0283],[-63.4185,54.0639],[-63.2727,54.0395],[-63.2179,54.0106]]]},"properties":{"name":"Smallwood Reservoir","scalerank":4,"min_zoom":4}},
{"type":"Feature","geometry":{"type":"Polygon","coordinates":[[[-96.2961,18.0295],[-96.3216,18.0769],[-96.4038,18.1686],[-96.4259,18.2152],[-96.384,18.2227],[-96.4944,18.3335],[-96.5497,18.281],[-96.531,18.2289],[-96.5888,18.2317],[-96.5378,18.1624],[-96.5005,18.1387],[-96.4375,18.156],[-96.4178,18.1004],[-96.377,18.0995],[-96.3516,18.0678],[-96.4141,18.0413],[-96.3091,17.9841],[-96.2961,18.0295]]]},"properties":{"name":"Presa Miguel Alemán","scalerank":7,"min_zoom":5.7}},
{"type":"Feature","geometry":{"type":"Polygon","coordinates":[[[-79.6795,9.1422],[-79.6986,9.1188],[-79.7799,9.1204],[-79.8209,9.2134],[-79.8099,9.2635],[-79.8209,9.33],[-79.8638,9.3038],[-79.8748,9.2673],[-79.9234,9.2673],[-79.9437,9.2396],[-79.95,9.1451],[-80.0052,9.0963],[-80.04,9.083],[-80.0703,9.0389],[-79.9532,9.0026],[-79.9389,9.0204],[-79.9574,9.083],[-79.9028,9.0757],[-79.9282,9.1375],[-79.868,9.1451],[-79.7984,9.1007],[-79.7141,9.0963],[-79.6795,9.1422]]]},"properties":{"name":"Lago Gatun","scalerank":5,"min_zoom":4.7}}
]}