{"type":"FeatureCollection", "features": [
{"type":"Feature","geometry":{"type":"MultiLineString","coordinates":[[[95.4511,17.8205],[95.3878,17.8244],[95.3053,17.7499],[95.2555,17.7482],[95.1607,17.6094],[95.1665,17.5424],[95.0675,17.4295],[95.0232,17.3408],[94.9446,17.3431],[94.9552,17.2391],[94.8757,17.1483],[94.8372,17.0391],[94.7412,16.9706],[94.7249,16.7852],[94.7454,16.7203],[94.677,16.532]],[[95.4503,17.7913],[95.4664,17.8013],[95.4926,17.8438],[95.4861,17.8938],[95.5575,17.9291],[95.6096,17.8853],[95.6025,17.8236],[95.6633,17.6865],[95.7271,17.5986],[95.7249,17.5319],[95.7783,17.5001],[95.8552,17.2799],[95.9564,17.1436],[95.9723,17.0248],[96.0503,16.9807],[96.129,16.7767],[96.1712,16.7716]],[[95.4653,17.7069],[95.3859,17.7216],[95.3692,17.6349],[95.2753,17.5159],[95.3418,17.4574],[95.2608,17.3387],[95.2456,17.1631],[95.191,17.1142],[95.2114,17.049],[95.1563,16.9292],[95.2319,16.8262],[95.1878,16.7023],[94.9926,16.4948],[94.9341,16.3156],[94.8198,16.2174],[94.7937,16.1621]],[[95.6066,16.8579],[95.6668,16.8162],[95.6563,16.7571],[95.7424,16.7237],[95.7827,16.6437],[95.8594,16.6624],[95.8831,16.535],[95.8425,16.5065],[95.8775,16.4206],[96.0066,16.3873]],[[95.479,16.8057],[95.4807,16.7499],[95.417,16.6791],[95.376,16.4528],[95.2822,16.3036],[95.2716,16.169],[95.1848,16.0447],[95.1325,16.0248]]]},"properties":{"name":"Irrawaddy Delta","scalerank":1,"min_zoom":2}},
{"type":"Feature","geometry":{"type":"MultiLineString","coordinates":[[[103.6874,13.2247],[103.7488,13.208],[104.1558,12.7978],[104.2251,12.7093]],[[104.2251,12.7093],[104.1323,12.7011]],[[104.2251,12.7093],[104.434,12.5299],[104.5038,12.5194],[104.6128,12.3814]],[[104.2256,12.7092],[104.2251,12.7093]]]},"properties":{"name":"Tonle Sap","scalerank":9,"min_zoom":7.1}},
{"type":"Feature","geometry":{"type":"LineString","coordinates":[[104.6148,12.382],[104.6909,12.3123],[104.7245,12.2359],[104.7896,12.2534],[104.8469,12.1697],[104.7763,12.0626],[104.8188,11.9754],[104.7896,11.887],[104.8552,11.6795],[104.9274,11.6278],[104.9512,11.5909]]},"properties":{"name":"Tonle Sap","scalerank":9,"min_zoom":7.1}},
{"type":"Feature","geometry":{"type":"LineString","coordinates":[[37.7395,59.0795],[37.9533,59.1267],[38.1738,59.0771],[38.3582,59.1267],[38.478,59.2167]]},"properties":{"name":"Sheksna","scalerank":9,"min_zoom":7.1}},
{"type":"Feature","geometry":{"type":"LineString","coordinates":[[38.478,59.2167],[38.5054,59.2993],[38.4553,59.4178],[38.456,59.5814],[38.568,59.6698],[38.3928,59.6899],[38.231,59.7996],[38.2583,59.8542],[38.0844,59.9229],[38.1491,59.9913],[38.0325,60.0739]]},"properties":{"name":"Sheksna","scalerank":9,"min_zoom":7.1}},
{"type":"Feature","geometry":{"type":"LineString","coordinates":[[11.2297,60.4145],[11.1955,60.5777],[11.0081,60.7008],[10.7077,60.8063],[10.709,60.8863],[10.4445,61.0372],[10.4292,61.1222]]},"properties":{"name":"Vorma","scalerank":9,"min_zoom":7.1}},
{"type":"Feature","geometry":{"type":"MultiLineString","coordinates":[[[8.4423,62.2355],[8.7644,62.1262],[9.0339,62.1267],[9.4155,61.8959],[9.5173,61.8107],[9.5397,61.6762],[9.7149,61.6635],[9.7732,61.5943],[10.0413,61.5599],[10.1599,61.5212],[10.3093,61.2871],[10.4238,61.2748],[10.4292,61.1222]],[[11.2302,60.414],[11.2495,60.3474],[11.3804,60.1785],[11.455,60.1595]]]},"properties":{"name":"Vorma","scalerank":9,"min_zoom":7.1}},
{"type":"Feature","geometry":{"type":"LineString","coordinates":[[51.4998,55.5744],[51.4382,55.6496],[51.4117,55.7683],[51.4732,55.8606],[51.4732,55.8609]]},"properties":{"name":"Vyatka","scalerank":9,"min_zoom":7.1}},
{"type":"Feature","geometry":{"type":"LineString","coordinates":[[52.824,58.4486],[52.7529,58.4038],[52.6128,58.4377],[52.542,58.5143],[52.3958,58.8126],[52.3064,58.9287],[52.334,59.0097],[52.303,59.1385],[52.2171,59.2099],[52.1758,59.3273],[51.7297,59.4075],[51.4435,59.3336],[51.2537,59.2468],[51.1106,59.2379],[50.9365,59.2713],[50.8814,59.3175],[50.7234,59.2445],[50.7808,59.1689],[50.7578,59.087],[50.4157,59.0181],[50.294,59.0231],[50.1963,58.955],[50.2751,58.8597],[50.0453,58.5656],[49.9059,58.5944],[49.7244,58.519],[49.6918,58.6049],[49.5523,58.711],[49.4214,58.7307],[49.0061,58.6411],[48.8526,58.5103],[48.8268,58.4461],[48.3285,58.2735],[48.3526,58.0899],[48.5016,58.0876],[48.5211,58.0063],[48.4419,57.953],[48.4841,57.8936],[48.7188,57.8233],[48.6978,57.7673],[48.8145,57.6713],[48.9326,57.6187],[49.1077,57.6664],[49.1455,57.6011],[49.3477,57.4876],[49.624,57.4078],[49.7919,57.4285],[50.0044,57.3831],[50.0657,57.2094],[50.4363,56.9766],[50.5033,56.8922],[50.4827,56.8373],[50.5876,56.6894],[50.6826,56.675],[50.7143,56.5955],[50.8793,56.5295],[50.9243,56.3854],[51.0574,56.3415],[51.0759,56.2498],[51.2822,56.2341],[51.3303,56.0546],[51.4732,55.8606]]},"properties":{"name":"Vyatka","scalerank":9,"min_zoom":7.1}},
{"type":"Feature","geometry":{"type":"LineString","coordinates":[[48.5968,-17.3968],[48.5644,-17.4018],[48.489,-17.5485],[48.4711,-17.6271]]},"properties":{"name":"Maningory","scalerank":9,"min_zoom":7.1}},
{"type":"Feature","geometry":{"type":"MultiLineString","coordinates":[[[48.5968,-17.3968],[48.8085,-17.4033],[48.9685,-17.3179],[49.2056,-17.3852],[49.3106,-17.2485],[49.4609,-17.2179]],[[48.0405,-18.168],[48.1489,-17.9002],[48.2452,-17.808],[48.4229,-17.7066],[48.4711,-17.6271]]]},"properties":{"name":"Maningory","scalerank":9,"min_zoom":7.1}},
{"type":"Feature","geometry":{"type":"LineString","coordinates":[[-50.0459,-18.6318],[-50.0283,-18.5727],[-50.0655,-18.391],[-50.1062,-18.3017]]},"properties":{"name":"Bois","scalerank":9,"min_zoom":7.1}},
{"type":"Feature","geometry":{"type":"LineString","coordinates":[[-49.9831,-16.2931],[-49.9862,-16.3664],[-49.9394,-16.467],[-49.8807,-16.5179],[-49.8756,-16.6362],[-49.8241,-16.6789],[-49.7367,-16.8555],[-49.7302,-16.9181],[-49.7715,-17.0051],[-49.6477,-17.1436],[-49.61,-17.2472],[-49.6488,-17.2975],[-49.6473,-17.4985],[-49.7696,-17.5729],[-49.9081,-17.5879],[-50.0255,-17.6751],[-50.0589,-17.7592],[-50.1483,-17.794],[-50.2513,-17.8008],[-50.237,-17.8973],[-50.2718,-17.9784],[-50.2012,-17.9924],[-50.1551,-18.0677],[-50.1749,-18.1156],[-50.0868,-18.2289],[-50.1062,-18.3017]]},"properties":{"name":"Bois","scalerank":9,"min_zoom":7.1}},
{"type":"Feature","geometry":{"type":"LineString","coordinates":[[43.1777,57.329],[43.3406,57.5039],[43.7066,57.7296]]},"properties":{"name":"Unzha","scalerank":9,"min_zoom":7.1}},
{"type":"Feature","geometry":{"type":"LineString","coordinates":[[44.6442,59.7906],[44.6856,59.5431],[44.7305,59.5122],[44.4705,59.3605],[44.2065,59.4528],[44.079,59.4128],[43.9605,59.3191],[43.6824,59.2425],[43.7289,59.1591],[43.929,59.1121],[44.1192,58.9847],[44.1651,58.8911],[44.4942,58.7191],[44.5674,58.7509],[44.6746,58.6055],[44.6734,58.5511],[44.8141,58.5209],[44.7784,58.4558],[44.8447,58.3469],[44.6212,58.1968],[44.4307,58.1578],[44.3384,58.0982],[44.0491,58.022],[43.7695,57.8644],[43.7066,57.7296]]},"properties":{"name":"Unzha","scalerank":9,"min_zoom":7.1}},
{"type":"Feature","geometry":{"type":"LineString","coordinates":[[-148.909,68.1807],[-148.8194,68.2955],[-148.9451,68.3871],[-149.0895,68.572],[-149.0502,68.6435],[-148.8196,68.8175],[-148.8748,68.9622],[-148.7613,69.0762],[-148.8573,69.131],[-148.7035,69.3936],[-148.5589,69.5028],[-148.7443,69.7291],[-148.7738,69.877],[-148.6932,69.9938],[-148.4394,70.1505],[-148.1964,70.3593]]},"properties":{"name":"Sagavanirktok","scalerank":9,"min_zoom":7.1}},
{"type":"Feature","geometry":{"type":"LineString","coordinates":[[-158.4825,69.27],[-158.5133,69.3968],[-158.3187,69.5863],[-158.0214,69.5747],[-157.9209,69.5381],[-157.5983,69.553],[-157.4616,69.5913],[-157.425,69.6663],[-157.2144,69.7635],[-157.166,69.887],[-157.256,70.0241],[-157.064,70.1044],[-157.2079,70.3422],[-157.4206,70.544],[-157.557,70.5654],[-157.3174,70.6678],[-156.5906,70.7298],[-156.3199,70.9196],[-156.1822,70.9223]]},"properties":{"name":"Meade","scalerank":9,"min_zoom":7.1}},
{"type":"Feature","geometry":{"type":"LineString","coordinates":[[-53.1151,-17.8548],[-53.1294,-17.6841],[-53.2175,-17.5268],[-53.1898,-17.3626],[-53.2034,-17.2821],[-53.1356,-17.1634],[-53.0469,-17.0578],[-53.0195,-16.8679],[-52.9637,-16.819],[-52.8094,-16.7455],[-52.7123,-16.6507],[-52.6966,-16.5889],[-52.6326,-16.5288],[-52.6012,-16.3857],[-52.5597,-16.3229],[-52.4299,-16.2386],[-52.4442,-16.0946],[-52.3287,-16.0381],[-52.2502,-15.9134],[-52.2065,-15.8897],[-52.0531,-15.8749],[-51.9669,-15.8008],[-51.8829,-15.8049],[-51.774,-15.6107],[-51.6793,-15.3788],[-51.6575,-15.2098],[-51.5138,-15.0628],[-51.3509,-14.9814],[-51.2554,-15.0153],[-51.1761,-14.9766],[-51.1004,-14.8879],[-51.0336,-14.6471],[-50.97,-14.5186],[-50.9955,-14.3994],[-50.9291,-14.1133],[-50.8472,-14.0892],[-50.8629,-13.9743],[-50.8472,-13.86],[-50.8661,-13.7129],[-50.7725,-13.6226],[-50.7609,-13.5428],[-50.6759,-13.4457],[-50.5666,-13.2226],[-50.5933,-13.0717],[-50.5043,-12.9621],[-50.4875,-12.839],[-50.5534,-12.8334],[-50.6001,-12.7775],[-50.6763,-12.6042],[-50.6547,-12.5715],[-50.6138,-12.3769],[-50.6315,-12.2572],[-50.6759,-12.1674],[-50.6855,-12.0239],[-50.6428,-11.8884],[-50.6789,-11.8696],[-50.7174,-11.749],[-50.6547,-11.6603],[-50.659,-11.5866],[-50.7373,-11.5163],[-50.7393,-11.4372],[-50.6622,-11.2441],[-50.656,-11.1164],[-50.6138,-11.0713],[-50.6417,-10.9273],[-50.5912,-10.772],[-50.5989,-10.6567],[-50.5192,-10.5584],[-50.4818,-10.4008],[-50.4261,-10.3412],[-50.3884,-10.214],[-50.3779,-10.1049],[-50.3041,-10.0209],[-50.2786,-9.9193],[-50.1754,-9.7302],[-50.1118,-9.5869],[-50.0998,-9.4818],[-50.0538,-9.3192],[-49.8183,-9.0283],[-49.7553,-8.923],[-49.5814,-8.8307],[-49.5035,-8.7089],[-49.504,-8.6723],[-49.381,-8.4369],[-49.3107,-8.3823],[-49.1988,-8.0586],[-49.1636,-7.8036],[-49.3098,-7.7136],[-49.3908,-7.5976],[-49.375,-7.5002],[-49.2185,-7.3093],[-49.1851,-7.2254],[-49.1893,-7.0829],[-49.2212,-6.9643],[-49.1986,-6.9027],[-49.0106,-6.7808],[-48.6835,-6.6628],[-48.6679,-6.5415],[-48.6064,-6.4351],[-48.5009,-6.3513],[-48.39,-6.3625],[-48.4289,-6.1712],[-48.2843,-6.0977],[-48.3336,-5.9763],[-48.2229,-5.9144],[-48.2969,-5.8071],[-48.2887,-5.7272],[-48.1864,-5.7011],[-48.1426,-5.6462],[-48.2093,-5.5386],[-48.2707,-5.5341],[-48.3973,-5.3902],[-48.5558,-5.4129],[-48.7231,-5.3554],[-48.9372,-5.3029]]},"properties":{"name":"Araguaia","scalerank":4,"min_zoom":4}},
{"type":"Feature","geometry":{"type":"LineString","coordinates":[[-153.148,61.5479],[-153.1133,61.8789],[-153.3163,61.9771],[-153.338,62.1285],[-153.4058,62.1873],[-153.3955,62.3043],[-153.5022,62.4711],[-153.6246,62.6005],[-153.954,62.7827],[-154.0098,62.8575],[-154.2536,62.9884],[-154.7306,63.0701]]},"properties":{"name":"S. Fork Kuskokwim","scalerank":9,"min_zoom":7.1}},
{"type":"Feature","geometry":{"type":"LineString","coordinates":[[-129.5504,63.0271],[-129.6671,62.9111],[-129.5265,62.8072],[-129.2268,62.6784],[-129.0002,62.6341],[-128.7965,62.5374],[-128.2072,62.3419],[-127.9075,62.4086],[-127.7554,62.3698],[-127.5507,62.2175],[-127.4704,62.1944],[-127.2388,61.9867],[-126.9625,61.9043],[-126.3026,61.8724],[-126.139,61.8142],[-125.9767,61.7014],[-125.7348,61.618],[-125.64,61.6302],[-125.4252,61.583],[-125.1645,61.4953],[-125.0434,61.4807],[-124.9362,61.3967],[-124.7271,61.3851],[-124.685,61.3411],[-124.4068,61.2611],[-124.1786,61.3301],[-124.0597,61.2662],[-123.9517,61.2875],[-123.7208,61.2699],[-123.6692,61.1752],[-123.4853,61.01],[-123.3332,61.0428]]},"properties":{"name":"South Nahanni","scalerank":9,"min_zoom":7.1}},
{"type":"Feature","geometry":{"type":"LineString","coordinates":[[-129.4603,63.2404],[-129.3612,63.3084],[-129.1793,63.3701],[-128.9947,63.3923],[-128.7897,63.4572],[-128.6407,63.4612],[-128.4428,63.586],[-128.2222,63.6291],[-128.1234,63.6021],[-127.9121,63.7625],[-127.9089,63.9405],[-127.9899,64.0356],[-128.2183,64.1521],[-127.958,64.2436],[-127.743,64.2605],[-127.4536,64.2468],[-127.2115,64.2612],[-126.7117,64.1697],[-126.3089,64.3206],[-126.0831,64.315],[-125.9955,64.255],[-125.7578,64.2038],[-125.5692,64.1915],[-125.2279,64.2744],[-124.8668,64.2848],[-124.91,64.3807],[-124.7947,64.4249]]},"properties":{"name":"Keele","scalerank":9,"min_zoom":7.1}},
{"type":"Feature","geometry":{"type":"LineString","coordinates":[[-67.129,46.8135],[-67.1904,46.5943],[-67.1569,46.5224],[-66.9503,46.4993],[-66.8331,46.5683],[-66.6774,46.5935],[-66.5817,46.58],[-66.4783,46.4795],[-66.0533,46.5808],[-65.9385,46.5928],[-65.7976,46.6601],[-65.824,46.7287],[-65.7824,46.8272],[-65.6523,46.8858],[-65.5524,47.0128],[-65.3675,47.0878]]},"properties":{"name":"Miramichi","scalerank":9,"min_zoom":7.1}},
{"type":"Feature","geometry":{"type":"LineString","coordinates":[[-77.4628,48.4515],[-77.6029,48.2801],[-77.7707,48.1983],[-77.9307,48.1968],[-78.0245,48.2665],[-78.105,48.4693],[-78.1053,48.5662],[-78.0109,48.6297],[-77.9881,48.7852],[-78.0757,48.8247],[-78.1302,48.9924],[-78.0655,49.0411],[-78.0738,49.2224],[-78.1896,49.3223],[-78.2144,49.4063],[-78.4788,49.588],[-78.5527,49.6984],[-78.5627,49.7776],[-78.6548,49.8751],[-78.8794,49.9913],[-78.9227,50.0342],[-78.8921,50.1289],[-78.9704,50.2026],[-79.0169,50.4025],[-79.1218,50.5847],[-79.3342,50.7269]]},"properties":{"name":"Harricana","scalerank":9,"min_zoom":7.1}},
{"type":"Feature","geometry":{"type":"LineString","coordinates":[[-99.8831,23.949],[-99.796,24.0165],[-99.822,24.1188],[-99.7403,24.1773],[-99.5517,24.1444],[-99.5031,24.1695],[-99.285,24.1658],[-99.2528,24.1035],[-99.0284,24.0618],[-98.966,24.0657],[-98.7718,24.0292]]},"properties":{"name":"Purificacin","scalerank":9,"min_zoom":7.1}},
{"type":"Feature","geometry":{"type":"LineString","coordinates":[[-76.484,2.354],[-76.538,2.4498],[-76.7255,2.5093],[-76.7696,2.6082],[-76.6924,2.7628],[-76.713,2.9393],[-76.5895,3.0384],[-76.5605,3.1011],[-76.4437,3.2196],[-76.4441,3.3939],[-76.4827,3.485],[-76.4141,3.7202],[-76.3529,3.8021],[-76.3664,3.8629],[-76.2893,3.9986],[-76.3135,4.067],[-76.2227,4.1612],[-76.0947,4.4816],[-76.0173,4.6079],[-76.0326,4.6675],[-75.9879,4.7751],[-75.8989,4.9007],[-75.8277,4.889],[-75.7836,5.0003],[-75.6983,5.135],[-75.681,5.2462],[-75.6378,5.3184],[-75.5814,5.5424],[-75.6238,5.7587],[-75.7106,5.8468],[-75.8512,5.9456],[-75.869,6.0604],[-75.8465,6.1782],[-75.8607,6.2444],[-75.8393,6.4475],[-75.8,6.5507],[-75.8575,6.6869],[-75.8562,6.8234],[-75.8164,6.9877],[-75.7626,7.09],[-75.6837,7.1055],[-75.401,7.298],[-75.3288,7.3749],[-75.3178,7.4451],[-75.3662,7.5816],[-75.2905,7.6636],[-75.1744,7.8975],[-75.1931,7.9898],[-74.8113,8.062],[-74.7828,8.1953],[-74.7284,8.2455],[-74.5909,8.3109],[-74.5506,8.4627],[-74.5643,8.5655],[-74.5301,8.6613],[-74.5364,8.7299],[-74.4818,8.8123],[-74.4825,8.8964],[-74.5506,9.0006],[-74.6263,9.021],[-74.733,9.1225],[-74.756,9.2134],[-74.7041,9.3165],[-74.7499,9.4257]]},"properties":{"name":"Cauca","scalerank":9,"min_zoom":7.1}},
{"type":"Feature","geometry":{"type":"LineString","coordinates":[[-73.1801,8.0484],[-73.2242,8.1216],[-73.2895,8.355],[-73.2908,8.4439],[-73.2515,8.4759],[-73.2181,8.5873],[-73.1094,8.6707],[-73.0113,8.6647],[-72.9415,8.7355],[-73.0125,8.9222],[-72.755,9.1104],[-72.574,9.1473],[-72.4289,9.0874],[-72.2963,9.1036],[-72.2682,9.1802],[-72.1502,9.2644],[-72.0322,9.2544],[-72.0265,9.3055],[-71.9308,9.2914],[-71.796,9.3978]]},"properties":{"name":null,"scalerank":9,"min_zoom":7.1}},
{"type":"Feature","geometry":{"type":"MultiLineString","coordinates":[[[-69.2605,10.2475],[-69.2071,10.1183],[-69.1328,10.0862],[-69.0773,9.9308],[-68.9903,9.8178],[-68.9752,9.7105],[-68.911,9.5554],[-68.8851,9.4046],[-68.7017,9.2432],[-68.6299,9.2134],[-68.4513,8.9956],[-68.351,8.9916],[-68.311,8.9122],[-68.1105,8.6927],[-68.0419,8.544],[-67.772,8.2429],[-67.6776,8.2094],[-67.6225,8.0962],[-67.5803,8.0662],[-67.5443,7.9587]],[[-67.6293,7.9932],[-67.5443,7.9587]],[[-67.5443,7.9587],[-67.5382,7.9169],[-67.338,7.889],[-67.2266,7.7984],[-67.1398,7.7722],[-67.0569,7.7974],[-66.7649,7.755],[-66.5522,7.7938],[-66.3949,7.7278],[-66.3305,7.6494]],[[-67.5443,7.9587],[-67.545,7.9584]]]},"properties":{"name":"Cojedes","scalerank":9,"min_zoom":7.1}},
{"type":"Feature","geometry":{"type":"LineString","coordinates":[[-64.0511,4.7274],[-64.147,4.7447],[-64.26,4.8915],[-64.227,5.0641],[-64.1612,5.1116],[-64.1481,5.2254],[-64.2748,5.4188],[-64.313,5.5401],[-64.2934,5.5851],[-64.3949,5.6426],[-64.4154,5.7047],[-64.3839,5.7852],[-64.4511,5.8919],[-64.4283,5.9537],[-64.4721,6.186],[-64.4618,6.2712],[-64.6345,6.3831],[-64.7772,6.3372],[-64.7967,6.3786],[-64.7733,6.5101],[-64.8259,6.585],[-64.7784,6.6321],[-64.8304,6.776],[-64.8126,6.8418],[-64.8747,6.9653],[-64.9914,7.0472],[-65.0329,7.1486],[-65.2063,7.246],[-65.1693,7.302],[-65.2105,7.3489],[-65.2174,7.5413],[-65.1486,7.5924],[-65.0375,7.5352],[-64.9191,7.5822],[-64.8732,7.666]]},"properties":{"name":null,"scalerank":9,"min_zoom":7.1}},
{"type":"Feature","geometry":{"type":"MultiLineString","coordinates":[[[28.5203,-26.9974],[28.5191,-26.9966],[28.4262,-26.9828],[28.3858,-26.933],[28.1236,-26.8666]],[[26.0908,-27.6034],[26.0009,-27.6428],[25.8658,-27.6179],[25.7984,-27.5807],[25.6223,-27.6685]]]},"properties":{"name":"Vaal","scalerank":4,"min_zoom":4}},
{"type":"Feature","geometry":{"type":"MultiLineString","coordinates":[[[30.1348,-26.3833],[30.186,-26.4164],[30.2346,-26.5103],[30.2136,-26.5785],[30.0007,-26.7505],[29.7898,-26.829],[29.4949,-26.8732],[29.4542,-26.9305],[29.2882,-26.9076],[29.1587,-27.0283],[29.0623,-27.0441]],[[28.1236,-26.8666],[28.0437,-26.818],[27.9695,-26.6714],[27.8821,-26.7245],[27.7737,-26.7505],[27.5192,-26.7808],[27.4801,-26.874],[27.4073,-26.8945],[27.3072,-26.8625],[27.1777,-26.9245],[27.0437,-26.9289],[26.914,-26.8901],[26.6446,-26.9994],[26.4895,-27.1386],[26.4108,-27.1769],[26.4858,-27.2538],[26.45,-27.353],[26.2494,-27.4261],[26.2284,-27.4893],[26.0908,-27.6034]],[[29.0561,-27.0441],[28.9584,-26.995],[28.8225,-27.0392],[28.6515,-26.9559],[28.6411,-27.0099],[28.5191,-26.9966]],[[25.6223,-27.6685],[25.4212,-27.7105],[25.2403,-27.8231],[25.2249,-27.8776],[25.1289,-27.9292],[25.0532,-28.0583],[24.9487,-28.0983],[24.8062,-28.1011],[24.7317,-28.1924],[24.6921,-28.2824],[24.7101,-28.4527],[24.6655,-28.5047],[24.4089,-28.5731],[24.3903,-28.4787],[24.2753,-28.4118],[24.0595,-28.6582],[24.0236,-28.7316],[24.0327,-28.8056],[23.8677,-29.0117],[23.6281,-29.0731]]]},"properties":{"name":"Vaal","scalerank":4,"min_zoom":4}},
{"type":"Feature","geometry":{"type":"LineString","coordinates":[[-67.2533,0.0594],[-67.2955,0.0372],[-67.406,0.0491],[-67.5018,0.0264],[-67.7468,0.1039],[-67.8189,0.0944],[-67.9808,0.1538],[-68.04,0.0756],[-68.1111,0.0943],[-68.1424,0.0467],[-68.2563,0.0049],[-68.4314,0.0918],[-68.4118,0.2389],[-68.5642,0.2581],[-68.6947,0.3256],[-68.7305,0.4108],[-68.8568,0.386],[-68.9465,0.4319],[-68.9979,0.419],[-69.0694,0.4977],[-69.1116,0.3835],[-69.1749,0.4183],[-69.1577,0.5413],[-69.2147,0.6231],[-69.1383,0.6502],[-69.2051,0.9439],[-69.2751,1.0284],[-69.3396,1.0643],[-69.4189,1.0288],[-69.4791,1.0609],[-69.6207,1.0729],[-69.7168,1.0587],[-69.7634,1.0913],[-69.853,1.0596],[-69.9271,0.9874],[-69.9859,1.0274],[-69.9409,1.1072],[-70.1549,1.3079],[-70.2318,1.3015],[-70.3518,1.147],[-70.4704,1.1022],[-70.5814,1.1668],[-70.7317,1.2202],[-70.7672,1.1608],[-70.7069,1.0838],[-70.7358,0.9746],[-70.724,0.9078],[-71.0283,0.8771],[-71.0321,0.9339],[-71.2622,0.9996]]},"properties":{"name":"Uaupés","scalerank":9,"min_zoom":7.1}},
{"type":"Feature","geometry":{"type":"LineString","coordinates":[[-78.6204,-1.9975],[-78.626,-1.8605],[-78.5996,-1.7803],[-78.6442,-1.7557],[-78.6081,-1.6371],[-78.5235,-1.5584],[-78.5045,-1.4433],[-78.3912,-1.3817],[-78.2729,-1.3872],[-78.1479,-1.4511],[-78.0764,-1.6254],[-78.022,-1.6608],[-77.9143,-1.6681],[-77.8384,-1.9128],[-77.7533,-1.9509],[-77.7237,-2.0111],[-77.3844,-2.1543],[-77.1232,-2.3137],[-77.0172,-2.4772],[-76.9184,-2.5405],[-76.8315,-2.53],[-76.726,-2.5771],[-76.6615,-2.5666],[-76.6068,-2.7311],[-76.4377,-2.8486],[-76.4014,-2.9313],[-76.4521,-3.0417],[-76.4108,-3.2101],[-76.36,-3.2923],[-76.319,-3.4443],[-76.2701,-3.537],[-76.2978,-3.6169],[-76.4077,-3.6839],[-76.4835,-3.931],[-76.4712,-4.1073],[-76.5858,-4.2251],[-76.579,-4.2752],[-76.6343,-4.3759],[-76.6091,-4.5013],[-76.5726,-4.568],[-76.5813,-4.6413],[-76.4995,-4.7402],[-76.4357,-4.8565],[-76.435,-4.9165]]},"properties":{"name":"Santiago","scalerank":9,"min_zoom":7.1}},
{"type":"Feature","geometry":{"type":"LineString","coordinates":[[-60.3941,-5.1479],[-60.3773,-5.2009],[-60.4173,-5.4225],[-60.4011,-5.55],[-60.265,-5.7238],[-60.2447,-5.8693],[-60.1856,-6.0317],[-60.2119,-6.1508],[-60.3228,-6.2634],[-60.3322,-6.3639],[-60.4245,-6.5536],[-60.4342,-6.6292],[-60.4042,-6.7414],[-60.595,-6.9911],[-60.6979,-7.0019],[-60.7582,-7.0645],[-60.7413,-7.1428],[-60.6722,-7.1904],[-60.6424,-7.3525],[-60.6888,-7.5644],[-60.7417,-7.6108],[-60.8821,-7.6719],[-60.9825,-7.8276],[-60.9672,-7.8788],[-61.033,-7.965],[-61.0595,-8.0477],[-61.0384,-8.1479],[-60.9385,-8.2035],[-60.7807,-8.1836],[-60.7308,-8.246],[-60.8091,-8.3906],[-60.7574,-8.5594],[-60.7804,-8.6615],[-60.7197,-8.7131],[-60.7316,-8.8622],[-60.7169,-8.9369],[-60.6332,-9.0132],[-60.5871,-9.1196],[-60.6451,-9.2108],[-60.5452,-9.3781],[-60.5185,-9.453]]},"properties":{"name":"Aripuanã","scalerank":9,"min_zoom":7.1}},
{"type":"Feature","geometry":{"type":"LineString","coordinates":[[-57.9285,-14.2914],[-57.9028,-14.1608],[-57.8049,-13.9028],[-57.7003,-13.7587],[-57.6686,-13.5687],[-57.6107,-13.4665],[-57.6217,-13.3305],[-57.4873,-13.0991],[-57.3413,-12.9185],[-57.3527,-12.8102],[-57.4668,-12.695],[-57.545,-12.4038],[-57.6026,-12.3554],[-57.7684,-12.2878],[-57.7951,-12.2038],[-57.9603,-12.1265],[-58.0322,-12.1122],[-58.0769,-11.9279],[-58.1835,-11.7988],[-58.2824,-11.7149],[-58.3231,-11.6112],[-58.4133,-11.5304],[-58.3949,-11.3183],[-58.4713,-11.32],[-58.5682,-11.2219],[-58.5568,-11.1362],[-58.5747,-11.0768],[-58.6182,-11.0576],[-58.6335,-11.0405],[-58.6659,-10.9887]]},"properties":{"name":"Teles Pires","scalerank":9,"min_zoom":7.1}},
{"type":"Feature","geometry":{"type":"LineString","coordinates":[[-64.8747,-2.0185],[-64.7301,-1.9334],[-64.654,-1.9365],[-64.5801,-1.8848],[-64.4545,-1.7162],[-64.3887,-1.7055],[-64.3021,-1.6486],[-64.1451,-1.6554],[-64.0864,-1.6828],[-63.9925,-1.6611],[-63.7977,-1.6681],[-63.6897,-1.6297],[-63.5384,-1.6349],[-63.3209,-1.5097],[-63.1221,-1.5561],[-63.0381,-1.5524],[-62.7159,-1.738],[-62.6818,-1.7175],[-62.5845,-1.8154],[-62.5692,-1.8677],[-62.4832,-1.8882],[-62.458,-1.8232],[-62.3563,-1.8163],[-62.2003,-1.7306],[-62.0848,-1.7238],[-62.0328,-1.7626],[-61.8297,-1.6831],[-61.6573,-1.6457],[-61.5371,-1.6594],[-61.4919,-1.6703],[-61.4322,-1.6917]]},"properties":{"name":"Unini","scalerank":9,"min_zoom":7.1}},
{"type":"Feature","geometry":{"type":"LineString","coordinates":[[-74.5705,2.138],[-74.5876,2.0697],[-74.5116,1.91],[-74.4786,1.8844],[-74.1581,1.8148],[-74.07,1.7744],[-73.9742,1.7749],[-73.9334,1.7239],[-73.8358,1.7393],[-73.5395,1.6968],[-73.4487,1.7257],[-73.2549,1.6696],[-73.1373,1.6176],[-72.938,1.5939],[-72.9197,1.5261],[-72.7797,1.4138],[-72.7284,1.2188],[-72.5447,1.1036],[-72.4742,1.085],[-72.4177,1.0259],[-72.4031,0.9473],[-72.3116,0.8135],[-72.2383,0.7365],[-72.1068,0.7102],[-72.0087,0.6333],[-71.9952,0.5762],[-71.9267,0.5394],[-71.9365,0.4866],[-71.7872,0.3732],[-71.6891,0.2582],[-71.5386,0.1776],[-71.4215,0.1916],[-71.2995,0.1112],[-71.174,0.1157],[-71.1402,0.0377],[-71.0421,-0.0026],[-70.9967,0.0087],[-70.942,-0.0558],[-70.9392,-0.1458],[-70.8531,-0.3125],[-70.7606,-0.2807],[-70.5676,-0.3598],[-70.501,-0.3596],[-70.4485,-0.4657],[-70.3536,-0.475],[-70.2805,-0.4048],[-70.2215,-0.447],[-70.2842,-0.5057],[-70.2402,-0.5807],[-70.2348,-0.7202],[-70.2732,-0.7521],[-70.2128,-0.8525],[-70.2799,-0.9338],[-70.1385,-1.0715],[-70.0725,-1.0441],[-70.1242,-0.9745],[-69.9255,-0.9167],[-69.9475,-1.0292],[-69.7953,-1.0439],[-69.7317,-0.9922],[-69.662,-1.0399],[-69.66,-1.1225],[-69.5793,-1.1357],[-69.4549,-1.1999]]},"properties":{"name":"Ajajú","scalerank":9,"min_zoom":7.1}},
{"type":"Feature","geometry":{"type":"LineString","coordinates":[[-66.7591,-2.7084],[-66.8534,-2.7388],[-67.0336,-2.8778],[-67.2831,-3.0986],[-67.3678,-3.155],[-67.4964,-3.3132],[-67.5284,-3.4046],[-67.4801,-3.4751],[-67.5172,-3.5449],[-67.4984,-3.7153],[-67.5015,-3.8355],[-67.6812,-3.8443],[-67.7267,-3.9062],[-67.8363,-3.9629],[-67.8431,-4.143],[-67.9093,-4.216],[-67.9128,-4.3096],[-67.9809,-4.5002],[-68.1016,-4.6341],[-68.1854,-4.6343],[-68.37,-4.6722],[-68.3923,-4.7232],[-68.5571,-4.8114],[-68.7728,-4.974],[-68.8961,-5.1611],[-68.9366,-5.2697],[-69.0835,-5.5073],[-69.1865,-5.5815],[-69.1998,-5.6343],[-69.3411,-5.69],[-69.4916,-5.8265]]},"properties":{"name":"Jutaí","scalerank":9,"min_zoom":7.1}},
{"type":"Feature","geometry":{"type":"LineString","coordinates":[[-52.6214,-14.7743],[-52.5588,-14.7009],[-52.2523,-14.6476],[-52.0275,-14.6431],[-51.8777,-14.494],[-51.7545,-14.4258],[-51.6956,-14.3188],[-51.731,-14.1512],[-51.7085,-14.0129],[-51.6467,-13.9115],[-51.6171,-13.7961],[-51.5453,-13.6454],[-51.4914,-13.6137],[-51.4557,-13.5306],[-51.3213,-13.3088],[-51.2902,-13.2316],[-51.139,-13.0503],[-51.1383,-12.952],[-51.0526,-12.8874],[-51.0046,-12.7051],[-50.9436,-12.6093],[-50.996,-12.4623],[-50.9775,-12.2915],[-50.8335,-12.0682],[-50.855,-12.0327],[-50.7646,-11.8112],[-50.7174,-11.749]]},"properties":{"name":"Rio das Mortes","scalerank":9,"min_zoom":7.1}},
{"type":"Feature","geometry":{"type":"LineString","coordinates":[[-55.853,-21.8167],[-55.9547,-21.7927],[-56.069,-21.6987],[-56.1157,-21.6264],[-56.0937,-21.5047],[-56.1652,-21.3978],[-56.1584,-21.3021],[-56.1933,-21.1191],[-56.1614,-20.9203],[-56.1219,-20.7658],[-56.0858,-20.7541],[-56.1375,-20.6249],[-56.263,-20.6128],[-56.3843,-20.4585],[-56.3774,-20.2758],[-56.4869,-20.1885],[-56.5519,-20.0446],[-56.7301,-20.0243],[-56.8334,-19.826],[-56.8337,-19.7333],[-56.9013,-19.6533],[-56.9901,-19.6232],[-56.987,-19.5617],[-57.1037,-19.4798],[-57.2829,-19.4776],[-57.3439,-19.404]]},"properties":{"name":"Miranda","scalerank":9,"min_zoom":7.1}},
{"type":"Feature","geometry":{"type":"LineString","coordinates":[[-53.6297,-18.9037],[-53.6181,-19.013],[-53.5663,-19.1782],[-53.6024,-19.2507],[-53.4789,-19.5275],[-53.4905,-19.633],[-53.4409,-19.7782],[-53.3656,-19.8975],[-53.2065,-20.0283],[-53.1151,-20.1576],[-53.0674,-20.3221],[-52.9233,-20.4183],[-52.8332,-20.508],[-52.6149,-20.6821],[-52.5179,-20.793],[-52.3624,-20.884],[-52.2914,-20.9595],[-52.1987,-20.9843],[-51.9578,-21.1454],[-51.8905,-21.1862],[-51.8682,-21.1922]]},"properties":{"name":"Verde","scalerank":9,"min_zoom":7.1}},
{"type":"Feature","geometry":{"type":"LineString","coordinates":[[123.5662,56.5277],[123.4456,56.5499],[123.0918,56.5535],[123.0657,56.6586],[123.1584,56.7781],[123.204,57.0117],[123.5416,57.2838],[123.5264,57.3691],[123.6215,57.4779],[123.5226,57.4985],[123.5256,57.6237],[123.5821,57.6931],[123.7009,57.6459],[123.8383,57.7623],[123.706,57.9284],[123.7136,58.0269],[123.776,58.1425],[123.9299,58.1854],[124.0216,58.3204],[124.2568,58.3176],[124.3291,58.392],[124.3151,58.4615],[124.5068,58.705],[124.7792,58.812],[124.9959,58.836],[125.11,58.9157],[125.1321,58.9818],[125.2778,59.0167],[125.3622,59.0825],[125.2963,59.128],[125.3512,59.197],[125.3079,59.3013],[125.5524,59.2742],[125.7602,59.1214],[126.0039,59.0479],[126.0959,59.0513],[126.3015,58.9284],[126.5888,58.8448],[126.6837,58.8638],[127.0322,58.7818],[127.1272,58.7216],[127.2501,58.8129],[127.4937,58.7865],[127.6335,58.859],[127.8136,58.8132],[127.8193,58.7288],[127.9367,58.6768],[128.0381,58.7132],[128.1209,58.8201],[128.2389,58.8184],[128.3054,58.7459],[128.4946,58.8378],[128.5338,58.6993],[128.6441,58.6895],[128.7356,58.5551],[129.0152,58.531],[129.0913,58.5047],[129.4046,58.5579],[129.7426,58.4803],[130.0073,58.5748],[130.1211,58.6558],[130.304,58.614],[130.5742,58.611],[130.6177,58.691],[130.5776,58.8201],[130.6738,58.8806],[131.0061,58.9179],[131.0876,58.9529],[131.3059,58.9117],[131.3455,58.974],[131.5032,58.9361],[131.6063,58.9982],[131.709,58.9812],[131.9355,59.0867],[131.9822,59.1865],[132.1734,59.1638],[132.3819,59.2515],[132.4401,59.3105],[132.5725,59.3141],[132.7729,59.4213],[132.9483,59.3802],[133.0986,59.4882],[133.1065,59.6043],[133.3124,59.6397],[133.5191,59.7763],[133.7781,59.9857],[133.9157,60.067],[134.0791,60.2084],[134.2447,60.2657],[134.5537,60.4438],[134.7799,60.4593],[134.9977,60.3611],[135.1087,60.383],[135.1433,60.4737],[135.0929,60.5357],[134.928,60.6018],[134.9539,60.7369],[135.0816,60.7675],[135.1668,60.8415],[135.3074,60.8776],[135.374,61.0001],[135.5274,61.1524],[135.4501,61.3069],[135.5251,61.3788],[135.3368,61.4246],[135.3784,61.5093],[135.5117,61.5524],[135.5272,61.6394],[135.353,61.6292],[135.2017,61.7084],[135.1842,61.7614],[135.5357,61.8162],[135.5241,61.9332],[135.7437,62.0435],[135.6588,62.1875],[135.8208,62.2259],[135.8819,62.2849],[135.6529,62.452],[135.516,62.6807],[135.3614,62.6804],[135.2507,62.6064],[135.1534,62.6431],[134.9216,62.6317],[134.5938,62.7303],[134.4751,62.7998],[134.3266,62.8225],[134.1734,62.8979],[134.2105,62.9816],[133.9794,62.9987],[133.9394,63.0629],[134.0077,63.144],[133.8775,63.1693],[133.6943,63.1525],[133.4234,63.0585],[133.242,63.0778],[133.1152,63.1567],[133.2446,63.2491],[133.2263,63.3796],[132.9785,63.392],[132.4404,63.3421],[132.2169,63.2866],[132.0337,63.3033],[131.8307,63.3577],[131.4194,63.4138],[131.3081,63.3987],[131.1132,63.3031],[130.8346,63.2994],[130.5619,63.3614],[130.3453,63.339],[130.1718,63.3937],[129.8311,63.4371],[129.6716,63.4296],[129.3837,63.4899]]},"properties":{"name":"Aldan","scalerank":4,"min_zoom":4}},
{"type":"Feature","geometry":{"type":"LineString","coordinates":[[-53.3614,-17.8731],[-53.4047,-17.9855],[-53.4938,-18.0117],[-53.6048,-17.9929],[-53.7283,-18.008],[-53.9418,-17.9282],[-54.0606,-17.9699],[-54.1589,-18.0737],[-54.5482,-18.1942],[-54.6129,-18.2709],[-54.673,-18.4604],[-54.7302,-18.514],[-54.8396,-18.4321],[-54.9899,-18.4242],[-55.0605,-18.3129],[-55.1581,-18.2341],[-55.373,-18.2559],[-55.426,-18.2329],[-55.6565,-18.2346],[-55.7898,-18.2227],[-55.9547,-18.2499],[-56.0315,-18.2944],[-56.2093,-18.3095],[-56.6311,-18.4389],[-56.9029,-18.6308],[-57.15,-18.894],[-57.23,-19.0589],[-57.2182,-19.1455],[-57.3136,-19.3784]]},"properties":{"name":"Taquari","scalerank":9,"min_zoom":7.1}},
{"type":"Feature","geometry":{"type":"LineString","coordinates":[[-61.6471,-15.4776],[-61.6827,-15.3814],[-61.7427,-15.3677],[-61.776,-15.2673],[-61.9092,-15.1475],[-61.9988,-15.1182],[-62.0512,-15.0046],[-62.13,-14.933],[-62.1575,-14.806],[-62.1764,-14.5873],[-62.1998,-14.5412],[-62.3046,-14.4799],[-62.3544,-14.3333],[-62.4556,-14.2492],[-62.4938,-14.1132],[-62.5909,-14.076],[-62.6918,-14.1137],[-62.7771,-14.0233],[-62.8129,-13.9173],[-62.9704,-13.7914],[-63.034,-13.6533],[-63.1996,-13.5532],[-63.3214,-13.4559],[-63.5137,-13.2551],[-63.5915,-13.1249],[-63.729,-13.1314],[-63.8137,-13],[-63.8245,-12.8996],[-63.8884,-12.7513],[-64.044,-12.6874],[-64.1542,-12.5622],[-64.2796,-12.5351],[-64.2963,-12.4833]]},"properties":{"name":"San Martin","scalerank":9,"min_zoom":7.1}},
{"type":"Feature","geometry":{"type":"LineString","coordinates":[[-61.8799,-22.3101],[-61.7228,-22.4839],[-61.5824,-22.5093],[-61.3318,-22.5763],[-61.2517,-22.6289],[-61.034,-22.6532],[-60.888,-22.7186],[-60.8014,-22.7153],[-60.6705,-22.8097],[-60.5027,-22.8759],[-60.39,-22.8965],[-60.2835,-22.8719],[-60.1902,-22.9165],[-60.0091,-22.9575],[-59.9199,-23.0202],[-59.7211,-23.091],[-59.6665,-23.0629],[-59.5458,-23.0985],[-59.4747,-23.091],[-59.3878,-23.1454],[-59.3102,-23.1455],[-59.1799,-23.2138],[-58.9676,-23.1728],[-58.9164,-23.2275],[-58.8441,-23.2138],[-58.7228,-23.2507],[-58.6334,-23.249],[-58.5911,-23.3071],[-58.4258,-23.3584],[-58.2902,-23.329],[-58.1111,-23.3647],[-58.0067,-23.2822],[-57.8655,-23.2376],[-57.7684,-23.0698],[-57.8158,-23.0615],[-57.824,-23.0209],[-57.7821,-23.0077]]},"properties":{"name":"Verde","scalerank":9,"min_zoom":7.1}},
{"type":"Feature","geometry":{"type":"LineString","coordinates":[[-71.9121,-47.9116],[-71.8268,-48.022],[-71.6542,-48.1009],[-71.4248,-48.1391],[-71.2786,-48.2368],[-71.0723,-48.3207],[-70.8428,-48.3835],[-70.5907,-48.4321],[-70.5202,-48.4678],[-70.5345,-48.5439],[-70.6733,-48.6249],[-70.6821,-48.6845],[-70.5965,-48.7465],[-70.3808,-48.7539],[-70.2378,-48.8461],[-70.2251,-48.911],[-70.2889,-48.9681],[-70.2308,-49.0833],[-69.8854,-49.2269],[-69.7523,-49.2958],[-69.6277,-49.4207],[-69.5539,-49.5415],[-69.3457,-49.5558],[-69.1002,-49.6219],[-68.789,-49.6872],[-68.738,-49.7271]]},"properties":{"name":"Chico","scalerank":9,"min_zoom":7.1}},
{"type":"Feature","geometry":{"type":"LineString","coordinates":[[-72.2933,-52.1577],[-72.087,-52.1167],[-71.9927,-51.9987],[-71.8438,-51.9133],[-71.6697,-51.8944],[-71.5736,-51.7963],[-71.402,-51.8418],[-71.292,-51.8107],[-70.7795,-51.8218],[-70.5915,-51.8094],[-70.2886,-51.6828],[-69.9482,-51.6303],[-69.6168,-51.6252]]},"properties":{"name":"Gallegos","scalerank":9,"min_zoom":7.1}},
{"type":"Feature","geometry":{"type":"LineString","coordinates":[[-70.0306,-32.9063],[-70.1769,-32.872],[-70.3192,-32.9116],[-70.3894,-32.87],[-70.6683,-32.7954],[-70.7592,-32.7162],[-70.8395,-32.7682],[-71.1161,-32.8255],[-71.2139,-32.8014],[-71.3402,-32.9097],[-71.5476,-32.9227]]},"properties":{"name":"Rio Rapel","scalerank":9,"min_zoom":7.1}},
{"type":"Feature","geometry":{"type":"LineString","coordinates":[[-8.4442,7.5373],[-8.3883,7.3151],[-8.3032,7.1378],[-8.2847,7.0181],[-8.3206,6.9602],[-8.3164,6.864],[-8.3524,6.7556],[-8.462,6.6336],[-8.6192,6.493],[-8.6595,6.3762],[-8.7579,6.2059],[-8.854,6.1213],[-8.8538,6.0353],[-8.9273,6.0143],[-8.9383,5.9428],[-8.9008,5.8936],[-8.9441,5.8355],[-9.1077,5.817],[-9.1536,5.7128],[-9.2647,5.661],[-9.3697,5.5751],[-9.5807,5.4645]]},"properties":{"name":"Cess","scalerank":9,"min_zoom":7.1}},
{"type":"Feature","geometry":{"type":"LineString","coordinates":[[-10.9485,9.6553],[-11.0677,9.6972],[-11.1431,9.6608],[-11.1965,9.5671],[-11.2943,9.5226],[-11.4631,9.3712],[-11.5686,9.3261],[-11.7114,9.2975],[-11.7098,9.1301],[-11.868,8.9725],[-11.8676,8.8756],[-11.9028,8.7629],[-11.9825,8.6955],[-12.0583,8.6995],[-12.1944,8.6018],[-12.2773,8.6638],[-12.2773,8.7429],[-12.5076,8.6219],[-12.5829,8.6543],[-12.6776,8.5942],[-12.7914,8.5611],[-12.8697,8.5692]]},"properties":{"name":"Rokel","scalerank":9,"min_zoom":7.1}},
{"type":"Feature","geometry":{"type":"LineString","coordinates":[[3.4919,8.7691],[3.5915,8.6709],[3.6997,8.6045],[3.7849,8.4803],[3.8027,8.3282],[3.7324,8.1377],[3.7421,7.9998],[3.7149,7.7648],[3.593,7.6596],[3.569,7.4883],[3.4274,7.3469],[3.334,7.278],[3.3425,7.195],[3.3163,7.09],[3.3416,7.0316],[3.3241,6.9279],[3.3809,6.881],[3.3469,6.7427],[3.3981,6.6194],[3.4596,6.5906]]},"properties":{"name":"Ogun","scalerank":9,"min_zoom":7.1}},
{"type":"Feature","geometry":{"type":"LineString","coordinates":[[23.052,-32.2324],[23.0459,-32.4686],[23.0027,-32.6976],[23.1518,-32.8647],[23.422,-33.0002],[23.4714,-33.062],[23.5401,-33.0717],[23.5969,-33.1718],[23.698,-33.1992],[23.8633,-33.1771],[24.2651,-33.2539],[24.3611,-33.3013],[24.4675,-33.4179],[24.632,-33.4247],[24.6628,-33.4937],[24.6767,-33.6426],[24.5983,-33.6896],[24.6201,-33.7455],[24.7243,-33.7316],[24.8626,-33.8182],[24.9253,-33.903],[25.0191,-33.966]]},"properties":{"name":"Gamtoos","scalerank":9,"min_zoom":7.1}},
{"type":"Feature","geometry":{"type":"MultiLineString","coordinates":[[[-111.0414,43.175],[-111.1859,43.3382]],[[-112.8637,42.8131],[-112.6395,43.0235]],[[-113.3163,42.6536],[-113.4722,42.675]]]},"properties":{"name":"Snake","scalerank":4,"min_zoom":4}},
{"type":"Feature","geometry":{"type":"MultiLineString","coordinates":[[[-119.0521,46.2238],[-118.9889,46.1866],[-118.9194,46.0799],[-118.9194,46.0798]],[[-110.6306,43.8371],[-110.6432,43.7517],[-110.7247,43.6626],[-110.7677,43.5393],[-110.8431,43.4998],[-110.8187,43.4134],[-110.7357,43.3917],[-110.7193,43.3252],[-110.8054,43.2126],[-110.9362,43.2117],[-111.0414,43.175]],[[-111.1881,43.3389],[-111.4017,43.4843],[-111.4325,43.5869],[-111.5895,43.6064],[-111.8365,43.7237],[-111.886,43.7664],[-112.0298,43.7778],[-112.0762,43.6947],[-112.0225,43.5321],[-112.2023,43.2919],[-112.4652,43.1641],[-112.6393,43.0235]],[[-112.8644,42.8119],[-112.8948,42.758],[-113.0487,42.6536],[-113.2472,42.6325],[-113.3163,42.6536]],[[-113.4739,42.6748],[-113.5599,42.6459],[-113.6371,42.5612],[-113.8629,42.5633],[-114.1195,42.5137],[-114.166,42.5444],[-114.4881,42.6201],[-114.5933,42.6598],[-114.7789,42.6748],[-114.8321,42.7615],[-114.916,42.8025],[-114.901,42.8873],[-114.9626,42.9232],[-115.1276,42.9192],[-115.1995,43.0057],[-115.3048,42.9566],[-115.4377,42.936],[-115.6227,42.9691],[-115.7086,42.9486],[-115.7754,42.9969],[-115.9244,43.0202],[-115.9906,42.9644],[-116.1739,43.0589],[-116.1964,43.1069],[-116.3459,43.1835],[-116.4166,43.3054],[-116.5549,43.3225],[-116.7576,43.4896],[-116.7825,43.5755],[-116.9587,43.6852],[-117.0771,43.71],[-116.9712,43.8933],[-116.9342,44.0285],[-116.9688,44.0834],[-116.897,44.1858],[-116.9861,44.2718],[-117.1951,44.2976],[-117.2038,44.4824],[-117.1356,44.537],[-117.0106,44.7499],[-116.9173,44.8025],[-116.8329,44.9198],[-116.8236,45.0357],[-116.7175,45.1513],[-116.6492,45.3474],[-116.463,45.5819],[-116.5302,45.7515],[-116.779,45.8664],[-116.8387,45.9097],[-116.9024,46.0463],[-116.9607,46.1047],[-116.9092,46.1833],[-117.0441,46.3784],[-117.0475,46.4459],[-117.1962,46.4392],[-117.2297,46.5416],[-117.3621,46.6203],[-117.4475,46.705],[-117.5997,46.6906],[-117.6713,46.7189],[-117.7801,46.6415],[-117.903,46.6031],[-118.1669,46.5719],[-118.2296,46.6149],[-118.4624,46.6013],[-118.5846,46.5336],[-118.6138,46.4435],[-118.7838,46.3111],[-119.0299,46.2152]]]},"properties":{"name":"Columbia","scalerank":4,"min_zoom":4}},
{"type":"Feature","geometry":{"type":"MultiLineString","coordinates":[[[36.1685,-5.181],[36.0723,-5.3628],[36.0171,-5.4004],[36.032,-5.6063],[36.123,-5.7874],[36.219,-5.9041],[36.23,-5.9711],[36.2988,-6.0685],[36.3333,-6.2035],[36.3088,-6.2775],[36.4251,-6.439],[36.6339,-6.5415],[36.7276,-6.638],[36.9363,-6.747],[36.9752,-6.8233],[37.1103,-6.8456],[37.2146,-6.8945],[37.2779,-6.8828],[37.3552,-6.7953],[37.4601,-6.5973],[37.4502,-6.5278]],[[37.4434,-6.5278],[37.5532,-6.418],[37.6201,-6.3971],[37.733,-6.23],[37.8998,-6.2575],[37.981,-6.2471],[38.0842,-6.1921],[38.2099,-6.2597],[38.3566,-6.2275],[38.564,-6.2337],[38.6323,-6.2597],[38.8102,-6.1885],[38.8473,-6.1579]]]},"properties":{"name":"Wami","scalerank":9,"min_zoom":7.1}},
{"type":"Feature","geometry":{"type":"LineString","coordinates":[[25.8346,-25.0163],[25.8762,-24.8859],[25.8687,-24.7352],[25.9214,-24.6948],[26.0298,-24.5402],[26.0469,-24.475],[26.1926,-24.3867],[26.2256,-24.2969],[26.3108,-24.2551],[26.4648,-24.0876],[26.6465,-24.0126],[26.8897,-23.7687],[26.9588,-23.7482]]},"properties":{"name":"Notwani","scalerank":9,"min_zoom":7.1}},
{"type":"Feature","geometry":{"type":"LineString","coordinates":[[28.3032,-24.7636],[28.4197,-24.7458],[28.5388,-24.6891],[28.6829,-24.6576],[28.7651,-24.563],[28.7839,-24.4859],[28.929,-24.3637],[28.9658,-24.2924],[28.9703,-24.1613],[28.9137,-24.0892],[28.8149,-24.0171],[28.7221,-23.8874],[28.6259,-23.8469],[28.6382,-23.7553],[28.6087,-23.7079],[28.6438,-23.6367],[28.6115,-23.4233],[28.6802,-23.2944],[28.6787,-23.0972],[28.658,-22.9553],[28.6814,-22.875],[28.7403,-22.8617],[28.7704,-22.7944],[28.7593,-22.7171],[28.7896,-22.6304],[28.879,-22.5995],[28.9107,-22.4588]]},"properties":{"name":"Mogalakwena","scalerank":9,"min_zoom":7.1}},
{"type":"Feature","geometry":{"type":"LineString","coordinates":[[29.9324,-22.188],[29.9395,-22.1346],[29.8746,-22.0404],[29.7649,-21.9516],[29.747,-21.8867],[29.5484,-21.6728],[29.4895,-21.5721],[29.4282,-21.5226],[29.3508,-21.2609],[29.3809,-21.1086],[29.3435,-20.9307],[29.2944,-20.8931],[29.2251,-20.7378],[29.1856,-20.5791],[29.1378,-20.5168],[29.0952,-20.393],[28.9802,-20.3906],[28.9063,-20.36],[28.749,-20.3447],[28.629,-20.3677]]},"properties":{"name":"Umzingwani","scalerank":9,"min_zoom":7.1}},
{"type":"Feature","geometry":{"type":"LineString","coordinates":[[33.0702,-18.3447],[33.1621,-18.5075],[33.261,-18.5634],[33.3237,-18.5661],[33.4106,-18.6537],[33.5032,-18.6491],[33.6563,-18.6864],[33.8513,-18.7617],[33.9459,-18.8762],[34.0678,-18.9269],[34.2257,-19.0418],[34.363,-19.0136],[34.4971,-19.1298],[34.5449,-19.2497],[34.5551,-19.374],[34.5279,-19.6161]]},"properties":{"name":"Punguè","scalerank":9,"min_zoom":7.1}},
{"type":"Feature","geometry":{"type":"LineString","coordinates":[[29.6619,-19.5947],[29.5971,-19.5166],[29.2869,-19.2923],[29.1752,-19.2293],[29.0844,-19.1501],[28.9545,-18.9953],[28.8455,-18.9141],[28.6498,-18.7401],[28.506,-18.7588],[28.4168,-18.7984],[28.2725,-18.7895],[28.0086,-18.811],[27.7825,-18.7704],[27.4365,-18.6123],[27.3951,-18.5423],[27.292,-18.4828],[27.1712,-18.4653]]},"properties":{"name":"Shangani","scalerank":9,"min_zoom":7.1}},
{"type":"Feature","geometry":{"type":"LineString","coordinates":[[36.5225,-15.5744],[36.8282,-15.7131],[37.0195,-15.8315],[37.1074,-15.9455],[37.1301,-16.1847],[37.0942,-16.2622],[37.131,-16.3696],[37.1028,-16.4378],[37.1511,-16.5015],[37.1324,-16.548],[37.0182,-16.6266],[37.0139,-16.7419],[36.9833,-16.8272],[37.0567,-16.9462],[37.0457,-17.0729],[37.0639,-17.2182],[37.1386,-17.3427],[37.2989,-17.4527],[37.3783,-17.4411],[37.5136,-17.5324],[37.5703,-17.5304]]},"properties":{"name":"Licungo","scalerank":9,"min_zoom":7.1}},
{"type":"Feature","geometry":{"type":"LineString","coordinates":[[33.2371,-4.7163],[33.1934,-4.6137],[32.9854,-4.4702],[32.9277,-4.4507],[32.8359,-4.5225],[32.7467,-4.7031],[32.7422,-4.8478],[32.6685,-4.9079],[32.5823,-4.8705],[32.4952,-4.7817],[32.2685,-4.6806],[32.1783,-4.6088],[32.074,-4.4443],[31.9561,-4.4253],[31.8617,-4.5439],[31.7302,-4.5693],[31.6075,-4.6537],[31.4107,-4.6966],[31.392,-4.7775]]},"properties":{"name":"Igombe","scalerank":9,"min_zoom":7.1}},
{"type":"Feature","geometry":{"type":"LineString","coordinates":[[34.7881,5.4258],[34.7418,5.3076],[34.6677,5.2623],[34.5049,5.3647],[34.4259,5.2955],[34.3428,5.2641],[34.2301,5.2676],[34.1653,5.3144],[34.0963,5.4332],[33.9714,5.5567],[33.8762,5.7489],[33.8261,5.7954],[33.8139,5.8868],[33.656,6.0007],[33.6231,6.1174],[33.4975,6.1656],[33.4058,6.2747],[33.2763,6.4993],[33.2786,6.6156],[33.2288,6.6776]]},"properties":{"name":"Kangen","scalerank":9,"min_zoom":7.1}},
{"type":"Feature","geometry":{"type":"LineString","coordinates":[[-5.4112,32.5863],[-5.2889,32.6265],[-5.1368,32.7064],[-5.0321,32.7279],[-4.9429,32.8384],[-4.8552,32.849],[-4.7464,32.7982],[-4.5374,32.8383],[-4.3354,32.8435],[-4.1152,32.9354],[-3.9272,33.0853],[-3.8162,33.2074],[-3.7056,33.2875],[-3.6659,33.3513],[-3.6019,33.6348],[-3.5469,33.69],[-3.5199,33.8892],[-3.4177,34.0126],[-3.3843,34.1324],[-3.3149,34.2059],[-3.1858,34.4137],[-3.0979,34.4674],[-3.0332,34.5471],[-2.924,34.6224],[-2.9315,34.6717],[-2.8194,34.7257],[-2.6843,34.8775],[-2.6143,34.9298],[-2.4608,34.9791],[-2.4134,35.0643],[-2.3406,35.1231]]},"properties":{"name":"Moulouya","scalerank":9,"min_zoom":7.1}},
{"type":"Feature","geometry":{"type":"MultiLineString","coordinates":[[[-43.15,-11.143],[-43.0439,-10.954],[-42.8919,-10.8303],[-42.7361,-10.7778],[-42.589,-10.5261],[-42.4605,-10.3779],[-42.4267,-10.2451],[-42.4552,-10.1263],[-42.3658,-10.0419],[-42.2491,-9.9826],[-42.0881,-9.6965],[-42.0037,-9.6852],[-41.7352,-9.69],[-41.5239,-9.7118],[-41.3765,-9.693],[-41.2117,-9.6264],[-41.1952,-9.5332],[-41.1099,-9.4196],[-40.8939,-9.4017],[-40.8182,-9.4383]],[[-45.0887,-19.0508],[-45.1247,-18.9084],[-45.1761,-18.8008],[-45.2188,-18.645],[-45.2249,-18.5104],[-45.3423,-18.4628],[-45.3056,-18.3963],[-45.3021,-18.2866],[-45.2622,-18.2043],[-45.2616,-18.2033]]]},"properties":{"name":"São  Francisco","scalerank":4,"min_zoom":4}},
{"type":"Feature","geometry":{"type":"MultiLineString","coordinates":[[[-40.8182,-9.4383],[-40.7258,-9.4467],[-40.6217,-9.4863],[-40.4068,-9.3576],[-40.3284,-9.3514],[-40.2732,-9.104],[-40.2117,-9.0634],[-40.1141,-9.1034],[-39.9686,-9.0429],[-39.8964,-8.9745],[-39.8764,-8.9095],[-39.8964,-8.8306],[-39.6901,-8.7824],[-39.6909,-8.6587],[-39.6056,-8.6419],[-39.4034,-8.5341],[-39.2725,-8.5767],[-39.2213,-8.6774],[-39.0289,-8.7332],[-38.9678,-8.7895],[-38.8555,-8.7686],[-38.7062,-8.8412],[-38.6566,-8.9665],[-38.6085,-8.9707],[-38.5898,-8.8586],[-38.5279,-8.8192],[-38.472,-8.8913],[-38.5122,-8.9467],[-38.4098,-9.034],[-38.3207,-8.9877],[-38.3148,-9.0755],[-38.2497,-9.3017],[-38.1981,-9.4128],[-38.0126,-9.478],[-37.9852,-9.5363],[-37.8956,-9.5561],[-37.7697,-9.6318],[-37.6764,-9.6462],[-37.5663,-9.7275],[-37.4701,-9.7349],[-37.2972,-9.8047],[-37.2152,-9.8967],[-37.1182,-9.9149],[-37.0599,-9.9653],[-36.9831,-9.9667],[-36.9425,-10.015],[-36.9363,-10.1015],[-36.8241,-10.2139],[-36.6872,-10.2743],[-36.6205,-10.2538],[-36.5589,-10.352],[-36.5664,-10.4106],[-36.4633,-10.4066],[-36.4081,-10.4959]],[[-45.2622,-18.2043],[-45.1749,-18.1117],[-45.1847,-17.9774],[-45.1189,-17.9339],[-45.1186,-17.8208],[-44.9991,-17.7572],[-45.0358,-17.5973],[-44.9825,-17.5511],[-44.9209,-17.2638],[-44.837,-17.1908],[-44.7908,-17.0858],[-44.8198,-16.9932],[-44.9116,-16.8918],[-44.9165,-16.8193],[-45.001,-16.7596],[-45.063,-16.6556],[-45.1067,-16.5029],[-45.0342,-16.424],[-45.0568,-16.3682],[-45.0426,-16.203],[-45.0609,-16.144],[-45.0493,-15.9909],[-44.909,-15.9636],[-44.8496,-15.913],[-44.8044,-15.8226],[-44.5633,-15.7109],[-44.4787,-15.6323],[-44.3835,-15.5795],[-44.3577,-15.4942],[-44.1735,-15.374],[-44.1037,-15.2128],[-44.0962,-15.122],[-44.0328,-15.0825],[-44.0213,-15.0072],[-43.9259,-14.8491],[-43.9321,-14.778],[-43.8675,-14.4999],[-43.8239,-14.3945],[-43.7073,-14.2389],[-43.6753,-14.1613],[-43.6583,-14.0319],[-43.5698,-13.6836],[-43.528,-13.5926],[-43.462,-13.5467],[-43.446,-13.4423],[-43.468,-13.321],[-43.4324,-13.2055],[-43.462,-13.0742],[-43.3533,-12.847],[-43.2587,-12.7011],[-43.1899,-12.6576],[-43.2511,-12.3696],[-43.2801,-12.3133],[-43.2201,-12.1879],[-43.3451,-11.9906],[-43.3191,-11.8622],[-43.3846,-11.6808],[-43.3728,-11.6034],[-43.3006,-11.5639],[-43.1808,-11.3177],[-43.1952,-11.2465],[-43.15,-11.143]]]},"properties":{"name":"São  Francisco","scalerank":4,"min_zoom":4}},
{"type":"Feature","geometry":{"type":"MultiLineString","coordinates":[[[13.5785,49.0132],[13.8262,48.9356],[13.9841,48.7778]],[[13.9858,48.7794],[14.1753,48.6485],[14.3667,48.6519],[14.3168,48.8159],[14.4661,49.0064],[14.4456,49.2125],[14.3501,49.2512],[14.1799,49.4875],[14.1803,49.5792],[14.2538,49.6612],[14.4251,49.7599],[14.4474,49.8398],[14.3715,49.9248],[14.4251,50.0622],[14.4041,50.1646],[14.3063,50.2613],[14.3522,50.3182],[14.4729,50.3427]]]},"properties":{"name":"Vltava","scalerank":9,"min_zoom":7.1}},
{"type":"Feature","geometry":{"type":"MultiLineString","coordinates":[[[36.375,55.6323],[36.2515,55.6669],[36.0873,55.7852],[35.7612,55.8589],[35.6965,55.9387],[35.2774,55.9546],[35.2115,55.899]],[[35.3119,55.572],[35.4065,55.6606],[35.624,55.6845],[35.7986,55.5987],[36.0503,55.5244],[36.0927,55.5782],[36.2333,55.6247],[36.375,55.6323]],[[38.8691,55.0692],[38.75,55.1343],[38.7144,55.2899],[38.5847,55.3858],[38.4677,55.422],[38.3184,55.4168],[38.1526,55.5454],[37.9723,55.5602],[37.3965,55.8317],[37.2672,55.7664],[37.1089,55.7333],[36.939,55.7389],[36.6879,55.708],[36.5644,55.6136],[36.375,55.6323]]]},"properties":{"name":null,"scalerank":9,"min_zoom":7.1}},
{"type":"Feature","geometry":{"type":"LineString","coordinates":[[46.5588,62.0454],[46.4077,62.1807],[46.2398,62.1922],[46.1392,62.2562],[46.1621,62.5069],[46.0086,62.6136],[46.0967,62.6682],[46.4819,62.6982],[46.6236,62.6461],[46.8074,62.6814],[46.8245,62.7739],[46.6143,62.8755],[46.773,63.0035],[46.7417,63.2239],[46.5092,63.3759],[46.4859,63.44],[46.1611,63.391],[46.0498,63.4387],[45.8806,63.4455],[45.9062,63.5166],[45.7345,63.5174],[45.4741,63.6407],[45.4204,63.7123],[45.2554,63.8091],[45.0004,63.826],[44.7797,63.8079],[44.4114,64.0147],[44.1109,64.055],[44.2188,64.2742],[44.3163,64.3464],[44.1728,64.3995],[44.0229,64.3841],[43.9661,64.4731],[43.7622,64.5056],[43.5641,64.4588],[43.2563,64.5037],[43.1267,64.3623],[42.8896,64.274],[42.3003,64.2052],[42.1494,64.139],[42.0601,64.0452],[41.8462,64.003],[41.7577,64.0299]]},"properties":{"name":"Pinega","scalerank":9,"min_zoom":7.1}},
{"type":"Feature","geometry":{"type":"LineString","coordinates":[[41.7255,52.1936],[41.6222,52.1865],[41.6526,52.3056],[41.4477,52.4178],[41.4116,52.4674],[41.4796,52.5806],[41.4591,52.7119],[41.4932,52.7669],[41.5001,52.9744],[41.609,53.1977],[41.7911,53.2571],[41.7809,53.3684],[41.8755,53.4914],[41.877,53.6392],[41.8012,53.7317],[41.7862,53.8212],[41.9111,54.0439],[42.0108,54.0638],[42.0962,54.13],[41.9732,54.204],[41.9316,54.3921],[42.0224,54.4549],[41.9663,54.6329],[41.8633,54.7422]]},"properties":{"name":"Tsna","scalerank":9,"min_zoom":7.1}},
{"type":"Feature","geometry":{"type":"LineString","coordinates":[[52.0332,64.2815],[51.9526,64.4309],[51.7442,64.4432],[51.5494,64.4044],[51.6088,64.2752],[51.5234,64.208],[51.4872,63.9291],[51.6606,63.8733],[51.7515,63.7813],[51.6809,63.7021],[51.7681,63.6724],[51.7036,63.5677],[51.5794,63.5554],[51.3814,63.4076],[51.4096,63.3214],[51.2719,63.1704],[51.0967,63.0845],[50.9179,63.0558],[50.8323,62.9664],[50.6738,62.8989],[50.6448,62.6821],[50.895,62.6952],[50.7012,62.4813],[50.7168,62.3625],[50.6104,62.2835],[50.3896,62.2128]]},"properties":{"name":"Vym","scalerank":9,"min_zoom":7.1}},
{"type":"Feature","geometry":{"type":"LineString","coordinates":[[53.5334,55.9072],[53.6951,55.8841]]},"properties":{"name":"Belaya","scalerank":9,"min_zoom":7.1}},
{"type":"Feature","geometry":{"type":"LineString","coordinates":[[53.6951,55.8841],[53.8823,55.8799],[53.9656,55.7824],[54.2813,55.7565],[54.4957,55.6861],[54.624,55.6799],[54.7735,55.5903],[54.9299,55.5732],[55.1126,55.6431],[55.2091,55.5686],[55.1637,55.4848],[55.266,55.4149],[55.3399,55.4515],[55.5078,55.4602],[55.3892,55.251],[55.3071,55.1899],[55.3977,55.1256],[55.6008,55.1804],[55.7325,55.1468],[55.8087,55.0732],[55.9614,55.0079],[55.9594,54.9097],[56.0444,54.8598],[55.895,54.7598],[55.9864,54.6528],[56.1246,54.5505],[56.3256,54.5288],[56.4548,54.4549],[56.399,54.152],[56.325,54.1094],[56.37,54.0439],[56.207,53.8478],[56.1246,53.8249],[56.0567,53.6724],[55.9988,53.6265],[56.0276,53.5468],[55.9687,53.3314],[55.9513,53.0701],[55.9597,52.8236],[56.3755,52.8966],[56.5227,52.9819],[56.7126,52.9676],[56.8399,52.8985],[56.8833,52.9936],[57.0494,53.0298],[57.2682,53.0086],[57.3891,53.0466],[57.4415,53.1187],[57.5841,53.2209],[57.5195,53.2645],[57.4917,53.3821],[57.7169,53.5328],[57.8691,53.731],[57.9255,53.7696]]},"properties":{"name":"Belaya","scalerank":9,"min_zoom":7.1}},
{"type":"Feature","geometry":{"type":"LineString","coordinates":[[36.7234,38.6385],[36.8384,38.6515],[36.9024,38.6116],[36.8746,38.5069],[36.9426,38.3545],[37.0164,38.2928],[37.104,38.2683],[37.0802,38.2002],[37.002,38.153],[36.9819,38.0804],[37.0785,38.0672],[37.0776,38.0089],[36.9815,37.9715],[36.9703,37.8334],[36.8629,37.7158],[36.7789,37.5833],[36.6824,37.5969],[36.6526,37.5301],[36.477,37.4536],[36.4701,37.3771],[36.2857,37.3477],[36.2306,37.1724],[36.0927,37.1785],[35.9417,37.2125],[35.8469,37.1854],[35.7575,37.0141],[35.6089,36.9522],[35.5505,36.8435],[35.5037,36.8496],[35.4699,36.6822],[35.5447,36.6683],[35.5675,36.587]]},"properties":{"name":"Ceyhan","scalerank":9,"min_zoom":7.1}},
{"type":"Feature","geometry":{"type":"LineString","coordinates":[[1.9802,45.7037],[1.8582,45.6994],[1.6811,45.7654],[1.4975,45.809],[1.3975,45.9023],[1.1983,45.7957],[1.0539,45.8756],[0.8805,45.8955],[0.7949,45.8819],[0.6528,45.9172],[0.6877,46.1085],[0.6958,46.4296],[0.6387,46.5133],[0.5441,46.7373],[0.5348,46.8377],[0.5856,46.9649],[0.5447,47.0775],[0.459,47.122],[0.127,47.1896],[0.0754,47.2182]]},"properties":{"name":"Vienne","scalerank":9,"min_zoom":7.1}},
{"type":"Feature","geometry":{"type":"MultiLineString","coordinates":[[[47.2716,35.9017],[47.4057,35.9449],[47.449,36.0083],[47.7244,36.0251],[47.8523,35.9999],[48.121,36.0145],[48.178,36.095],[47.9962,36.1631],[47.9274,36.2196],[47.941,36.2879],[47.8591,36.4114],[47.8364,36.5113],[47.6079,36.8546],[47.6148,36.922],[47.7485,37.0725],[47.7493,37.2238],[47.8145,37.3753],[47.8108,37.4317],[47.941,37.515],[48.0701,37.5174],[48.1782,37.4669],[48.229,37.374],[48.332,37.2679],[48.4707,37.2229],[48.4985,37.1534],[48.6204,37.0823],[48.6747,37.083],[49.0322,36.8255],[49.2055,36.7578],[49.3603,36.7563],[49.4898,36.8818]],[[46.783,35.5992],[46.7632,35.6893],[46.8897,35.8655],[47.2699,35.9018]]]},"properties":{"name":"Qezel Owzan","scalerank":9,"min_zoom":7.1}},
{"type":"Feature","geometry":{"type":"LineString","coordinates":[[29.12,39.0995],[29.0418,39.0976],[28.9096,39.1666],[28.6098,39.1873],[28.365,39.2615],[28.1109,39.2884],[28.0699,39.3779],[28.1235,39.4456],[28.079,39.6663],[28.1914,39.7147],[28.1681,39.8],[28.1709,39.9884],[28.2398,40.0983],[28.4566,40.3018],[28.499,40.3907]]},"properties":{"name":"Simav","scalerank":9,"min_zoom":7.1}},
{"type":"Feature","geometry":{"type":"MultiLineString","coordinates":[[[9.1829,47.6707],[9.2726,47.6503],[9.5493,47.5338],[9.5544,47.5112]],[[9.1276,47.6707],[9.0522,47.6955],[8.8811,47.6564]]]},"properties":{"name":"Rhein","scalerank":4,"min_zoom":4}},
{"type":"Feature","geometry":{"type":"MultiLineString","coordinates":[[[9.1276,47.6707],[9.1829,47.6707]],[[9.4087,46.8346],[9.4963,46.8631],[9.5527,46.9308],[9.4754,47.0735],[9.5039,47.244],[9.6489,47.41],[9.5544,47.5112]],[[8.7102,46.6227],[8.7509,46.6763],[8.9177,46.7343],[9.4155,46.8346]]]},"properties":{"name":"Rhein","scalerank":4,"min_zoom":4}},
{"type":"Feature","geometry":{"type":"LineString","coordinates":[[39.6183,39.8789],[39.7125,39.9636],[39.6343,40.005],[39.6051,40.0753],[39.4419,40.1387],[39.2378,40.0946],[39.1206,40.1213],[39.0304,40.0963],[38.7759,40.1363],[38.6204,40.1335],[38.3203,40.1727],[38.2476,40.2399],[37.9907,40.2369],[37.8674,40.2836],[37.0073,40.4942],[36.9295,40.5983],[36.7798,40.6562],[36.5797,40.7027],[36.4098,40.8315],[36.4431,40.8704],[36.6528,40.9056],[36.6435,41.027],[36.7437,41.1528],[36.6607,41.3665]]},"properties":{"name":"Kelkit","scalerank":9,"min_zoom":7.1}},
{"type":"Feature","geometry":{"type":"LineString","coordinates":[[-7.2584,43.1944],[-7.3497,43.2553],[-7.4449,43.1885],[-7.5928,43.1433],[-7.617,43.0555],[-7.5342,42.9781],[-7.5213,42.9191],[-7.6849,42.7109],[-7.7188,42.6953],[-7.7127,42.4909],[-7.8302,42.3721],[-8.0081,42.35],[-8.1409,42.2695],[-8.1881,42.1621]]},"properties":{"name":"Mio","scalerank":9,"min_zoom":7.1}},
{"type":"Feature","geometry":{"type":"LineString","coordinates":[[6.8827,45.8056],[6.9497,45.8153],[7.1049,45.7456],[7.231,45.7293],[7.5247,45.7654],[7.6514,45.7504],[7.6733,45.6861],[7.8233,45.5914],[7.9074,45.4667],[7.9568,45.326],[7.9458,45.3131],[8.0186,45.2283],[8.0363,45.2134]]},"properties":{"name":"Dora Baltea","scalerank":9,"min_zoom":7.1}},
{"type":"Feature","geometry":{"type":"LineString","coordinates":[[6.6812,44.9222],[6.5808,44.8404],[6.5933,44.657],[6.5049,44.5683],[6.3999,44.5519],[6.2587,44.4678],[6.0944,44.4736],[5.9558,44.3955],[5.9086,44.337],[6.0098,44.0794],[5.9404,44.014],[5.8711,43.8629],[5.759,43.7362],[5.5825,43.666],[5.4136,43.6952],[5.3366,43.7398],[5.1926,43.7491],[5.0872,43.7868],[4.9059,43.8955],[4.7627,43.9322]]},"properties":{"name":"Durance","scalerank":9,"min_zoom":7.1}},
{"type":"Feature","geometry":{"type":"LineString","coordinates":[[3.5852,44.2191],[3.5979,44.3128],[3.5571,44.3729],[3.4091,44.3655],[3.2393,44.3148],[3.2192,44.2314],[3.1237,44.1784],[3.0767,44.1094],[2.8415,44.0882],[2.6816,44.0096],[2.5759,44.0109],[2.4666,43.9506],[2.1157,43.9361],[1.8189,43.8746],[1.7066,43.7973],[1.6438,43.7924],[1.3552,43.9482],[1.2471,44.1038],[1.0855,44.1177],[1.0291,44.0828]]},"properties":{"name":"Tarn","scalerank":9,"min_zoom":7.1}},
{"type":"Feature","geometry":{"type":"LineString","coordinates":[[15.1287,40.8981],[15.2473,40.9141],[15.4707,40.9017],[15.544,40.9438],[15.5962,41.1092],[15.7529,41.1026],[15.9483,41.1817],[16.1997,41.3625]]},"properties":{"name":"Ofanto","scalerank":9,"min_zoom":7.1}},
{"type":"Feature","geometry":{"type":"LineString","coordinates":[[25.4296,45.3376],[25.4108,45.2646],[25.4505,45.1658],[25.4013,44.9849],[25.6948,44.8162],[25.8589,44.7512],[26.2315,44.7545],[26.3115,44.712],[26.4809,44.7227],[26.8091,44.6655],[26.8422,44.6239],[27.043,44.624],[27.1367,44.5755],[27.3178,44.5577],[27.7542,44.6563],[27.8661,44.7033]]},"properties":{"name":"Ialomita","scalerank":9,"min_zoom":7.1}},
{"type":"Feature","geometry":{"type":"LineString","coordinates":[[23.1836,42.4946],[23.0532,42.6166],[22.9517,42.5952],[22.87,42.5263],[22.7809,42.5104],[22.7051,42.4089],[22.8108,42.2807],[22.8796,42.2573],[23.0398,42.1019],[23.1643,41.8207],[23.1614,41.7334],[23.257,41.4991],[23.3389,41.4056],[23.3417,41.3111],[23.1902,41.2681],[23.1557,41.2329],[23.2693,41.1455],[23.3327,41.0568],[23.4758,40.9874],[23.7588,40.9367],[23.8241,40.8859],[23.8464,40.7829]]},"properties":{"name":"Strymnas","scalerank":9,"min_zoom":7.1}},
{"type":"Feature","geometry":{"type":"LineString","coordinates":[[37.1961,51.1573],[37.2883,51.2007],[37.288,51.2737],[37.0925,51.3653],[36.9141,51.3509],[36.8059,51.3758],[36.5617,51.5852],[36.3626,51.6839],[36.2192,51.7044],[35.8491,51.6754],[35.6098,51.6929],[35.4571,51.6236],[35.3306,51.6758],[34.9736,51.7362],[34.8295,51.6762],[34.7345,51.537],[34.8342,51.4825],[34.8106,51.3591],[34.6962,51.3235],[34.6016,51.3732],[34.3456,51.3963],[34.2436,51.2744],[33.9643,51.1993],[33.8765,51.252],[33.8723,51.3143],[33.728,51.3107],[33.5767,51.3929],[33.436,51.4099],[33.2122,51.3324],[32.9631,51.3158],[32.7139,51.423],[32.5449,51.4572]]},"properties":{"name":"Seym","scalerank":9,"min_zoom":7.1}},
{"type":"Feature","geometry":{"type":"LineString","coordinates":[[5.4077,47.8772],[5.2991,47.925],[5.1511,48.1365],[5.1372,48.3216],[5.1621,48.4564],[5.0158,48.6114],[4.8374,48.6446],[4.7114,48.6386],[4.5842,48.7029],[4.5125,48.8284],[4.3118,48.9851],[4.1677,49.0394],[4.0339,49.0467],[3.8945,49.0886],[3.5407,49.0889],[3.4033,49.045],[3.3298,48.9901],[3.1987,48.9921],[3.1057,48.9553],[2.948,49.0029],[2.9286,48.9464],[2.7959,48.9433],[2.7353,48.8806],[2.5536,48.8774],[2.4092,48.8161]]},"properties":{"name":"Marne","scalerank":9,"min_zoom":7.1}},
{"type":"Feature","geometry":{"type":"LineString","coordinates":[[39.0534,59.8685],[39.2734,59.7246],[39.4508,59.6498],[39.69,59.5171],[39.8081,59.5184]]},"properties":{"name":"Sukhona","scalerank":4,"min_zoom":4}},
{"type":"Feature","geometry":{"type":"MultiLineString","coordinates":[[[39.0534,59.8685],[38.8534,59.9427],[38.6562,59.9299]],[[39.8081,59.5184],[39.9675,59.5242],[40.2607,59.4143],[40.2781,59.2953],[40.4146,59.3446],[40.6226,59.3265],[40.7041,59.3906],[40.8702,59.4296],[41.0584,59.3846],[41.4456,59.4085],[41.6572,59.4706],[41.8291,59.4774],[41.9093,59.5625],[42.0891,59.6498],[42.408,59.6768],[42.6235,59.7694],[42.7595,59.961],[42.9129,59.9648],[43.042,60.0441],[43.4707,60.0961],[43.5348,60.1558],[43.9107,60.2345],[44.1799,60.3978],[44.3982,60.4649],[44.5064,60.4606],[44.772,60.5026],[45.025,60.5967],[45.6293,60.6266],[45.7761,60.7039],[45.9937,60.6771],[46.2006,60.7557],[46.3399,60.7491]]]},"properties":{"name":"Sukhona","scalerank":4,"min_zoom":4}},
{"type":"Feature","geometry":{"type":"LineString","coordinates":[[112.0756,38.8613],[112.124,38.7263],[112.1004,38.6527],[112.0127,38.5792],[111.9631,38.4155],[111.8671,38.2849],[111.8375,38.1859],[111.8569,38.0972],[112.0606,37.9518],[112.1724,37.906],[112.3369,37.96],[112.3787,38.0084],[112.4661,37.9737],[112.5118,37.9051],[112.5281,37.7103],[112.4084,37.6462],[112.3225,37.4783],[112.1587,37.3095],[112.0625,37.1724],[111.9043,37.1035],[111.7402,36.9097],[111.74,36.8382],[111.6565,36.7692],[111.6718,36.6148],[111.7057,36.5759],[111.6497,36.3776],[111.6578,36.2742],[111.5003,36.1308],[111.3958,35.9837],[111.4225,35.9046],[111.4129,35.7731],[111.3531,35.6783],[111.2966,35.6699],[111.1921,35.5758],[111.0886,35.5889],[110.7944,35.5616],[110.7393,35.5685],[110.5549,35.4586]]},"properties":{"name":"Fen","scalerank":9,"min_zoom":7.1}},
{"type":"Feature","geometry":{"type":"LineString","coordinates":[[118.5034,36.1035],[118.7095,36.0067],[118.8713,35.7705],[118.874,35.6115],[118.8535,35.548],[118.7343,35.4204],[118.6783,35.3321],[118.6162,35.1229],[118.5308,35.0135],[118.5376,34.8491],[118.5676,34.7708],[118.8372,34.7652],[118.9404,34.7012],[119.1411,34.6832],[119.2003,34.7138]]},"properties":{"name":"Yi","scalerank":9,"min_zoom":7.1}},
{"type":"Feature","geometry":{"type":"MultiLineString","coordinates":[[[85.7485,31.8679],[85.7507,31.8669]],[[85.7507,31.8669],[85.8359,31.8285],[85.9464,31.827],[86.1714,31.9],[86.4011,31.8161],[86.5088,31.8406],[86.565,31.7985],[86.7112,31.765],[86.8766,31.7661],[86.9309,31.7904],[87.0676,31.7263],[87.2084,31.786],[87.2569,31.8721],[87.4136,31.8872]],[[85.7507,31.8669],[85.7546,31.8679]],[[85.803,31.6556],[85.5629,31.7239],[85.5755,31.7777],[85.7507,31.8669]]]},"properties":{"name":"Bogcang","scalerank":9,"min_zoom":7.1}},
{"type":"Feature","geometry":{"type":"LineString","coordinates":[[66.009,67.7486],[65.9075,67.7855],[65.5918,67.7957],[65.3799,67.7578],[65.2725,67.6872],[65.107,67.6578],[64.9991,67.5806],[64.745,67.489],[64.5505,67.4517],[64.1298,67.329],[63.9539,67.1412],[64.0504,67.051],[63.35,67.0353],[63.1455,67.0958],[62.9591,66.9707],[62.8936,66.7512],[62.7254,66.7024],[62.6181,66.6257],[62.3347,66.59],[62.1126,66.5359],[61.7891,66.5306],[61.4433,66.5591],[61.3335,66.5322],[61.0442,66.5284],[60.9431,66.4737],[60.5094,66.5359],[60.2745,66.4144],[60.0667,66.3933],[59.8492,66.3228],[59.6318,66.3776],[59.6191,66.4916],[59.2476,66.5986],[59.0774,66.5501],[59.0331,66.4424],[58.7075,66.3956],[58.2817,66.2261],[58.0769,66.0977],[58.0872,66.0046],[57.1886,65.9185],[56.8821,65.9782]]},"properties":{"name":"Usa","scalerank":9,"min_zoom":7.1}},
{"type":"Feature","geometry":{"type":"LineString","coordinates":[[59.3916,58.395],[59.5425,58.3345],[59.6841,58.3347],[59.8931,58.4256],[59.9067,58.5464],[59.8037,58.6283],[59.8515,58.7238],[60.069,58.7904],[60.2788,58.746],[60.6796,58.864],[61.0502,58.8277],[61.4116,58.8131],[61.5864,58.773],[61.8761,58.7888],[62.1232,58.6686],[62.4146,58.626],[62.4766,58.5459],[62.815,58.3848],[63.0255,58.2036],[63.148,58.1963],[63.3459,58.1206],[63.6172,58.1197],[63.8184,57.9934],[64.0264,57.7845],[64.2446,57.7797],[64.371,57.7233],[64.3744,57.6619],[64.5247,57.5521],[64.5377,57.4722],[64.7123,57.4575],[64.771,57.3875],[64.9723,57.3476],[65.0386,57.2982],[65.304,57.2271],[65.4215,57.2412],[65.5422,57.1746],[65.814,57.1419],[65.9537,57.1716],[66.1524,57.1411],[66.4865,57.1341],[66.783,57.2413],[66.8584,57.2231],[66.9031,57.2299],[66.9428,57.2175],[66.9576,57.2231]]},"properties":{"name":"Tura","scalerank":9,"min_zoom":7.1}},
{"type":"Feature","geometry":{"type":"LineString","coordinates":[[109.1349,48.6849],[108.9678,48.5573],[108.8119,48.4937],[108.7871,48.4037],[108.646,48.2017],[108.6289,48.0952],[108.4885,47.9706],[108.4583,47.8692],[108.4928,47.7593],[108.4133,47.6289],[108.4341,47.482],[108.5418,47.3579],[108.6807,47.1169],[108.8384,47.0065],[108.9312,46.978],[109.1001,47.0087],[109.3687,46.9439],[109.499,46.8955],[109.7813,46.911],[110.0137,46.9991],[110.0503,47.0525],[110.2139,47.1067],[110.4576,47.1483],[110.5857,47.2182],[110.6582,47.3062],[110.8867,47.3967],[111.023,47.4899],[111.1689,47.5102],[111.5274,47.5939],[111.7219,47.6131],[111.864,47.7027],[112.0793,47.7657],[112.2932,47.7943],[112.4898,47.7857],[112.7397,47.8145],[112.9321,47.9444],[113.0588,47.9903],[113.6967,48.0454],[113.8894,48.011],[114.4902,48.0501],[114.6274,48.0812],[114.8428,48.2083],[114.9329,48.2415],[115.0553,48.3731],[115.1399,48.5196],[115.3086,48.6037],[115.4156,48.5749],[115.4428,48.511],[115.3305,48.3968],[115.4644,48.2017],[115.588,48.0748],[115.8098,48.1487],[116.1147,48.2679],[116.1501,48.3678],[116.2919,48.4744],[116.4765,48.5607],[116.6848,48.575],[116.7964,48.6253],[116.9746,48.6571],[117.0579,48.76]]},"properties":{"name":"Herlen","scalerank":9,"min_zoom":7.1}},
{"type":"Feature","geometry":{"type":"LineString","coordinates":[[75.1465,58.6966],[75.1904,58.7377],[75.1719,58.8516],[75.1108,58.9434],[75.2461,59.0082],[75.3662,59.1081],[75.3147,59.1723],[75.1807,59.2097],[74.9509,59.1684],[74.8991,59.2032],[74.6809,59.1583],[74.5881,59.0938],[74.3793,59.128],[74.1664,59.1894],[74.0845,59.1758],[73.8858,59.2713],[73.7589,59.2967],[73.3583,59.4706],[73.2478,59.5352],[73.2573,59.8592],[73.3588,59.9862],[73.3746,60.1237],[73.5706,60.2383],[73.8116,60.263],[74.0288,60.3961],[74.0352,60.5763],[73.9541,60.6431],[73.7029,60.7199],[73.7783,60.796],[73.6358,60.9543],[73.4311,60.9856],[73.3886,61.0397]]},"properties":{"name":"Bol’shoy Yugan","scalerank":9,"min_zoom":7.1}},
{"type":"Feature","geometry":{"type":"LineString","coordinates":[[78.0524,57.1883],[77.9358,57.3398],[77.7608,57.3514],[77.7201,57.4798],[77.5783,57.5946],[77.394,57.6785],[77.3246,57.7823],[77.2097,57.8605],[76.969,58.1048],[76.792,58.1348],[76.5172,58.2436],[76.4179,58.3125],[76.3941,58.4012],[76.4706,58.4954],[76.4778,58.5777],[76.6206,58.6556],[76.568,58.7928],[76.6253,58.8143],[76.7665,58.9781],[76.6957,59.0665],[76.8993,59.113],[76.9941,59.1656],[77.1475,59.1389],[77.5434,59.1472],[77.666,59.1984],[77.7701,59.1804],[77.9111,59.2477],[78.109,59.2081],[78.6449,59.2242],[78.9683,59.1031],[79.464,59.0528],[79.566,58.9787],[79.7647,59.0277],[79.8948,59.023],[80.1943,58.9494],[80.3615,58.9504],[80.7109,59.0597],[80.7041,59.1206]]},"properties":{"name":"Vasyugan","scalerank":9,"min_zoom":7.1}},
{"type":"Feature","geometry":{"type":"LineString","coordinates":[[88.6538,48.1567],[88.6602,47.7594],[88.7252,47.5955],[88.9719,47.4783],[89.0475,47.3426],[88.9834,47.1976],[88.9004,47.122]]},"properties":{"name":null,"scalerank":9,"min_zoom":7.1}},
{"type":"Feature","geometry":{"type":"LineString","coordinates":[[85.4325,30.0245],[85.4946,30.0934],[85.6755,30.0934],[85.8059,30.1599],[85.9576,30.309],[85.8774,30.3582],[85.7992,30.4827],[85.7061,30.5595],[85.5357,30.5732],[85.3847,30.6483],[85.2128,30.6762],[85.0894,30.8817],[85.1358,31.0004],[85.292,31.0734],[85.3984,31.0387]]},"properties":{"name":null,"scalerank":9,"min_zoom":7.1}},
{"type":"Feature","geometry":{"type":"LineString","coordinates":[[99.4268,51.3487],[99.3098,51.4104]]},"properties":{"name":"Shishhid Gol","scalerank":4,"min_zoom":4}},
{"type":"Feature","geometry":{"type":"MultiLineString","coordinates":[[[99.3098,51.4104],[98.9189,51.493],[98.6855,51.493],[98.4588,51.426],[98.3491,51.4179],[98.2651,51.4625],[98.0003,51.5141]],[[98.809,50.627],[99.0333,50.5351],[99.1095,50.6016],[99.2138,50.6302],[99.2478,50.699],[99.2105,50.777],[99.3648,50.8231],[99.4514,51.0533],[99.5152,51.1231],[99.4244,51.2368],[99.4806,51.3223],[99.4239,51.3495]]]},"properties":{"name":"Shishhid Gol","scalerank":4,"min_zoom":4}},
{"type":"Feature","geometry":{"type":"LineString","coordinates":[[87.2822,36.5047],[87.2359,36.5433],[87.2561,36.6282],[87.155,36.7615],[87.1852,36.8454],[87.0664,37.0228],[86.9507,37.0679],[86.9641,37.1282],[87.0637,37.211],[87.0515,37.3426],[87.0869,37.4016],[87.2214,37.4165],[87.2691,37.5604],[86.9367,37.6603],[86.8064,37.6424],[86.7341,37.684],[86.6289,37.6933],[86.2543,37.6367],[86.1256,37.5762],[85.9055,37.5152],[85.8297,37.5469],[85.7205,37.6787],[85.679,37.7728]]},"properties":{"name":"Qarqan","scalerank":9,"min_zoom":7.1}},
{"type":"Feature","geometry":{"type":"LineString","coordinates":[[107.2242,37.3198],[107.2857,37.2617],[107.3243,37.1439],[107.2774,37.0437],[107.2778,36.9046],[107.2039,36.7888],[107.231,36.6379],[107.4278,36.4482],[107.5327,36.2674],[107.6526,36.2097],[107.9379,35.9344],[107.9567,35.8738],[107.9225,35.7678],[107.9291,35.567],[107.8808,35.3963],[107.9436,35.26]]},"properties":{"name":"Huan","scalerank":9,"min_zoom":7.1}},
{"type":"Feature","geometry":{"type":"LineString","coordinates":[[95.5986,33.2772],[95.6923,33.2445],[95.8665,32.9959],[96.0591,32.9325],[96.1062,32.8924],[96.2257,32.8958],[96.4679,32.7345],[96.5342,32.7086],[96.582,32.572],[96.8831,32.3496],[96.9155,32.271],[96.8721,32.2219],[97.0208,32.1491],[97.0287,32.109],[96.9451,31.9642]]},"properties":{"name":"Zi","scalerank":9,"min_zoom":7.1}},
{"type":"Feature","geometry":{"type":"LineString","coordinates":[[93.0733,20.5546],[93.0142,20.6261],[92.9607,20.7469],[93.0063,20.8941],[92.9666,21.0899],[92.9153,21.204],[92.8228,21.3496],[92.7402,21.531],[92.7792,21.6108],[92.773,21.7144],[92.8746,21.7697],[92.839,21.9219],[92.8355,22.2998],[92.9138,22.3912],[92.9469,22.5354],[92.9413,22.7119],[92.9133,22.8287],[92.9643,22.9258],[93.0219,22.9377],[93.1121,22.8001],[93.1751,22.8819],[93.1378,23.0054],[93.1962,23.0541],[93.2984,23.0181],[93.3745,23.13],[93.3839,23.3133],[93.4321,23.6475],[93.4059,23.7193]]},"properties":{"name":"Kaladan","scalerank":9,"min_zoom":7.1}},
{"type":"Feature","geometry":{"type":"LineString","coordinates":[[93.6382,21.9399],[93.8798,21.9711],[93.9986,21.929],[94.1074,22.0518],[94.1033,22.1415],[94.1439,22.3374],[94.1008,22.399],[94.1418,22.4998],[94.1017,22.8694],[94.0527,22.9468],[94.1082,23.1221],[94.0922,23.1765],[94.1524,23.2486],[94.2231,23.21],[94.3077,23.2087]]},"properties":{"name":"Mytitha","scalerank":9,"min_zoom":7.1}},
{"type":"Feature","geometry":{"type":"LineString","coordinates":[[116.7984,25.0128],[116.935,24.9996],[116.9916,25.0479],[117.1426,25.279],[117.2809,25.3314],[117.4985,25.2606],[117.5142,25.0494],[117.5071,24.9232],[117.5554,24.8612],[117.6386,24.6548],[117.7683,24.5211],[117.7905,24.4598]]},"properties":{"name":"Jiulong","scalerank":9,"min_zoom":7.1}},
{"type":"Feature","geometry":{"type":"LineString","coordinates":[[116.1025,27.107],[116.0562,26.9421],[116.0834,26.8196],[115.9846,26.3585],[115.8718,26.2305],[115.8466,26.1682],[115.6848,26.1634],[115.5945,26.0641],[115.4495,26.0394],[115.4081,25.9575],[115.2595,25.8987],[115.0927,25.9429],[115.0757,25.8892]]},"properties":{"name":"Mei","scalerank":9,"min_zoom":7.1}},
{"type":"Feature","geometry":{"type":"LineString","coordinates":[[103.5305,33.0675],[103.5766,32.9947],[103.5376,32.8865],[103.6262,32.7656],[103.6016,32.6295],[103.6306,32.5416],[103.7091,32.4343],[103.773,32.1993],[103.6954,32.0506],[103.7045,31.8676],[103.8572,31.7416],[103.8394,31.6741],[103.6528,31.5062],[103.5662,31.4598],[103.4712,31.3272],[103.4927,31.1957],[103.469,31.034],[103.634,31.0069],[103.7578,31.023],[103.8865,30.9346],[103.983,30.9149],[104.2828,30.9278],[104.4053,30.8885],[104.5413,30.7042],[104.4971,30.5657],[104.5641,30.4617],[104.5761,30.3714],[104.6531,30.2922],[104.6363,30.232],[104.7043,30.1729],[104.6533,30.0862],[104.6591,30.0007],[104.7868,29.8489],[104.958,29.7452],[105.0385,29.5975],[105.0315,29.3904],[104.9614,29.161],[105.0713,29.0508],[105.2202,29.0064],[105.2529,28.9595],[105.4452,28.8942]]},"properties":{"name":"Tuo","scalerank":9,"min_zoom":7.1}},
{"type":"Feature","geometry":{"type":"LineString","coordinates":[[115.4683,3.4463],[115.4142,3.3477],[115.4006,3.2579],[115.2935,3.1965],[115.1845,3.1664],[114.9619,3.0025],[114.8347,2.9955],[114.8047,3.0999],[114.8193,3.2679],[114.793,3.3299],[114.6958,3.3706],[114.6245,3.3413],[114.5564,3.4429],[114.4336,3.5118],[114.4125,3.6108],[114.4404,3.6961],[114.4385,3.8018],[114.4644,3.9129],[114.4225,4.0206],[114.324,4.075],[114.3274,4.1688],[114.2778,4.2742],[114.2964,4.3168],[114.2452,4.4816],[114.1187,4.5618],[113.9988,4.6011]]},"properties":{"name":"Baram","scalerank":9,"min_zoom":7.1}},
{"type":"Feature","geometry":{"type":"LineString","coordinates":[[125.2534,8.3432],[125.2828,8.2387],[125.3403,8.153],[125.3464,8.0152],[125.3049,7.968],[125.1375,7.9727],[125.0921,7.8615],[125.0382,7.8011],[125.0554,7.6915],[125.0334,7.4131],[124.9592,7.4041],[124.8699,7.3284],[124.8068,7.18],[124.7637,7.1329],[124.5688,7.0336],[124.485,7.0609],[124.249,7.2159],[124.2192,7.2874]]},"properties":{"name":null,"scalerank":9,"min_zoom":7.1}},
{"type":"Feature","geometry":{"type":"MultiLineString","coordinates":[[[-47.4465,-18.1708],[-47.5522,-18.2079],[-47.6504,-18.3211],[-47.8993,-18.4492],[-48.0172,-18.4343]],[[-48.227,-18.3403],[-48.3667,-18.3521],[-48.6144,-18.3408],[-48.8182,-18.352],[-48.9525,-18.3263],[-49.1084,-18.3885]],[[-50.4897,-19.0204],[-50.5022,-18.9306],[-50.3236,-18.7147],[-50.1121,-18.6631],[-49.9918,-18.6138],[-49.7887,-18.6146]]]},"properties":{"name":"Paranaíba","scalerank":4,"min_zoom":4}},
{"type":"Feature","geometry":{"type":"MultiLineString","coordinates":[[[-49.1084,-18.3885],[-49.3296,-18.5643],[-49.4018,-18.6386],[-49.4857,-18.5466],[-49.4949,-18.4919],[-49.7386,-18.6097],[-49.7887,-18.6146]],[[-48.0179,-18.4344],[-48.1366,-18.4069],[-48.227,-18.3403]],[[-46.314,-19.1708],[-46.3602,-19.167],[-46.4151,-19.0401],[-46.5564,-18.8369],[-46.5091,-18.6226],[-46.5546,-18.5267],[-46.5654,-18.4325],[-46.6737,-18.3482],[-46.7717,-18.2995],[-46.9521,-18.2494],[-47.0035,-18.2925],[-47.1193,-18.28],[-47.1739,-18.1776],[-47.2764,-18.054],[-47.3397,-18.0773],[-47.4465,-18.1708]]]},"properties":{"name":"Paranaíba","scalerank":4,"min_zoom":4}},
{"type":"Feature","geometry":{"type":"LineString","coordinates":[[151.506,-29.8403],[151.2583,-29.8105],[151.1567,-29.7783],[151.1251,-29.7147],[151.1323,-29.5536],[150.9994,-29.4069],[150.9854,-29.3407],[150.9133,-29.2407],[150.9668,-29.1513],[150.9443,-29.0731],[150.8652,-29.0246],[150.7344,-28.8078],[150.6836,-28.7641],[150.509,-28.6933],[150.4669,-28.6498]]},"properties":{"name":"Macintyre","scalerank":9,"min_zoom":7.1}},
{"type":"Feature","geometry":{"type":"LineString","coordinates":[[82.0474,22.7059],[82.0435,22.8027],[82.0725,22.945],[81.9557,23.0679],[81.773,23.1305],[81.6841,23.138],[81.6091,23.2267],[81.4788,23.2938],[81.4856,23.357],[81.2973,23.4562],[81.2832,23.5659],[81.2379,23.5881],[81.2217,23.7371],[81.1762,23.8228],[81.2424,23.8349],[81.102,23.974],[81.067,23.9689],[80.996,24.0875],[81.1091,24.1317],[81.1908,24.1155],[81.2607,24.183],[81.3565,24.2103],[81.3967,24.2576],[81.5332,24.3231],[81.6363,24.406],[82.0357,24.5052],[82.2984,24.5337],[82.3751,24.5604],[82.554,24.5298],[82.74,24.604],[82.9107,24.6109],[83.0786,24.4743],[83.2505,24.4675],[83.3433,24.5016],[83.5387,24.5313],[83.6958,24.5064],[83.7879,24.5374],[83.9539,24.5589],[84.0003,24.6779],[84.0943,24.8009],[84.1703,24.828],[84.2625,24.9383],[84.3013,25.0233],[84.4282,25.0825],[84.5003,25.1937],[84.6524,25.245],[84.7255,25.3317],[84.7751,25.4332],[84.8019,25.6393],[84.8776,25.7076]]},"properties":{"name":"Son","scalerank":9,"min_zoom":7.1}},
{"type":"Feature","geometry":{"type":"LineString","coordinates":[[77.7651,13.1188],[77.7803,12.9868],[77.8777,12.8184],[77.888,12.7001],[78.0154,12.5777],[78.1194,12.5725],[78.247,12.3772],[78.2837,12.2886],[78.3535,12.2281],[78.4668,12.1764],[78.5801,12.1666],[78.7036,12.1182],[78.83,12.19],[79.0347,12.0134],[79.1353,11.9647],[79.2654,11.9476],[79.4547,11.8677],[79.7861,11.7694]]},"properties":{"name":null,"scalerank":9,"min_zoom":7.1}},
{"type":"Feature","geometry":{"type":"LineString","coordinates":[[85.1856,23.3093],[85.3347,23.3057],[85.3743,23.3721],[85.5281,23.4647],[85.6482,23.4527],[85.7877,23.4646],[85.8948,23.4165],[85.8297,23.2609],[85.9192,23.1175],[86.0168,23.0371],[86.0219,22.9232],[86.1436,22.8409],[86.2929,22.7922],[86.3816,22.6612],[86.4761,22.5659],[86.5908,22.4186],[86.7042,22.216],[86.8185,22.2215],[86.8753,22.1948],[86.9778,22.2125],[87.1055,22.1329],[87.218,22.0173],[87.2456,21.8563],[87.1572,21.7713],[87.3101,21.6576],[87.3517,21.5643]]},"properties":{"name":null,"scalerank":9,"min_zoom":7.1}},
{"type":"Feature","geometry":{"type":"LineString","coordinates":[[77.3462,23.2403],[77.5037,23.1151],[77.6137,23.1305],[77.7045,23.3129],[77.7372,23.439],[77.8533,23.6177],[77.8464,23.7987],[77.9824,23.9637],[78.0239,24.0391],[78.0334,24.171],[78.0928,24.3245],[78.1838,24.4138],[78.2627,24.4559],[78.2289,24.5328],[78.2647,24.5836],[78.2612,24.6927],[78.2249,24.7942],[78.169,24.8655],[78.3365,25.023],[78.3305,25.0821],[78.5254,25.1794],[78.6498,25.3348],[78.727,25.4945],[78.8575,25.5363],[78.9015,25.6011],[79.0407,25.7271],[79.0797,25.8168],[79.1555,25.8168],[79.3276,25.7762],[79.4425,25.7929],[79.5313,25.8896],[79.6855,25.9282],[79.7896,25.8721],[79.8339,25.8925],[79.9929,25.8853],[80.1013,25.9471],[80.21,25.9199]]},"properties":{"name":"Betwa","scalerank":9,"min_zoom":7.1}},
{"type":"Feature","geometry":{"type":"LineString","coordinates":[[108.3862,14.4831],[108.4536,14.3928],[108.5249,14.2244],[108.6335,14.0929],[108.665,14.019],[108.6491,13.9561],[108.4937,13.8561],[108.5737,13.6771],[108.5122,13.6402],[108.4638,13.4962],[108.462,13.3895],[108.5976,13.3347],[108.6631,13.1945],[108.7519,13.1536],[108.8728,13.0232],[109.0608,13.0336],[109.1618,12.9892],[109.3283,13.0847]]},"properties":{"name":"Ba","scalerank":9,"min_zoom":7.1}},
{"type":"Feature","geometry":{"type":"LineString","coordinates":[[102.5717,-3.3207],[102.5026,-3.4579],[102.5173,-3.5721],[102.6194,-3.6908],[102.7141,-3.7103],[102.7498,-3.7583],[102.9077,-3.7834],[102.958,-3.6942],[103.0864,-3.5732],[103.0993,-3.5252],[103.1987,-3.4618],[103.291,-3.4697],[103.2999,-3.2313],[103.2335,-3.1188],[103.234,-3.0389],[103.2971,-2.9468],[103.3076,-2.826],[103.3748,-2.7966],[103.4314,-2.7259],[103.5952,-2.7741],[103.8261,-2.8788],[103.949,-2.903],[104.0139,-2.958],[104.0855,-2.9638],[104.1901,-3.0449],[104.3052,-2.9917],[104.4106,-2.9971],[104.4967,-3.0541],[104.6895,-3.0161],[104.819,-2.9728],[104.8976,-2.9068],[104.9171,-2.8109],[104.976,-2.6763],[104.9872,-2.5689],[105.045,-2.3674]]},"properties":{"name":"Masi","scalerank":9,"min_zoom":7.1}},
{"type":"Feature","geometry":{"type":"LineString","coordinates":[[112.0073,-0.9051],[112.0209,-1.16],[111.9736,-1.3075],[112.0005,-1.4267],[111.9732,-1.5661],[111.9937,-1.738],[112.0657,-1.8094],[112.1264,-1.9225],[112.1991,-2.0117],[112.1929,-2.1182],[112.1504,-2.2528],[112.1928,-2.3545],[112.1445,-2.4847],[112.1891,-2.5293],[112.2209,-2.6268],[112.2171,-2.7608],[112.2612,-2.8376],[112.2594,-2.9391],[112.3002,-3.0186],[112.3225,-3.1594],[112.3948,-3.221],[112.5513,-3.3055],[112.5759,-3.4164]]},"properties":{"name":"Pembuang","scalerank":9,"min_zoom":7.1}},
{"type":"Feature","geometry":{"type":"LineString","coordinates":[[145.8453,-6.4248],[145.887,-6.2876],[145.9949,-6.2687],[145.9348,-6.0897],[145.8811,-6.0085],[145.73,-5.8836],[145.5973,-5.7998],[145.5117,-5.7216],[145.3662,-5.7055],[145.3162,-5.6613],[145.2929,-5.5679],[145.2079,-5.4601],[145.0438,-5.3144],[144.9761,-5.2905],[144.9622,-5.2188],[144.8728,-5.1704],[144.7088,-5.018],[144.6535,-4.9035],[144.7324,-4.8867],[144.7288,-4.6913],[144.6275,-4.6572],[144.5991,-4.582],[144.6611,-4.3486],[144.6754,-4.125],[144.6535,-4.0129]]},"properties":{"name":"Ramu","scalerank":9,"min_zoom":7.1}},
{"type":"Feature","geometry":{"type":"MultiLineString","coordinates":[[[-74.4333,53.6845],[-74.4391,53.6839],[-74.8207,53.6138],[-74.933,53.6571],[-75.4551,53.6411],[-75.7229,53.6417],[-75.8262,53.6129],[-75.9043,53.7274],[-76.036,53.7032],[-76.1466,53.7242],[-76.7491,53.6608],[-76.9616,53.6663],[-77.2746,53.7097],[-77.4197,53.7978],[-77.4203,53.7979]],[[-72.0338,53.5979],[-71.915,53.5582],[-71.8165,53.6459]],[[-70.8433,53.427],[-70.8446,53.4276],[-70.953,53.4357],[-71.015,53.5431],[-71.1168,53.5908]]]},"properties":{"name":"La Grande","scalerank":4,"min_zoom":4}},
{"type":"Feature","geometry":{"type":"MultiLineString","coordinates":[[[-77.4197,53.7978],[-77.6415,53.831],[-77.9118,53.7675],[-78.2193,53.7435],[-78.6563,53.7622],[-78.9015,53.8173]],[[-72.036,53.5982],[-72.2169,53.6529],[-72.3564,53.6178],[-72.3918,53.6929],[-72.5326,53.6727],[-72.7863,53.6726],[-72.8974,53.8085],[-73.1595,53.8856],[-73.4469,53.9129],[-73.6387,53.8577],[-73.8031,53.7696],[-74.2662,53.6798],[-74.4391,53.6839]],[[-71.1168,53.5908],[-71.2436,53.6466],[-71.4226,53.6838],[-71.8164,53.6461]],[[-70.48,53.4064],[-70.4001,53.4089],[-70.3492,53.5129],[-70.5488,53.4635],[-70.8446,53.4276]]]},"properties":{"name":"La Grande","scalerank":4,"min_zoom":4}},
{"type":"Feature","geometry":{"type":"LineString","coordinates":[[-71.6688,-15.3364],[-71.6378,-15.2373],[-71.6538,-15.1773],[-71.6274,-14.9834],[-71.5186,-14.862],[-71.4713,-14.7066],[-71.4698,-14.4517],[-71.5043,-14.2924],[-71.5446,-14.2002],[-71.7078,-14.1139],[-71.7535,-13.9738],[-71.8165,-13.8874],[-71.8227,-13.829],[-71.9786,-13.8261],[-72.0015,-13.7775],[-72.0803,-13.7608],[-72.1653,-13.7844],[-72.2721,-13.6955],[-72.3756,-13.6747],[-72.4303,-13.5978],[-72.6051,-13.5619],[-72.8034,-13.4349],[-72.9641,-13.3978],[-73.0967,-13.4582],[-73.2211,-13.4218],[-73.303,-13.3579],[-73.4107,-13.2095],[-73.4713,-13.1748],[-73.5495,-13.0638],[-73.6339,-12.7792],[-73.677,-12.6779],[-73.7627,-12.6283],[-73.8586,-12.5046],[-73.8624,-12.4404],[-73.9616,-12.2773],[-73.9777,-12.2044],[-74.0892,-12.0379],[-74.0238,-11.9116],[-73.9557,-11.8605],[-73.9894,-11.8129],[-74.0714,-11.605],[-74.1249,-11.5781],[-74.1268,-11.4894],[-74.2193,-11.3656],[-74.2689,-11.2551],[-74.255,-11.1581],[-74.1917,-11.144],[-74.0858,-11.1898],[-74.0323,-11.1717],[-73.7857,-11.2846],[-73.7227,-11.2158],[-73.7446,-11.077],[-73.7828,-10.9955],[-73.7487,-10.8505],[-73.7746,-10.8036],[-73.7419,-10.725],[-73.8638,-10.6525],[-73.9064,-10.5983],[-73.9889,-10.5627],[-74.0257,-10.4623],[-74.0435,-10.3309],[-74.0002,-10.2108],[-74.0425,-10.1136],[-74.0162,-10.0707],[-74.0714,-10.0055],[-73.9547,-9.8789],[-73.9869,-9.8197],[-74.1142,-9.8378],[-74.1766,-9.705],[-74.1645,-9.5879],[-74.2264,-9.5469],[-74.245,-9.4775],[-74.3309,-9.3856],[-74.4112,-9.3432],[-74.3837,-9.2211],[-74.4018,-9.1182],[-74.4755,-9.09],[-74.4755,-9.0292],[-74.5438,-8.7686],[-74.4381,-8.6895],[-74.3529,-8.5637],[-74.2636,-8.5728],[-74.2784,-8.4362],[-74.3793,-8.501],[-74.5221,-8.3886],[-74.52,-8.2612],[-74.5948,-8.2372],[-74.6452,-8.1584],[-74.6189,-8.0492],[-74.6722,-8.0272],[-74.6977,-7.9339],[-74.7665,-7.873],[-74.873,-7.9429],[-74.9752,-7.8574],[-74.9365,-7.7889],[-74.9962,-7.7475],[-75.0382,-7.638],[-74.9601,-7.62],[-75.0328,-7.5258],[-74.9752,-7.4521],[-74.9923,-7.3804],[-75.0714,-7.3434],[-75.1116,-7.2878],[-75.2427,-7.1852],[-75.2632,-7.1411],[-75.2194,-7.0724],[-75.1308,-7.0458],[-75.1176,-6.9976],[-75.1793,-6.9404],[-75.1472,-6.8558],[-75.0615,-6.7886],[-75.0875,-6.6841],[-75.1431,-6.6172],[-75.2017,-6.4418],[-75.1396,-6.418],[-75.167,-6.2678],[-75.1365,-6.0993],[-74.9883,-6.0454],[-74.9322,-6.0868],[-74.878,-6.0519],[-74.8428,-5.9755],[-74.7015,-5.9313],[-74.5637,-5.7548],[-74.4782,-5.7546],[-74.4092,-5.7902],[-74.3346,-5.7806],[-74.2746,-5.6958],[-74.2744,-5.6347],[-74.1534,-5.6061],[-74.2051,-5.5239],[-74.1875,-5.4516],[-74.0947,-5.3596],[-74.1043,-5.1714],[-74.064,-5.0755],[-73.9873,-4.9898],[-73.9405,-5.089],[-73.8435,-5.0324],[-73.7735,-4.9579],[-73.7689,-4.875],[-73.6804,-4.8862],[-73.7275,-4.7902],[-73.6371,-4.7616],[-73.575,-4.632],[-73.4818,-4.5404],[-73.4886,-4.4448]]},"properties":{"name":"Ucayali","scalerank":1,"min_zoom":2}},
{"type":"Feature","geometry":{"type":"LineString","coordinates":[[151.8015,-25.7767],[151.8151,-25.7016],[151.6501,-25.5849],[151.6968,-25.398],[151.8792,-25.3578],[152.0241,-25.2542],[151.9871,-25.1323],[152.0518,-25.055],[152.1713,-24.9951],[152.2603,-24.8928],[152.3496,-24.8586],[152.4048,-24.7487]]},"properties":{"name":"Burnett","scalerank":9,"min_zoom":7.1}},
{"type":"Feature","geometry":{"type":"LineString","coordinates":[[117.5439,-32.6428],[117.6177,-32.527],[117.5426,-32.4594],[117.3565,-32.3418],[117.2549,-32.3394],[117.1157,-32.2276],[116.9854,-32.1957],[116.9207,-32.0952],[116.8102,-32.0332],[116.774,-31.8976],[116.7971,-31.814],[116.6752,-31.7411],[116.6476,-31.6649],[116.5044,-31.5444],[116.4347,-31.5124],[116.2239,-31.5791],[116.1013,-31.673],[116.0127,-31.777],[115.9717,-31.8724],[115.735,-32.0195]]},"properties":{"name":"Swan","scalerank":9,"min_zoom":7.1}},
{"type":"Feature","geometry":{"type":"LineString","coordinates":[[76.6557,22.9149],[76.6851,22.9959],[76.801,23.0966],[76.8459,23.1612],[76.9784,23.2756],[76.9918,23.4034],[77.1072,23.5161],[77.2066,23.7851],[77.1695,23.9908],[77.1676,24.1366],[77.1069,24.281],[77.0959,24.4238],[77.0546,24.5267],[77.0374,24.6704],[76.9668,24.7376],[76.8779,24.744],[76.6996,24.8931],[76.6489,24.9708],[76.6012,25.1361],[76.6108,25.216],[76.5617,25.2775],[76.5862,25.4147],[76.5514,25.4602],[76.4784,25.7198],[76.5459,25.8483]]},"properties":{"name":"Parbati","scalerank":9,"min_zoom":7.1}},
{"type":"Feature","geometry":{"type":"LineString","coordinates":[[80.2673,18.7139],[80.2748,18.777],[80.3442,18.8508],[80.2719,18.9795],[80.3665,19.1175],[80.397,19.2342],[80.4711,19.3159],[80.5759,19.392],[80.6173,19.3186],[80.6798,19.3216],[80.7692,19.1602],[80.9026,19.1031],[80.9668,19.1303],[81.0577,19.0919],[81.147,19.0205],[81.2534,19.1031],[81.3388,19.1098],[81.3932,19.1937],[81.6072,19.2377],[81.8048,19.1936],[81.954,19.117],[82.0484,19.1044],[82.1314,19.1389],[82.2164,19.1268],[82.3653,19.1819],[82.5737,19.2062],[82.6387,19.1627],[82.8245,19.2689],[82.8887,19.3929],[82.9599,19.4805]]},"properties":{"name":"Indravati","scalerank":9,"min_zoom":7.1}},
{"type":"Feature","geometry":{"type":"LineString","coordinates":[[93.8042,26.7442],[93.8077,26.7443],[93.8064,26.7574],[93.7979,26.7925],[93.8081,26.8296],[93.8609,26.8897],[94.0138,26.968],[94.1082,26.9786],[94.1515,27.0737],[94.2534,27.1657],[94.315,27.2574],[94.3051,27.3298],[94.2447,27.3875],[94.2924,27.4623],[94.219,27.6267],[94.3311,27.7151],[94.3246,27.9038],[94.2798,27.9929],[94.2207,28.0166],[94.1436,28.1037],[94.1417,28.2014],[94.0232,28.3772],[93.9092,28.3856],[93.8461,28.4231],[93.7345,28.42],[93.5986,28.3822],[93.4629,28.3838],[93.3471,28.4424],[93.2119,28.4501],[93.1021,28.4207],[93.0061,28.3598],[92.8623,28.306],[92.7485,28.3099],[92.7466,28.3942],[92.5891,28.444],[92.4986,28.4256],[92.2129,28.4486],[92.1464,28.5081],[91.9757,28.5417]]},"properties":{"name":null,"scalerank":9,"min_zoom":7.1}},
{"type":"Feature","geometry":{"type":"LineString","coordinates":[[102.7656,14.0875],[102.8665,14.0621],[102.9784,13.9224],[102.9622,13.674],[103.0054,13.6026],[103.1343,13.5572],[103.186,13.4798],[103.2507,13.4569],[103.2822,13.3544],[103.3953,13.3046],[103.3732,13.2626],[103.5395,13.2446],[103.5769,13.2659]]},"properties":{"name":null,"scalerank":9,"min_zoom":7.1}},
{"type":"Feature","geometry":{"type":"LineString","coordinates":[[103.1325,12.1253],[103.1093,12.2987],[103.1863,12.3371],[103.3052,12.2923],[103.3827,12.3477],[103.5245,12.2955],[103.6415,12.2956],[103.7466,12.3645],[103.8103,12.4859],[103.9155,12.5194],[104.053,12.663],[104.1323,12.7011]]},"properties":{"name":null,"scalerank":9,"min_zoom":7.1}},
{"type":"Feature","geometry":{"type":"MultiLineString","coordinates":[[[76.8255,32.3273],[76.6425,32.2873],[76.4766,32.3921],[76.458,32.4468],[76.1811,32.4793],[76.0828,32.6149],[75.9342,32.617],[75.8391,32.5066],[75.7429,32.4644],[75.6825,32.3998],[75.538,32.3452],[75.4644,32.2528],[75.31,32.1539],[75.1952,32.1288],[75.1017,32.0783],[75.0405,32.0982],[74.9552,32.0324],[74.8282,32.0257],[74.7833,31.9431],[74.698,31.9505],[74.565,31.8408],[74.5159,31.7376],[74.3437,31.6617],[74.2018,31.498]],[[74.208,31.498],[74.1065,31.4249],[74.0435,31.4161],[73.997,31.3209],[73.9057,31.2925],[73.8722,31.2305],[73.7905,31.2594],[73.6599,31.1554],[73.3901,31.0955],[73.3473,31.008],[73.2452,30.9803],[72.9747,30.7644],[72.8683,30.7226],[72.7633,30.7175],[72.7003,30.6005],[72.5852,30.5954],[72.4962,30.6285],[72.2786,30.5794],[72.1515,30.5817],[71.9843,30.6162],[71.9304,30.6555],[71.7749,30.6141]]]},"properties":{"name":"Ravi","scalerank":9,"min_zoom":7.1}},
{"type":"Feature","geometry":{"type":"LineString","coordinates":[[128.1934,41.9622],[128.2892,41.9554],[128.4073,42.0086],[128.5641,42.001],[128.7206,42.0479],[128.9397,42.0356],[128.9636,42.0888],[129.1196,42.1496],[129.2109,42.2202],[129.2428,42.379],[129.3629,42.4453],[129.5167,42.3912],[129.7031,42.4427],[129.7609,42.7464],[129.8794,42.9963],[129.9813,42.967],[130.1213,42.9821],[130.1401,42.9073],[130.2385,42.9025],[130.2427,42.7436],[130.4309,42.5618],[130.4839,42.6103],[130.5755,42.446],[130.6563,42.3835],[130.7002,42.2951]]},"properties":{"name":"Tumen","scalerank":9,"min_zoom":7.1}},
{"type":"Feature","geometry":{"type":"LineString","coordinates":[[111.3357,66.1114],[111.2007,65.9959],[111.1456,65.8257],[111.2615,65.7856],[111.5022,65.825],[111.6939,65.8123],[111.7695,65.7263],[112.189,65.733],[112.2849,65.838],[112.2953,65.9394],[112.4155,65.9898],[112.3818,66.0633],[112.6817,66.147],[112.7424,66.2027],[112.9462,66.1802],[113.1309,66.2243],[113.2337,66.2969],[113.5149,66.3571],[113.5953,66.452],[113.919,66.3646],[114.0083,66.382],[114.1836,66.2667],[114.3084,66.279],[114.4404,66.2212],[114.6316,66.2212],[114.5779,66.1439],[114.6782,66.0381],[114.6586,65.9525],[114.8171,65.8916],[114.9956,65.7551],[115.1119,65.7687],[115.2759,65.693],[115.2278,65.59],[115.4438,65.5107],[115.5816,65.427],[115.6192,65.3299],[115.742,65.2064],[115.9994,65.1153],[116.1536,65.1654],[116.4815,64.9536],[116.4824,64.8837],[116.6191,64.7675],[116.65,64.6409],[116.6031,64.5633],[116.8403,64.4525],[116.7084,64.315],[116.4888,64.3052],[116.4483,64.158],[116.6641,64.1528],[116.7909,64.1034],[116.589,63.8941],[116.4614,63.8496],[116.3993,63.6745],[116.8409,63.4295],[116.9722,63.438],[116.9988,63.5123],[117.4059,63.5733],[117.5899,63.6396],[117.812,63.6776],[118.0234,63.6792],[118.1338,63.7597],[118.3533,63.726],[118.2057,63.6133],[118.3123,63.5622],[118.459,63.6258],[118.8103,63.5754],[118.8809,63.4859]]},"properties":{"name":"Markha","scalerank":9,"min_zoom":7.1}},
{"type":"Feature","geometry":{"type":"MultiLineString","coordinates":[[[-107.1814,33.1732],[-107.17,33.3557]],[[-107.2934,32.9103],[-107.2808,33.1143]],[[-101.039,29.4604],[-101.1644,29.5015],[-101.2273,29.5546],[-101.2198,29.6105],[-101.3035,29.6341]],[[-99.4626,27.0571],[-99.2491,26.8273],[-99.1724,26.5659]]]},"properties":{"name":"Rio Grande","scalerank":4,"min_zoom":4}},
{"type":"Feature","geometry":{"type":"MultiLineString","coordinates":[[[-107.4266,37.7759],[-107.386,37.7526],[-107.1381,37.7612],[-106.9994,37.7486],[-106.9696,37.813],[-106.8768,37.8305],[-106.758,37.7779],[-106.6252,37.6773],[-106.3339,37.6859],[-106.1344,37.5983],[-105.9123,37.5528],[-105.7776,37.4414],[-105.7211,37.2999],[-105.7579,37.0423],[-105.6879,36.8479],[-105.6924,36.6373],[-105.7333,36.4911],[-105.7299,36.378],[-105.7858,36.2814],[-105.9312,36.208],[-106.0654,36.0806],[-106.1153,35.9027],[-106.3128,35.6804],[-106.4442,35.423],[-106.5507,35.3477],[-106.6049,35.2434],[-106.6977,35.1396],[-106.6728,35.0805],[-106.6816,34.9265],[-106.7409,34.7657],[-106.7516,34.6165],[-106.8048,34.4223],[-106.8925,34.2566],[-106.8614,34.0372],[-106.8645,33.8333],[-106.9229,33.7396],[-107.1079,33.5404],[-107.1699,33.356]],[[-107.1814,33.1732],[-107.2798,33.1158]],[[-107.2934,32.9103],[-107.2992,32.8084],[-107.2227,32.6871],[-107.0553,32.6511],[-107.001,32.6133],[-106.9559,32.5132],[-106.8461,32.4258],[-106.8475,32.3198],[-106.6847,32.072],[-106.6251,31.8854],[-106.5663,31.8195]],[[-106.5663,31.8195],[-106.4936,31.7592],[-106.3593,31.7178],[-106.2871,31.5803],[-106.1652,31.448],[-106.0056,31.3972],[-105.8629,31.2886],[-105.769,31.1802],[-105.5918,31.0716],[-105.5568,31.0028],[-105.3646,30.8507],[-105.2301,30.8104],[-105.0879,30.71],[-105.0093,30.6772],[-104.8874,30.5521],[-104.8559,30.4178],[-104.6824,30.1932],[-104.6999,30.0317],[-104.6813,29.9426],[-104.5712,29.7877],[-104.5174,29.6546],[-104.4448,29.5894],[-104.3498,29.5378],[-104.268,29.5268],[-104.0582,29.3392],[-103.9289,29.2933],[-103.795,29.2778],[-103.7786,29.2355],[-103.674,29.1738],[-103.5426,29.149],[-103.4794,29.0823],[-103.3024,29.0026],[-103.1488,28.9853],[-103.1055,29.0581],[-102.9892,29.1774],[-102.8978,29.2205],[-102.8839,29.3439],[-102.7805,29.5925],[-102.6843,29.744],[-102.5161,29.7849],[-102.4069,29.7775],[-102.3218,29.8941],[-102.1102,29.8023],[-101.9731,29.8184],[-101.5226,29.7662],[-101.4102,29.766],[-101.4074,29.7531],[-101.3842,29.7187],[-101.3774,29.7009],[-101.3651,29.6769],[-101.3035,29.6341]],[[-101.0386,29.4603],[-101.0171,29.3903],[-100.8169,29.271],[-100.7633,29.1739],[-100.6698,29.1164],[-100.6251,28.9249],[-100.5199,28.8052],[-100.4948,28.7086],[-100.3979,28.593],[-100.2852,28.2967],[-100.1985,28.2073],[-100.0757,28.1546],[-100.0014,28.0206],[-99.9151,27.9285],[-99.8641,27.805],[-99.7413,27.7224],[-99.7012,27.6595],[-99.601,27.6466],[-99.508,27.574],[-99.4737,27.4269],[-99.4984,27.339],[-99.4328,27.2078],[-99.4626,27.0572]],[[-99.1721,26.5642],[-99.1159,26.5259],[-99.0863,26.4078],[-98.7967,26.3685],[-98.6414,26.242],[-98.5824,26.2625],[-98.3702,26.1942],[-98.3013,26.1116],[-98.2235,26.0756],[-97.9425,26.0571],[-97.8028,26.0639],[-97.6804,26.0349],[-97.4263,25.8552],[-97.2539,25.9637],[-97.1393,25.9658]]]},"properties":{"name":"Rio Grande","scalerank":4,"min_zoom":4}},
{"type":"Feature","geometry":{"type":"LineString","coordinates":[[134.4993,52.5567],[134.3027,52.7652],[134.1349,52.8782],[134.1875,52.9791],[134.1054,53.1395],[133.95,53.1719],[133.6891,53.1333],[133.5019,53.1418],[133.3843,53.2152],[133.199,53.2279],[132.8258,53.044],[132.7251,52.9632],[132.5069,52.946],[132.0109,52.8364],[131.9296,52.8623],[131.7566,52.8033],[131.5914,52.8184],[131.4978,52.7673],[131.4131,52.6686],[131.0517,52.5624],[130.7533,52.5045],[130.4835,52.4353],[130.1284,52.4127],[129.9408,52.4264],[129.8779,52.336],[129.7088,52.3268],[129.6563,52.2408],[129.4338,52.1589],[129.4304,52.0319],[129.1772,51.8268],[129.0981,51.7957],[129.0313,51.7867],[128.958,51.7658],[128.9341,51.7473],[128.8789,51.7412]]},"properties":{"name":"Selemdzha","scalerank":9,"min_zoom":7.1}},
{"type":"Feature","geometry":{"type":"LineString","coordinates":[[136.944,69.5642],[137.54,69.5538],[137.8792,69.3462],[137.8086,69.221],[138.0265,69.0987],[138.3018,68.9785],[138.569,68.9274],[138.6367,68.8455],[138.9439,68.6929],[138.939,68.6258],[139.206,68.4202],[139.1814,68.3073],[139.3566,68.1807],[139.2938,68.1195],[139.3976,68.0634],[139.4732,67.9061],[139.7041,67.8539],[140.0095,67.7224],[140.1699,67.691],[140.4856,67.6751],[141.0383,67.7333],[141.7243,67.9042],[142.0796,67.9324],[142.3958,67.9278],[142.7283,67.9479],[143.1209,68.0128],[143.4653,68.003],[143.5796,67.9551],[143.9806,67.9582],[144.1293,67.9298],[144.5893,67.9462],[144.7822,67.859],[144.969,67.8585]]},"properties":{"name":"Selennyakh","scalerank":9,"min_zoom":7.1}},
{"type":"Feature","geometry":{"type":"LineString","coordinates":[[128.2073,66.241],[128.4026,66.2051],[128.8305,66.3756],[129.141,66.4241],[129.2966,66.5501],[129.4412,66.7351],[129.9395,66.8582],[129.9628,67.0472],[130.5099,67.1771],[130.6011,67.2743],[130.613,67.3856],[130.8784,67.6033],[131.1622,67.6835],[131.1772,67.827],[131.4413,67.9322],[131.5435,68.0008],[131.7465,68.2286],[132.5992,68.4687],[132.8369,68.6175],[133.0108,68.6605],[133.2805,68.6608],[133.4631,68.6953],[133.7363,68.5637],[134.0315,68.5916],[134.1349,68.6605],[134.2851,68.6605],[134.3267,68.7356],[134.4301,68.7497],[134.4639,68.7629]]},"properties":{"name":"Bytantay","scalerank":9,"min_zoom":7.1}},
{"type":"Feature","geometry":{"type":"MultiLineString","coordinates":[[[131.2881,57.3823],[130.8135,57.4458],[130.6002,57.5773],[130.6075,57.6508],[130.7468,57.8111],[130.9093,57.8589],[131.0571,57.8534],[131.149,57.9025],[131.2564,58.0684],[131.1689,58.2486],[131.2139,58.4447],[131.2144,58.5953],[131.1035,58.6134],[130.9234,58.5511],[130.7895,58.5837],[130.7437,58.712],[130.5919,58.7791]],[[134.1218,55.805],[134.3899,55.8788],[134.3941,55.9611],[134.5123,56.1153],[134.4737,56.2033],[134.3814,56.2094],[134.1407,56.1586],[134.0132,56.285],[133.9267,56.322],[133.9218,56.4046],[134.0029,56.5169],[134.0284,56.6981],[134.1122,56.7605],[134.1082,56.8258],[133.9228,56.9278],[133.5481,56.9981],[133.3945,57.0806],[133.3523,57.2045],[133.0906,57.2696],[132.8041,57.2853],[132.6276,57.1884],[132.4985,57.1483],[132.4336,57.0157],[132.3075,56.951],[132.1765,56.9736],[132.0657,57.1052],[131.7039,57.2941],[131.5479,57.3262],[131.3805,57.3196],[131.2689,57.3802]]]},"properties":{"name":"Uchur","scalerank":9,"min_zoom":7.1}},
{"type":"Feature","geometry":{"type":"LineString","coordinates":[[117.3776,56.6164],[117.6629,56.6924],[117.8225,56.6848],[118.2836,56.8601],[118.3471,56.9823],[118.5225,57.0506],[118.6255,57.0581],[118.8084,57.121],[118.9099,57.2526],[118.9092,57.3314],[119.1327,57.4149],[118.9961,57.5279],[118.8743,57.5569],[118.8418,57.6647],[118.7313,57.7811],[118.6187,57.8295],[118.617,57.939],[118.4888,57.9317],[118.3628,58.0921],[118.2644,58.1309],[118.2418,58.2012],[118.3108,58.3364],[118.2455,58.408],[118.0689,58.465],[118.1458,58.5957],[118.1357,58.6756],[118.1982,58.7371],[118.1289,58.8195],[118.186,58.9111],[118.3276,58.9704],[118.4922,58.9294],[118.5463,59.0398],[118.8185,58.9776],[118.8207,59.0816],[118.9968,59.0699],[119.0712,59.1713],[119.3902,59.1863],[119.4282,59.3055],[119.3427,59.3684],[119.1897,59.4138],[119.231,59.4681],[119.4511,59.5942],[119.373,59.6409],[119.4207,59.7338],[119.3891,59.7935],[119.4806,59.8734],[119.687,59.9808],[119.8486,60.016],[119.9719,59.9908],[120.0908,59.8415],[120.4177,59.8788],[120.4895,59.9368],[120.6703,59.9768],[120.9352,60.0995],[121.0156,60.2279],[120.8888,60.3414]]},"properties":{"name":"Chara","scalerank":9,"min_zoom":7.1}},
{"type":"Feature","geometry":{"type":"LineString","coordinates":[[145.73,66.3372],[145.8057,66.3503],[145.8936,66.5196],[145.7783,66.5742],[145.8726,66.6762],[146.0626,66.7105],[146.5137,66.7352],[146.6223,66.8165],[147.0132,66.8806],[147.1065,66.8526],[147.4083,66.9195],[147.5708,66.9254],[147.7885,66.888],[148.0245,66.8096],[148.4257,66.7764],[148.52,66.7066],[148.8071,66.6789],[149.0147,66.5995],[149.2866,66.5428],[149.5352,66.4173],[149.8855,66.4099],[149.9981,66.3534],[150.1635,66.3372],[150.1841,66.2137],[150.4956,66.1964],[150.7356,66.2485],[150.8009,66.2212],[151.0616,66.2342]]},"properties":{"name":"Ozhogina","scalerank":9,"min_zoom":7.1}},
{"type":"Feature","geometry":{"type":"LineString","coordinates":[[127.7418,47.7321],[127.6831,47.7836],[127.6466,47.8979],[127.3541,48.1817],[127.1907,48.4722],[127.0771,48.5315],[126.7922,48.5351],[126.6928,48.5841],[126.4585,48.615],[126.2073,48.5266],[126.0254,48.5611],[125.8704,48.5471],[125.7657,48.5762],[125.6829,48.5394],[125.3149,48.5266],[125.0413,48.4856],[124.9063,48.4439],[124.8279,48.4559],[124.6713,48.4149],[124.5484,48.3279]]},"properties":{"name":"Nemor","scalerank":9,"min_zoom":7.1}},
{"type":"Feature","geometry":{"type":"LineString","coordinates":[[164.0402,64.2013],[164.1302,64.251],[164.3661,64.2141],[164.4785,64.1597],[164.749,64.1398],[165.0331,64.2288],[165.2227,64.2358],[165.4624,64.1951],[165.5995,64.096],[165.8038,64.0511],[165.9378,63.9853],[166.2741,63.9412],[166.5391,63.9558],[166.7202,63.9213],[166.9315,63.9341],[167.1566,64.0059],[167.2535,64.0021],[167.4904,63.8623],[167.548,63.7752],[167.7267,63.668],[167.8682,63.6206],[167.9458,63.5074],[167.8916,63.3151],[167.9395,63.2674],[167.8773,63.1358],[167.7321,63.0673],[167.1763,62.9407],[167.052,62.7877],[167.0379,62.7159],[166.8978,62.6845],[166.8358,62.6026],[166.6183,62.5654],[166.426,62.5808],[166.3094,62.4518],[166.231,62.4406],[165.6434,62.4592]]},"properties":{"name":"Penzhina","scalerank":9,"min_zoom":7.1}},
{"type":"Feature","geometry":{"type":"LineString","coordinates":[[115.5564,33.1977],[115.4072,33.2196],[115.1926,33.3388],[114.9082,33.4479],[114.8102,33.5402],[114.6567,33.605],[114.552,33.5957],[114.2534,33.7086],[114.0964,33.6374],[114.0407,33.5688],[113.9517,33.5687],[113.6707,33.6203],[113.6296,33.6837],[113.5029,33.7102],[113.3496,33.6402],[113.2857,33.6513],[113.1665,33.7313],[112.8316,33.7284],[112.7316,33.7568],[112.6769,33.736],[112.4431,33.7804],[112.3349,33.7757]]},"properties":{"name":"Quan","scalerank":9,"min_zoom":7.1}},
{"type":"Feature","geometry":{"type":"LineString","coordinates":[[130.0798,43.8964],[130.194,44.1195],[130.3731,44.3395],[130.3715,44.4026],[130.28,44.4202],[130.2324,44.481],[130.2915,44.58],[130.3762,44.6284],[130.4546,44.7817],[130.544,45.0044],[130.6677,45.0931],[130.8075,45.3074],[130.9298,45.3435],[131.0361,45.2994],[131.2416,45.2646],[131.4414,45.2825],[131.6028,45.3382],[131.7498,45.3453],[131.9397,45.5111],[132.1709,45.5954],[132.3234,45.6992],[132.4955,45.6695],[132.6869,45.6726],[132.8804,45.7199],[133.1047,45.753],[133.3453,45.8602],[133.5102,45.8734]]},"properties":{"name":"Muling","scalerank":9,"min_zoom":7.1}},
{"type":"Feature","geometry":{"type":"LineString","coordinates":[[58.8351,52.1968],[58.7639,52.0297],[58.7973,51.9218],[58.7554,51.774],[58.6309,51.6951]]},"properties":{"name":"Ural","scalerank":4,"min_zoom":4}},
{"type":"Feature","geometry":{"type":"MultiLineString","coordinates":[[[59.4484,54.7032],[59.4231,54.4915],[59.1367,54.2652],[59.1773,54.2156],[59.0671,54.0521],[59.1383,53.9266],[59.2078,53.8924],[59.134,53.8182],[59.2177,53.7454],[59.2625,53.6219],[59.0256,53.519],[59.0325,53.3285],[59.1642,53.249],[59.0224,53.1082],[58.9649,52.9798],[58.8736,52.8751],[58.9135,52.8311],[58.9325,52.6925],[59.005,52.6394],[58.9623,52.5756],[59.1333,52.5071],[59.0584,52.4073],[58.9776,52.3746],[58.8338,52.1957]],[[58.6309,51.6951],[58.625,51.6074],[58.7599,51.4418],[58.7407,51.3074],[58.6466,51.234],[58.4155,51.1993],[58.2234,51.1234],[57.9599,51.0777],[57.7958,51.1236],[57.4541,51.1733],[57.311,51.2407],[57.2266,51.2477],[57.1279,51.321],[56.84,51.3729],[56.7984,51.3575],[56.4936,51.3775],[56.3111,51.4218],[56.1919,51.5009],[56.046,51.5447],[55.9614,51.6236],[55.8764,51.6295],[55.6245,51.7196],[55.3926,51.7547],[55.2759,51.7266],[55.0924,51.7324],[55.0015,51.7718],[54.6797,51.758],[54.4617,51.7001],[53.9697,51.6257],[53.7451,51.5569],[53.6192,51.5866],[53.4336,51.5692],[53.3069,51.4941],[53.1528,51.513],[52.9594,51.4561],[52.7892,51.5051],[52.5745,51.4674],[52.4732,51.3671],[52.3595,51.4072],[51.954,51.3955],[51.9433,51.3477],[51.6482,51.2337],[51.4982,51.2204],[51.3644,51.1645],[51.3642,51.0455],[51.2758,50.9218],[51.1842,50.8731],[51.2066,50.7437],[51.1267,50.6307],[51.1637,50.4874],[51.1028,50.2731],[51.294,50.1694],[51.3543,50.0752],[51.3257,49.9263],[51.4504,49.8567],[51.5188,49.7452],[51.5323,49.637],[51.685,49.5278],[51.727,49.4195],[51.8001,49.4096],[51.8997,49.3098],[51.9638,49.1708],[51.8428,48.9655],[51.8175,48.6418],[51.7616,48.5669],[51.6448,48.5459],[51.5548,48.277],[51.6695,47.9649],[51.6075,47.6328],[51.6931,47.5321],[51.8716,47.4159],[51.937,47.1803],[51.9057,47.103],[51.7242,46.9439]]]},"properties":{"name":"Ural","scalerank":4,"min_zoom":4}},
{"type":"Feature","geometry":{"type":"LineString","coordinates":[[1.8838,42.5646],[1.8395,42.5245],[1.8757,42.4173],[1.7768,42.3919],[1.4834,42.3736],[1.3516,42.2907],[1.3005,42.079],[1.1873,41.9343],[0.9325,41.9114],[0.8357,41.8546],[0.789,41.76],[0.5999,41.5803],[0.5242,41.5576],[0.4701,41.4989],[0.3371,41.4068],[0.3124,41.3725]]},"properties":{"name":"Segre","scalerank":9,"min_zoom":7.1}},
{"type":"Feature","geometry":{"type":"LineString","coordinates":[[-109.2152,30.8291],[-109.2955,31.0384],[-109.2663,31.1964],[-109.2759,31.3677],[-109.2096,31.4706],[-109.1903,31.5797]]},"properties":{"name":"Rio Batepito","scalerank":9,"min_zoom":7.1}},
{"type":"Feature","geometry":{"type":"LineString","coordinates":[[-69.706,45.6007],[-69.7952,45.545],[-69.973,45.3406],[-69.9907,45.2176],[-69.9528,45.1201],[-69.8606,45.0247],[-69.8426,44.9291],[-69.8699,44.7714],[-69.7952,44.7349],[-69.6573,44.772],[-69.5819,44.6206],[-69.7672,44.3366],[-69.7449,44.2038],[-69.7747,44.06]]},"properties":{"name":"Kennebec","scalerank":9,"min_zoom":7.1}},
{"type":"Feature","geometry":{"type":"LineString","coordinates":[[-83.4246,48.5067],[-83.3021,48.4964],[-83.3473,48.6331],[-83.4427,48.7836],[-83.3537,48.8194],[-83.2737,49.0033],[-83.3358,49.1436],[-83.3833,49.3276],[-83.4393,49.3754],[-83.4272,49.454],[-83.3146,49.5209],[-83.2567,49.6404],[-83.2134,49.89],[-83.1719,49.9319],[-83.2136,50.0925],[-83.1888,50.1437],[-82.9524,50.1945],[-82.6847,50.3018],[-82.5614,50.4168],[-82.3284,50.4383],[-82.1708,50.5277],[-82.1173,50.5882],[-81.9926,50.6171],[-81.8505,50.6981],[-81.7349,50.7316],[-81.4547,50.7425]]},"properties":{"name":"Missinaibi","scalerank":9,"min_zoom":7.1}},
{"type":"Feature","geometry":{"type":"LineString","coordinates":[[-51.1641,-25.454],[-51.083,-25.3607],[-50.9497,-25.3291],[-50.935,-25.1084],[-51.0072,-24.9574],[-51.1108,-24.911],[-51.1748,-24.7953],[-51.3738,-24.742],[-51.4642,-24.6132],[-51.4769,-24.4223],[-51.4308,-24.3569],[-51.5123,-24.1708],[-51.5648,-24.141],[-51.5831,-24.0641],[-51.7121,-23.9406],[-51.9043,-23.9116],[-52.0063,-23.7985],[-52.0312,-23.736],[-52.1642,-23.6318],[-52.368,-23.5384],[-52.4022,-23.4567],[-52.4886,-23.3417],[-52.6238,-23.2533],[-52.6959,-23.2641],[-52.8644,-23.2002],[-52.9954,-23.1933],[-53.0239,-23.1566],[-53.1498,-23.185],[-53.4398,-23.2085],[-53.4553,-23.1683],[-53.6214,-23.2044],[-53.7132,-23.2851]]},"properties":{"name":"Ivaí","scalerank":9,"min_zoom":7.1}},
{"type":"Feature","geometry":{"type":"LineString","coordinates":[[-55.0198,-24.4489],[-55.0929,-24.2968],[-55.1329,-24.28],[-55.2514,-24.3437],[-55.3656,-24.3565],[-55.5467,-24.3065],[-55.6484,-24.2284],[-55.7026,-24.1468],[-55.8194,-24.0707],[-56.0047,-24.0291],[-56.15,-24.1463],[-56.3245,-24.1312],[-56.5511,-24.0488],[-56.6518,-24.072],[-56.9538,-24.0876],[-57.0791,-24.1152],[-57.0996,-24.1352],[-57.1339,-24.1457],[-57.182,-24.1474]]},"properties":{"name":"Jejui Guazu","scalerank":9,"min_zoom":7.1}},
{"type":"Feature","geometry":{"type":"LineString","coordinates":[[-64.4086,-32.1567],[-64.3288,-32.1894],[-64.1313,-32.1435],[-63.8872,-32.1752],[-63.7995,-32.2116],[-63.6308,-32.2436],[-63.5721,-32.2958],[-63.4004,-32.3837],[-63.264,-32.4174],[-63.0347,-32.5438],[-62.9454,-32.6274]]},"properties":{"name":"Tercero","scalerank":9,"min_zoom":7.1}},
{"type":"Feature","geometry":{"type":"LineString","coordinates":[[-46.232,-21.8911],[-46.343,-21.848],[-46.4095,-21.7422],[-46.5148,-21.7036],[-46.5371,-21.6515],[-46.6432,-21.5591],[-46.8342,-21.5777],[-47.0384,-21.6205],[-47.1239,-21.485],[-47.1944,-21.4872],[-47.352,-21.3978],[-47.4073,-21.3294],[-47.4552,-21.342],[-47.483,-21.2407],[-47.5371,-21.1718],[-47.6139,-21.1665],[-47.7381,-21.1052],[-47.7847,-21.0557],[-48.0441,-20.9527],[-48.2305,-20.8547],[-48.2502,-20.7507],[-48.3191,-20.7131],[-48.3191,-20.5895],[-48.4165,-20.5155],[-48.4802,-20.4116],[-48.5239,-20.2328],[-48.6332,-20.1576]]},"properties":{"name":"Pardo","scalerank":9,"min_zoom":7.1}},
{"type":"Feature","geometry":{"type":"LineString","coordinates":[[-72.9946,-48.3908],[-73.0824,-48.2054],[-73.2628,-48.268],[-73.3514,-48.2196]]},"properties":{"name":null,"scalerank":9,"min_zoom":7.1}},
{"type":"Feature","geometry":{"type":"LineString","coordinates":[[33.2288,6.6776],[33.1648,6.7259],[33.0176,6.9797],[33.0178,7.0885],[33.0463,7.1462],[33.0271,7.243],[32.9747,7.315],[32.9607,7.4881],[33.0003,7.673],[32.9812,7.781],[32.9968,7.8873]]},"properties":{"name":"Pibor","scalerank":9,"min_zoom":7.1}},
{"type":"Feature","geometry":{"type":"MultiLineString","coordinates":[[[-102.4371,53.9816],[-102.4344,53.9818],[-102.3806,53.9664]],[[-103.4213,53.652],[-103.4573,53.6184],[-103.6325,53.6214],[-103.6876,53.5625],[-103.8909,53.4808]],[[-100.3225,53.5926],[-100.3234,53.5908],[-100.11,53.4735],[-100.0356,53.3791],[-99.9958,53.2401],[-99.932,53.1998],[-99.7867,53.191],[-99.6762,53.2438],[-99.5489,53.2445],[-99.4658,53.1849],[-99.3303,53.1595]],[[-99.2471,53.1894],[-98.9779,53.2699],[-98.1388,53.409],[-97.9136,53.5186]]]},"properties":{"name":"Saskatchewan","scalerank":4,"min_zoom":4}},
{"type":"Feature","geometry":{"type":"MultiLineString","coordinates":[[[-102.3805,53.9663],[-102.1244,53.8831],[-101.788,53.8853],[-101.5477,53.9722],[-101.2987,53.8492],[-101.0753,53.8859],[-100.9381,53.6681],[-100.8646,53.6461],[-100.5186,53.687],[-100.336,53.6654],[-100.3234,53.5908]],[[-103.4206,53.6529],[-103.3845,53.6854],[-103.1356,53.7397],[-103.0276,53.7906],[-103.0851,53.8782],[-103.0094,54.0174],[-102.7695,54.0775],[-102.6187,54.0439],[-102.5305,53.9785],[-102.4344,53.9818]],[[-105.0651,53.2404],[-104.9348,53.2061],[-104.8458,53.1383],[-104.7377,53.2118],[-104.4637,53.2338],[-104.3116,53.2969],[-104.071,53.298],[-103.8936,53.4815]],[[-99.3303,53.1595],[-99.2473,53.1892]]]},"properties":{"name":"Saskatchewan","scalerank":4,"min_zoom":4}},
{"type":"Feature","geometry":{"type":"MultiLineString","coordinates":[[[31.392,-4.7775],[31.3897,-4.8441],[31.2168,-4.9649],[31.1465,-4.9824],[31.0786,-4.9491],[30.9597,-4.993]],[[30.9597,-4.9929],[30.9597,-4.993]],[[30.9597,-4.993],[30.8938,-5.08],[30.8408,-5.0827],[30.7556,-5.1569],[30.7002,-5.1375]]]},"properties":{"name":"Gombe","scalerank":9,"min_zoom":7.1}},
{"type":"Feature","geometry":{"type":"LineString","coordinates":[[33.8377,57.0196],[33.94,57.0455],[34.1822,57.0279],[34.4054,56.9188],[34.5754,57.0419],[34.7159,57.0651],[34.7743,57.1737],[34.728,57.2399],[34.9092,57.2385],[35.0274,57.0176],[35.1406,57.0102],[35.2688,56.9186],[35.3442,56.9468],[35.5898,56.9676],[35.8717,56.9532],[35.9624,56.873]]},"properties":{"name":"Tvertsa","scalerank":9,"min_zoom":7.1}},
{"type":"Feature","geometry":{"type":"LineString","coordinates":[[35.1881,68.2054],[35.2715,68.3008],[35.2382,68.406],[35.3839,68.492],[35.3907,68.6581],[35.4624,68.7151]]},"properties":{"name":"Voronya","scalerank":9,"min_zoom":7.1}},
{"type":"Feature","geometry":{"type":"MultiLineString","coordinates":[[[35.4624,68.7151],[35.6791,68.9956],[35.8258,69.0782],[35.8258,69.2011]],[[35.2242,68.0921],[35.1881,68.2054]]]},"properties":{"name":"Voronya","scalerank":9,"min_zoom":7.1}},
{"type":"Feature","geometry":{"type":"LineString","coordinates":[[20.6817,41.1807],[20.6389,41.3212],[20.562,41.4417],[20.4668,41.5425],[20.4235,41.6297],[20.339,41.6912],[20.3589,41.8282],[20.3263,41.9106],[20.3721,41.9608],[20.3906,42.0829],[20.324,42.1014],[20.2702,42.1813],[19.9834,42.2668],[19.8809,42.2293],[19.8737,42.1429],[19.7918,42.0865],[19.7084,42.0926],[19.5508,41.9888],[19.5786,41.8933],[19.647,41.8319],[19.5713,41.7561]]},"properties":{"name":"Drin","scalerank":9,"min_zoom":7.1}},
{"type":"Feature","geometry":{"type":"LineString","coordinates":[[-8.1881,42.1621],[-8.3474,42.102],[-8.6275,42.0513],[-8.7508,41.969]]},"properties":{"name":"Minho","scalerank":9,"min_zoom":7.1}},
{"type":"Feature","geometry":{"type":"LineString","coordinates":[[19.4805,42.0665],[19.3459,41.9618],[19.3652,41.8524]]},"properties":{"name":"Bojana","scalerank":9,"min_zoom":7.1}},
{"type":"Feature","geometry":{"type":"LineString","coordinates":[[92.1978,22.5036],[92.0217,22.4186],[91.9081,22.4248]]},"properties":{"name":null,"scalerank":9,"min_zoom":7.1}},
{"type":"Feature","geometry":{"type":"LineString","coordinates":[[84.0142,30.5179],[83.9301,30.6245],[83.793,30.6469],[83.7359,30.6114],[83.6969,30.4951],[83.5854,30.4313],[83.4472,30.3184],[83.3428,30.2931],[83.2955,30.1617],[83.3906,30.0587],[83.5356,29.9395]]},"properties":{"name":null,"scalerank":9,"min_zoom":7.1}},
{"type":"Feature","geometry":{"type":"LineString","coordinates":[[91.1646,24.3553],[91.1563,24.2701],[91.0938,24.2597],[90.9998,24.1622],[91.0334,24.063],[90.9765,24.0075]]},"properties":{"name":"Balak","scalerank":9,"min_zoom":7.1}},
{"type":"Feature","geometry":{"type":"MultiLineString","coordinates":[[[94.2587,25.4612],[94.1087,25.3778],[93.9844,25.4196],[93.8887,25.4824],[93.8086,25.4462],[93.6791,25.3283],[93.6008,25.1889],[93.518,25.1507],[93.4101,24.9444],[93.4116,24.8467],[93.3245,24.6997],[93.2208,24.659],[93.1386,24.3895],[93.0427,24.3153],[93.0457,24.4446],[93.0801,24.6245],[93.1062,24.672],[93.0286,24.7896],[92.929,24.7923],[92.9087,24.7486],[92.7337,24.9005],[92.6466,24.8328],[92.5934,24.8778],[92.4942,24.8951],[92.4576,24.9535],[92.3076,25.0269],[92.2205,24.9487],[92.0146,24.8641],[91.9293,24.8641],[91.7031,24.932],[91.5034,25.0806],[91.4394,25.0941],[91.3711,25.0244],[91.3536,24.9174],[91.3889,24.7672],[91.3471,24.6705],[91.2374,24.5693],[91.1819,24.4879],[91.2022,24.4224],[91.1646,24.3553]],[[90.9765,24.0075],[90.8438,23.9503],[90.856,23.8914],[90.7783,23.8687],[90.7153,23.65],[90.6332,23.5966]],[[90.7343,23.6593],[90.7673,23.6177],[90.7022,23.555]]]},"properties":{"name":"Balak","scalerank":9,"min_zoom":7.1}},
{"type":"Feature","geometry":{"type":"LineString","coordinates":[[83.9631,29.2002],[83.955,29.1087],[83.8984,28.9978],[83.8261,28.9545],[83.7642,28.8082],[83.589,28.654],[83.6368,28.5987],[83.649,28.5042],[83.5693,28.3477],[83.6716,28.2158],[83.5494,28.0612],[83.5897,28.0037],[83.5073,27.9613],[83.6362,27.909],[83.7424,27.9203],[83.8252,27.8762],[83.9922,27.9059],[84.0923,27.8628],[84.2681,27.8459],[84.3211,27.7593],[84.3909,27.7838],[84.4258,27.7286],[84.1787,27.6329],[84.103,27.5367],[83.9588,27.5522],[83.9385,27.4617],[83.8338,27.4342],[83.877,27.362],[83.8411,27.303],[84.0204,27.1737],[84.0489,27.1031],[84.108,27.0926],[84.1707,27.0196],[84.2055,26.9215],[84.2817,26.8795],[84.3587,26.7611],[84.4258,26.6051],[84.5191,26.5982],[84.5704,26.4892],[84.6843,26.4615],[84.8261,26.2706],[84.898,26.2079],[84.9462,26.0422],[85.0291,25.995],[85.1729,25.8275],[85.1827,25.6376]]},"properties":{"name":"Gandak","scalerank":9,"min_zoom":7.1}},
{"type":"Feature","geometry":{"type":"LineString","coordinates":[[83.1768,70.0831],[83.4209,70.0185],[83.5942,69.8491],[84.1747,69.696],[84.3376,69.6216],[84.5144,69.6305],[84.8096,69.7554],[85.1946,69.7985],[85.4994,69.7213],[86.0686,69.4898],[86.121,69.4029],[85.8845,69.281],[85.915,69.2008],[86.0435,69.1804],[86.1007,69.0701],[85.9062,68.8874],[86.3058,68.6494],[86.3572,68.5653],[86.3296,68.4423],[86.394,68.3607],[86.564,68.3074],[86.5772,68.2319],[86.4208,68.1485],[86.3917,68.0262],[86.5807,67.8688],[86.3525,67.7728],[86.2539,67.6614],[86.3549,67.4744],[86.5743,67.4416],[86.6441,67.3665],[86.5875,67.2285],[86.709,67.1271],[86.6763,66.9591],[86.7477,66.8206],[86.2732,66.6257],[86.4105,66.55],[86.6661,66.619],[86.9107,66.6096],[87.2131,66.4581],[87.4853,66.3809],[87.4932,66.2894],[87.2929,66.2427],[87.33,66.1497],[87.864,66.101],[87.933,66.0713],[87.9111,65.9537],[87.7942,65.9374],[87.803,65.7998],[87.9672,65.7789],[87.9905,65.7637],[88.037,65.6878],[87.9546,65.3308],[87.8754,65.1922],[87.8945,65.087],[87.8084,64.954],[87.759,64.7741],[87.5956,64.6561],[87.5278,64.4772],[87.5932,64.3583],[87.54,64.0623],[87.6313,63.9774],[87.5997,63.9132],[87.438,63.8124],[87.3281,63.6926],[87.3897,63.6016],[87.2834,63.4427],[87.2827,63.3453],[87.4848,63.3218],[87.919,63.1609],[88.0557,63.0883],[88.2073,62.9345],[88.4407,62.8582],[88.5253,62.6841],[88.8057,62.4859],[89.0268,62.402],[89.0011,62.3122],[89.2666,61.9696],[89.2959,61.8992],[89.4698,61.8267],[89.7578,61.7432],[89.7631,61.6324],[89.8593,61.5747],[90.0445,61.6128],[90.1962,61.5328],[90.0989,61.4723],[89.9214,61.4512],[89.7085,61.3829],[89.6128,61.1973],[89.7677,60.8892],[90.0095,60.6905],[89.9828,60.6182],[90.075,60.4366],[90.1746,60.3885],[90.1814,60.2998],[90.3928,60.2088],[90.641,60.0077],[90.7227,59.8746],[90.8004,59.8333],[90.7939,59.7443],[90.8852,59.674],[90.8809,59.5668],[91.1489,59.3802],[91.3154,59.2923],[91.3555,59.1919],[91.5261,59.1088],[91.6412,59.087],[91.74,58.9703],[91.7105,58.9016],[91.9084,58.902],[92.0961,58.7899],[92.0523,58.6175],[92.1422,58.4737],[92.2724,58.4703],[92.2849,58.392],[92.4297,58.3397],[92.428,58.2818],[92.5728,58.1758],[92.7376,58.1302],[92.851,58.1561],[92.9981,58.1001]]},"properties":{"name":"Yenisey","scalerank":4,"min_zoom":4}},
{"type":"Feature","geometry":{"type":"LineString","coordinates":[[92.8132,12.9003],[92.8882,12.9003]]},"properties":{"name":null,"scalerank":9,"min_zoom":7.1}},
{"type":"Feature","geometry":{"type":"LineString","coordinates":[[92.7789,12.3101],[92.8745,12.3101]]},"properties":{"name":null,"scalerank":9,"min_zoom":7.1}},
{"type":"Feature","geometry":{"type":"LineString","coordinates":[[92.7654,12.1803],[92.7574,12.0775]]},"properties":{"name":null,"scalerank":9,"min_zoom":7.1}},
{"type":"Feature","geometry":{"type":"LineString","coordinates":[[116.5219,32.4988],[116.4802,32.4977],[116.3334,32.5676],[116.2609,32.6395],[116.2412,32.7276],[116.1275,32.7602],[115.848,32.8914],[115.7751,32.9982],[115.6842,33.0858],[115.6041,33.1256],[115.5564,33.1977]]},"properties":{"name":"Ying","scalerank":9,"min_zoom":7.1}},
{"type":"Feature","geometry":{"type":"LineString","coordinates":[[-62.9454,-32.6274],[-62.7193,-32.6428],[-62.5856,-32.6366],[-62.4491,-32.6967],[-62.4286,-32.8283],[-62.3512,-32.9013],[-62.2225,-32.8965],[-62.1294,-32.9512],[-61.9932,-32.9662],[-61.9215,-32.9177],[-61.8287,-32.9108],[-61.7816,-33.0263],[-61.6949,-33.0951],[-61.5509,-33.04],[-61.3347,-32.9898],[-61.1937,-32.8654],[-61.1059,-32.8221],[-60.9958,-32.6984],[-60.8384,-32.6297],[-60.769,-32.5683]]},"properties":{"name":"Carcarañá","scalerank":9,"min_zoom":7.1}},
{"type":"Feature","geometry":{"type":"LineString","coordinates":[[27.1712,-18.4653],[27.0777,-18.4123],[27.0464,-18.3569],[26.8657,-18.2414],[26.8512,-18.1367],[26.9084,-17.9906]]},"properties":{"name":"Gwayi","scalerank":9,"min_zoom":7.1}},
{"type":"Feature","geometry":{"type":"LineString","coordinates":[[49.4898,36.8818],[49.5586,36.9868],[49.711,37.1113],[49.7919,37.2474],[49.9089,37.2763],[49.9502,37.4461]]},"properties":{"name":"Sefid","scalerank":9,"min_zoom":7.1}},
{"type":"Feature","geometry":{"type":"LineString","coordinates":[[5.8577,52.5768],[6.0171,52.5209],[6.1327,52.4213],[6.068,52.3218],[6.1864,52.2057],[6.2078,52.0948],[5.9394,51.9587]]},"properties":{"name":"IJssel","scalerank":4,"min_zoom":4}},
{"type":"Feature","geometry":{"type":"LineString","coordinates":[[83.0254,54.8452],[82.9967,54.8011],[82.6417,54.6359],[82.457,54.583],[82.3469,54.5037],[82.0748,54.3727],[81.7914,54.3152],[81.6772,54.1917],[81.5341,54.1041],[81.3513,54.0472],[81.3018,53.9387],[81.3341,53.8856]]},"properties":{"name":"Ob","scalerank":4,"min_zoom":4}},
{"type":"Feature","geometry":{"type":"MultiLineString","coordinates":[[[68.8569,61.1241],[68.9376,61.1829],[69.1183,61.2186],[69.231,61.1867],[69.449,61.2954],[69.607,61.2498],[69.7177,61.2877],[69.9104,61.2351],[70.1544,61.2448],[70.3538,61.3012],[70.5374,61.2696],[70.7898,61.2712],[70.9278,61.305],[71.1624,61.2565],[71.2682,61.1917],[71.398,61.2536],[71.7168,61.273],[72.1611,61.2503],[72.2786,61.303],[72.4402,61.3035],[72.6095,61.2381],[72.8264,61.2727],[72.9522,61.2334],[73.3228,61.2186],[73.5226,61.2385],[73.6455,61.1868],[73.8139,61.233],[73.9955,61.169],[74.1848,61.1746],[74.2755,61.2234],[74.5668,61.1802],[74.7343,61.212],[74.8683,61.1602],[75.1523,61.1149],[75.2314,61.1475],[75.481,61.1124],[75.71,60.9979],[75.8145,61.0517],[76.1402,61.0073],[76.1905,60.9412],[76.3942,60.8957],[76.5897,60.9241],[76.6744,60.8579],[76.791,60.8445],[76.8425,60.778],[77.1631,60.7176],[77.343,60.6386],[77.4781,60.6915],[77.7064,60.6101],[77.7182,60.534],[78.0195,60.3912],[78.3196,60.4154],[78.5769,60.2098],[78.7428,60.1266],[78.8927,60.1544],[79.0317,60.0322],[78.9381,59.9581],[78.9928,59.8593],[79.1755,59.7869],[79.1467,59.6835],[79.3159,59.5278],[79.4868,59.5331],[79.6025,59.4846],[79.6598,59.4005],[79.7642,59.4327],[80.074,59.4396],[80.1907,59.3656],[80.1325,59.2926],[80.2473,59.2555],[80.4058,59.3367],[80.5141,59.3182],[80.523,59.2153],[80.6555,59.1408],[80.8667,59.0806],[81.019,59.0772],[81.067,59.142],[81.1921,59.152],[81.2681,59.0736],[81.5249,58.9514],[81.5217,58.847],[81.6246,58.8241],[81.5406,58.7198],[81.8683,58.6893],[81.9425,58.5778],[82.1274,58.5841],[82.2003,58.5052],[82.4142,58.3757],[82.5797,58.3679],[82.6397,58.3129],[82.9386,58.3187],[82.9625,58.1734],[83.191,58.126],[83.2126,58.0494],[83.3204,57.9242],[83.3154,57.8687],[83.4397,57.7508],[83.6968,57.7041],[83.8799,57.7165],[83.7953,57.6162],[83.8672,57.5794],[83.9478,57.461],[83.9387,57.356],[84.3871,57.2123],[84.4648,57.1365],[84.397,57.0442],[84.4363,56.9107],[84.4381,56.8271],[84.354,56.725],[84.2043,56.6482],[84.0768,56.5164],[84.0349,56.4062],[84.0676,56.3245],[84.0278,56.2088],[83.907,56.1064],[83.8657,55.9998],[83.8748,55.8753],[83.6436,55.6881],[83.642,55.6038],[83.5375,55.5432],[83.3293,55.4974],[83.1343,55.427],[82.9722,55.4479],[82.8599,55.3887],[82.8964,55.1946],[82.8355,55.0643],[83.0628,54.9383],[83.0254,54.8452]],[[85.0562,52.4336],[84.4334,52.4179],[84.0894,52.3165],[83.7451,52.3769],[83.6853,52.4879],[83.6751,52.7147],[83.6988,52.7895],[83.6363,52.8964],[83.6436,53.0189],[83.6921,53.0974],[83.8565,53.111],[83.8709,53.1799],[83.7847,53.2372],[83.8293,53.4095],[83.7091,53.4474],[83.3831,53.4337],[83.177,53.5257],[83.134,53.4806],[82.9814,53.4433],[82.6439,53.4195],[82.5471,53.4438],[82.3726,53.5501],[82.3575,53.6162],[82.2214,53.6527],[82.0841,53.7393],[81.9102,53.7373],[81.7903,53.7901],[81.4487,53.7824],[81.3341,53.8856]]]},"properties":{"name":"Ob","scalerank":4,"min_zoom":4}},
{"type":"Feature","geometry":{"type":"LineString","coordinates":[[-49.6872,-3.8348],[-49.6438,-4.0077],[-49.6543,-4.1719],[-49.6233,-4.3364],[-49.5622,-4.436],[-49.488,-4.6601],[-49.4618,-4.8662],[-49.4065,-4.9562],[-49.3154,-5.1753],[-49.2384,-5.2958],[-49.1744,-5.3456],[-48.9372,-5.3029]]},"properties":{"name":"Tocantins","scalerank":4,"min_zoom":4}},
{"type":"Feature","geometry":{"type":"LineString","coordinates":[[-49.6704,-2.6764],[-49.7323,-2.7555],[-49.6362,-3.2031],[-49.6449,-3.557],[-49.7039,-3.7687],[-49.6872,-3.8348]]},"properties":{"name":"Tocantins","scalerank":4,"min_zoom":4}},
{"type":"Feature","geometry":{"type":"MultiLineString","coordinates":[[[30.5075,51.2173],[30.5302,51.1878],[30.5073,50.9398],[30.4678,50.8],[30.5147,50.5966]],[[31.4399,50.0001],[31.4929,49.9105],[31.4673,49.7542]],[[33.1939,49.0939],[33.038,49.1818],[32.5038,49.3372],[32.3801,49.3944],[31.888,49.5545],[31.8865,49.5547]],[[34.5703,48.5623],[34.4555,48.6486],[34.27,48.7158],[34.1924,48.7735],[34.0401,48.8077],[33.8757,48.8973],[33.658,48.9516],[33.5371,49.002]],[[33.54,46.8312],[33.6033,46.8535],[33.6755,46.9938],[33.9435,47.2293],[33.9975,47.3176],[34.0084,47.4632],[34.1573,47.4738],[34.4458,47.5228],[34.5835,47.5671],[34.7297,47.5391],[35.0629,47.5047],[35.1479,47.5546],[35.1489,47.7639],[35.1052,47.8402],[35.1057,47.8416]]]},"properties":{"name":"Dnipro","scalerank":4,"min_zoom":4}},
{"type":"Feature","geometry":{"type":"MultiLineString","coordinates":[[[33.3906,54.9172],[33.2773,54.9135],[33.1736,54.9681],[32.9898,55.0104],[32.7398,54.9278],[32.6455,54.852],[32.6611,54.7974],[32.4449,54.6743],[32.3315,54.7012],[32.1414,54.8006],[31.7192,54.7618],[31.511,54.6697],[31.2918,54.7112],[31.1282,54.6671],[31.0204,54.6739],[30.7656,54.638],[30.5737,54.5398],[30.4736,54.5504],[30.3887,54.4742],[30.3916,54.4112],[30.275,54.2766],[30.3712,54.1184],[30.3843,53.9676],[30.4404,53.9014],[30.2887,53.8794],[30.2613,53.7798],[30.2962,53.7177],[30.2545,53.5567],[30.3303,53.4536],[30.3787,53.2618],[30.2482,53.2352],[30.2881,53.1176],[30.1993,53.0872],[30.0764,53.1086],[30.0491,53.0012],[30.0776,52.834],[30.1953,52.6723],[30.2825,52.5977],[30.2688,52.4981],[30.3438,52.399],[30.4921,52.3286],[30.5147,52.2551],[30.6245,52.1589],[30.699,52.1371],[30.8101,51.9186],[30.6616,51.8196],[30.5698,51.7001],[30.5337,51.5535],[30.6377,51.3361],[30.5075,51.2173]],[[31.4399,50.0001],[31.235,49.9719],[31.0398,50.0086],[30.9155,50.1087],[30.7476,50.1771],[30.5839,50.3567],[30.581,50.4182],[30.5357,50.4663],[30.5016,50.5482],[30.5147,50.5966]],[[31.888,49.5545],[31.6491,49.6477],[31.4673,49.7542],[31.4624,49.7567]],[[33.5371,49.002],[33.365,49.074],[33.1939,49.0939]],[[35.1052,47.8402],[35.1294,48.0283],[35.0579,48.0963],[35.1806,48.1258],[35.1982,48.2229],[35.1436,48.372],[35.0239,48.4781],[34.7968,48.4853],[34.5703,48.5623]],[[32.6455,46.6496],[33,46.7578],[33.1565,46.7865],[33.3434,46.7714],[33.4242,46.8267],[33.54,46.8312]]]},"properties":{"name":"Dnipro","scalerank":4,"min_zoom":4}},
{"type":"Feature","geometry":{"type":"MultiLineString","coordinates":[[[-108.334,52.7342],[-108.1258,52.6468],[-108.0261,52.5704],[-107.8636,52.5563],[-107.396,52.34],[-107.2421,52.3319],[-107.1007,52.3854],[-106.9952,52.378],[-106.8771,52.5574],[-106.8612,52.6319],[-106.4726,52.898],[-106.3595,53.0314],[-106.2023,53.1483],[-106.0231,53.1925],[-105.9772,53.1383],[-105.8196,53.201],[-105.5754,53.2363],[-105.34,53.2306],[-105.22,53.2537],[-105.0651,53.2404]],[[-117.1325,52.014],[-116.9704,52.0977],[-116.8377,51.9934],[-116.7392,51.9768],[-116.6645,52.0228],[-116.4233,52.0382],[-116.4589,52.2048],[-116.352,52.3192],[-116.2125,52.4258],[-115.9835,52.4096],[-115.727,52.4549],[-115.5058,52.4444],[-115.4436,52.3786],[-115.2628,52.4121],[-115.0703,52.337],[-114.9479,52.3725],[-114.9816,52.522],[-115.0491,52.5887],[-115.0976,52.741],[-115.187,52.8032],[-115.215,52.8994],[-115.2035,53.0444],[-115.0272,53.0668],[-114.8745,53.2739],[-114.789,53.3238],[-114.5299,53.3107],[-114.4192,53.3463],[-114.3839,53.4029],[-114.0255,53.3243],[-113.7103,53.3584],[-113.6316,53.4815],[-113.5596,53.5294],[-113.3822,53.5541],[-113.0972,53.8173],[-112.8669,53.9514],[-112.8229,54.0463],[-112.7346,54.0511],[-112.4802,53.9893],[-112.2643,54.0589],[-112.1868,53.9868],[-111.9595,53.9061],[-111.818,53.9225],[-111.7582,53.83],[-111.6654,53.7762],[-111.43,53.7838],[-111.3771,53.7352],[-111.1485,53.7455],[-110.9181,53.8538],[-110.6163,53.8447],[-110.5211,53.7584],[-110.4318,53.7392],[-110.3351,53.6597],[-110.2016,53.6944],[-110.1185,53.6365],[-109.8161,53.5481],[-109.64,53.5772],[-109.4667,53.3726],[-109.2649,53.3784],[-109.2253,53.3301],[-109.0846,53.2827],[-108.8639,53.0386],[-108.6493,52.9676],[-108.334,52.8373],[-108.3278,52.7342]]]},"properties":{"name":"North Saskatchewan","scalerank":4,"min_zoom":4}},
{"type":"Feature","geometry":{"type":"LineString","coordinates":[[-12.0882,10.5901],[-12.0368,10.5237],[-11.9784,10.5082],[-11.7958,10.5587],[-11.7414,10.6106],[-11.7735,10.6871],[-11.7405,10.7869],[-11.6358,10.8372],[-11.5893,10.8988],[-11.6159,11.0152],[-11.5665,11.1339],[-11.503,11.1692],[-11.4729,11.2451],[-11.3441,11.2791],[-11.2665,11.3852],[-11.0946,11.5156],[-11.074,11.6118],[-11.0006,11.566],[-10.9564,11.6018],[-10.8479,11.5975],[-10.8058,11.6265],[-10.7631,11.7378],[-10.7151,11.7535],[-10.6144,11.9678],[-10.4463,12.1209],[-10.3304,12.1905],[-10.3448,12.4103],[-10.2248,12.6223],[-10.2635,12.7217],[-10.197,12.7762],[-10.3002,12.869],[-10.2765,12.9559],[-10.3385,12.962],[-10.3506,13.152],[-10.5082,13.2452],[-10.6222,13.2622],[-10.7238,13.2244],[-10.7947,13.2375],[-10.8004,13.359],[-10.7283,13.4205],[-10.7655,13.4893],[-10.7629,13.5669],[-10.8208,13.5986],[-10.8754,13.7221],[-10.8511,13.8139]]},"properties":{"name":"Bafing","scalerank":4,"min_zoom":4}},
{"type":"Feature","geometry":{"type":"LineString","coordinates":[[13.5242,7.7775],[13.6306,7.8492],[13.6994,7.8646],[13.7324,7.918],[13.6933,8.013],[13.7087,8.062],[13.8117,8.1311],[13.9248,8.1645],[13.9988,8.2914],[14.0005,8.4264],[13.9556,8.5108],[13.9067,8.5328],[13.9865,8.6916],[13.9863,8.791],[13.8925,8.8565],[13.846,8.9312],[13.7393,8.9595],[13.6892,9.1108],[13.5751,9.2139],[13.5068,9.3392],[13.3862,9.2427],[13.1218,9.1882],[13.0578,9.2648],[12.9721,9.3159],[12.7854,9.3885],[12.5756,9.2471],[12.5009,9.2479],[12.3865,9.3674],[12.2849,9.5109],[12.1962,9.5292],[12.0552,9.4708],[12.0247,9.469],[11.981,9.4893],[11.9241,9.4905]]},"properties":{"name":"Bénoué","scalerank":4,"min_zoom":4}},
{"type":"Feature","geometry":{"type":"LineString","coordinates":[[90.7947,34.3004],[91.0665,34.3414],[91.2193,34.3245],[91.3404,34.2851],[91.4146,34.2942],[91.7048,34.2565],[91.8242,34.2285],[91.9775,34.1365],[92.1918,34.2498],[92.5855,34.2103],[92.6487,34.1291],[92.7226,34.0872],[92.9928,34.1003]]},"properties":{"name":"Tuotuo","scalerank":1,"min_zoom":2}},
{"type":"Feature","geometry":{"type":"LineString","coordinates":[[39.1731,38.4244],[39.4635,38.5189],[39.6209,38.463],[39.6515,38.4023],[39.7394,38.3709],[39.9565,38.3849],[40.0264,38.2916],[40.1912,38.2002],[40.1583,38.1076],[40.2669,38.0835],[40.2389,37.991],[40.2568,37.8389],[40.4369,37.8091],[40.5185,37.8355],[40.6772,37.8438],[40.7808,37.8089],[40.8433,37.8308],[41.0348,37.7717],[41.2232,37.7429],[41.5619,37.7432],[41.6622,37.7708],[41.7643,37.7553],[41.8574,37.6063],[41.8276,37.4698],[41.8916,37.4196],[42.0151,37.4333],[42.1923,37.3499],[42.2227,37.2884],[42.3526,37.2273],[42.3349,37.1715],[42.3766,37.0625]]},"properties":{"name":"Dicle","scalerank":4,"min_zoom":4}},
{"type":"Feature","geometry":{"type":"LineString","coordinates":[[33.7354,55.8737],[33.8268,55.8292],[33.7686,55.7749],[33.9067,55.7193],[33.7934,55.6302],[33.7422,55.5407],[33.5733,55.5466],[33.5584,55.442],[33.5987,55.3319],[33.5044,55.227],[33.3897,54.9988],[33.3906,54.9172]]},"properties":{"name":"Dnepre","scalerank":4,"min_zoom":4}},
{"type":"Feature","geometry":{"type":"MultiLineString","coordinates":[[[54.2066,68.2093],[54.0206,68.0378],[53.6913,67.9278],[53.3448,67.8686],[53.1033,67.681],[52.818,67.6895]],[[53.192,67.8802],[53.294,67.8969],[53.6153,68.0367],[53.698,68.1596],[53.9028,68.2217]],[[52.5875,67.7077],[52.69,67.7486],[53.0881,67.8207],[53.1909,67.8824],[53.2798,67.9164],[53.2427,67.961],[53.0195,67.9815],[53.0505,68.0985],[53.2302,68.1922],[53.2407,68.2524]],[[52.818,67.6895],[52.6011,67.7095],[52.1451,67.5901],[52.1248,67.4818],[52.2568,67.4476],[52.1275,67.3655],[52.2365,67.1578],[52.4119,67.1046],[52.3344,66.7403],[52.4926,66.6054],[52.5173,66.4545],[52.4375,66.3708],[52.5048,66.253],[52.4982,66.1028],[52.5752,65.9842],[52.2695,65.8234],[52.1943,65.7027],[52.1306,65.4564],[52.2067,65.4197],[52.4695,65.4154],[52.9329,65.3331],[53.0401,65.3626],[53.3525,65.3375],[53.657,65.441],[54.2441,65.4624],[54.3283,65.4854],[54.517,65.6728],[54.7911,65.7177],[54.8891,65.804],[55.0956,65.9046],[55.1494,66.067],[55.228,66.1324],[55.4859,66.2289],[55.8294,66.3225],[55.96,66.3138],[56.3184,66.3494],[56.4146,66.3294],[56.5247,66.1933],[56.621,66.1585],[56.6861,66.0537],[56.8843,65.9689],[56.6817,65.7658],[56.872,65.6107],[57.0624,65.5101],[57.0171,65.412],[57.0458,65.2452],[57.0007,65.1517],[57.0816,65.1152],[57.2698,65.1326],[57.2517,65.0357],[57.4498,65.0273],[57.6176,64.9326],[57.6608,64.8682],[57.905,64.7849],[57.8912,64.6993],[57.794,64.5763],[57.8095,64.4249],[57.6455,64.343],[57.5307,64.2344],[57.6124,64.1879],[57.6586,64.0655],[57.4805,64.001],[57.532,63.9153],[57.3375,63.9165],[57.1687,63.8379],[57.0354,63.8768],[56.8762,63.8667],[56.748,63.814],[56.6826,63.6866],[56.5733,63.5899],[56.4286,63.5404],[56.5523,63.4593],[56.427,63.3974],[56.297,63.2624],[56.1147,63.1888],[55.9067,63.2269],[55.8849,63.1605],[55.9815,63.0712],[56.0968,63.0356],[56.2335,62.8353],[56.206,62.7215],[56.3976,62.6982],[56.6967,62.5623],[56.7361,62.271],[56.5997,62.1052],[56.7261,62.0851],[56.8565,61.8621],[57.03,61.7955],[57.1729,61.6915],[57.4723,61.7154],[57.745,61.816],[57.8638,61.8035],[57.9539,61.9678],[58.1782,62.024],[58.3369,62.1057],[58.4951,62.0848],[58.7556,61.9782],[58.9381,62.0723],[59.1041,62.0151],[59.287,62.0575]],[[52.818,67.6895],[52.8285,67.6895]]]},"properties":{"name":"Pechora","scalerank":4,"min_zoom":4}},
{"type":"Feature","geometry":{"type":"LineString","coordinates":[[-46.4989,-20.3215],[-46.3515,-20.3493],[-46.088,-20.3358],[-46.022,-20.3461],[-45.8717,-20.1439],[-45.8035,-20.1309],[-45.7283,-20.165],[-45.6614,-20.1301],[-45.5747,-19.916],[-45.4818,-19.8273],[-45.4932,-19.7158],[-45.416,-19.5951],[-45.3855,-19.446],[-45.2801,-19.2741],[-45.1318,-19.1981],[-45.0887,-19.0508]]},"properties":{"name":"Indaiá","scalerank":4,"min_zoom":4}},
{"type":"Feature","geometry":{"type":"MultiLineString","coordinates":[[[160.758,68.5643],[160.4927,68.4945],[159.9497,68.5805],[159.7203,68.5754],[159.0295,68.6778],[159.1672,68.7884],[158.7345,68.7335],[158.4873,68.8013],[158.3704,68.7092],[158.0942,68.6419],[157.9924,68.4487],[157.7167,68.3354],[157.6451,68.1301],[157.4346,68.0681],[157.2783,68.0723],[156.9197,68.027],[156.625,67.9252],[156.1692,67.98],[156.1318,67.8413],[156.4024,67.7581],[156.0823,67.6439],[155.6289,67.602],[155.5514,67.6391],[155.2533,67.6627],[155.0527,67.6502],[154.7825,67.5755],[154.343,67.555],[154.0509,67.5651],[153.9263,67.4975]],[[153.9263,67.4975],[153.7163,67.4948],[153.5019,67.3994],[153.5071,67.3368],[153.6465,67.2218],[153.5625,67.187],[153.1035,67.1608],[152.9985,67.0362],[152.7441,66.9578],[152.4653,66.7575],[152.381,66.6331],[151.8824,66.5288],[151.7673,66.4602],[151.7405,66.3413],[151.4055,66.2124],[151.0492,66.2113],[151.017,66.134],[150.7252,66.1175],[150.7798,65.837],[150.8993,65.7349],[150.9978,65.717],[151.143,65.59],[151.2868,65.513],[151.3979,65.3709],[151.5341,65.261],[151.7522,65.211],[151.7735,65.1483],[151.9374,65.0965],[152.0273,65.0071],[152.1987,64.9626],[152.5068,64.8196],[152.9219,64.8109],[153.2297,64.6989],[153.5203,64.6857],[153.8024,64.7518],[154.0063,64.7507],[154.0464,64.5125],[154.1308,64.4074],[154.3579,64.35],[154.5641,64.1982],[154.4832,64.088],[154.3303,64.0677],[153.8438,63.9044],[153.5977,63.8991],[153.2813,63.7123],[153.1588,63.6889],[153.0186,63.5952],[152.8911,63.4243],[152.5496,63.3159],[152.6017,63.2025],[152.5226,63.1461],[152.5502,63.0353],[152.4379,62.8818],[152.5171,62.8474],[152.503,62.7521],[152.2585,62.544],[152.3023,62.4815],[152.0894,62.4295],[152.0109,62.4462],[152.0126,62.5723],[151.9258,62.5875],[151.8259,62.466],[151.6965,62.4571],[151.6703,62.5456],[151.5395,62.605],[151.3594,62.5955],[151.1446,62.682],[150.9213,62.6928],[150.8005,62.6656],[150.7506,62.5706],[150.8247,62.503],[150.7856,62.4278],[150.7847,62.2766],[150.6874,62.1672],[150.5524,62.1462],[150.4521,62.0768],[150.3173,62.0587],[150.1773,62.1054],[150.0425,62.0391],[149.8406,61.9932],[149.6023,61.8809],[149.583,61.7553],[149.4522,61.6416],[149.2957,61.7083],[149.0864,61.7126],[148.999,61.6722],[148.7759,61.6485],[148.6812,61.8577],[148.6181,61.893],[148.6759,62.0018],[148.4731,62.1417],[148.356,62.1431],[148.1414,62.058],[148.0127,62.2056],[147.5851,62.2952],[147.3657,62.3249],[147.215,62.141],[147.2325,62.0436],[147.388,61.9768],[147.4295,61.8211],[147.3984,61.7636],[147.436,61.6167],[147.3127,61.5468],[147.0498,61.5345],[146.7432,61.4272],[146.5154,61.4734],[146.2203,61.6756],[146.1851,61.7394],[145.7623,61.8946],[145.6056,61.8992],[145.2159,61.8558]]]},"properties":{"name":"Kolyma","scalerank":4,"min_zoom":4}},
{"type":"Feature","geometry":{"type":"LineString","coordinates":[[97.9832,28.425],[98.0616,28.3871],[98.0771,28.3211],[98.2957,28.1673],[98.3443,27.9288],[98.3451,27.7558],[98.2371,27.6671],[98.151,27.6597],[98.0999,27.736],[98.0214,27.7224],[98.11,27.4269],[98.1866,27.3192],[98.2158,27.2303],[98.302,27.147],[98.3574,27.0356],[98.37,26.7576],[98.333,26.7047],[98.337,26.6032],[98.2882,26.5055],[98.2957,26.3724],[98.117,25.8925],[98.0343,25.7896],[97.9444,25.7255],[97.8171,25.5983],[97.739,25.6275],[97.668,25.7152],[97.4863,25.7008]]},"properties":{"name":"Nmai","scalerank":4,"min_zoom":3}},
{"type":"Feature","geometry":{"type":"MultiLineString","coordinates":[[[-73.7965,8.1502],[-73.7555,8.3289],[-73.7623,8.4593],[-73.8297,8.6435],[-73.8077,8.8165],[-73.8825,8.9141],[-73.8722,8.9732],[-73.9842,8.9892],[-74.0435,9.0552],[-74.1534,9.0489],[-74.2381,9.1542],[-74.4309,9.2674],[-74.5233,9.2395],[-74.6294,9.3759],[-74.8059,9.4868],[-74.7815,9.6313],[-74.8318,9.7062],[-74.8154,9.7686],[-74.8782,9.8698],[-74.8769,9.9374],[-74.8124,9.9854],[-74.8591,10.0973],[-74.9436,10.1374],[-74.9244,10.2541],[-74.8362,10.4061],[-74.8069,10.5103],[-74.7287,10.5839],[-74.7248,10.9003],[-74.7661,10.9952],[-74.8591,11.1319]],[[-76.5073,1.9427],[-76.4282,1.9557],[-76.2226,1.8827],[-76.0402,1.9783],[-75.9998,2.0274],[-75.8651,2.0552],[-75.8454,2.086],[-75.7036,2.1621],[-75.6987,2.2576],[-75.586,2.3541],[-75.5937,2.4529],[-75.5096,2.543],[-75.4976,2.6348],[-75.4318,2.7211],[-75.3653,2.7619],[-75.3054,2.8767],[-75.3178,2.9364],[-75.2563,3.0872],[-75.2843,3.1617],[-75.2534,3.2857],[-75.1789,3.4373],[-75.1065,3.5286],[-75.1015,3.6107],[-74.9851,3.7578],[-74.8864,3.9363],[-74.8087,4.2792],[-74.8874,4.3094],[-74.8165,4.4662],[-74.7943,4.6407],[-74.8255,4.7112],[-74.7629,4.7997],[-74.7629,4.9642],[-74.7356,5.1082],[-74.7424,5.2696],[-74.6605,5.4583],[-74.6605,5.5743],[-74.6319,5.7025],[-74.6626,5.7719],[-74.64,5.8617],[-74.5909,5.9181],[-74.5762,6.064],[-74.6045,6.121],[-74.5799,6.2159],[-74.4596,6.3334],[-74.4134,6.4042],[-74.4088,6.5671],[-74.3866,6.6262],[-74.2928,6.6544],[-74.1087,6.7902],[-74.0072,6.9348],[-73.8879,7.0198],[-73.9225,7.1055],[-73.9372,7.2539],[-73.9011,7.4116],[-73.9076,7.5099],[-73.8306,7.6101],[-73.8157,7.7795],[-73.8722,8.0068],[-73.8555,8.1053],[-73.7897,8.1502]]]},"properties":{"name":"Magdalena","scalerank":4,"min_zoom":4}},
{"type":"Feature","geometry":{"type":"LineString","coordinates":[[-70.8035,-36.5288],[-70.7958,-36.6735],[-70.685,-36.8438],[-70.6993,-36.9321],[-70.631,-37.1327],[-70.7108,-37.2699],[-70.6544,-37.353],[-70.5826,-37.3718],[-70.4628,-37.3444],[-70.2331,-37.3923],[-70.0959,-37.5015],[-70.0215,-37.6523],[-69.901,-37.6766],[-69.8734,-37.8344],[-69.8203,-38.0034],[-69.8351,-38.0539],[-69.7064,-38.1991],[-69.7123,-38.3109],[-69.68,-38.3835],[-69.5358,-38.4831],[-69.4563,-38.507],[-69.3555,-38.5947],[-69.1166,-38.5883],[-68.9701,-38.4758],[-68.8897,-38.3735],[-68.8226,-38.3537],[-68.7053,-38.3749],[-68.494,-38.5197],[-68.4113,-38.549],[-68.3546,-38.6185],[-68.2257,-38.6967],[-68.0495,-38.9037],[-68.014,-38.9748]]},"properties":{"name":"Neuquén","scalerank":4,"min_zoom":4}},
{"type":"Feature","geometry":{"type":"LineString","coordinates":[[103.9216,25.8789],[103.8748,25.8378],[103.8199,25.6241],[103.8663,25.553],[103.8595,25.1937],[103.8049,25.1657],[103.6957,25.0314],[103.5237,24.9466],[103.4273,24.9329],[103.3804,25.0223],[103.2494,25.0223],[103.1616,24.9733],[103.1675,24.8306],[103.0732,24.7525],[103.0303,24.6279],[103.0491,24.566],[103.1202,24.5508],[103.0899,24.4019],[103.102,24.2267],[103.1463,24.1482],[103.1253,24.0561],[103.1594,23.9808],[103.1773,23.8255],[103.2498,23.7946],[103.3002,23.8548],[103.4343,23.8846],[103.5459,23.879],[103.6343,23.9976],[103.5783,24.0628],[103.6388,24.1754],[103.7744,24.2083],[103.8462,24.3416],[103.9552,24.4418],[104.0836,24.4414],[104.2295,24.5289],[104.3722,24.5707],[104.4124,24.6366],[104.5374,24.7412],[104.7291,24.6314],[104.8516,24.7058],[104.8765,24.755],[105.0122,24.7974],[105.0479,24.8953],[105.1885,25.0087],[105.267,24.9381],[105.3805,24.9571],[105.444,24.9235],[105.5084,24.8174],[105.6751,24.7896],[105.7875,24.7156],[105.9161,24.7286],[106.0009,24.6484],[106.176,24.7822],[106.1983,24.8767],[106.1554,24.9603],[106.3062,24.9814],[106.4566,25.036],[106.5868,25.1043],[106.6665,25.1734],[106.8858,25.1969],[106.9705,25.2346]]},"properties":{"name":"Nanpan","scalerank":4,"min_zoom":4}},
{"type":"Feature","geometry":{"type":"LineString","coordinates":[[4.7127,47.5126],[4.6736,47.6786],[4.5431,47.7936],[4.5762,47.8626],[4.3759,48.1231],[4.1596,48.2119],[4.0845,48.3249],[3.9773,48.3919],[3.8728,48.5217],[3.655,48.5488],[3.3503,48.4669],[3.2546,48.4241],[3.1132,48.4012],[3.0122,48.4037],[2.863,48.3816],[2.6867,48.4925],[2.4917,48.5759],[2.3919,48.6849],[2.4409,48.7315],[2.3909,48.8338],[2.2485,48.8863],[2.1249,48.8862],[2.1774,48.985],[1.9411,49.0136],[1.7647,48.9791],[1.547,49.0464],[1.4186,49.1572],[1.2786,49.2125],[1.2539,49.3061],[1.1193,49.3553],[1.1148,49.4119],[0.8249,49.4674],[0.6812,49.5196],[0.6338,49.4446],[0.4932,49.4936]]},"properties":{"name":"Seine","scalerank":4,"min_zoom":4}},
{"type":"Feature","geometry":{"type":"MultiLineString","coordinates":[[[126.6897,72.2944],[126.8092,72.2015],[126.9659,71.9688],[127.1809,71.8757],[127.1381,71.729],[127.2622,71.4706],[127.2324,71.308],[127.3188,71.1422],[127.5074,71.0545],[127.4365,70.9219],[127.5759,70.8097],[126.9015,70.5331],[126.3696,70.5475],[126.017,70.5218],[125.7579,70.4226],[125.7892,70.3709],[126.0686,70.2792],[125.8696,70.1007],[125.3982,69.9364],[125.1605,69.9141],[125.0869,69.8572],[125.0146,69.6838],[124.6216,69.3365],[124.1275,69.1295],[123.9819,68.9739],[123.9699,68.7351],[123.8164,68.3946],[123.647,68.2133],[123.295,68.1121],[123.197,68.0511],[123.0981,67.7093],[123.0046,67.512],[123.1734,67.305],[123.3032,67.1896],[123.4241,66.9807],[123.4277,66.8272],[123.5515,66.607],[123.6969,66.5026],[123.9358,66.0965],[124.0481,65.9847],[124.207,65.902],[124.3052,65.7834],[124.249,65.5001],[124.3721,65.4097],[124.379,65.2853],[124.5226,65.1311],[124.7207,65.0454],[124.8889,64.9387],[125.1504,64.9089],[125.429,64.7879],[125.5278,64.6241],[125.6921,64.5981],[126.1262,64.4623],[126.3907,64.4291],[126.8526,64.2244],[126.8928,64.2066],[127.4742,63.8627],[128.0272,63.737],[128.2286,63.5788],[128.4796,63.5095],[128.9203,63.514],[129.1236,63.5347],[129.3976,63.4788],[129.4706,63.3861],[129.6331,63.2718],[129.6558,63.2172],[129.5857,63.0655],[129.7319,62.9392],[129.8776,62.5916],[129.9968,62.5386],[130.0587,62.4335],[130.0109,62.2662],[129.9022,62.2246],[129.8745,62.0032],[129.7283,61.872],[129.6973,61.7884],[129.5341,61.6565],[129.3292,61.5806],[129.2156,61.4992],[128.5967,61.2644],[128.1331,61.2708],[127.1731,61.0987],[126.6699,61.1166],[126.5152,61.0742],[126.2057,61.0556],[125.7729,60.8901],[125.0281,60.7702],[124.8588,60.6942],[124.3447,60.6687],[124.103,60.5795],[123.8008,60.6041],[122.4431,60.5633],[122.2134,60.5934],[121.7677,60.5751],[121.5051,60.6529],[121.1974,60.652],[120.7158,60.4945],[120.6538,60.4067]],[[120.6484,60.4034],[120.3872,60.3775],[120.2418,60.3937],[120.0469,60.2323],[119.8718,60.2342],[119.5425,60.274],[119.2891,60.1795],[119.1325,60.0303],[119.0352,59.9739],[118.7285,59.9405],[118.5371,59.854],[118.4597,59.7507],[118.274,59.7148],[118.0195,59.7794],[117.9249,59.8263],[117.7201,59.8681],[117.1709,60.077],[117.0046,60.3061],[116.8432,60.406],[116.5229,60.4808],[116.155,60.5361],[115.9653,60.5972],[115.6814,60.7759],[114.9672,60.7714],[114.6685,60.6658],[114.3811,60.4554],[114.1918,60.2696],[113.9741,60.2314],[113.6763,59.9953],[113.3679,59.805],[113.0225,59.7067],[112.8367,59.6912],[112.7612,59.5794],[112.593,59.5042],[112.5606,59.3513],[112.3469,59.2291],[111.9788,59.1848],[111.888,59.2192],[111.6616,59.0633],[111.5204,59.0253],[111.4009,58.9494],[111.2097,58.8862],[111.2159,58.762],[110.9311,58.7672],[110.928,58.6573],[110.7461,58.6758],[110.4376,58.6641],[110.1501,58.608],[110.0615,58.63],[109.7871,58.5617],[109.755,58.4145],[109.6463,58.3079],[109.4661,58.2115],[109.3173,58.2211],[109.1885,58.2797],[109.0501,58.259],[108.942,58.1735],[108.6114,58.0649],[108.5879,57.9795],[108.4757,57.9645],[108.3086,57.8365],[108.2756,57.7781],[107.9966,57.7504],[108.046,57.6946],[107.747,57.6157],[107.9299,57.5506],[107.888,57.5068],[107.5859,57.4085],[107.5876,57.3416],[107.4629,57.2741],[107.2699,57.2601],[107.2066,57.3138],[107.0141,57.3297],[106.912,57.2503],[106.9363,57.1776],[106.8511,57.0588],[106.6276,57.0183],[106.2337,57.0242],[106.1232,56.8758],[106.0455,56.8355],[105.8054,56.815],[105.6484,56.7393],[105.7315,56.6958],[106.1313,56.6983],[106.2944,56.6082],[106.2748,56.4709],[106.176,56.3904],[106.0734,56.3631],[105.8186,56.3518],[105.7041,56.2906],[105.6552,56.2117],[105.8189,56.1184],[105.8736,56.0159],[105.7836,55.872],[105.7616,55.7684],[105.6746,55.7099],[105.5543,55.5726],[105.4702,55.3375],[105.3409,55.1895],[105.1389,55.127],[105.0792,55.0563],[105.0668,54.8646],[105.2315,54.8056],[105.2478,54.6462],[105.1799,54.3963],[105.3362,54.3472],[105.5112,54.1861],[105.6012,54.0457],[105.7315,53.9929],[105.8461,54.0014],[105.9524,53.8803],[106.0973,53.8483],[106.3188,53.8685],[106.4221,53.8421],[106.6559,53.8948],[106.947,53.8796],[107.0196,53.8383],[107.1741,53.8754],[107.1777,53.981],[107.4028,54.0544],[107.4692,54.155],[107.6152,54.2548],[107.8132,54.2939],[107.8976,54.256],[108.0977,54.235],[108.1314,54.161],[108.0755,54.0484],[107.9801,54.0042]]]},"properties":{"name":"Lena","scalerank":1,"min_zoom":2}},
{"type":"Feature","geometry":{"type":"LineString","coordinates":[[17.6179,49.7394],[17.762,49.7189],[17.8787,49.637],[17.9624,49.6523],[18.1836,49.7493],[18.228,49.8424],[18.3032,49.8772],[18.3276,49.9501],[18.2349,50.0622],[18.2622,50.1851],[18.2371,50.2685],[17.9551,50.5015],[17.9622,50.6068],[17.8413,50.7576],[17.4951,50.8592],[17.3157,50.9505],[17.3163,50.9976],[17.1934,51.0416],[17.1318,51.1037],[17.0332,51.1163],[16.8205,51.2613],[16.4909,51.2276],[16.4263,51.2961],[16.4563,51.5664],[16.3096,51.6592],[16.207,51.6859],[16.1072,51.6646],[15.7341,51.8026],[15.7957,51.8845],[15.7726,51.979],[15.6448,52.0353],[15.2162,52.0754],[15.0998,52.049],[14.7609,52.0769],[14.6858,52.1213],[14.6965,52.2537],[14.6061,52.2761],[14.5393,52.4221],[14.6318,52.497],[14.6132,52.5928],[14.4313,52.6864],[14.3818,52.7385],[14.2155,52.8183],[14.144,52.9602],[14.3429,53.0489],[14.3774,53.1768],[14.4729,53.3239],[14.6257,53.5017],[14.5959,53.5982]]},"properties":{"name":"Oder","scalerank":4,"min_zoom":4}},
{"type":"Feature","geometry":{"type":"MultiLineString","coordinates":[[[-106.3808,39.2224],[-106.2606,39.0222],[-106.2054,38.9752],[-106.145,38.7765],[-106.0892,38.7174],[-106.0688,38.5615],[-105.7141,38.3702],[-105.5565,38.4516],[-105.4372,38.4788],[-105.3157,38.446],[-105.2078,38.447],[-104.9976,38.4083],[-104.8908,38.3174],[-104.7686,38.2612],[-104.4449,38.2674],[-104.2722,38.253],[-104.1915,38.1992],[-103.9386,38.1478],[-103.7987,38.1359],[-103.6083,38.0414],[-103.4683,38.0299],[-103.3572,38.0838],[-103.2462,38.1007],[-102.9066,38.0932],[-102.5609,38.128],[-102.3297,38.1239],[-102.1569,38.0596],[-101.9556,38.039],[-101.3922,37.8917],[-101.3055,37.8981],[-101.1829,37.963],[-101.0391,37.9974],[-100.81,37.9563],[-100.6383,37.8811],[-100.4971,37.8574],[-100.365,37.8091],[-100.1597,37.7924],[-99.9435,37.7415],[-99.8374,37.6993],[-99.6518,37.6726],[-99.5704,37.7001],[-99.3519,37.9564],[-99.0901,38.1797],[-99.0041,38.2076],[-98.7748,38.351],[-98.5858,38.3443],[-98.3885,38.2479],[-98.1337,38.1612],[-97.953,38.0425],[-97.3978,37.7858],[-97.3013,37.6276],[-97.2262,37.4392],[-97.183,37.4036],[-97.1185,37.1179],[-96.9293,37.0176],[-96.943,36.9085],[-96.869,36.7501],[-96.9266,36.7003],[-97.0592,36.6872],[-96.9791,36.4735],[-96.8671,36.4886],[-96.7414,36.5596],[-96.6951,36.4394],[-96.6229,36.4325],[-96.5509,36.3207],[-96.4627,36.3287],[-96.3614,36.2525],[-96.2572,36.223],[-96.2485,36.1533],[-96.027,36.1507],[-95.9581,36.0135],[-95.8524,35.9415],[-95.6502,35.9038],[-95.6002,35.7801],[-95.3656,35.8149],[-95.2317,35.7296],[-95.2715,35.6451],[-95.1705,35.6026],[-95.1356,35.531],[-95.0422,35.4502],[-94.8268,35.3478],[-94.7521,35.3624],[-94.6732,35.3252],[-94.4982,35.3215],[-94.4027,35.4518],[-94.2887,35.3619],[-94.142,35.3767],[-94.1448,35.4484],[-94.0277,35.4926],[-93.8732,35.5049],[-93.7631,35.3917],[-93.6287,35.3903],[-93.463,35.4285],[-93.3795,35.3596],[-93.305,35.3489],[-93.093,35.1794],[-92.9276,35.1919],[-92.7474,35.1298],[-92.7133,35.0948],[-92.547,35.1097],[-92.5875,35.0192],[-92.4984,34.9737],[-92.4355,34.8487],[-92.3194,34.8102],[-92.2862,34.7595],[-92.1621,34.7308],[-92.1756,34.5816],[-92.0598,34.3252],[-91.7648,34.1844],[-91.6362,34.1447]],[[-91.6362,34.1447],[-91.6019,34.1049],[-91.4494,34.0864],[-91.3899,33.9977],[-91.3192,33.9597],[-91.1979,33.9575],[-91.1444,33.9113],[-91.1342,33.8294],[-91.0658,33.7933]]]},"properties":{"name":"Arkansas","scalerank":4,"min_zoom":4}},
{"type":"Feature","geometry":{"type":"MultiLineString","coordinates":[[[-13.0902,15.4973],[-13.1229,15.6036],[-13.2385,15.6236],[-13.2295,15.6968],[-13.2881,15.7783],[-13.3144,15.9224],[-13.3952,16.0594],[-13.4855,16.1552],[-13.6766,16.1071],[-13.7474,16.1826],[-13.8119,16.1223],[-13.9084,16.2102],[-13.9648,16.2303],[-13.9785,16.3382],[-14.0162,16.356],[-14.3439,16.6368],[-14.4073,16.661],[-14.5976,16.6293],[-14.9315,16.6436],[-14.975,16.6916],[-15.1259,16.583],[-15.2331,16.5665],[-15.4916,16.5648],[-15.5521,16.5153],[-15.6728,16.4816],[-15.8136,16.514],[-16.0544,16.4957],[-16.1329,16.555],[-16.2958,16.5108],[-16.328,16.4747],[-16.3817,16.2469],[-16.4666,16.1742],[-16.5082,16.0106],[-16.5105,15.9017],[-16.5423,15.8057]],[[-10.8511,13.8139],[-10.9648,13.7904],[-11.0456,13.856],[-11.0877,14.0306],[-11.1483,14.0368],[-11.2512,14.1109],[-11.2405,14.2269],[-11.2838,14.3391],[-11.3683,14.3794],[-11.4064,14.4558],[-11.5777,14.4998],[-11.6881,14.5908],[-11.8942,14.6191],[-12.1395,14.7847],[-12.2255,14.7636],[-12.383,14.8462],[-12.4488,14.9184],[-12.4722,14.9982],[-12.6236,15.1024],[-12.6909,15.0926],[-12.7803,15.1466],[-12.7826,15.2075],[-12.8574,15.2222],[-12.8478,15.3135],[-12.9075,15.3529],[-12.965,15.5093],[-13.0825,15.4915]]]},"properties":{"name":"Sénégal","scalerank":4,"min_zoom":4}},
{"type":"Feature","geometry":{"type":"LineString","coordinates":[[98.0003,51.5141],[97.9129,51.5286],[97.7539,51.4998],[97.6098,51.4179],[97.4911,51.389],[97.1915,51.3633],[96.8731,51.3558],[96.8215,51.3763],[96.5991,51.349],[96.266,51.3421],[96.1436,51.3968],[95.78,51.295]]},"properties":{"name":"Kyzyl-Khem","scalerank":4,"min_zoom":4}},
{"type":"Feature","geometry":{"type":"LineString","coordinates":[[91.5183,31.9431],[91.5547,31.7721],[91.7359,31.6706],[91.7307,31.5973],[91.8088,31.5089],[91.813,31.4143],[91.874,31.4024],[91.9763,31.4393],[92.0395,31.4012],[92.0899,31.2965],[92.2415,31.2951],[92.3263,31.3741],[92.3219,31.4536],[92.4385,31.4643],[92.731,31.5478],[92.9241,31.5726],[93.1016,31.5413],[93.4556,31.551],[93.6113,31.5095],[93.768,31.4886],[93.9732,31.5376],[94.1832,31.4801],[94.2675,31.5072],[94.3193,31.4781],[94.4876,31.4844],[94.5991,31.43],[94.5694,31.3212],[94.5055,31.2579],[94.6138,31.2217],[94.6352,31.135],[94.7368,31.0728],[94.8821,31.1265],[94.9673,31.1851],[95.252,31.1889],[95.4324,31.1289],[95.5361,30.9737],[95.5891,30.9449],[95.7605,30.9532],[95.8367,31.0056],[96.255,30.8924],[96.3678,30.8162],[96.4439,30.5661],[96.5308,30.46],[96.5956,30.4479]]},"properties":{"name":"Nu","scalerank":4,"min_zoom":4}},
{"type":"Feature","geometry":{"type":"MultiLineString","coordinates":[[[42.3766,37.0625],[42.488,36.9551],[42.5964,36.7961],[42.6904,36.7996],[42.7997,36.7264],[42.8921,36.7062],[42.8865,36.6354],[42.754,36.5523],[42.7616,36.4986],[42.9219,36.4933],[43.0007,36.4093],[43.082,36.3992],[43.1723,36.3289],[43.205,36.2384],[43.303,36.1414],[43.3459,35.9799],[43.3091,35.7949]],[[43.3091,35.7949],[43.3225,35.7088],[43.2413,35.6446],[43.2695,35.4116],[43.3709,35.3323],[43.3883,35.2136],[43.5807,35.0137],[43.5221,34.9327],[43.5774,34.7895],[43.6759,34.7128],[43.7209,34.5468],[43.7698,34.5297],[43.7818,34.3727],[43.8228,34.2355],[43.8948,34.1328],[43.9879,34.0813],[44.2705,34.0467],[44.3779,34.0013],[44.4477,33.9355],[44.3916,33.7654],[44.4258,33.7247],[44.391,33.6376],[44.3227,33.6135],[44.3053,33.5031],[44.3417,33.4556],[44.4024,33.2843],[44.4838,33.2438],[44.4868,33.1731],[44.5764,33.0729],[44.6886,33.0127],[44.9258,32.9169],[45.1035,32.7863],[45.2788,32.7662],[45.2939,32.6929],[45.3789,32.6482],[45.4157,32.5845],[45.5027,32.5955],[45.5522,32.5362],[45.6606,32.564],[45.8091,32.5022]],[[45.8069,32.5109],[45.9252,32.5511],[45.9648,32.6102],[46.1043,32.6546],[46.2065,32.5834],[46.3489,32.5283],[46.4653,32.5307],[46.6357,32.4925],[46.7478,32.3672],[46.7056,32.3104],[46.7158,32.1376],[46.8667,32.0548],[46.9063,31.9368],[46.9656,31.8692],[47.0987,31.8959],[47.1348,31.8638],[47.1498,31.7114],[47.2837,31.5315],[47.38,31.4639],[47.4263,31.3867],[47.4412,31.2475],[47.422,31.0977],[47.434,31.0188]]]},"properties":{"name":"Tigris","scalerank":4,"min_zoom":4}},
{"type":"Feature","geometry":{"type":"LineString","coordinates":[[46.3399,60.7491],[46.4142,60.7905],[46.6183,61.1341],[46.5911,61.2873],[46.2743,61.4432],[46.1541,61.5283],[45.9159,61.5695],[45.6847,61.6402],[45.3535,61.7774],[45.1052,62.0262],[45.0986,62.1072],[44.9599,62.2313],[44.8574,62.2462],[44.751,62.3321],[44.6059,62.356],[44.3233,62.3441],[43.9052,62.4224],[43.8689,62.4701],[43.6316,62.5973],[43.4492,62.665],[42.6835,62.9007],[42.579,63.0357],[42.1142,63.0872],[42.0183,63.1668],[42.0357,63.3389],[41.8825,63.432],[41.8862,63.5914],[41.6855,63.6618],[41.5593,63.6535],[41.4205,63.7501],[41.6391,63.8768],[41.7417,64.0014],[41.7367,64.127],[41.8993,64.1743],[41.7862,64.2938],[41.4282,64.3561],[41.1377,64.3616],[40.9199,64.4526],[40.5305,64.5554]]},"properties":{"name":"Severnaya Dvina","scalerank":4,"min_zoom":4}},
{"type":"Feature","geometry":{"type":"LineString","coordinates":[[11.9241,9.4905],[11.7367,9.4986],[11.4263,9.3315],[11.2634,9.1989],[11.0862,9.1407],[10.98,9.0364],[10.9158,8.9161],[10.893,8.8206],[10.7526,8.7193],[10.6502,8.7108],[10.5532,8.671],[10.4794,8.6978],[10.2844,8.6716],[10.2578,8.6014],[10.1123,8.4566],[10.0552,8.4279],[10.0197,8.3456],[9.8809,8.3087],[9.8041,8.2268],[9.7107,8.2142],[9.5308,8.0978],[9.4328,8.0738],[9.3193,7.9522],[9.1357,7.8901],[8.9895,7.8745],[8.9179,7.8116],[8.7993,7.799],[8.6599,7.7407],[8.5205,7.7396],[8.4108,7.7764],[8.2934,7.8556],[7.9683,7.9644],[7.6367,8.0301],[7.4951,8.0164],[7.2858,8.0281],[7.084,7.9602],[6.9705,7.8822],[6.7844,7.8138],[6.7673,7.7857]]},"properties":{"name":"Benue","scalerank":4,"min_zoom":4}},
{"type":"Feature","geometry":{"type":"LineString","coordinates":[[97.4863,25.7008],[97.5288,25.6892],[97.4968,25.5488],[97.3702,25.3377],[97.274,25.3013],[97.233,25.1862],[97.2219,24.997],[97.1015,24.9162],[97.1028,24.8678],[97.0349,24.8028],[97.1155,24.6114],[97.1216,24.3725],[97.205,24.2705],[97.1472,24.1704],[97.0617,24.1379],[96.9292,24.1281],[96.801,24.2409],[96.782,24.2904],[96.6336,24.3573],[96.5513,24.3035],[96.4548,24.3093],[96.3032,24.114],[96.29,23.9703],[96.205,23.7685],[96.0349,23.5852],[95.9781,23.2617],[95.9649,22.7691],[95.9105,22.7394],[95.917,22.6617],[95.9853,22.5501],[95.9638,22.3925],[96.0127,22.3319],[95.9846,22.2708],[96.0075,22.0894],[96.0513,21.9564],[96.021,21.8966],[95.9138,21.8563],[95.7765,21.9315],[95.5269,21.9221],[95.4505,21.7808],[95.3871,21.7331],[95.2872,21.4522],[95.1416,21.3139],[95.0022,21.2967],[94.9856,21.2498],[94.843,21.2225],[94.7999,21.1437],[94.8203,20.9724],[94.718,20.8358],[94.7449,20.7065],[94.7949,20.6434],[94.8286,20.4961],[94.8692,20.4639],[94.9087,20.3438],[94.8987,20.1905],[94.9378,20.0885],[95.1602,19.8231],[95.1384,19.7268],[95.1699,19.6224],[95.1645,19.5006],[95.1939,19.3967],[95.1749,19.1529],[95.127,19.0956],[95.1259,18.9508],[95.2131,18.8055],[95.1631,18.7168],[95.0798,18.6671],[95.063,18.5618],[95.1924,18.43],[95.2099,18.3632],[95.3828,18.2308],[95.4503,18.0331],[95.4242,17.9211],[95.4591,17.84],[95.4511,17.8131],[95.4497,17.7702],[95.4926,17.6554],[95.5655,17.6143],[95.5479,17.5001],[95.6699,17.4081],[95.5917,17.3232],[95.5913,17.2514],[95.6399,17.1477],[95.6359,17.0732],[95.561,17.0148],[95.6122,16.8797],[95.4923,16.8113],[95.3486,16.7648],[95.3486,16.6754],[95.2661,16.5382],[95.0801,16.3939],[95.0338,16.2813],[94.9924,16.2508]]},"properties":{"name":"Ayeyarwady","scalerank":4,"min_zoom":3}},
{"type":"Feature","geometry":{"type":"LineString","coordinates":[[-68.014,-38.9748],[-67.9182,-38.9816],[-67.6483,-39.079],[-67.5402,-39.0555],[-67.2032,-39.0978],[-67.1129,-39.1416],[-66.8518,-39.1369],[-66.6094,-39.0913],[-66.2939,-39.1249],[-66.1772,-39.1874],[-66.0137,-39.2407],[-65.8273,-39.2736],[-65.6824,-39.2681],[-65.5629,-39.4572],[-65.4908,-39.4909],[-65.3631,-39.6982],[-65.3685,-39.7879],[-65.2768,-39.8464],[-65.1738,-39.8716],[-64.982,-39.8692],[-64.8673,-39.9207],[-64.7616,-40.0137],[-64.6424,-40.0361],[-64.5683,-40.0807],[-64.4242,-40.0522],[-64.3055,-40.0717],[-64.1176,-40.1903],[-64.1007,-40.226],[-63.9065,-40.3171],[-63.8049,-40.4262],[-63.6368,-40.4759],[-63.3876,-40.7092],[-63.1179,-40.7461],[-62.8616,-40.9384],[-62.8016,-41.0417]]},"properties":{"name":"Negro","scalerank":4,"min_zoom":4}},
{"type":"Feature","geometry":{"type":"LineString","coordinates":[[92.9928,34.1003],[93.1284,34.2259],[93.4548,34.2299],[93.6629,34.2117],[93.8137,34.2731],[93.9068,34.4413],[94.0576,34.5527],[94.1694,34.5891],[94.2646,34.5838],[94.3512,34.671],[94.4968,34.7052],[94.6025,34.7675],[94.6524,34.7413],[94.8834,34.701],[94.9439,34.6635],[94.9675,34.6706],[95.0068,34.5858],[95.1699,34.486],[95.3579,34.4596],[95.4451,34.3797],[95.5559,34.3299],[95.5678,34.2805],[95.6666,34.2137],[95.7066,34.1292],[95.8259,34.0519],[95.8982,33.9144],[95.9871,33.8432],[96.1471,33.7627],[96.2561,33.7325],[96.3517,33.762],[96.3977,33.7018],[96.5222,33.6207],[96.7007,33.5473],[96.7055,33.4309],[96.803,33.3675],[96.8283,33.3135],[96.964,33.3482],[97.0204,33.3202],[97.0191,33.2252],[97.1343,33.1332],[97.23,33.0227],[97.2535,32.9442],[97.3608,32.897],[97.3838,32.7791],[97.4304,32.7002],[97.6636,32.5598],[98.0139,32.4644],[98.0803,32.4046],[98.2056,32.3556],[98.2199,32.2521],[98.3093,32.1286],[98.4527,31.984],[98.4205,31.8781],[98.4453,31.8035],[98.5415,31.6898]]},"properties":{"name":"Tongtian","scalerank":1,"min_zoom":2}},
{"type":"Feature","geometry":{"type":"LineString","coordinates":[[8.8811,47.6564],[8.7765,47.6937],[8.6398,47.6962],[8.5944,47.6005],[8.3535,47.5812],[8.1786,47.616],[8.0867,47.5677],[7.9116,47.5608],[7.8191,47.5955],[7.6609,47.5465],[7.5213,47.6707],[7.5254,47.7834],[7.6184,48.0029],[7.572,48.0952],[7.7515,48.3556],[7.7378,48.4068],[7.8097,48.6153],[7.9697,48.7575],[8.1022,48.8216],[8.23,48.9654]]},"properties":{"name":"Rhin","scalerank":4,"min_zoom":4}},
{"type":"Feature","geometry":{"type":"LineString","coordinates":[[6.031,51.8797],[5.8617,51.9733],[5.6262,51.9466],[5.5049,51.9819],[5.3311,51.963]]},"properties":{"name":"Nederrijn","scalerank":4,"min_zoom":4}},
{"type":"Feature","geometry":{"type":"LineString","coordinates":[[5.3311,51.963],[5.1973,51.9655],[5.1047,52.0037],[4.9165,51.9466],[4.6809,51.8981],[4.509,51.9186],[4.3408,51.8956],[4.0984,51.9891]]},"properties":{"name":"Lek","scalerank":4,"min_zoom":4}},
{"type":"Feature","geometry":{"type":"LineString","coordinates":[[45.8091,32.5022],[45.8072,32.4644],[45.9312,32.4068],[45.9202,32.2862],[45.9995,32.2163],[46.0157,32.1491],[45.9646,32.0262],[45.956,31.9412],[46.0498,31.8885],[46.0903,31.8228],[46.1228,31.5263],[46.1887,31.3884],[46.2727,31.2756],[46.3345,31.2516],[46.4185,31.1619],[46.3993,31.0318],[46.392,30.9982],[46.3662,30.9636]]},"properties":{"name":"Gharraf Canal","scalerank":4,"min_zoom":4}},
{"type":"Feature","geometry":{"type":"LineString","coordinates":[[95.78,51.295],[95.7427,51.3704],[95.6021,51.4692],[95.4204,51.555],[95.3287,51.5436],[95.0213,51.6578],[94.9185,51.6319],[94.7876,51.6946],[94.4648,51.7337]]},"properties":{"name":"Malyy Yenisey","scalerank":4,"min_zoom":4}},
{"type":"Feature","geometry":{"type":"LineString","coordinates":[[91.5109,53.7354],[91.4429,53.7993],[91.4592,53.9321],[91.5588,54.0291],[91.5256,54.1319],[91.3805,54.3106],[91.294,54.3823],[91.2603,54.5114],[90.9594,54.6397],[90.9343,54.6666],[90.9514,54.887],[91.0348,55.0019],[91.1659,55.0585],[91.3473,55.0645],[91.7495,55.1367],[92.1069,55.2208],[92.2066,55.2819],[92.4084,55.5031]]},"properties":{"name":"Verkhniy Yenisey","scalerank":4,"min_zoom":4}},
{"type":"Feature","geometry":{"type":"MultiLineString","coordinates":[[[92.9981,58.1001],[92.9713,58.0583],[93.0276,58.0184],[93.1306,58.0245],[93.2339,57.8727],[93.2837,57.6302],[93.3266,57.5637],[93.2514,57.4859],[93.25,57.3468],[93.4483,57.2231],[93.4641,57.1101],[93.3749,57.0102],[93.4736,56.8336],[93.7455,56.6433],[93.774,56.521],[93.7039,56.4212],[93.5772,56.3187],[93.4225,56.2799],[93.4036,56.2089],[93.1582,56.1397],[92.929,56.0131],[92.7086,55.9746],[92.3533,55.9693],[92.2441,55.852],[92.2765,55.8033],[92.4588,55.7447],[92.5039,55.629],[92.4084,55.5031]],[[94.4648,51.7337],[94.2866,51.6784],[94.08,51.576],[93.9387,51.561],[93.8237,51.5903],[93.4978,51.5692],[93.3271,51.6039],[93.0113,51.6108],[92.7883,51.5777],[92.5191,51.6343],[92.1484,51.7821],[92.1404,51.8402],[91.9771,51.9596],[92.0051,51.9945],[92.3428,52.1691],[92.4783,52.3477],[92.2986,52.5015],[92.3248,52.5654],[92.2032,52.621],[92.1109,52.5704],[91.9462,52.6187],[91.7505,52.6039],[91.7505,52.6802],[91.668,52.7023],[91.4755,52.6548],[91.3825,52.6907],[91.3242,52.7686],[91.4767,52.8994],[91.5183,52.9875],[91.4475,53.0841],[91.4746,53.1539],[91.7273,53.1799],[91.9585,53.3745],[91.9087,53.4567],[91.6821,53.5362],[91.545,53.6461],[91.5109,53.7354]]]},"properties":{"name":"Verkhniy Yenisey","scalerank":4,"min_zoom":4}},
{"type":"Feature","geometry":{"type":"LineString","coordinates":[[96.5956,30.4479],[96.6816,30.4497],[96.6948,30.3496],[96.8655,30.2391],[97.0534,30.1959],[97.169,30.1134],[97.2227,30.1043],[97.3274,29.9896],[97.3582,29.8995],[97.4181,29.8607],[97.4385,29.7023],[97.5615,29.548],[97.5811,29.4861],[97.7037,29.4509],[97.8977,29.3278],[97.9443,29.1941],[98.0823,29.0192],[98.1033,28.9215],[98.1824,28.8185],[98.2903,28.7676],[98.359,28.6775],[98.3707,28.5441],[98.4391,28.4929],[98.4453,28.3393],[98.4705,28.2977],[98.4854,28.1297],[98.5689,28.096],[98.6533,28.0017],[98.6863,27.8674],[98.6746,27.7706],[98.7316,27.669],[98.8295,27.5613],[98.809,27.4617],[98.8862,27.261],[98.8687,27.1739],[98.8984,26.4549],[98.8595,26.3356],[98.8715,26.2806],[98.843,26.0843],[98.8369,25.9205],[98.879,25.6659],[98.8948,25.4713],[98.8774,25.324],[98.843,25.2862],[98.8587,25.1985],[98.843,25.0733],[98.8886,24.9016],[98.9555,24.746],[99.0486,24.6798],[99.025,24.4903],[98.9793,24.4154],[99.047,24.3839],[99.1005,24.2675],[98.999,24.2432],[98.8549,24.1392],[98.7158,24.1215],[98.4929,24.0467],[98.4116,23.9634],[98.4254,23.8784],[98.4734,23.8142],[98.6,23.7097],[98.6489,23.6089],[98.5899,23.5042],[98.6178,23.4458],[98.7202,23.388],[98.7242,23.2623],[98.5109,23.2062],[98.5647,23.0764],[98.4937,23.0281],[98.5176,22.9702],[98.665,22.9012],[98.6611,22.8592],[98.5451,22.8226],[98.5415,22.7093],[98.6445,22.48],[98.5689,22.2882],[98.6311,22.1583],[98.7564,22.0633],[98.7261,21.9801],[98.5547,21.879],[98.5855,21.7153],[98.6485,21.5814],[98.5689,21.5136],[98.6253,21.417],[98.6731,21.3901],[98.7128,21.2393],[98.7031,21.1785],[98.783,21.1021],[98.7964,21.0434],[98.7407,20.9923],[98.6389,20.9905],[98.5079,20.9512]]},"properties":{"name":"Nu","scalerank":4,"min_zoom":4}},
{"type":"Feature","geometry":{"type":"LineString","coordinates":[[106.9705,25.2415],[106.9819,25.1343],[107.0318,25.036],[107.1559,25.0087],[107.3168,24.83],[107.31,24.6956],[107.3449,24.6226],[107.4561,24.5091],[107.522,24.362],[107.6084,24.303],[107.6084,24.2137],[107.4856,24.1146],[107.5208,24.0025],[107.6279,23.9374],[107.6995,23.9596],[107.7823,23.8618],[107.8412,23.7397],[108.012,23.7543],[108.0508,23.8167],[108.1627,23.8362],[108.2598,23.9105],[108.28,23.9666],[108.4028,24.0482],[108.5674,24.0075],[108.6504,23.9506],[108.7006,23.871],[108.8697,23.8294],[108.9101,23.6587],[109.0171,23.6669],[109.2112,23.7276],[109.2612,23.6813],[109.3421,23.7065],[109.4287,23.7716],[109.4309,23.8505],[109.5286,23.7964]]},"properties":{"name":"Hongshui","scalerank":4,"min_zoom":4}},
{"type":"Feature","geometry":{"type":"LineString","coordinates":[[109.5286,23.7964],[109.6636,23.6587],[109.7446,23.4652],[109.8154,23.4852],[109.8533,23.4294],[109.9516,23.4185],[109.9981,23.4673],[110.0894,23.4049]]},"properties":{"name":"Quan","scalerank":4,"min_zoom":4}},
{"type":"Feature","geometry":{"type":"LineString","coordinates":[[110.0893,23.408],[110.1632,23.4754],[110.2213,23.5891],[110.3126,23.5401],[110.3974,23.5324],[110.4625,23.4874],[110.6935,23.4473],[110.7864,23.4719],[110.8951,23.3715],[111.0706,23.4525],[111.2309,23.4332],[111.3014,23.4807]]},"properties":{"name":"Xun","scalerank":4,"min_zoom":4}},
{"type":"Feature","geometry":{"type":"LineString","coordinates":[[32.0159,3.6136],[31.8652,3.7991],[31.6826,3.9685],[31.6096,4.0548],[31.522,4.2411],[31.5083,4.3649],[31.5326,4.4988],[31.5025,4.5809],[31.593,4.6815],[31.6039,4.8263],[31.7206,5.1058],[31.7642,5.2363],[31.7485,5.4099],[31.7964,5.533],[31.767,5.7588],[31.6655,5.9419],[31.6211,5.971],[31.5847,6.0799],[31.5414,6.1264],[31.4749,6.3353],[31.4107,6.4118],[31.3897,6.4988],[31.3447,6.5192],[31.3179,6.6216],[31.1484,6.8297]]},"properties":{"name":"Bahr el Jebel","scalerank":1,"min_zoom":2}},
{"type":"Feature","geometry":{"type":"LineString","coordinates":[[8.23,48.9654],[8.3569,49.1094],[8.3871,49.2319],[8.4797,49.2968],[8.4937,49.4425],[8.3604,49.6643],[8.4389,49.7264],[8.3399,49.8909],[8.3352,49.9595],[8.1736,50.0457],[7.9185,49.9737],[7.7651,50.0637],[7.7199,50.1584],[7.5881,50.2409],[7.6479,50.2676],[7.5912,50.3322],[7.5972,50.348],[7.606,50.3644],[7.613,50.3837],[7.5808,50.4112],[7.4628,50.4253],[7.3325,50.4868],[7.2133,50.5958],[7.175,50.699],[6.9756,50.8399],[6.9687,51.0242],[6.8943,51.0689],[6.8457,51.1597],[6.7234,51.2123],[6.7393,51.4068],[6.7192,51.5069],[6.5921,51.5767],[6.5105,51.6638],[6.2778,51.8209],[5.9955,51.8845],[5.8596,51.851],[5.7188,51.8945],[5.4617,51.892],[5.3738,51.8179],[4.9854,51.8237]]},"properties":{"name":"Rhine","scalerank":4,"min_zoom":4}},
{"type":"Feature","geometry":{"type":"MultiLineString","coordinates":[[[4.9854,51.8237],[4.7902,51.8026],[4.6755,51.7194]],[[4.4032,51.7083],[4.0778,51.8437]]]},"properties":{"name":"Waal","scalerank":4,"min_zoom":4}},
{"type":"Feature","geometry":{"type":"LineString","coordinates":[[-50.484,-12.8459],[-50.4502,-12.6961],[-50.3531,-12.5646],[-50.3616,-12.5409],[-50.0978,-12.3366],[-50.1278,-12.2426],[-50.0793,-12.123],[-50.0248,-12.0507],[-49.9203,-12.0687],[-49.935,-11.9917],[-49.897,-11.9203],[-49.9475,-11.7982],[-49.9081,-11.6708],[-49.894,-11.4657],[-49.8733,-11.4098],[-49.9153,-11.3451],[-49.9416,-11.225],[-49.9224,-11.1675],[-49.9906,-10.9409],[-49.9701,-10.872],[-49.9603,-10.7018],[-49.9906,-10.6535],[-49.942,-10.539],[-49.9536,-10.3755],[-49.9421,-10.266],[-50.0413,-9.966],[-50.1107,-9.9472],[-50.1612,-9.8657],[-50.1754,-9.7302]]},"properties":{"name":"Braco Menor","scalerank":4,"min_zoom":4}},
{"type":"Feature","geometry":{"type":"LineString","coordinates":[[98.5079,20.9512],[98.4917,20.8768],[98.5123,20.748],[98.6498,20.4849],[98.6441,20.3775],[98.6963,20.2939],[98.6787,20.1841],[98.5659,20.15],[98.5054,20.0956],[98.3998,20.0803],[98.2337,19.9991],[98.0203,19.9532],[97.877,19.9508],[97.8295,19.8619],[97.7511,19.8465],[97.7402,19.7801],[97.6633,19.7053],[97.6331,19.5472],[97.5855,19.4195],[97.5392,19.3919],[97.5346,19.1505],[97.49,19.0504],[97.4767,18.9017],[97.4317,18.8204],[97.3272,18.8509],[97.3349,18.7106],[97.3787,18.5209],[97.4428,18.4035],[97.4522,18.3338],[97.5279,18.2656],[97.5602,18.3284],[97.6372,18.3065],[97.6176,18.2419],[97.6801,18.1529],[97.6924,18.0703],[97.7538,17.9693],[97.6851,17.8809],[97.676,17.8153],[97.7207,17.5917],[97.7713,17.4926],[97.7599,17.4056],[97.6748,17.3234],[97.6742,17.183],[97.6132,17.0555],[97.6401,16.9326],[97.6054,16.6844],[97.6736,16.555]]},"properties":{"name":"Salween","scalerank":4,"min_zoom":4}},
{"type":"Feature","geometry":{"type":"LineString","coordinates":[[-72.9913,46.1774],[-73.1077,46.1544],[-73.1793,46.053]]},"properties":{"name":null,"scalerank":5,"min_zoom":4.7}},
{"type":"Feature","geometry":{"type":"LineString","coordinates":[[-4.3093,43.0169],[-4.2276,43.0269],[-4.0733,42.9982],[-4.0367,42.9401],[-4.0452,42.8427],[-3.9837,42.8129],[-3.8542,42.8541],[-3.7037,42.8153],[-3.6885,42.9071],[-3.4276,42.7941],[-3.3337,42.8045],[-3.1197,42.7686],[-3.0636,42.7852],[-2.8526,42.6653],[-2.827,42.5901],[-2.7481,42.5854],[-2.618,42.5076],[-2.4918,42.52],[-2.2061,42.4464],[-2.0767,42.4425],[-1.9769,42.3929],[-1.8621,42.284],[-1.6553,42.2039],[-1.585,42.1527],[-1.5782,42.0889],[-1.4112,41.9964],[-1.2911,41.8924],[-1.1383,41.8078],[-1.0623,41.7971],[-0.7266,41.5854],[-0.6243,41.5611],[-0.4891,41.4746],[-0.3941,41.32],[-0.2856,41.3209],[0.0049,41.2716],[0.2287,41.4144],[0.3071,41.373],[0.3649,41.3525],[0.354,41.2562],[0.5689,41.2471],[0.6371,41.1671],[0.657,41.0771],[0.5,40.9548],[0.528,40.817],[0.6303,40.7215],[0.7949,40.7078],[0.8737,40.7279]]},"properties":{"name":"Ebro","scalerank":5,"min_zoom":4.7}},
{"type":"Feature","geometry":{"type":"MultiLineString","coordinates":[[[-94.5068,47.4564],[-94.5077,47.4566],[-94.6371,47.44]],[[-94.3265,47.4056],[-94.16,47.4746],[-94.0941,47.4328]]]},"properties":{"name":"Mississippi","scalerank":5,"min_zoom":4.7}},
{"type":"Feature","geometry":{"type":"MultiLineString","coordinates":[[[-94.5077,47.4566],[-94.3265,47.4056]],[[-94.0941,47.4328],[-94.0015,47.3382],[-93.9166,47.3001],[-93.8006,47.3151],[-93.8148,47.233],[-93.6349,47.2591],[-93.4665,47.1953],[-93.3804,47.0545],[-93.2854,47.0128],[-93.3816,46.8681],[-93.3649,46.8059],[-93.4431,46.739],[-93.615,46.6838],[-93.7174,46.5534],[-93.8527,46.5875],[-93.9565,46.553],[-94.0402,46.5739],[-94.1085,46.451],[-94.3511,46.2845],[-94.4101,46.2176],[-94.3548,46.1078],[-94.398,45.9327],[-94.3685,45.8409],[-94.232,45.7242],[-94.1882,45.5992],[-94.1053,45.456],[-93.788,45.3079],[-93.5973,45.2996],[-93.3196,45.1488],[-93.2928,45.0389],[-93.174,44.9007],[-93.0803,44.943],[-92.9871,44.7905],[-92.8199,44.7578],[-92.5848,44.6079],[-92.3939,44.5795],[-92.2728,44.4658],[-92.1027,44.4368],[-91.9502,44.3356],[-91.837,44.1817],[-91.6627,44.0732],[-91.5411,44.0655],[-91.426,44.0224],[-91.2952,43.9189],[-91.2493,43.7689],[-91.2511,43.4744],[-91.1972,43.3659],[-91.1112,43.34],[-91.085,43.28],[-91.1679,43.1603],[-91.1625,43.0903],[-91.1548,43.0564],[-91.1543,43.0197],[-91.1524,43.0076],[-91.1478,42.9963],[-91.1307,42.9112],[-91.0456,42.742],[-90.9667,42.7015],[-90.7031,42.6552],[-90.6346,42.5598],[-90.6543,42.4898],[-90.4634,42.3758],[-90.4032,42.2453],[-90.1698,42.1163],[-90.1404,42.0305],[-90.2013,41.8135],[-90.3051,41.7485],[-90.3464,41.6053],[-90.441,41.5433],[-90.6033,41.5104],[-90.7046,41.4511],[-90.9916,41.4335],[-91.0548,41.3828],[-91.0994,41.2565],[-91.0824,41.1897],[-91.0478,41.1765],[-90.9975,41.1466],[-90.9516,41.0754],[-90.9667,40.9462],[-91.0936,40.8236],[-91.1273,40.7016],[-91.1879,40.6531],[-91.3834,40.5986],[-91.3827,40.3929],[-91.473,40.358],[-91.519,40.1749],[-91.4926,40.0095],[-91.4462,39.9478],[-91.4494,39.8655],[-91.3552,39.7108],[-91.1044,39.533],[-91.051,39.4523],[-90.8197,39.32],[-90.7301,39.2008],[-90.7027,38.9953],[-90.5854,38.878],[-90.4791,38.9588],[-90.2822,38.9265],[-90.1437,38.8568],[-90.1322,38.8187]],[[-95.1799,47.2164],[-95.2582,47.331],[-95.1489,47.4502],[-94.9859,47.4452],[-94.8346,47.4994],[-94.6371,47.44]]]},"properties":{"name":"Mississippi","scalerank":5,"min_zoom":4.7}},
{"type":"Feature","geometry":{"type":"LineString","coordinates":[[-92.2057,18.241],[-92.2109,18.2956],[-92.2787,18.3406],[-92.2787,18.4055],[-92.4219,18.5079],[-92.4831,18.659]]},"properties":{"name":"San Pedro y San Pablo","scalerank":7,"min_zoom":6}},
{"type":"Feature","geometry":{"type":"LineString","coordinates":[[-90.6549,16.6168],[-90.649,16.5298],[-90.5445,16.4903],[-90.4767,16.4309],[-90.3957,16.4194],[-90.3996,16.3478],[-90.4603,16.2592],[-90.449,16.0795]]},"properties":{"name":"Rio Salinas","scalerank":7,"min_zoom":6}},
{"type":"Feature","geometry":{"type":"LineString","coordinates":[[-90.6549,16.6168],[-90.7362,16.7468],[-91.0677,16.9184],[-91.1221,17.0186],[-91.172,17.0282],[-91.2912,17.1893],[-91.3657,17.19],[-91.4433,17.2381],[-91.4315,17.3894],[-91.4973,17.4124],[-91.4979,17.5577],[-91.375,17.5789],[-91.3835,17.7158],[-91.5132,17.8074],[-91.62,17.8271],[-91.6208,17.741],[-91.703,17.7202],[-91.7755,17.7744],[-91.8188,17.8854],[-91.9539,17.8679],[-92.0104,17.9766],[-91.9779,18.0404],[-92.0586,18.0951],[-92.1641,18.1003],[-92.2099,18.1734],[-92.2057,18.241],[-92.3138,18.2449],[-92.3385,18.2852],[-92.4844,18.3126],[-92.5638,18.392],[-92.6703,18.4305]]},"properties":{"name":"Usumacinta","scalerank":7,"min_zoom":6}},
{"type":"Feature","geometry":{"type":"LineString","coordinates":[[-128.1298,57.2919],[-127.8756,57.3958],[-127.6468,57.3852],[-127.5635,57.4849],[-127.6802,57.597],[-127.6188,57.7137],[-128.0843,57.7274],[-128.2147,57.8577],[-128.5195,57.9892],[-128.6003,57.9615],[-129.181,57.9396],[-129.5078,57.9166],[-129.8725,58.0352],[-130.0922,58.0495],[-130.284,58.1314],[-130.6508,58.1389],[-130.7484,58.0786],[-131.0287,58.0091],[-131.1342,57.9232],[-131.3758,57.8548],[-131.4114,57.7825],[-131.6979,57.6163],[-131.7748,57.5006],[-131.7628,57.3245],[-131.8349,57.2496],[-131.6898,57.1314],[-131.7716,57.0704],[-131.7714,56.7201],[-131.8936,56.6746],[-132.1715,56.7153],[-132.3114,56.639]]},"properties":{"name":"Stikine","scalerank":5,"min_zoom":4.7}},
{"type":"Feature","geometry":{"type":"LineString","coordinates":[[-84.7698,11.1175],[-84.8402,11.1079],[-85.0471,11.2374],[-85.1081,11.2928],[-85.4187,11.6527],[-85.5345,11.7499],[-85.6058,11.8436],[-85.7847,11.995],[-85.8714,12.0978]]},"properties":{"name":"San Juan","scalerank":5,"min_zoom":4.7}},
{"type":"Feature","geometry":{"type":"MultiLineString","coordinates":[[[-86.1047,12.2076],[-85.9874,12.1319],[-85.8714,12.0978]],[[-84.7692,11.1177],[-84.6731,11.1265],[-84.603,11.0755],[-84.3946,11.0195],[-84.3115,10.9196],[-84.2091,10.8612],[-84.1924,10.7819],[-84.0772,10.764],[-84.0235,10.7874],[-83.9342,10.7182],[-83.6638,10.8072],[-83.6444,10.9259]]]},"properties":{"name":"San Juan","scalerank":5,"min_zoom":4.7}},
{"type":"Feature","geometry":{"type":"MultiLineString","coordinates":[[[98.5415,31.6898],[98.5919,31.5987],[98.8848,31.354],[98.7676,31.2303],[98.6825,31.3159],[98.6111,31.2561],[98.6199,31.1879],[98.8027,30.9909],[98.7749,30.9022],[98.9541,30.7478],[98.905,30.6637],[98.9325,30.4906],[98.9605,30.4599],[98.9865,30.1443],[99.0339,30.0552],[99.0561,29.9152],[99.0053,29.82],[98.9865,29.6508],[99.0418,29.5624],[99.0623,29.3082],[99.1085,29.2241],[99.1209,28.9646],[99.0991,28.856],[99.1174,28.7086],[99.1692,28.6024],[99.1624,28.4381],[99.2744,28.2772],[99.3813,28.1844],[99.3985,28.1264]],[[99.3985,28.1196],[99.4052,28.0005],[99.45,27.9063],[99.4413,27.75],[99.5557,27.5095],[99.645,27.3859],[99.6531,27.3177],[99.8024,27.1956],[99.9478,27.0295],[99.9626,26.9207],[100.0634,26.9583],[100.0847,27.0691],[100.0634,27.1737],[100.2378,27.3419],[100.1931,27.4859],[100.2963,27.6909],[100.2996,27.8321],[100.4203,27.8385],[100.4649,27.6707],[100.4488,27.499],[100.543,27.4388],[100.5244,27.4005],[100.5524,27.2555],[100.4947,27.1879],[100.4539,27.0303],[100.4519,26.8264],[100.3982,26.8038],[100.4265,26.5195],[100.4607,26.4034],[100.4129,26.3001],[100.447,26.2277],[100.901,26.1715],[100.9878,26.2697],[101.1257,26.3453],[101.4229,26.3931],[101.4718,26.4456],[101.4475,26.5195],[101.5185,26.5906],[101.6189,26.5983],[101.6978,26.5648],[101.8057,26.6014],[101.9478,26.4134],[101.9172,26.2105],[101.8447,26.1394],[101.8388,25.9825],[102.084,25.9996],[102.1454,26.1321],[102.2517,26.2288],[102.3582,26.2625],[102.4003,26.3117],[102.5679,26.3785],[102.6262,26.345],[102.6096,26.2601],[102.7201,26.2376],[102.8779,26.365],[102.9512,26.345],[103.0029,26.4003],[102.9955,26.4854],[103.0576,26.5362],[102.9751,26.8311],[102.9011,26.9246],[102.8779,27.0318],[102.9136,27.1123],[102.8893,27.2914],[102.9771,27.3888],[103.1206,27.4122],[103.2179,27.5668],[103.4146,27.7428],[103.5083,27.8644],[103.5139,27.9714],[103.4343,28.0681],[103.4589,28.1347],[103.5715,28.2431],[103.666,28.2632],[103.7088,28.2158],[103.88,28.3256],[103.7949,28.5311],[103.8507,28.668]]]},"properties":{"name":"Jinsha","scalerank":1,"min_zoom":2}},
{"type":"Feature","geometry":{"type":"MultiLineString","coordinates":[[[10.0654,53.4633],[9.9968,53.5423],[9.8264,53.5498]],[[10.0654,53.4633],[9.819,53.5404]],[[10.0659,53.461],[10.0654,53.4633]],[[12.5018,51.8792],[12.3726,51.851],[12.3073,51.892],[12.0296,51.8702],[11.8418,52.0148],[11.7456,52.0292],[11.6563,52.1278],[11.704,52.2377],[11.804,52.337],[11.8648,52.3429],[11.9983,52.4576],[11.9734,52.5357],[12.042,52.7567],[12.019,52.8746],[11.8317,52.9281],[11.7627,52.9949],[11.4168,53.0808],[11.3274,53.0723],[11.2245,53.1529],[11.0893,53.1441],[10.7393,53.3083],[10.6753,53.3736],[10.5693,53.3637],[10.3862,53.4237],[10.1865,53.4042],[10.0654,53.4633]],[[13.1912,51.4737],[13.0199,51.5494],[13.0274,51.5965],[12.8486,51.6722],[12.8224,51.8289],[12.5018,51.8792]],[[15.5828,50.6928],[15.638,50.5755],[15.7331,50.5411],[15.7371,50.4655],[15.9176,50.3702]],[[15.9176,50.3702],[15.8305,50.2626],[15.7783,50.0485],[15.1904,50.0398],[15.1445,50.1304],[15.0646,50.178],[14.9732,50.1646],[14.6838,50.1819],[14.5691,50.2329],[14.4729,50.3427],[14.36,50.4699],[14.0278,50.583],[14.0458,50.648],[14.1985,50.699],[14.2395,50.8021],[14.2021,50.9089],[14.0695,50.9595],[13.9085,50.9641],[13.8045,51.0658],[13.5618,51.1174],[13.4035,51.2136],[13.3799,51.2992],[13.2992,51.3129],[13.1843,51.4737]]]},"properties":{"name":"Elbe","scalerank":5,"min_zoom":4.7}},
{"type":"Feature","geometry":{"type":"MultiLineString","coordinates":[[[-97.1033,64.7613],[-97.2884,64.7067],[-97.6199,64.7675],[-97.7933,64.7232],[-98.1014,64.7091],[-98.2331,64.6595],[-98.4238,64.644],[-98.4578,64.5515],[-98.5978,64.5659],[-98.7309,64.4994],[-99.014,64.4708],[-99.0946,64.5565],[-99.7662,64.5913],[-100.0286,64.6571],[-100.2213,64.5716],[-100.7951,64.6041]],[[-101.8111,64.4112],[-101.7711,64.4535],[-101.5362,64.4932]],[[-96.2733,64.3014],[-96.0214,64.2762],[-95.9059,64.2103],[-95.4477,64.1579],[-95.0176,64.1689],[-94.8339,64.1456],[-94.6439,64.0543],[-94.3872,64.0267],[-94.225,64.0762]],[[-104.8336,63.0715],[-104.6945,63.147],[-104.7057,63.2697]]]},"properties":{"name":"Thelon","scalerank":5,"min_zoom":4.7}},
{"type":"Feature","geometry":{"type":"MultiLineString","coordinates":[[[-97.1033,64.7613],[-96.8221,64.7403],[-96.5751,64.6583],[-96.5136,64.5935],[-96.4735,64.4339],[-96.2734,64.3014]],[[-101.5362,64.4932],[-101.4717,64.5347],[-101.2488,64.5074],[-100.8765,64.5571],[-100.7951,64.6041]],[[-94.2245,64.0761],[-93.9849,64.0482],[-93.7659,63.9935]],[[-104.7057,63.2697],[-104.6733,63.3794],[-104.428,63.623],[-104.4764,63.6646],[-104.2965,63.8121],[-104.1633,63.8171],[-103.968,63.9077],[-103.6984,64.1751],[-103.69,64.2449],[-103.4964,64.3089],[-103.1212,64.3244],[-102.6859,64.2889],[-102.5975,64.1617],[-102.142,64.2024],[-101.8514,64.3216],[-101.8112,64.4112]],[[-105.9425,62.3555],[-105.6756,62.3767],[-105.4696,62.4312],[-105.3137,62.4076],[-105.1662,62.454],[-104.6239,62.4322],[-104.5259,62.5245],[-104.7859,62.6987],[-104.7296,62.7391],[-104.8561,62.829],[-104.7187,62.9324],[-104.8569,62.9667],[-104.8336,63.0715]]]},"properties":{"name":"Thelon","scalerank":5,"min_zoom":4.7}},
{"type":"Feature","geometry":{"type":"MultiLineString","coordinates":[[[-95.4975,64.0506],[-95.4477,64.1579],[-95.4474,64.158]],[[-95.8783,63.6564],[-96.442,63.5985],[-96.7683,63.6019],[-96.9519,63.6367]],[[-97.459,63.1575],[-97.2875,63.5137],[-97.2872,63.5141]],[[-102.6604,62.7596],[-102.6867,62.6718],[-102.6007,62.5528],[-102.6505,62.4477],[-102.7355,62.4108]],[[-101.526,62.6644],[-101.541,62.8331],[-101.6997,62.947],[-101.838,62.9715],[-102.0347,62.9246]],[[-98.3497,62.6156],[-98.2579,62.7255],[-97.7663,62.7515],[-97.7198,62.7689],[-97.6302,62.9793]],[[-101.831,62.52],[-101.8517,62.4276],[-101.781,62.3071],[-101.7003,62.2748],[-101.5546,62.3498],[-101.3663,62.3499]],[[-100.552,62.3551],[-100.2801,62.3133],[-100.0544,62.2156],[-99.8282,62.2016],[-99.6176,62.3009],[-99.6166,62.3004]],[[-101.3183,62.3448],[-101.1627,62.3667],[-101.074,62.401],[-100.7349,62.3555]],[[-102.9193,62.3185],[-102.9054,62.2686],[-102.7338,62.2321],[-102.7069,62.165],[-103.0129,62.026],[-103.1577,61.8362]],[[-103.2196,61.681],[-103.1831,61.6303],[-103.3466,61.5455],[-103.4474,61.3656]]]},"properties":{"name":null,"scalerank":5,"min_zoom":4.7}},
{"type":"Feature","geometry":{"type":"MultiLineString","coordinates":[[[-95.8782,63.6564],[-95.7914,63.6542],[-95.6775,63.8694],[-95.4899,63.9842],[-95.4971,64.05]],[[-97.2875,63.5137],[-97.218,63.5932],[-97.1002,63.5889],[-97.1005,63.6463],[-97.0548,63.6577]],[[-97.6302,62.9793],[-97.603,63.0697],[-97.459,63.1575]],[[-102.0347,62.9246],[-102.1464,62.9113],[-102.221,62.8269],[-102.4071,62.7818],[-102.6604,62.7596]],[[-101.831,62.52],[-101.7246,62.5975],[-101.5294,62.664]],[[-102.7366,62.4103],[-102.9193,62.3185]],[[-100.7349,62.3555],[-100.552,62.3551]],[[-101.3663,62.3499],[-101.3183,62.3448]],[[-99.6176,62.3009],[-99.5373,62.2742],[-99.0926,62.2403],[-98.799,62.273],[-98.5331,62.224],[-98.158,62.3012],[-98.2545,62.3965],[-98.2435,62.4947],[-98.3497,62.6156]],[[-103.1577,61.8362],[-103.2615,61.7515],[-103.2196,61.681]],[[-103.4474,61.3656],[-103.475,61.2553],[-103.7169,61.1517],[-103.7738,61.0833],[-103.7169,60.9524]]]},"properties":{"name":null,"scalerank":5,"min_zoom":4.7}},
{"type":"Feature","geometry":{"type":"MultiLineString","coordinates":[[[-105.8158,40.176],[-105.8608,40.1652]],[[-110.3677,37.8979],[-110.4538,37.8023],[-110.4278,37.7642],[-110.4781,37.6716],[-110.5856,37.5987],[-110.7331,37.3477],[-110.812,37.3182],[-110.8815,37.2027],[-110.9176,37.1742],[-110.9523,37.1345],[-111.1493,37.112],[-111.2924,37.0265],[-111.4167,37.0272],[-111.4735,36.9322]],[[-114.7414,36.0135],[-114.7213,36.0926],[-114.5548,36.1605],[-114.4355,36.1276],[-114.3476,36.1397],[-114.2337,36.0244],[-114.124,36.0458],[-114.0842,36.1575],[-114.0016,36.2177],[-113.9628,36.1407],[-113.7806,36.0411],[-113.699,35.8995],[-113.6358,35.8309]],[[-114.591,35.3528],[-114.6677,35.517],[-114.6452,35.6306]],[[-114.3769,34.5397],[-114.3639,34.4669],[-114.1251,34.3172]]]},"properties":{"name":"Colorado","scalerank":5,"min_zoom":4.7}},
{"type":"Feature","geometry":{"type":"MultiLineString","coordinates":[[[-105.8456,40.4041],[-105.8156,40.1763]],[[-105.8614,40.1647],[-106.1415,40.0801],[-106.3824,40.077],[-106.5704,39.9628],[-106.6512,39.8747],[-106.7272,39.9324],[-106.909,39.8951],[-107.1224,39.638],[-107.2885,39.5819],[-107.4621,39.5882],[-107.6118,39.5635],[-107.798,39.5793],[-107.8675,39.5243],[-107.9927,39.4892],[-108.2003,39.3533],[-108.3409,39.1293],[-108.4913,39.0764],[-108.6247,39.1004],[-108.7533,39.1782],[-108.9254,39.2162],[-109.0506,39.1411],[-109.2476,38.9807],[-109.2701,38.8317],[-109.3271,38.7502],[-109.5325,38.6247],[-109.7231,38.3684],[-109.8038,38.2371],[-109.8515,38.1943],[-110.0176,38.082],[-110.0682,38.001],[-110.1344,37.9976],[-110.2087,37.894],[-110.3675,37.8979]],[[-111.4735,36.9322],[-111.6085,36.8438],[-111.7328,36.6908],[-111.7626,36.6102],[-111.8412,36.5248],[-111.8291,36.4666],[-111.857,36.3152],[-111.8087,36.2674],[-111.8063,36.1484],[-111.9414,36.0564],[-112.0519,36.1035],[-112.2233,36.1165],[-112.3551,36.256],[-112.4413,36.2164],[-112.5126,36.2783],[-112.4566,36.3545],[-112.5001,36.4002],[-112.6302,36.402],[-112.6592,36.3545],[-112.7985,36.2869],[-112.8767,36.2803]],[[-112.8764,36.2804],[-112.8767,36.2803]],[[-112.8767,36.2803],[-112.8814,36.2804]],[[-112.8767,36.2803],[-113.1791,36.1581],[-113.2191,36.0882],[-113.3391,36.0401],[-113.3086,35.8513],[-113.3505,35.7624],[-113.482,35.7625],[-113.6356,35.8308]],[[-114.7414,36.0135],[-114.6669,35.8738],[-114.6868,35.7193],[-114.6452,35.6306]],[[-114.591,35.3528],[-114.5727,35.1911],[-114.6356,35.1371],[-114.6171,34.8792],[-114.5424,34.7678],[-114.4944,34.7535],[-114.3789,34.5406]],[[-114.125,34.3141],[-114.1275,34.2796],[-114.244,34.1936],[-114.3822,34.1236],[-114.417,34.0484],[-114.5223,33.9414],[-114.5033,33.7542],[-114.536,33.5618],[-114.6259,33.437],[-114.7175,33.4166],[-114.7214,33.3062],[-114.6731,33.2049],[-114.6968,33.0892],[-114.6274,33.0409],[-114.5366,33.0353],[-114.4739,32.9852],[-114.4581,32.8767],[-114.5223,32.8071],[-114.536,32.7381],[-114.683,32.7481],[-114.7209,32.7245]],[[-114.7209,32.7245],[-114.8035,32.5948],[-114.8328,32.492],[-114.9059,32.4918],[-114.9686,32.416],[-114.9817,32.3415],[-115.0574,32.2316],[-115.1803,32.1907],[-115.2132,32.0607],[-115.112,32.0256],[-115.0352,31.9661]]]},"properties":{"name":"Colorado","scalerank":5,"min_zoom":4.7}},
{"type":"Feature","geometry":{"type":"MultiLineString","coordinates":[[[-49.3849,-19.98],[-49.5469,-19.93],[-49.8824,-19.9312],[-50.0159,-19.9125],[-50.1521,-19.8596],[-50.3644,-19.8586],[-50.3647,-19.8583]],[[-50.994,-20.1017],[-50.8715,-19.9945],[-50.6987,-19.9369],[-50.5841,-19.8212],[-50.5821,-19.8202]],[[-47.0733,-20.2844],[-46.9289,-20.3675],[-46.9121,-20.4025],[-46.68,-20.5163],[-46.6005,-20.571],[-46.5871,-20.6229]],[[-45.2212,-21.0625],[-45.3865,-21.0488],[-45.4969,-20.9992],[-45.523,-20.9595],[-45.6807,-20.8539],[-45.6831,-20.8018],[-45.7601,-20.6976],[-45.8321,-20.6678],[-45.9356,-20.728],[-45.996,-20.6716],[-46.1044,-20.6972],[-46.3259,-20.6675]],[[-44.3872,-21.4648],[-44.5139,-21.3843],[-44.5361,-21.3294],[-44.6162,-21.318]]]},"properties":{"name":"Grande","scalerank":5,"min_zoom":4.7}},
{"type":"Feature","geometry":{"type":"MultiLineString","coordinates":[[[-50.3644,-19.8586],[-50.4567,-19.7808],[-50.5841,-19.8212]],[[-47.0735,-20.2842],[-47.224,-20.2152],[-47.3043,-20.1203],[-47.4388,-20.0361],[-47.4687,-19.9589],[-47.6527,-20.0292],[-47.7153,-19.9751],[-47.8418,-19.9794],[-47.8818,-20.0999],[-47.9486,-20.0619],[-48.0717,-20.1509],[-48.1683,-20.103],[-48.2619,-20.1374],[-48.3154,-20.1098],[-48.6205,-20.1532],[-48.7157,-20.1439],[-48.8441,-20.1641],[-48.8887,-20.2608],[-48.8672,-20.4074],[-48.9696,-20.4006],[-48.9711,-20.2305],[-49.0418,-20.1434],[-49.1494,-20.2953],[-49.2166,-20.2941],[-49.2986,-20.1439],[-49.3067,-20.0751],[-49.2731,-19.9684],[-49.3849,-19.98]],[[-46.3259,-20.6675],[-46.4159,-20.683],[-46.5871,-20.6229]],[[-44.6162,-21.318],[-44.7091,-21.209],[-44.8128,-21.2043],[-44.9563,-21.1019],[-45.0494,-21.1751],[-45.1431,-21.1626],[-45.2212,-21.0625]],[[-44.4503,-22.1552],[-44.2554,-22.0112],[-44.2009,-21.8802],[-44.1019,-21.8312],[-44.0658,-21.7666],[-44.1079,-21.6093],[-44.1584,-21.5734],[-44.1843,-21.4925],[-44.3872,-21.4648]]]},"properties":{"name":"Grande","scalerank":5,"min_zoom":4.7}},
{"type":"Feature","geometry":{"type":"MultiLineString","coordinates":[[[-2.7336,40.5283],[-2.7327,40.5284],[-2.7095,40.6014],[-2.5769,40.7244]],[[-5.9956,39.8519],[-5.8026,39.7923],[-5.6636,39.791],[-5.5444,39.8282],[-5.3918,39.8345],[-5.2764,39.791],[-5.2167,39.8121],[-5.2149,39.8123]]]},"properties":{"name":"Tajo","scalerank":5,"min_zoom":4.7}},
{"type":"Feature","geometry":{"type":"MultiLineString","coordinates":[[[-1.6601,40.5557],[-1.629,40.66],[-1.6832,40.7626],[-1.9245,40.8594],[-1.9882,40.833],[-2.328,40.8016],[-2.4507,40.7326],[-2.5769,40.7244]],[[-2.7327,40.5284],[-2.8201,40.3884],[-3.1488,40.0983],[-3.2884,40.053],[-3.5426,40.0499],[-3.6578,40.0334],[-3.7788,39.9536],[-4.0367,39.8655],[-4.1837,39.8928],[-4.3278,39.8264],[-4.4666,39.8638],[-4.5743,39.9337],[-4.7247,39.9861],[-4.8448,39.961],[-5.0025,39.8102],[-5.2167,39.8121]],[[-5.9956,39.8519],[-6.1675,39.7967],[-6.4363,39.7342],[-6.6268,39.7904],[-6.8226,39.7821],[-6.9866,39.6942],[-7.1177,39.6817]]]},"properties":{"name":"Tajo","scalerank":5,"min_zoom":4.7}},
{"type":"Feature","geometry":{"type":"LineString","coordinates":[[18.8105,49.9251],[18.9369,49.9319]]},"properties":{"name":"Vistula","scalerank":5,"min_zoom":4.7}},
{"type":"Feature","geometry":{"type":"MultiLineString","coordinates":[[[18.9369,49.9319],[19.1218,49.9649],[19.1658,50.0583],[19.2293,50.069],[19.4204,50.0274],[19.5131,50.0299],[19.6157,49.9791],[19.7668,49.9796],[19.8535,50.0382],[19.989,50.0622],[20.163,50.041],[20.4172,50.1354],[20.5991,50.1509],[20.771,50.2745],[21.1813,50.3376],[21.4352,50.4868],[21.5949,50.5246],[21.8486,50.7792],[21.8005,50.9298],[21.8193,51.0416],[21.7717,51.1515],[21.8035,51.2485],[21.9762,51.3429],[21.9304,51.452],[21.8213,51.5626],[21.6748,51.5767],[21.5519,51.6592],[21.4746,51.6664],[21.3759,51.8284],[21.2292,51.9056],[21.2024,52.1043],[20.8977,52.3677],[20.685,52.4231],[20.539,52.4258],[20.3827,52.3816],[20.0285,52.3886],[19.698,52.5352],[19.5476,52.5661],[19.3823,52.6322],[19.0558,52.6755],[18.8278,52.9],[18.7192,52.9412],[18.6694,53.0128],[18.4512,53.0222],[18.1764,53.095],[18.2289,53.232],[18.3721,53.3518],[18.4846,53.4023],[18.6806,53.44],[18.7521,53.5006],[18.7483,53.6529],[18.8555,53.7257],[18.844,53.8273],[18.886,53.8794],[18.8215,54.0905],[18.8618,54.1839],[18.9475,54.2425],[18.9544,54.3586]],[[18.8792,49.6439],[18.8281,49.6957],[18.7608,49.8986],[18.8103,49.925]]]},"properties":{"name":"Vistula","scalerank":5,"min_zoom":4.7}},
{"type":"Feature","geometry":{"type":"LineString","coordinates":[[-122.3965,40.8315],[-122.3964,40.8313],[-122.3692,40.7634],[-122.4106,40.7215]]},"properties":{"name":"Sacramento","scalerank":5,"min_zoom":4.7}},
{"type":"Feature","geometry":{"type":"MultiLineString","coordinates":[[[-122.425,41.2539],[-122.3552,41.3175],[-122.2556,41.2294],[-122.4106,40.9896],[-122.3666,40.9112],[-122.3964,40.8313]],[[-122.4106,40.7215],[-122.4393,40.6232],[-122.3622,40.5843],[-122.3424,40.5049],[-122.1872,40.4374],[-122.1391,40.3069],[-122.2041,40.1838],[-122.1241,40.1506],[-122.084,39.9293],[-122.0463,39.8277],[-121.9415,39.7056],[-122.0121,39.3441],[-121.9848,39.2342],[-121.9228,39.2062],[-121.868,39.0872],[-121.7999,39.022],[-121.8269,38.9551],[-121.7784,38.8698],[-121.7202,38.8599],[-121.6701,38.7681],[-121.6395,38.7797],[-121.6079,38.7823],[-121.5807,38.6589]],[[-121.5807,38.6588],[-121.4914,38.6042],[-121.5187,38.4465],[-121.5015,38.3963],[-121.5588,38.2985],[-121.5065,38.2571],[-121.6112,38.1555],[-121.6893,38.1477]]]},"properties":{"name":"Sacramento","scalerank":5,"min_zoom":4.7}},
{"type":"Feature","geometry":{"type":"LineString","coordinates":[[31.0427,59.951],[31.1697,59.9567],[31.3316,60.1049],[31.4141,60.2348]]},"properties":{"name":"Neva","scalerank":5,"min_zoom":4.7}},
{"type":"Feature","geometry":{"type":"LineString","coordinates":[[31.0427,59.951],[30.9356,59.8474],[30.7705,59.7977],[30.6608,59.8085],[30.3901,59.9576],[30.2197,59.9162]]},"properties":{"name":"Neva","scalerank":5,"min_zoom":4.7}},
{"type":"Feature","geometry":{"type":"MultiLineString","coordinates":[[[-87.9754,35.9453],[-87.9916,36.0384],[-87.9274,36.1443],[-87.9495,36.263],[-88.0555,36.4302],[-88.0339,36.5229],[-88.0571,36.6437],[-88.1929,36.9185],[-88.2833,37.0215]],[[-86.8985,34.5748],[-87.0052,34.6541],[-87.1932,34.754],[-87.2997,34.7672],[-87.3563,34.8138],[-87.5297,34.833],[-87.7004,34.7734]]]},"properties":{"name":"Tennessee","scalerank":5,"min_zoom":4.7}},
{"type":"Feature","geometry":{"type":"MultiLineString","coordinates":[[[-88.2833,37.0215],[-88.3348,37.0575],[-88.4834,37.0391],[-88.5862,37.0899]],[[-83.9695,35.8701],[-84.1306,35.834],[-84.1903,35.7659],[-84.3599,35.754],[-84.4455,35.7774],[-84.5268,35.8533],[-84.7741,35.6812],[-84.7982,35.5695],[-84.8614,35.5036],[-84.9795,35.4575],[-85.0969,35.2912],[-85.1308,35.1675],[-85.2754,35.0887],[-85.3443,35.1024],[-85.4591,35.0357],[-85.5417,35.0943],[-85.6152,35.0224],[-85.683,35.0252],[-85.7017,34.9398],[-85.7563,34.8968],[-86.0486,34.5826],[-86.1092,34.5567],[-86.3118,34.3889],[-86.3579,34.4308],[-86.5328,34.5161],[-86.5885,34.5965],[-86.6467,34.5591],[-86.8985,34.5748]],[[-87.7004,34.7734],[-87.8519,34.7597],[-87.9654,34.8855],[-88.0834,34.9073],[-88.1617,34.9573],[-88.2069,35.0618],[-88.2914,35.0797],[-88.3175,35.1607],[-88.2764,35.2774],[-88.0202,35.4314],[-87.9711,35.5339],[-88.0216,35.6046],[-88.0303,35.7373],[-87.9325,35.9183],[-87.9754,35.9453]]]},"properties":{"name":"Tennessee","scalerank":5,"min_zoom":4.7}},
{"type":"Feature","geometry":{"type":"LineString","coordinates":[[31.1484,6.8297],[31.0696,6.9073],[30.8523,7.0288],[30.8027,7.1177],[30.7549,7.1434],[30.6565,7.3218],[30.5698,7.5375],[30.4996,7.6485],[30.5358,7.8242],[30.4259,7.9932],[30.3843,8.116],[30.3246,8.1184],[30.3076,8.1917],[30.3438,8.3153],[30.3235,8.3637],[30.3599,8.4602],[30.275,8.5586],[30.3096,8.6702],[30.2427,8.7359],[30.2346,8.8702],[30.1931,8.9732],[30.2067,9.0284],[30.3038,9.1185],[30.3644,9.2264],[30.3247,9.3477],[30.4247,9.4829],[30.5232,9.5401],[30.6456,9.535],[30.7734,9.5048],[31.004,9.4994],[31.1248,9.4325]]},"properties":{"name":"Bahr el Jebel","scalerank":1,"min_zoom":2}},
{"type":"Feature","geometry":{"type":"MultiLineString","coordinates":[[[61.7602,46.0211],[61.5624,46.1096]],[[68.4557,41.1068],[68.2634,41.1048],[68.0455,41.1528],[67.9649,41.2496]],[[70.355,40.4354],[70.3062,40.3498],[69.8271,40.2727]]]},"properties":{"name":"Syr  Darya","scalerank":5,"min_zoom":4.7}},
{"type":"Feature","geometry":{"type":"MultiLineString","coordinates":[[[61.562,46.1097],[61.513,46.131],[61.2566,46.0388],[61.0774,46.0463],[61.026,46.1002],[60.8779,46.1373]],[[67.9649,41.2496],[67.985,41.3],[68.104,41.3648],[68.1159,41.4582],[68.0538,41.5991],[68.0341,41.7561],[68.0989,41.8148],[68.1132,41.9517],[68.1528,41.9669],[68.2411,42.1184],[68.232,42.1829],[68.2774,42.2958],[68.2735,42.4147],[68.1908,42.5296],[68.2608,42.6413],[68.2326,42.8045],[68.1021,42.887],[68.107,42.9749],[67.8384,43.0916],[67.8604,43.2182],[67.7836,43.2733],[67.8077,43.3298],[67.6591,43.3753],[67.4864,43.5074],[67.5064,43.5511],[67.4028,43.6822],[67.2935,43.762],[67.1672,43.9217],[66.9236,44.0042],[66.8018,43.9443],[66.5247,44.0245],[66.533,44.1105],[66.4164,44.1619],[66.4233,44.237],[66.3169,44.3044],[66.1177,44.4755],[65.9571,44.4909],[65.9146,44.6278],[65.8102,44.7318],[65.6222,44.7383],[65.5121,44.7851],[65.478,44.8546],[65.3447,44.9228],[65.3165,44.9796],[65.2,44.97],[64.9933,45.024],[64.9299,44.9837],[64.7724,44.998],[64.6625,45.0594],[64.5115,45.0763],[64.4092,45.142],[64.3335,45.2581],[64.2373,45.3065],[64.186,45.4293],[64.1144,45.4709],[63.8901,45.4969],[63.8621,45.5537],[63.9102,45.6205],[63.7568,45.6825],[63.6891,45.7515],[63.4421,45.6832],[63.3043,45.6143],[63.1451,45.6025],[63.0415,45.7037],[62.8872,45.7372],[62.8526,45.6968],[62.6614,45.7242],[62.6066,45.8341],[62.5264,45.7794],[62.1051,45.751],[61.9553,45.6733],[61.9004,45.7242],[61.7359,45.7515],[61.6914,45.812],[61.7359,45.8955],[61.8283,45.916],[61.8321,45.9849],[61.7602,46.0211]],[[69.8271,40.2727],[69.8018,40.3037],[69.637,40.3115],[69.5675,40.252],[69.3155,40.2145],[69.178,40.2764],[69.1165,40.331],[69.0755,40.5228],[69.0964,40.5725],[69.0536,40.6582],[68.9929,40.6531],[68.8927,40.7718],[68.7398,40.8449],[68.7,40.9163],[68.4557,41.1068]]]},"properties":{"name":"Syr  Darya","scalerank":5,"min_zoom":4.7}},
{"type":"Feature","geometry":{"type":"LineString","coordinates":[[73.3003,41.7762],[73.1477,41.776],[73.0029,41.8132],[72.8098,41.794],[72.6537,41.6674]]},"properties":{"name":"Naryn","scalerank":5,"min_zoom":4.7}},
{"type":"Feature","geometry":{"type":"MultiLineString","coordinates":[[[77.7372,41.8797],[77.8225,41.866],[77.9351,41.8957],[78.0445,41.8806],[77.9809,41.8015],[77.7765,41.664],[77.7168,41.5817],[77.566,41.5255],[77.3875,41.5098],[77.2774,41.5211],[77.1925,41.4938],[76.9659,41.5069],[76.9171,41.4799],[76.7774,41.4946],[76.6062,41.4761],[76.4865,41.5069],[76.0916,41.4493],[75.812,41.4628],[75.7122,41.4433],[75.6051,41.3835],[75.5055,41.3822],[75.229,41.4481],[74.6417,41.4095],[74.4954,41.4409],[74.2573,41.3729],[74.0115,41.4314],[73.9475,41.4832],[73.9404,41.6264],[73.8683,41.7187],[73.7828,41.7294],[73.5841,41.8045],[73.4505,41.7704],[73.2979,41.776]],[[72.6537,41.6674],[72.4124,41.5097],[72.2478,41.4409],[72.1362,41.1744],[71.8997,40.9902],[71.7582,40.913],[71.6441,40.8899],[71.3566,40.8928],[71.1751,40.8372],[71.0624,40.8586],[70.8842,40.7425],[70.8296,40.7425],[70.525,40.5573],[70.355,40.4354]]]},"properties":{"name":"Naryn","scalerank":5,"min_zoom":4.7}},
{"type":"Feature","geometry":{"type":"LineString","coordinates":[[-121.9514,42.4751],[-121.8664,42.3955],[-121.8073,42.2496]]},"properties":{"name":"Klamath","scalerank":5,"min_zoom":4.7}},
{"type":"Feature","geometry":{"type":"MultiLineString","coordinates":[[[-121.8073,42.2496],[-121.8678,42.1148],[-121.9991,42.1608],[-122.087,42.0737],[-122.2091,41.9938],[-122.4008,41.9828],[-122.6351,41.8512],[-122.789,41.9008],[-123.0384,41.8123],[-123.134,41.855],[-123.2831,41.8439],[-123.374,41.8005],[-123.4447,41.6551],[-123.5157,41.5926],[-123.4845,41.3834],[-123.6101,41.2272],[-123.6865,41.2032],[-123.7799,41.277]],[[-123.7799,41.2769],[-123.8396,41.2935],[-123.9492,41.5021],[-124.0683,41.5391]]]},"properties":{"name":"Klamath","scalerank":5,"min_zoom":4.7}},
{"type":"Feature","geometry":{"type":"MultiLineString","coordinates":[[[-111.2804,58.7884],[-111.2189,58.7104],[-111.0155,58.6912]],[[-111.0155,58.691],[-111.0749,58.5048]]]},"properties":{"name":"Athabasca","scalerank":5,"min_zoom":4.7}},
{"type":"Feature","geometry":{"type":"MultiLineString","coordinates":[[[-111.2804,58.7884],[-111.2801,58.9439],[-111.4108,59.0051]],[[-114.0425,55.1679],[-113.9394,55.1722],[-113.7286,55.2535],[-113.5701,55.1605],[-113.5838,55.0991],[-113.481,55.0606],[-113.3988,54.9408],[-113.4649,54.8147],[-113.3578,54.7626]],[[-113.3504,54.7626],[-113.3578,54.7626]],[[-113.3578,54.7626],[-113.2804,54.7363],[-113.1929,54.883],[-112.8979,54.9755],[-112.7309,54.9869],[-112.859,55.1074],[-112.8054,55.239],[-112.681,55.3088],[-112.7873,55.6137],[-112.7314,55.689],[-112.6107,55.7333],[-112.6652,55.9072],[-112.5311,56.2134],[-112.734,56.428],[-112.6041,56.5192],[-112.4515,56.516],[-112.3976,56.572],[-112.1922,56.5447],[-111.9799,56.593],[-111.8189,56.5787],[-111.6703,56.6173],[-111.4455,56.7086],[-111.3966,56.7932],[-111.4519,56.9902],[-111.595,57.1235],[-111.6638,57.3063],[-111.6379,57.4277],[-111.5165,57.5326],[-111.3895,57.7114],[-111.3698,57.8394],[-111.4182,57.953],[-111.3357,58.0312],[-111.3835,58.0976],[-111.3592,58.19],[-111.4864,58.2578],[-111.5281,58.4012],[-111.4726,58.4456],[-111.0916,58.4516],[-111.0749,58.5048]],[[-115.4399,54.1535],[-115.2355,54.1593],[-115.1014,54.2003],[-114.8629,54.3282],[-114.6405,54.3301],[-114.53,54.3816],[-114.4298,54.4827],[-114.3389,54.5158],[-114.2753,54.8179],[-114.203,54.8785],[-114.1903,54.9876],[-114.1042,55.0604],[-114.0493,55.1679]],[[-117.5854,52.1793],[-117.5228,52.1986],[-117.5888,52.3475],[-117.6536,52.4059],[-117.6833,52.5642],[-117.8365,52.6068],[-117.8739,52.7104],[-118.0125,52.8085],[-118.0621,52.8811],[-118.0355,52.9571],[-118.0948,53.0523],[-118.0227,53.1031],[-117.991,53.1987],[-117.8703,53.2517],[-117.8603,53.3119],[-117.396,53.5203],[-117.176,53.6695],[-117.2033,53.806],[-117.0766,53.94],[-116.8844,54.0034],[-116.7375,54.123],[-116.464,54.2209],[-116.2651,54.2507],[-115.986,54.1816],[-115.8135,54.1881],[-115.4399,54.1535]]]},"properties":{"name":"Athabasca","scalerank":5,"min_zoom":4.7}},
{"type":"Feature","geometry":{"type":"LineString","coordinates":[[31.4141,60.2348],[31.5108,60.3706],[31.6548,60.4653],[31.9981,60.5593],[32.229,60.6831],[32.7384,60.5692],[32.7895,60.4711],[32.7949,60.4726]]},"properties":{"name":"Svir","scalerank":5,"min_zoom":4.7}},
{"type":"Feature","geometry":{"type":"LineString","coordinates":[[32.7895,60.4711],[33.047,60.5201],[33.1702,60.6401],[33.3027,60.6693],[33.3657,60.7311],[33.6557,60.7591],[33.9127,60.9764],[34.109,60.9151],[34.4358,60.9707],[34.7662,60.9811],[34.8253,61.0198]]},"properties":{"name":"Svir","scalerank":5,"min_zoom":4.7}},
{"type":"Feature","geometry":{"type":"LineString","coordinates":[[-1.7128,8.6306],[-1.6465,8.6778],[-1.5412,8.6708],[-1.4687,8.7568],[-1.3782,8.7615],[-1.2434,8.6761],[-1.0562,8.6961],[-0.9762,8.6616]]},"properties":{"name":"Mouhoun","scalerank":5,"min_zoom":4.7}},
{"type":"Feature","geometry":{"type":"LineString","coordinates":[[-5.2632,11.1388],[-5.1587,11.1197],[-5.0264,11.2584],[-4.879,11.2822],[-4.6598,11.4473],[-4.5747,11.3863],[-4.4888,11.4249],[-4.4339,11.4945],[-4.3209,11.5292],[-4.2686,11.5128],[-4.212,11.5607],[-4.1805,11.6645],[-4.0162,11.865],[-3.8995,12.0847],[-3.817,12.1629],[-3.8233,12.2373],[-3.7644,12.2779],[-3.7071,12.3926],[-3.6354,12.4252],[-3.5911,12.3926],[-3.5135,12.6746],[-3.5187,12.729],[-3.4005,12.74],[-3.3607,12.6639],[-3.2487,12.6769],[-3.2395,12.5248],[-3.159,12.5093],[-3.085,12.4103],[-2.9566,12.3479],[-2.8472,12.3799],[-2.8819,12.2595],[-2.8308,12.2136],[-2.7928,12.1091],[-2.8963,12.1039],[-2.9163,12.0413],[-2.8597,11.9958],[-2.8785,11.9302],[-2.8309,11.8815],[-2.8757,11.8115],[-2.8614,11.762],[-2.7612,11.7247],[-2.8506,11.4739],[-2.8284,11.4301],[-2.8437,11.3101],[-2.8784,11.2506],[-2.7959,11.2176],[-2.7882,11.159],[-2.8301,11.0804],[-2.8164,10.9293],[-2.8648,10.8644],[-2.9229,10.7214],[-2.9331,10.6345],[-2.8922,10.5218],[-2.8153,10.3939],[-2.8338,10.3062],[-2.7589,10.2663],[-2.799,10.1897],[-2.7891,10.0389],[-2.755,9.9669],[-2.7408,9.8128],[-2.7922,9.7411],[-2.7561,9.6777],[-2.7616,9.5665],[-2.6763,9.4719],[-2.6605,9.2731],[-2.76,9.135],[-2.7755,9.0552],[-2.6614,9.0151],[-2.5961,8.8282],[-2.6152,8.8021],[-2.4942,8.7125],[-2.3898,8.5811],[-2.3204,8.4503],[-2.2852,8.3126],[-2.1312,8.1577],[-1.9561,8.169],[-1.8918,8.2501],[-1.7855,8.2333],[-1.7705,8.3254],[-1.8779,8.3358],[-1.9133,8.4188],[-1.8819,8.4849],[-1.8789,8.5872],[-1.8167,8.6412],[-1.7128,8.6306]]},"properties":{"name":"Mouhoun","scalerank":5,"min_zoom":4.7}},
{"type":"Feature","geometry":{"type":"LineString","coordinates":[[-0.9762,8.6616],[-0.9255,8.6323],[-0.8541,8.5015],[-0.7539,8.3951],[-0.7341,8.3435],[-0.5386,8.1795],[-0.4831,8.1472],[-0.3184,8.1147],[-0.179,8.0035],[-0.0581,7.7544],[0.0042,7.7344],[0.0387,7.6383],[0.1047,7.5257],[0.1357,7.4006],[0.2366,7.3425],[0.2188,7.1986],[0.2278,7.1137],[0.2013,6.935],[0.1463,6.8561],[0.2102,6.7633],[0.2072,6.694],[0.1301,6.6241],[0.1039,6.5023],[0.1225,6.4067],[0.1034,6.3382]]},"properties":{"name":"Volta","scalerank":5,"min_zoom":4.7}},
{"type":"Feature","geometry":{"type":"LineString","coordinates":[[0.1034,6.3382],[0.0797,6.2791],[0.0972,6.1381],[0.1621,6.097],[0.2482,6.0964],[0.3347,6.0406],[0.4326,6.0782],[0.5046,6.0542],[0.6091,5.9654],[0.6528,5.8837],[0.6718,5.7605]]},"properties":{"name":"Volta","scalerank":5,"min_zoom":4.7}},
{"type":"Feature","geometry":{"type":"LineString","coordinates":[[-54.6091,-14.9841],[-54.5254,-14.9447],[-54.3102,-14.8876],[-54.2489,-14.8462],[-54.1846,-14.744],[-54.0862,-14.7443],[-54.0192,-14.7951],[-53.9462,-14.7876],[-53.8182,-14.7001],[-53.7311,-14.6086],[-53.6064,-14.561],[-53.5162,-14.414],[-53.4913,-14.3008],[-53.3831,-14.0995],[-53.3917,-14.0176],[-53.3303,-13.8809],[-53.3048,-13.7785],[-53.1605,-13.6087],[-53.1356,-13.4839],[-53.0611,-13.2909],[-52.9496,-13.1589],[-52.9302,-13.0581],[-52.8664,-12.9509],[-52.8448,-12.8493],[-52.9276,-12.7563],[-52.9786,-12.6608],[-52.9787,-12.5757],[-53.0855,-12.4606],[-53.1437,-12.334],[-53.2484,-12.2338],[-53.2981,-12.2187],[-53.3827,-12.0378],[-53.5691,-11.8944],[-53.6073,-11.7842],[-53.6086,-11.7013],[-53.5335,-11.5648],[-53.4441,-11.4437]]},"properties":{"name":"Culuene","scalerank":5,"min_zoom":4.7}},
{"type":"Feature","geometry":{"type":"MultiLineString","coordinates":[[[73.6524,20.0128],[73.686,20.043],[73.8222,19.9978],[73.9754,19.9885],[74.0571,20.0476],[74.3892,19.9306],[74.4425,19.8819],[74.5089,19.8893],[74.5608,19.8118],[74.7594,19.7611],[74.829,19.6716],[74.9516,19.6566],[75.0366,19.6149],[75.1607,19.5959],[75.247,19.5328],[75.3352,19.5057],[75.4367,19.4206],[75.7207,19.3522],[75.7874,19.3964],[75.9142,19.389],[75.9075,19.3173],[76.093,19.3139],[76.2097,19.2654],[76.3049,19.2652],[76.3613,19.2333],[76.3804,19.1283],[76.4653,19.0663],[76.5654,19.1119],[76.6196,19.0245],[76.7,19.0218],[76.7365,18.9775],[76.8448,19.0675],[76.9216,19.0532],[76.976,19.0994],[77.1337,19.067],[77.3615,19.1583],[77.4019,19.0735],[77.4766,19.0122],[77.5719,18.9873],[77.7095,18.877],[77.8614,18.8308],[77.9448,18.8297],[78.061,18.9215],[78.2153,19.0021],[78.3775,18.9904],[78.5491,18.9464],[78.7099,19.0327],[78.7756,19.0076],[78.8538,19.0606],[79.0121,19.0814],[79.0719,19.0458],[79.1624,18.8894],[79.2927,18.8136],[79.3899,18.8574],[79.4509,18.8409],[79.6409,18.7342],[79.6865,18.6798],[79.814,18.7219],[79.8544,18.8136],[80.0017,18.7857],[80.0906,18.6975],[80.3032,18.7051],[80.3819,18.5467],[80.3889,18.4776],[80.4663,18.4194],[80.4786,18.3294],[80.5215,18.2618],[80.6973,18.1595],[80.7763,18.0231],[80.831,18.0025],[80.8965,17.9229],[80.8686,17.7752],[80.8862,17.6559],[80.9751,17.6418],[81.0126,17.597],[81.1162,17.6076],[81.2678,17.5508],[81.2932,17.4974],[81.4306,17.4575],[81.4986,17.4666],[81.6159,17.3916],[81.6705,17.306],[81.65,17.2067],[81.6961,17.0956],[81.75,17.0311],[81.7297,16.9151],[81.7978,16.7049],[81.8638,16.5782],[81.8472,16.4952],[81.7488,16.4171],[81.7115,16.3122]],[[81.759,16.9554],[81.7638,16.9125],[81.8486,16.7716],[81.9312,16.7169],[82.0889,16.6828],[82.2149,16.7109],[82.3427,16.7014]]]},"properties":{"name":"Godävari","scalerank":5,"min_zoom":4.7}},
{"type":"Feature","geometry":{"type":"LineString","coordinates":[[31.1248,9.4325],[31.3491,9.3799],[31.4195,9.3431],[31.584,9.4121],[31.6494,9.5272],[31.669,9.6201],[31.7605,9.6764],[31.8281,9.6843],[31.9646,9.7609],[32.0254,9.8456],[32.1253,9.9191],[32.2662,10.1198],[32.2786,10.2031],[32.242,10.2788],[32.2315,10.4296],[32.0981,10.4703],[32.1358,10.5848],[32.3008,10.7491],[32.4253,10.8046],[32.5232,10.9396],[32.6255,10.9948],[32.6528,11.0714],[32.6455,11.3306],[32.6763,11.3959],[32.707,11.5749],[32.7612,11.6788],[32.7554,11.824],[32.7244,11.9087],[32.7491,11.9953],[32.7285,12.1046],[32.7293,12.2922],[32.7675,12.368],[32.8036,12.567],[32.7554,12.77],[32.7556,12.9309],[32.8101,13.0367],[32.7485,13.1672],[32.6287,13.2496],[32.5766,13.357],[32.5777,13.4683],[32.614,13.5695],[32.4819,13.7096],[32.4717,13.7941],[32.358,13.8872],[32.2761,14.1404],[32.2156,14.2214],[32.1624,14.409],[32.2019,14.5315],[32.1799,14.6197],[32.2246,14.7469],[32.3047,14.8209],[32.4282,14.9879],[32.4202,15.0789],[32.4751,15.2418],[32.489,15.3461],[32.4526,15.5083],[32.4762,15.5714],[32.4848,15.6234],[32.4902,15.6345]]},"properties":{"name":"El Bahr el Abyad","scalerank":1,"min_zoom":2}},
{"type":"Feature","geometry":{"type":"LineString","coordinates":[[60.9102,51.6688],[60.934,51.5661],[61.0229,51.4858],[61.4791,51.4251],[61.626,51.5425],[61.5469,51.9042],[61.5849,52.0502],[61.4825,52.1827],[61.5211,52.2722],[61.7369,52.4294],[61.7285,52.481],[62.1528,52.4891],[62.6217,52.6134],[62.7539,52.6597],[62.7905,52.7657],[62.8589,52.8298],[63.0356,52.8829],[63.3731,53.0284],[63.4868,53.0502],[63.6091,53.1993],[63.812,53.3376],[63.9015,53.5294],[63.855,53.6588],[63.7439,53.8378],[63.7939,53.9383],[63.7749,54.0333],[63.8667,54.0637],[63.9076,54.2078],[64.0073,54.2289],[63.98,54.304],[64.2937,54.3536],[64.4321,54.3518],[64.7852,54.4296],[64.9161,54.6622],[65.0143,54.7228],[64.9708,54.8111],[65.026,54.8448],[64.9535,54.9337],[65.0658,55.1258],[65.1865,55.1739],[65.2842,55.3142],[65.2173,55.3985],[65.4041,55.4494],[65.5501,55.5997],[65.6209,55.7454],[65.6209,55.8321],[65.7016,55.8831],[65.6636,55.9791],[65.8131,56.0307],[65.8677,56.0959],[66.0125,56.14],[65.9905,56.213],[66.2699,56.3349],[66.2656,56.4212],[66.3672,56.5098],[66.3149,56.6351],[66.4378,56.7398],[66.4317,56.8448],[66.5667,56.8682],[66.5471,56.9327],[66.6671,57.0467],[66.8375,57.1503],[66.9736,57.1998],[66.9614,57.2197],[66.9394,57.2299],[66.9306,57.237],[67.0704,57.3265],[67.0859,57.4179],[67.1755,57.4748],[67.0323,57.6085],[67.157,57.665],[67.1646,57.7675],[67.3655,57.8537],[67.6396,57.8469],[67.7726,57.8946],[67.8828,57.8543],[68.0929,57.9396],[68.0371,58.0076],[68.1357,58.1296],[68.2183,58.1684]]},"properties":{"name":"Tobol","scalerank":5,"min_zoom":4.7}},
{"type":"Feature","geometry":{"type":"MultiLineString","coordinates":[[[87.9612,65.776],[87.9565,65.776],[87.989,65.7837],[88.0498,65.8095],[88.1885,65.8481],[88.3762,65.8405],[88.5053,65.9279],[88.8079,65.9765],[89.0557,65.97],[89.5333,65.7766],[90.0042,65.6705],[90.0581,65.613],[89.9659,65.4907],[90.021,65.1016],[90.2074,65.0773],[90.3041,64.9931],[90.2877,64.8593],[90.4407,64.7847],[90.7158,64.7784],[90.915,64.633],[91.0991,64.5532],[91.4751,64.4824],[91.6655,64.4986],[92.0815,64.4112]],[[105.6887,58.0683],[105.8862,57.9736],[106.0593,58.0205],[106.2992,58.0304],[106.4336,57.9356],[106.8333,57.8355],[107.0272,57.8315],[107.1697,57.7933],[107.2709,57.8402],[107.4291,57.7871],[107.6147,57.8697],[107.7756,57.8856],[107.9961,58.0775],[108.1665,58.1536],[108.2332,58.1307],[108.413,58.232],[108.5292,58.4038],[108.4565,58.5203],[108.5042,58.6238],[108.392,58.7454],[108.4741,58.8606],[108.4166,59.1098],[108.29,59.1682],[108.1773,59.3513],[108.1161,59.3753],[108.0566,59.5873],[107.9019,59.6798],[108.0708,59.7634],[108.1441,59.864],[108.1013,60.054],[108.1082,60.1844],[107.8269,60.2669],[107.7949,60.3626],[107.8893,60.5261],[107.8713,60.7219],[107.9649,60.8095],[107.9883,60.9003],[107.8477,60.9552],[107.9026,61.1237],[108.0142,61.1478],[107.9361,61.2395],[108.0603,61.3568],[107.9717,61.4293],[108.0199,61.5328],[107.9663,61.7047],[108.1187,61.8885],[108.012,61.9316],[108.2903,62.0658],[108.2656,62.1885],[108.3067,62.2884],[108.2589,62.4461],[108.0503,62.3387],[107.9327,62.405],[107.9054,62.5819],[108.0801,62.5609],[108.1515,62.6343],[108.4081,62.6075],[108.5786,62.669],[108.5637,62.7578],[108.2104,62.7503],[108.271,62.8728],[108.6201,62.8729],[108.4973,62.9645],[108.31,62.9851],[108.1901,62.96],[108.0945,63.0147],[108.2293,63.0987],[108.1665,63.1897],[107.9605,63.1826],[107.9641,63.0761],[107.6275,63.1424],[107.3477,63.289],[106.7991,63.3572],[106.9574,63.4466],[106.7888,63.5498],[106.526,63.5301],[106.333,63.421],[106.1079,63.488],[106.0455,63.3459],[105.714,63.4051],[105.4414,63.3089],[105.2163,63.38],[105.0835,63.4918],[104.7957,63.5318],[104.2499,63.5445],[104.1025,63.6066],[103.8476,63.5939],[103.6921,63.7071],[103.77,63.7825],[103.6222,63.8195],[103.4107,63.8262],[103.3325,63.8803],[103.0921,63.9583],[103.0733,64.0206],[102.8999,64.1011],[102.6636,64.1171],[102.3727,64.0465],[102.1748,64.107],[101.8673,64.1094],[101.5338,64.2337],[101.2981,64.1926],[101.0881,64.1102],[100.7971,64.1926],[100.5683,64.1769],[100.3403,64.3024],[100.09,64.2692],[99.961,64.2103],[99.8756,64.1206],[99.4503,64.1262],[99.2997,64.1546],[98.8027,64.1779],[98.624,64.1524],[98.3034,64.1878],[98.0616,64.1182],[98.2014,64.0381],[98.0671,63.9398],[97.8562,63.8917],[98.0434,63.7972],[97.9893,63.7493],[97.4003,63.8001],[97.1515,63.8509],[96.9656,63.8507],[96.5164,63.7949],[96.3566,63.8879],[96.0146,63.9052],[95.615,64.043],[95.4506,64.0645],[95.3042,64.0357],[94.9302,64.1099],[94.7411,64.1901],[94.4819,64.207],[94.0396,64.1764],[93.4346,64.2891],[93.2036,64.4069],[92.9726,64.4434],[92.6996,64.4086],[92.4561,64.4245],[92.3091,64.3499],[92.0801,64.4124]]]},"properties":{"name":"Lower Tunguska","scalerank":5,"min_zoom":4.7}},
{"type":"Feature","geometry":{"type":"LineString","coordinates":[[32.0776,56.9077],[32.2999,56.7952],[32.3174,56.701],[32.2579,56.5624],[32.1526,56.5105],[32.0632,56.3526],[32.1011,56.2025],[31.9683,56.1679],[32.0025,56.0884],[31.7974,56.0387],[31.583,56.0699],[31.3447,55.9641],[31.4977,55.6978],[31.3479,55.6329],[31.2173,55.6329],[31.1069,55.5328],[30.9985,55.48],[30.8259,55.4652],[30.6777,55.4089],[30.5056,55.4117],[30.1928,55.2545],[30.1685,55.1728],[29.9529,55.1679],[29.867,55.2173],[29.5867,55.1258],[29.3121,55.1448],[29.2067,55.2667],[29.1519,55.2543],[28.9846,55.3649],[29.0162,55.4201],[28.7138,55.5023],[28.5792,55.5646],[28.4902,55.5313],[28.3052,55.5472],[28.1378,55.5897],[28.0918,55.6502],[27.9258,55.7233],[27.9176,55.8148],[27.5641,55.7925],[27.3741,55.8151],[27.1538,55.888],[26.9413,55.8799],[26.7048,55.9283],[26.6018,55.8737],[26.4379,55.9146],[26.3766,55.9977],[26.3281,56.1625],[26.1933,56.2259],[26.1567,56.3802],[26.0432,56.4561],[25.7869,56.5303],[25.7603,56.6055],[25.5792,56.5761],[25.3984,56.6307],[25.2354,56.5856],[25.1181,56.6244],[24.9917,56.6204],[24.5877,56.8122],[24.2587,56.873],[24.1052,56.9568],[24.0501,57.071]]},"properties":{"name":"Daugava","scalerank":5,"min_zoom":4.7}},
{"type":"Feature","geometry":{"type":"LineString","coordinates":[[-76.6167,-9.9134],[-76.6611,-9.7133],[-76.7134,-9.6302],[-76.727,-9.5318],[-76.7831,-9.4174],[-76.7317,-9.3344],[-76.7162,-9.2075],[-76.7543,-9.1548],[-76.8831,-9.0912],[-76.9974,-9.0131],[-77.0741,-8.9209],[-77.1362,-8.8991],[-77.2145,-8.809],[-77.2138,-8.7575],[-77.2904,-8.6847],[-77.3175,-8.5451],[-77.4145,-8.4837],[-77.4403,-8.375],[-77.4981,-8.3299],[-77.5054,-8.2441],[-77.6055,-8.1523],[-77.6525,-8.0292],[-77.6232,-7.8371],[-77.661,-7.7769],[-77.7093,-7.5793],[-77.7707,-7.4331],[-77.8397,-7.3776],[-77.8706,-7.2338],[-77.9359,-7.1585],[-77.9536,-7.0751],[-78.0214,-6.9382],[-78.0246,-6.7402],[-78.1202,-6.5415],[-78.1754,-6.459],[-78.3494,-6.3505],[-78.4615,-6.1386],[-78.5358,-6.0664],[-78.6068,-6.0684],[-78.7492,-5.881],[-78.7266,-5.7967],[-78.6171,-5.6162],[-78.5472,-5.5278],[-78.5613,-5.477],[-78.4488,-5.3843],[-78.4642,-5.2248],[-78.3558,-5.1576],[-78.3625,-5.0617],[-78.3973,-4.9838],[-78.3341,-4.9041],[-78.337,-4.7704],[-78.2098,-4.735],[-78.2193,-4.6542],[-78.1432,-4.6257],[-78.0801,-4.6546],[-77.8317,-4.5443],[-77.778,-4.4881],[-77.639,-4.4238],[-77.5808,-4.4489],[-77.4796,-4.4409],[-77.4076,-4.4965],[-77.429,-4.5646],[-77.3477,-4.6442],[-77.2655,-4.6825],[-77.0247,-4.7526],[-76.9186,-4.8216],[-76.8391,-4.8005],[-76.62,-4.8421],[-76.5449,-4.8892],[-76.3861,-4.9408],[-76.1843,-4.9252],[-76.1595,-4.9922],[-76.0651,-5.0339],[-75.9689,-5.0083],[-75.8491,-5.0065],[-75.7418,-5.0526],[-75.6915,-5.0134],[-75.5935,-5.0566],[-75.5137,-4.924],[-75.4533,-4.9276],[-75.4215,-4.8315],[-75.3389,-4.78],[-75.1571,-4.7928],[-75.0757,-4.7397],[-75.0333,-4.7757],[-74.9739,-4.7212],[-74.8104,-4.6563],[-74.7533,-4.5427],[-74.6462,-4.5268],[-74.6006,-4.466],[-74.4203,-4.5882],[-74.2769,-4.6634],[-74.1898,-4.5038],[-73.9547,-4.4858],[-73.8845,-4.52],[-73.827,-4.6104],[-73.7213,-4.561],[-73.6081,-4.5373],[-73.4949,-4.4504]]},"properties":{"name":"Marañón","scalerank":5,"min_zoom":4.7}},
{"type":"Feature","geometry":{"type":"LineString","coordinates":[[-76.5331,1.3299],[-76.5367,1.0755],[-76.4925,1.0246],[-76.3511,0.9769],[-76.21,0.9721],[-76.0624,1.0432],[-75.9179,1.0191],[-75.8456,0.8895],[-75.7139,0.8477],[-75.56,0.8286],[-75.4592,0.7494],[-75.3177,0.7513],[-75.2542,0.719],[-75.2021,0.5178],[-74.9962,0.4699],[-74.9626,0.2708],[-74.8555,0.2219],[-74.743,0.2003],[-74.683,0.1509],[-74.6639,-0.0542],[-74.5928,-0.1021],[-74.4699,-0.1258],[-74.4132,-0.0903],[-74.2916,-0.1415],[-74.2405,-0.228],[-74.1168,-0.2464],[-74.0115,-0.3351],[-73.8657,-0.3926],[-73.7284,-0.3867],[-73.5959,-0.4621],[-73.567,-0.5135],[-73.4792,-0.5327],[-73.3319,-0.5073],[-73.2056,-0.6048],[-73.0814,-0.5936],[-72.9975,-0.5267],[-72.885,-0.6017],[-72.7794,-0.5645],[-72.7208,-0.5716],[-72.6158,-0.6569],[-72.5499,-0.6833],[-72.422,-0.5566],[-72.3247,-0.6293],[-72.2021,-0.5501],[-72.1361,-0.5552],[-72.0614,-0.7248],[-72.01,-0.7642],[-71.9083,-0.7704],[-71.8293,-0.8138],[-71.7848,-0.8988],[-71.7242,-0.9478],[-71.5959,-0.9252],[-71.5366,-0.9448],[-71.5631,-1.0765],[-71.5095,-1.1169],[-71.379,-1.0931],[-71.2636,-1.0366],[-71.1769,-1.0508],[-71.0661,-1.1294],[-70.9547,-1.2519],[-70.8449,-1.2612],[-70.7829,-1.3216],[-70.6538,-1.4027],[-70.5945,-1.3803],[-70.5113,-1.44],[-70.3133,-1.4094],[-70.0835,-1.5342],[-70.0167,-1.5156],[-69.9766,-1.4548],[-69.9134,-1.2582],[-69.8519,-1.1947],[-69.7701,-1.2096],[-69.7027,-1.2636],[-69.5929,-1.2715],[-69.4549,-1.1999]]},"properties":{"name":"Caquetá","scalerank":5,"min_zoom":4.7}},
{"type":"Feature","geometry":{"type":"LineString","coordinates":[[-81.4196,37.0091],[-81.4626,36.9745],[-81.6517,36.9534],[-81.8418,36.8632],[-82.4861,36.6379],[-82.5645,36.6208],[-82.6278,36.5457],[-82.8559,36.4666],[-82.9813,36.3771],[-83.0819,36.3773],[-83.2233,36.303],[-83.3705,36.2679],[-83.473,36.1718],[-83.5573,36.1807],[-83.7894,36.0515],[-83.8729,35.9609],[-83.9801,35.9248],[-83.9695,35.8701]]},"properties":{"name":"Holston","scalerank":5,"min_zoom":4.7}},
{"type":"Feature","geometry":{"type":"LineString","coordinates":[[73.6046,37.4461],[73.4849,37.4812],[73.3779,37.4528],[73.2758,37.4597],[73.1699,37.4085],[73.0671,37.3154],[72.9951,37.3095],[72.8301,37.24],[72.7605,37.1878],[72.6573,37.0291]]},"properties":{"name":"Pamir","scalerank":5,"min_zoom":4.7}},
{"type":"Feature","geometry":{"type":"MultiLineString","coordinates":[[[-118.319,52.522],[-118.5723,52.7622],[-118.6107,52.8453],[-118.9693,52.9759],[-119.0507,53.0292],[-119.2221,53.0369],[-119.4757,52.9744],[-119.94,53.1962],[-120.0254,53.2136],[-120.1243,53.3041],[-120.289,53.3737],[-120.6234,53.5463],[-120.7008,53.6216],[-120.8865,53.6921],[-120.9061,53.7433],[-121.1256,53.7791],[-121.4171,53.9011],[-121.6469,53.9435],[-121.6561,54.0211],[-121.9233,54.1326],[-121.9854,54.1816],[-122.2721,54.2167],[-122.3641,54.2586],[-122.4987,54.2282],[-122.5876,54.1456],[-122.5644,54.0949],[-122.6648,54.0223],[-122.6621,53.9847],[-122.6931,53.9406],[-122.7501,53.8974],[-122.716,53.7632],[-122.7241,53.5587],[-122.6505,53.4249],[-122.828,53.384],[-122.8861,53.3218],[-122.7341,53.1819],[-122.5666,53.1033],[-122.4478,52.8765],[-122.4845,52.5636],[-122.3645,52.3707],[-122.2776,52.2807],[-122.287,52.1105],[-122.2682,51.9508],[-122.387,51.8754],[-122.4077,51.7582],[-122.3641,51.7222],[-122.2214,51.4386],[-122.2431,51.3475],[-122.1386,51.1894],[-121.9512,51.0722],[-121.9233,51.0081]],[[-121.9233,51.0081],[-121.9171,51.0081]],[[-121.9233,51.0081],[-121.8708,50.9653],[-121.8782,50.8276],[-121.918,50.6774],[-121.6866,50.4291],[-121.6763,50.3638],[-121.5995,50.2665],[-121.5807,50.2329],[-121.5511,50.0631],[-121.4477,49.9057],[-121.4396,49.6892],[-121.4137,49.5888],[-121.4434,49.4033],[-121.5674,49.3736],[-121.685,49.2921],[-121.7427,49.2088],[-121.9059,49.2189],[-122.1998,49.1679],[-122.3478,49.1148],[-122.4372,49.1708],[-122.6405,49.2096],[-122.7156,49.188],[-122.8619,49.223],[-123.0406,49.151]]]},"properties":{"name":"Fraser","scalerank":5,"min_zoom":4.7}},
{"type":"Feature","geometry":{"type":"MultiLineString","coordinates":[[[150.0309,71.2216],[149.8189,71.0901],[149.6193,71.0255],[149.5298,70.9031],[149.2338,70.8975],[148.9815,70.816],[148.7441,70.8156],[148.6977,70.7013],[148.1838,70.6287],[147.8556,70.5987],[147.5256,70.4199],[147.3354,70.2499],[147.4452,70.1673],[147.2838,70.1385],[147.5401,69.9854],[147.4397,69.7944],[147.478,69.6971],[147.4067,69.6442],[147.5649,69.5842],[147.6782,69.4126],[147.4617,69.3967],[147.3629,69.3168],[147.5105,69.1837],[147.4257,69.0295],[147.5562,68.9426],[147.3139,68.9261],[147.3783,68.8604],[147.0725,68.7902],[147.0048,68.569],[146.7442,68.5848],[146.6134,68.5314],[146.3748,68.5925],[146.0033,68.5318],[145.8663,68.3977],[145.9951,68.3228],[145.7163,68.2142],[145.3779,68.2132],[145.3042,68.0367],[145.021,67.9946],[145.0714,67.8791],[144.8298,67.822],[144.4826,67.7845],[144.6965,67.7257],[144.6879,67.6457],[144.061,67.6341],[143.8412,67.5989],[143.5824,67.6492],[143.023,67.5626],[142.8116,67.4903],[142.5574,67.368],[142.6487,67.3025],[142.6047,67.1081],[142.7124,66.9676],[142.8034,66.7143],[143.052,66.5601],[143.2553,66.2752],[143.1421,66.0904],[143.103,65.9241],[142.9468,65.871],[142.7026,65.7335],[142.5925,65.5336],[142.6535,65.4345],[142.9444,65.4081],[143.2634,65.4066],[143.2886,65.3726],[143.1262,65.2654],[143.1677,65.2256],[143.0574,65.1038],[143.1959,65.0388],[143.2478,64.9256],[143.3858,64.8157],[143.2643,64.7248],[143.2542,64.5971],[142.8201,64.5228],[142.8386,64.4188],[142.7935,64.2698],[142.2328,64.3056],[141.9385,64.1854],[141.8744,63.9757],[142.1331,63.7923],[142.3805,63.6876],[142.4674,63.5694],[142.815,63.4771],[142.9699,63.4956],[143.251,63.437],[143.8875,63.2075],[144.1055,63.1607],[144.2262,63.0889],[144.3277,63.0966],[144.4529,63.005],[144.5714,62.8582],[144.7135,62.7663]],[[144.7118,62.768],[144.7651,62.7242],[144.8398,62.6155],[145.0089,62.5074]]]},"properties":{"name":"Indigirka","scalerank":5,"min_zoom":4.7}},
{"type":"Feature","geometry":{"type":"LineString","coordinates":[[-120.8818,42.4004],[-120.9808,42.4073],[-121.1236,42.4584],[-121.4413,42.4733],[-121.5659,42.4953],[-121.6981,42.6087],[-121.8097,42.601],[-121.9507,42.4761]]},"properties":{"name":"Sprague","scalerank":5,"min_zoom":4.7}},
{"type":"Feature","geometry":{"type":"MultiLineString","coordinates":[[[112.7818,29.744],[112.8858,29.7917],[112.9453,29.7093],[112.9082,29.6007],[112.9277,29.4952],[113.0078,29.518],[113.1276,29.4628]],[[103.8507,28.668],[103.9524,28.6149],[104.0566,28.6304],[104.4565,28.6435],[104.5637,28.7075],[104.5993,28.7844],[104.7571,28.798],[104.8038,28.8285],[105.0131,28.767],[105.1157,28.7137],[105.1762,28.7839],[105.2363,28.7496],[105.3399,28.7835],[105.3696,28.8568],[105.4976,28.8868],[105.6074,28.9557],[105.6279,28.8905],[105.7091,28.8942],[105.8455,28.8254],[105.8972,28.8637],[105.8237,28.9771],[105.8806,29.0473],[106.0012,29.0718],[106.0251,29.1065],[106.1409,29.0905],[106.1179,29.1645],[106.1572,29.2224],[106.3701,29.2921],[106.4639,29.3974],[106.501,29.4885],[106.5344,29.545],[106.5816,29.5684],[106.6199,29.6244],[106.691,29.5715],[106.7751,29.6174],[106.8422,29.5933],[106.9636,29.7569],[107.0709,29.8239],[107.1834,29.6887],[107.3341,29.7508],[107.399,29.7282],[107.4739,29.8242],[107.4666,29.8928],[107.6359,29.8531],[107.6863,29.8647],[107.8367,29.987],[107.8618,30.0996],[107.9929,30.233],[108.02,30.2999],[108.2316,30.4497],[108.3487,30.639],[108.4099,30.7097],[108.4166,30.8338],[108.5222,30.9119],[108.6665,30.95],[108.7456,30.9226],[108.8772,30.9595],[109.0125,30.9494],[109.1769,30.9766],[109.2966,30.9658],[109.574,31.0427],[109.6704,30.9971],[109.7656,31.0476],[109.955,31.0734],[110.0259,31.0329],[110.2817,31.021],[110.3428,31.05],[110.5117,31.0333],[110.815,30.9363],[110.8507,30.8936],[110.9658,30.8742],[111.0276,30.827],[111.124,30.8526],[111.1582,30.7886],[111.2633,30.7565],[111.2675,30.7097],[111.387,30.593],[111.4488,30.4702],[111.5274,30.4012],[111.4995,30.3337],[111.5921,30.2813],[111.6432,30.3719],[111.7973,30.4285],[111.8814,30.4183],[112.021,30.2852],[112.1953,30.3075],[112.2705,30.2236],[112.1929,30.1343],[112.2232,30.0767],[112.3912,30.0317],[112.4251,29.9488],[112.3844,29.8631],[112.3667,29.7475],[112.5488,29.8231],[112.6829,29.8269],[112.7642,29.79],[112.6926,29.7644],[112.7218,29.7386],[112.7888,29.744]]]},"properties":{"name":"Chang Jiang","scalerank":1,"min_zoom":2}},
{"type":"Feature","geometry":{"type":"LineString","coordinates":[[-59.0701,-14.5317],[-59.0701,-14.4528],[-59.0251,-14.32],[-59.0669,-14.2665],[-59.0906,-14.1239],[-59.0639,-14.0041],[-59.0297,-13.9596],[-59.0157,-13.4054],[-58.9419,-13.2503],[-58.926,-12.867],[-58.9527,-12.6517],[-58.9215,-12.4777],[-58.8851,-12.4139],[-58.9042,-12.2635],[-58.8518,-12.1367],[-58.7349,-11.9961],[-58.6957,-11.8148],[-58.7274,-11.7223],[-58.6866,-11.6147],[-58.6361,-11.5649],[-58.6481,-11.4124],[-58.6323,-11.3451],[-58.6864,-11.287],[-58.6529,-11.2255],[-58.6939,-11.0508],[-58.6868,-11.0308],[-58.6591,-10.975]]},"properties":{"name":"Juruena","scalerank":5,"min_zoom":4.7}},
{"type":"Feature","geometry":{"type":"MultiLineString","coordinates":[[[55.3977,62.3624],[55.2561,62.4332],[55.0337,62.4312],[54.8152,62.52],[54.6778,62.4975],[54.6638,62.4312],[54.3782,62.4366],[54.2734,62.4039],[54.2051,62.2289],[54.3286,61.9713],[54.4644,61.8983],[54.7031,61.872],[54.9039,61.8245],[54.917,61.6567],[54.4993,61.5542],[54.2452,61.571],[54.0986,61.5215],[53.8777,61.502],[53.719,61.5821],[53.6837,61.6498]],[[53.6912,61.6498],[53.457,61.8287],[53.2421,61.7836],[53.1594,61.8545],[52.8997,61.9009],[52.7495,61.8773],[52.5575,61.9417],[52.1357,61.9304],[51.8965,61.8673],[51.8858,61.8149],[51.7221,61.8009],[51.4566,61.8485],[51.0398,61.73],[50.8569,61.7145],[50.7851,61.7631],[50.7615,61.8962],[50.813,61.944],[50.5591,62.0266],[50.4602,61.9836],[50.2301,61.9788],[50.2305,62.191],[49.9581,62.2089],[49.8386,62.1263],[49.6323,62.1055],[49.4841,62.0451],[49.2546,62.1243],[49.0624,62.159],[48.9897,62.1116],[48.6062,62.0098],[48.4209,61.9167],[48.3569,61.785],[48.1987,61.7218],[48.0125,61.5767],[47.6699,61.4866],[47.4346,61.3692],[46.9306,61.3345],[46.5911,61.2873]]]},"properties":{"name":"Vychegda","scalerank":5,"min_zoom":4.7}},
{"type":"Feature","geometry":{"type":"MultiLineString","coordinates":[[[-70.302,-35.288],[-70.2424,-35.5116],[-70.1779,-35.6444],[-70.1967,-35.6913],[-69.9283,-35.8703],[-69.7963,-35.8758],[-69.6606,-36.2512],[-69.7021,-36.3556],[-69.6674,-36.5591],[-69.7744,-36.707],[-69.81,-37.0112],[-69.7384,-37.0864],[-69.6236,-37.1527],[-69.4787,-37.1766],[-69.2605,-37.1527],[-69.0885,-37.2072],[-68.9852,-37.3639],[-68.7568,-37.3718],[-68.6783,-37.4263],[-68.5261,-37.4413],[-68.4276,-37.5379],[-67.8505,-37.6003],[-67.7487,-37.6691],[-67.7106,-37.7801],[-67.748,-37.8454],[-67.8484,-37.9079],[-67.8544,-38.049],[-67.7058,-38.1006],[-67.6513,-38.1916],[-67.5542,-38.2617],[-67.3761,-38.2555],[-67.1767,-38.2227],[-67.1359,-38.3382],[-67.0699,-38.4091],[-66.6481,-38.5575],[-66.5936,-38.6074],[-66.5621,-38.7016],[-66.392,-38.7342],[-66.2154,-38.7167],[-65.9603,-38.7422],[-65.7756,-38.7968],[-65.6489,-38.81],[-65.5115,-38.7837],[-65.3675,-38.8384],[-65.1143,-38.8036],[-64.9777,-38.8036]],[[-64.9703,-38.8036],[-64.821,-38.8105],[-64.4716,-38.8539],[-64.1465,-38.9494],[-63.9946,-39.0098],[-63.9083,-39.0923],[-63.8196,-39.1122],[-63.6756,-39.2132],[-63.4781,-39.3185],[-63.295,-39.3381],[-63.2225,-39.3859],[-63.0896,-39.4173],[-63.019,-39.4886],[-62.8159,-39.4958],[-62.5859,-39.537],[-62.4832,-39.6161],[-62.4685,-39.6742],[-62.3087,-39.8218]]]},"properties":{"name":"Colorado","scalerank":5,"min_zoom":4.7}},
{"type":"Feature","geometry":{"type":"LineString","coordinates":[[-91.4127,15.267],[-91.3893,15.2175],[-91.303,15.2768],[-91.1167,15.283],[-90.9836,15.3135],[-90.8575,15.2526],[-90.6916,15.2149],[-90.5414,15.2123],[-90.4936,15.3396],[-90.6509,15.363],[-90.6922,15.4488],[-90.6039,15.514],[-90.6328,15.6228],[-90.7808,15.6788],[-90.8119,15.765],[-90.7673,15.8392],[-90.7506,15.9492],[-90.6603,16.0397],[-90.4694,16.0106],[-90.449,16.0795]]},"properties":{"name":"Chixoy","scalerank":5,"min_zoom":4.7}},
{"type":"Feature","geometry":{"type":"LineString","coordinates":[[-71.2405,-38.7695],[-71.1019,-38.7],[-71.239,-38.4806],[-71.2436,-38.3901],[-71.3292,-38.3215],[-71.3032,-38.2357],[-71.3298,-38.1318],[-71.4398,-38.0923],[-71.5719,-37.9819],[-71.7164,-37.77],[-71.856,-37.7064],[-72.0072,-37.7446],[-72.0809,-37.7367],[-72.1481,-37.6515],[-72.2919,-37.5741],[-72.4103,-37.5453],[-72.5667,-37.5436],[-72.6662,-37.4679],[-72.7445,-37.2471],[-72.7965,-37.2004],[-72.9318,-37.1646],[-72.9836,-37.0502],[-72.9673,-36.9671],[-73.022,-36.9272],[-73.0935,-36.805],[-73.1665,-36.7963]]},"properties":{"name":"Bío-Bío","scalerank":5,"min_zoom":4.7}},
{"type":"Feature","geometry":{"type":"LineString","coordinates":[[72.6573,37.0291],[72.4055,37.0079],[72.2593,36.9676],[72.1262,36.8729],[71.8362,36.6994],[71.7481,36.6789],[71.6108,36.7051],[71.4626,36.9483],[71.4308,37.0672],[71.4497,37.2169],[71.4867,37.2673],[71.4968,37.5668],[71.5899,37.816],[71.5973,37.8985],[71.5007,37.9465],[71.3408,37.8936],[71.2554,37.9501],[71.3639,38.2071],[71.3341,38.2809],[70.9736,38.4739],[70.7608,38.4438],[70.5955,38.3384],[70.482,38.1376],[70.1648,37.8902],[70.2398,37.8278],[70.2827,37.705],[70.1573,37.5416],[70.0165,37.5462],[69.8948,37.6184],[69.8018,37.5817],[69.5283,37.5862],[69.384,37.4536],[69.3766,37.3809],[69.4448,37.2366],[69.3234,37.1212],[69.2454,37.1041],[69.1231,37.1694],[68.9649,37.3294],[68.8098,37.3123],[68.8242,37.2609],[68.6685,37.2785],[68.6265,37.2065],[68.3071,37.1145],[68.2774,37.0103],[68.212,37.0215]]},"properties":{"name":"Panj","scalerank":5,"min_zoom":4.7}},
{"type":"Feature","geometry":{"type":"LineString","coordinates":[[-71.9817,-50.2236],[-71.7581,-50.2276],[-71.5707,-50.1976],[-71.4786,-50.2202],[-71.1362,-50.2054],[-70.9794,-50.2469],[-70.8339,-50.1898],[-70.7372,-50.2168],[-70.4982,-50.2015],[-70.2398,-50.2562],[-70.1732,-50.1869],[-69.9903,-50.1645],[-69.8371,-50.1987],[-69.7142,-50.1684],[-69.6559,-50.089],[-69.4335,-50.0913],[-69.3185,-50.1254],[-69.1287,-50.1137],[-69.0131,-50.0171]]},"properties":{"name":"Santa Cruz","scalerank":5,"min_zoom":4.7}},
{"type":"Feature","geometry":{"type":"MultiLineString","coordinates":[[[-52.2561,-1.6987],[-52.2581,-1.9178],[-52.2258,-2.0136],[-52.2049,-2.1701],[-52.1168,-2.2767],[-52.0274,-2.4553],[-51.9822,-2.6005],[-52.0278,-2.708],[-52.0144,-2.8076],[-51.9319,-2.8593],[-51.7964,-3.069],[-51.6698,-3.1125],[-51.6158,-3.1703],[-51.6444,-3.2811],[-51.7165,-3.3599],[-51.6813,-3.4374],[-51.7073,-3.5042],[-51.7946,-3.5768],[-51.8495,-3.5897],[-51.9331,-3.5275],[-51.9583,-3.4126],[-52.0636,-3.2765],[-52.1593,-3.2297],[-52.1703,-3.35],[-52.2571,-3.508],[-52.4572,-3.7528],[-52.5587,-3.8014],[-52.6087,-3.8552]],[[-52.6133,-3.8605],[-52.6087,-3.8552]],[[-53.4441,-11.4437],[-53.2591,-11.2494],[-53.2472,-11.187],[-53.3212,-10.975],[-53.2706,-10.8828],[-53.1435,-10.8446],[-53.1092,-10.798],[-53.072,-10.5767],[-53.0864,-10.502],[-53.0475,-10.3446],[-52.9575,-10.2725],[-53.0154,-10.1844],[-52.9833,-10.0463],[-52.8092,-9.8715],[-52.7868,-9.8237],[-52.6701,-9.7691],[-52.6192,-9.6563],[-52.5469,-9.5776],[-52.2586,-9.6592],[-52.1964,-9.604],[-52.163,-9.4613],[-52.1078,-9.3644],[-52.0205,-9.2671],[-52.0797,-9.1572],[-52.0583,-8.9873],[-52.086,-8.905],[-52.2679,-8.7967],[-52.3089,-8.6496],[-52.3779,-8.5839],[-52.5519,-8.5464],[-52.661,-8.4013],[-52.6577,-8.2284],[-52.8041,-7.9058],[-52.7633,-7.7871],[-52.7483,-7.6387],[-52.6621,-7.55],[-52.6869,-7.5033],[-52.6652,-7.4145],[-52.6193,-7.3706],[-52.5677,-7.2025],[-52.4656,-7.0977],[-52.4545,-7.0419],[-52.3638,-6.9626],[-52.1908,-6.9502],[-52.0904,-6.9106],[-52.036,-6.7804],[-51.983,-6.7089],[-52.0722,-6.5666],[-52.2049,-6.5712],[-52.3061,-6.4784],[-52.3275,-6.4248],[-52.4299,-6.3293],[-52.4336,-6.2022],[-52.5165,-6.0964],[-52.5428,-5.9804],[-52.5314,-5.8711],[-52.5981,-5.77],[-52.6832,-5.5888],[-52.711,-5.4697],[-52.8688,-5.3696],[-52.8724,-5.1786],[-52.9162,-5.1035],[-52.9237,-5.0158],[-52.8483,-4.9103],[-52.793,-4.7459],[-52.7334,-4.6887],[-52.6598,-4.4769],[-52.7289,-4.3703],[-52.7293,-4.2907],[-52.6405,-4.1989],[-52.6468,-4.1476],[-52.5981,-3.9616],[-52.6087,-3.8552]]]},"properties":{"name":"Xingu","scalerank":5,"min_zoom":4.7}},
{"type":"Feature","geometry":{"type":"LineString","coordinates":[[-7.1177,39.6817],[-7.3421,39.6721],[-7.5662,39.6804],[-7.7403,39.6042],[-7.9147,39.4949],[-8.2232,39.4745],[-8.3549,39.4842],[-8.4491,39.4505],[-8.4907,39.3851],[-8.6136,39.3162],[-8.7651,39.0977]]},"properties":{"name":"Tejo","scalerank":5,"min_zoom":4.7}},
{"type":"Feature","geometry":{"type":"MultiLineString","coordinates":[[[59.0986,43.2917],[59.0979,43.3253],[59.0317,43.4197],[58.9732,43.467],[58.9767,43.5404],[59.0606,43.6565],[58.9592,43.7999],[58.7294,43.8789],[58.5942,43.8787],[58.5504,43.9182],[58.543,44.0601],[58.5776,44.1271],[58.4708,44.2613],[58.3194,44.3928],[58.3157,44.4263]],[[68.212,37.0215],[68.0107,36.9311],[67.8777,37.0646],[67.7851,37.0968],[67.7637,37.2211],[67.6327,37.2543],[67.5445,37.2318],[67.4819,37.2777],[67.3907,37.2198],[67.2363,37.1927],[67.1228,37.2822],[67.0971,37.3408],[67.0055,37.3846],[66.7346,37.3636],[66.6936,37.3437],[66.5386,37.3694],[66.4609,37.3247],[66.294,37.3314],[66.1626,37.3771],[66.0792,37.4411],[65.8547,37.5081],[65.8038,37.5655],[65.6487,37.6038],[65.5519,37.6649],[65.4028,37.7112],[65.2651,37.7272],[65.1463,37.9435],[64.9541,38.0925],[64.676,38.1797],[64.4514,38.2718],[64.3705,38.3272],[64.2813,38.4412],[64.1544,38.5319],[64.072,38.6816],[63.9697,38.7653],[63.9669,38.8294],[63.8975,38.9434],[63.7549,39.0037],[63.6477,39.1105],[63.5222,39.1597],[63.4688,39.22],[63.2788,39.3129],[63.0498,39.331],[62.9829,39.4062],[62.9902,39.5502],[62.8594,39.6588],[62.7537,39.6669],[62.707,39.7395],[62.6168,39.7809],[62.5241,39.94],[62.4524,40.0095],[62.4212,40.1153],[62.4391,40.1732],[62.3528,40.4307],[62.1914,40.4992],[62.0444,40.7153],[61.9824,40.8859],[61.9705,41.0157],[61.8775,41.1253],[61.6539,41.2496],[61.4695,41.2974],[61.3871,41.2359],[61.2781,41.2777],[61.1909,41.39],[61.0916,41.4135],[60.7383,41.6394],[60.6518,41.7568],[60.5497,41.7772],[60.4615,41.9007],[60.4588,41.9665],[60.3448,41.9888],[60.2761,42.0444],[60.2529,42.1292],[60.052,42.2663],[59.9291,42.3188],[59.7719,42.3164],[59.6065,42.3853],[59.5122,42.4796],[59.2864,42.6181],[59.3176,42.7498],[59.2045,42.786],[59.2242,42.8851],[59.1279,43.0176],[59.1594,43.1136],[59.0841,43.2687],[59.1253,43.3088],[59.1213,43.3448],[59.0318,43.4946],[59.253,43.5914],[59.2647,43.739],[59.2214,43.8056],[59.1094,43.8724],[59.0556,43.9484],[59.1028,44.003],[59.2579,44.0775],[59.4342,44.0911],[59.541,44.1483]]]},"properties":{"name":"Amu  Darya","scalerank":5,"min_zoom":4.7}},
{"type":"Feature","geometry":{"type":"LineString","coordinates":[[31.2369,30.1238],[31.1453,30.1753],[31.0676,30.2215],[30.9786,30.2257],[30.9168,30.336],[30.833,30.3616],[30.8511,30.4531],[30.7549,30.7644],[30.7822,30.9226],[30.6991,31.092],[30.5016,31.2305],[30.5181,31.328],[30.4259,31.3847],[30.3985,31.4434]]},"properties":{"name":"Rosetta Branch","scalerank":1,"min_zoom":2}},
{"type":"Feature","geometry":{"type":"MultiLineString","coordinates":[[[119.6064,32.1969],[119.5304,32.2317],[119.3653,32.2344],[119.2294,32.2027],[119.1292,32.2285],[119.0278,32.2213],[118.8835,32.1732],[118.7803,32.1911],[118.6895,32.0624],[118.4986,31.8513],[118.4151,31.6998],[118.3796,31.5562],[118.3022,31.4383],[118.3255,31.3564],[118.2966,31.2974],[118.0024,31.2233],[117.9804,31.11],[117.9219,31.086],[117.8228,31.1412],[117.7724,31.1039],[117.7681,31.0067],[117.6973,30.8037],[117.4216,30.7005],[117.2177,30.6585],[117.2328,30.5551],[117.1506,30.4942],[117.0333,30.4906],[116.8883,30.4026],[116.9214,30.3375],[116.8969,30.2442],[116.8223,30.1154],[116.6501,30.0506],[116.4922,29.8846],[116.3892,29.876],[116.2359,29.7813],[116.1103,29.7864],[115.9988,29.744],[115.8557,29.7385],[115.7048,29.8607],[115.5064,29.8576],[115.4375,29.8854],[115.3385,30.008],[115.2754,30.121],[115.19,30.2088],[115.1069,30.2196],[115.0615,30.2705],[115.0728,30.3411],[114.9874,30.4074],[114.8427,30.428],[114.8108,30.4932],[114.8516,30.5769],[114.8061,30.6163],[114.613,30.5736],[114.5024,30.6732],[114.4291,30.6903],[114.354,30.6565],[114.2964,30.5869]],[[116.1975,29.7514],[116.2075,29.7795]],[[113.1276,29.4628],[113.4155,29.7645],[113.607,29.8902],[113.6878,29.9634],[113.7486,29.92],[113.9234,30.0336],[114.044,30.0792],[114.0644,30.1244],[113.9643,30.1979],[113.8576,30.2311],[113.968,30.2914],[114.054,30.2402],[114.1066,30.3523],[114.2417,30.4974],[114.2874,30.576],[114.3032,30.593]]]},"properties":{"name":"Yangtze","scalerank":1,"min_zoom":2}},
{"type":"Feature","geometry":{"type":"LineString","coordinates":[[-58.6591,-10.975],[-58.6045,-10.872],[-58.5704,-10.6742],[-58.5681,-10.5609],[-58.4432,-10.5124],[-58.3496,-10.4028],[-58.3313,-10.2221],[-58.2524,-10.0648],[-58.2137,-9.898],[-58.2203,-9.7691],[-58.2613,-9.6831],[-58.26,-9.5521],[-58.307,-9.4872],[-58.4385,-9.4673],[-58.5645,-9.3881],[-58.6359,-9.2905],[-58.6608,-9.1221],[-58.572,-8.933],[-58.451,-8.7964],[-58.337,-8.727],[-58.4307,-8.6979],[-58.463,-8.6222],[-58.4315,-8.4066],[-58.3844,-8.3353],[-58.3165,-8.1229],[-58.3598,-7.8185],[-58.3188,-7.7746],[-58.2159,-7.5876],[-58.2237,-7.4394],[-58.1362,-7.3402],[-58.1434,-7.2472],[-58.2127,-7.1894],[-58.2562,-7.0977],[-58.347,-6.9849],[-58.4441,-6.9024],[-58.4784,-6.7375],[-58.4276,-6.6169],[-58.336,-6.5512],[-58.2154,-6.4312],[-58.082,-6.4108],[-57.8881,-6.3364],[-57.6954,-6.1929],[-57.6349,-6.0702],[-57.6633,-5.9749],[-57.638,-5.9305],[-57.5471,-5.8881],[-57.5023,-5.8334],[-57.3351,-5.7265],[-57.1523,-5.5531],[-57.0543,-5.4876],[-56.9977,-5.368],[-57.0071,-5.2762],[-56.8731,-5.174],[-56.8346,-5.0389],[-56.7275,-4.8632],[-56.7143,-4.7627],[-56.6138,-4.6937],[-56.4859,-4.7425],[-56.2963,-4.5917],[-56.2471,-4.4704],[-56.2606,-4.3858],[-56.1902,-4.3426],[-56.1064,-4.3382],[-55.9664,-4.2697],[-55.8396,-4.1766],[-55.6448,-4.0052],[-55.5042,-3.7905],[-55.4194,-3.7228],[-55.3437,-3.4701],[-55.1794,-3.1626],[-55.1613,-3.0645],[-55.1795,-2.9701],[-55.1218,-2.8285],[-55.1239,-2.7329],[-55.0771,-2.6501],[-55.0577,-2.4728],[-55.0181,-2.4135],[-54.9329,-2.4152],[-54.8386,-2.3758],[-54.677,-2.4123]]},"properties":{"name":"Tapajós","scalerank":5,"min_zoom":4.7}},
{"type":"Feature","geometry":{"type":"MultiLineString","coordinates":[[[106.4224,10.317],[106.3423,10.3374],[106.1393,10.2964]],[[106.1393,10.2964],[105.9877,10.3187],[105.9732,10.3133],[105.9356,10.2866]],[[106.1393,10.2964],[106.1392,10.2965]],[[106.292,10.2617],[106.2119,10.2369],[106.1393,10.2964]]]},"properties":{"name":null,"scalerank":5,"min_zoom":4.7}},
{"type":"Feature","geometry":{"type":"LineString","coordinates":[[126.512,72.3859],[126.4124,72.5195],[126.5281,72.6381],[126.809,72.7299],[126.7958,72.834],[127.1057,72.9911],[127.4547,73.0746],[127.8526,73.1018],[128.2346,73.2654]]},"properties":{"name":"Trofimovskaya Protoka","scalerank":5,"min_zoom":4.7}},
{"type":"Feature","geometry":{"type":"LineString","coordinates":[[126.5538,72.3375],[126.512,72.3859],[126.315,72.4675],[126.2922,72.5405],[126.3838,72.781],[126.3243,72.8732],[126.3999,72.9693],[126.6767,73.0334],[126.6929,73.1385],[126.5651,73.2335]]},"properties":{"name":"Tumatskaya Protoka","scalerank":5,"min_zoom":4.7}},
{"type":"Feature","geometry":{"type":"LineString","coordinates":[[-69.4549,-1.1999],[-69.4219,-1.2386],[-69.4442,-1.5307],[-69.3807,-1.5892],[-69.2735,-1.6144],[-69.1744,-1.6846],[-69.0564,-1.812],[-68.9984,-1.8296],[-68.8957,-1.7934],[-68.7493,-1.7739],[-68.6339,-1.7941],[-68.474,-1.728],[-68.4091,-1.7216],[-68.2202,-1.6476],[-68.058,-1.6335],[-67.931,-1.6554],[-67.845,-1.6418],[-67.6816,-1.6563],[-67.4729,-1.7708],[-67.2607,-1.7977],[-67.1156,-1.8691],[-67.0266,-1.8814],[-66.7384,-1.7772],[-66.6024,-1.7754],[-66.456,-1.7222],[-66.3118,-1.7036],[-66.1785,-1.6493],[-66.0372,-1.6794],[-65.9566,-1.7329],[-65.7523,-1.7858],[-65.4963,-1.9224],[-65.375,-1.8609],[-65.272,-1.8677],[-65.1926,-2.0415],[-65.2379,-2.1625],[-65.0082,-2.5752],[-65.0155,-2.676],[-64.9054,-2.7163],[-64.8835,-2.7879],[-64.902,-2.9098],[-64.8234,-2.9419],[-64.7707,-3.0722],[-64.7966,-3.1855]]},"properties":{"name":"Japurá","scalerank":5,"min_zoom":4.7}},
{"type":"Feature","geometry":{"type":"MultiLineString","coordinates":[[[-77.5273,47.7443],[-77.5597,47.842],[-77.5597,47.8419]],[[-78.7237,47.6847],[-78.724,47.6837],[-78.8128,47.6564],[-78.8129,47.6564]],[[-77.3258,47.6223],[-77.3256,47.6223],[-77.245,47.495],[-76.9348,47.4876]],[[-77.4629,47.5465],[-77.5445,47.6707]]]},"properties":{"name":"R. des Outaouais","scalerank":6,"min_zoom":5}},
{"type":"Feature","geometry":{"type":"MultiLineString","coordinates":[[[-77.5597,47.842],[-77.6683,47.7657],[-77.8199,47.7575],[-77.9823,47.8215],[-78.068,47.6713],[-78.3057,47.739],[-78.3504,47.8106],[-78.4507,47.8405],[-78.4429,47.9239],[-78.59,47.9444],[-78.7139,47.8913],[-78.7563,47.7853],[-78.724,47.6837]],[[-77.5445,47.6707],[-77.5273,47.7443]],[[-78.8128,47.6564],[-79.0456,47.5198],[-79.1115,47.5812],[-79.252,47.5772],[-79.4303,47.6069],[-79.4958,47.577]],[[-77.3256,47.6223],[-77.4629,47.5465]],[[-76.8193,47.5174],[-76.9348,47.4876]]]},"properties":{"name":"R. des Outaouais","scalerank":6,"min_zoom":5}},
{"type":"Feature","geometry":{"type":"LineString","coordinates":[[-79.1655,46.8272],[-79.2921,46.9288],[-79.4314,47.0869],[-79.4455,47.2746],[-79.5804,47.4517],[-79.4958,47.577]]},"properties":{"name":"Ottawa","scalerank":6,"min_zoom":5}},
{"type":"Feature","geometry":{"type":"MultiLineString","coordinates":[[[-79.1655,46.8272],[-79.0963,46.7043],[-79.0139,46.6383],[-78.9643,46.533],[-78.7541,46.4013],[-78.6942,46.3365],[-78.3208,46.2659],[-78.111,46.2625],[-77.921,46.2355],[-77.6821,46.1866]],[[-77.684,46.1872],[-77.6585,46.1838],[-77.4691,46.115],[-77.373,46.0637]],[[-77.3713,46.0628],[-77.2826,45.9988],[-77.2674,45.9365],[-77.1763,45.8982],[-76.9025,45.8924]],[[-76.9025,45.8924],[-76.7974,45.8754],[-76.7546,45.741],[-76.707,45.7079],[-76.6476,45.5808],[-76.4329,45.5221],[-76.3436,45.4735],[-76.2234,45.5198],[-76.0489,45.5153],[-75.8821,45.3994],[-75.7757,45.3937],[-75.7073,45.4554],[-75.3605,45.5436],[-75.2837,45.5765],[-75.0531,45.5959],[-74.9376,45.6376],[-74.7752,45.6324],[-74.6438,45.656],[-74.3776,45.5609]],[[-76.9025,45.8924],[-76.9021,45.8924]]]},"properties":{"name":"Ottawa","scalerank":6,"min_zoom":5}},
{"type":"Feature","geometry":{"type":"MultiLineString","coordinates":[[[31.9546,64.8637],[32.1383,64.7539]],[[32.044,64.4597],[32.1987,64.3864]],[[32.1987,64.3864],[32.3584,64.5263],[32.134,64.7213],[32.1482,64.7823],[32.4005,64.8426],[32.6396,64.9562],[32.7026,65.0295],[32.927,64.9831],[33.0414,65.1165],[33.6382,65.0559],[34.2778,64.9324],[34.7092,64.9804]],[[32.1987,64.3864],[32.2004,64.384]],[[31.5704,63.8694],[31.8736,63.7481],[32.0601,63.8282],[32.2625,63.8631],[32.3936,64.0467],[32.3463,64.0747],[32.4015,64.2114],[32.3103,64.2468],[32.1987,64.3864]]]},"properties":{"name":"Kem","scalerank":6,"min_zoom":5}},
{"type":"Feature","geometry":{"type":"LineString","coordinates":[[13.4993,47.1628],[13.6172,47.1055],[13.7768,47.1287],[13.9045,47.0799],[14.0546,47.1276],[14.219,47.122],[14.3674,47.1474],[14.4682,47.2158],[14.7888,47.2062],[14.975,47.3485],[15.1384,47.4126],[15.2817,47.4168],[15.3671,47.3243],[15.3088,47.2919],[15.3356,47.1343],[15.4387,47.0816],[15.502,46.9023],[15.6516,46.711],[15.8781,46.721],[15.9865,46.6925],[16.2541,46.5474],[16.3437,46.5472],[16.6587,46.4644],[16.7119,46.4129],[16.8372,46.3821],[16.8779,46.3141],[16.9743,46.2108],[17.1157,46.1234],[17.1968,46.1214],[17.3449,45.9559],[17.5908,45.9365],[17.656,45.8456],[17.8892,45.7924],[18.0798,45.7719],[18.2107,45.7857],[18.4091,45.6981],[18.4819,45.6923],[18.6403,45.5806],[18.9275,45.5528]]},"properties":{"name":"Mur","scalerank":6,"min_zoom":5}},
{"type":"Feature","geometry":{"type":"LineString","coordinates":[[32.561,30.1807],[32.5608,30.1815],[32.538,30.2426],[32.4307,30.2903],[32.3595,30.4243]]},"properties":{"name":"Suez Canal","scalerank":6,"min_zoom":5}},
{"type":"Feature","geometry":{"type":"MultiLineString","coordinates":[[[32.3599,30.4236],[32.3035,30.593],[32.3443,30.7206],[32.3178,30.8128],[32.3035,31.2442],[32.3139,31.2727]],[[32.5608,30.1815],[32.5777,30.0114]]]},"properties":{"name":"Suez Canal","scalerank":6,"min_zoom":5}},
{"type":"Feature","geometry":{"type":"LineString","coordinates":[[31.1453,30.1753],[31.1036,30.3323],[31.1358,30.4462],[31.249,30.5478],[31.2703,30.6609],[31.2307,30.8139],[31.2633,30.9737],[31.3991,31.0734],[31.4749,31.1833],[31.5816,31.1865],[31.7349,31.3813],[31.8106,31.4222],[31.8447,31.5253]]},"properties":{"name":"Damietta Branch","scalerank":1,"min_zoom":2}},
{"type":"Feature","geometry":{"type":"LineString","coordinates":[[31.2376,30.1207],[31.297,30.1314],[31.4048,30.3262],[31.5147,30.3821],[31.7187,30.5367],[32.2546,30.5789],[32.3035,30.593]]},"properties":{"name":"Ismailiya Canal","scalerank":6,"min_zoom":5}},
{"type":"Feature","geometry":{"type":"LineString","coordinates":[[143.0659,43.6995],[142.928,43.7586],[142.8652,43.8173],[142.6193,43.9027],[142.4834,43.856],[142.3735,43.7728],[142.1728,43.7106],[142.0425,43.6964],[141.8868,43.5943],[141.901,43.5104],[141.8258,43.3868],[141.6594,43.2959],[141.6576,43.2208],[141.5973,43.1273],[141.5186,43.1226],[141.4203,43.1679],[141.3576,43.2379]]},"properties":{"name":"Ishikari","scalerank":6,"min_zoom":5}},
{"type":"Feature","geometry":{"type":"LineString","coordinates":[[114.762,1.7602],[114.8233,1.8049],[114.9024,1.9182],[115.0469,1.9762],[115.0847,1.9488],[115.2344,1.9879],[115.3203,2.0323],[115.4015,1.9997],[115.4802,2.0267],[115.5422,1.9622],[115.6589,2.008],[115.7276,2.1527],[115.8248,2.2512],[115.8823,2.0933],[115.9492,2.0446],[116.1148,2.0758],[116.1626,2.1157],[116.1982,2.3111],[116.2799,2.4278],[116.3718,2.4885],[116.4136,2.5516],[116.6189,2.7788],[116.7256,2.7874],[116.774,2.7042],[116.8291,2.7327],[116.8858,2.8205],[116.9439,2.8302],[117.0955,2.8023],[117.1335,2.744],[117.2019,2.7918],[117.3175,2.7764],[117.3796,2.8858],[117.482,2.9369],[117.5439,2.9221]]},"properties":{"name":"Kayan","scalerank":6,"min_zoom":5}},
{"type":"Feature","geometry":{"type":"MultiLineString","coordinates":[[[114.8376,0.5648],[114.8827,0.4229],[114.7662,0.4005],[114.6513,0.2577],[114.6751,0.2015],[114.582,0.137],[114.4946,0.1832],[114.4473,0.147],[114.354,0.1769],[114.2686,0.1612],[114.1934,0.0167],[114.2949,-0.0291],[114.252,-0.1503],[114.1145,-0.2072],[114.0706,-0.2822],[114.0897,-0.339],[114.0756,-0.4575],[114.205,-0.5659],[114.2417,-0.6515],[114.3749,-0.7451],[114.4111,-0.7129],[114.5019,-0.7306],[114.5779,-0.7145],[114.6411,-0.6313],[114.7966,-0.6201],[114.803,-0.6751],[114.8892,-0.7539],[114.9092,-0.957],[114.819,-1.0112],[114.8894,-1.1146],[114.7773,-1.2656],[114.8819,-1.3197],[114.8727,-1.5575],[114.8123,-1.6415],[114.8307,-1.6933],[114.7783,-1.8182],[114.8406,-1.856],[114.8897,-1.9972],[114.8451,-2.207],[114.8787,-2.2929]],[[114.8787,-2.2929],[114.8787,-2.2861]],[[114.8787,-2.2929],[114.9077,-2.4188],[114.8683,-2.5151],[114.801,-2.5996],[114.749,-2.7311],[114.801,-2.8623],[114.7563,-3.0238],[114.5953,-3.1372],[114.5438,-3.2382],[114.5503,-3.3481]]]},"properties":{"name":"Barito","scalerank":6,"min_zoom":5}},
{"type":"Feature","geometry":{"type":"LineString","coordinates":[[143.4921,-5.9382],[143.542,-6.0405],[143.5439,-6.1064],[143.6257,-6.2088],[143.6431,-6.3139],[143.6272,-6.3926],[143.6668,-6.459],[143.812,-6.5754],[144.0361,-6.6302],[144.1404,-6.6098],[144.2695,-6.4937],[144.3941,-6.4823],[144.457,-6.5718],[144.5438,-6.5893],[144.5959,-6.6732],[144.6672,-6.6855],[144.7696,-6.7674],[144.8186,-6.924],[144.8632,-6.8971],[144.9667,-6.9261],[144.9553,-6.9933],[145.1546,-7.0008],[145.1795,-7.0477],[145.2825,-7.077],[145.3246,-7.2131],[145.2905,-7.3708],[145.1948,-7.398],[145.1267,-7.3807],[145.0928,-7.5038],[145.1991,-7.5832],[145.2169,-7.7222],[145.1724,-7.8207]]},"properties":{"name":"Purari","scalerank":6,"min_zoom":5}},
{"type":"Feature","geometry":{"type":"LineString","coordinates":[[100.5501,-0.5656],[100.707,-0.5791],[100.8069,-0.6843],[100.8883,-0.6264],[101.0038,-0.6716],[101.0835,-0.5664],[101.2109,-0.6429],[101.4153,-0.6166],[101.4976,-0.6571],[101.5274,-0.5834],[101.6793,-0.4595],[101.7432,-0.4598],[101.8106,-0.5109],[102.044,-0.5656],[102.1288,-0.4989],[102.2162,-0.4872],[102.2734,-0.4025],[102.4239,-0.3316],[102.7478,-0.4605],[102.8283,-0.5292],[102.8931,-0.5236],[103.0486,-0.4257],[103.1602,-0.3377],[103.2573,-0.3154],[103.3456,-0.36]]},"properties":{"name":"Indragi","scalerank":6,"min_zoom":5}},
{"type":"Feature","geometry":{"type":"LineString","coordinates":[[126.6897,72.2944],[126.6614,72.5012],[126.8611,72.5484],[127.183,72.4911],[127.4542,72.4831],[127.6657,72.43]]},"properties":{"name":"Bykovskaya Protoka","scalerank":1,"min_zoom":2}},
{"type":"Feature","geometry":{"type":"MultiLineString","coordinates":[[[21.5034,-18.0602],[21.5737,-18.1032],[21.6817,-18.1087],[21.8405,-18.2936],[21.8933,-18.4023],[22.0317,-18.424],[22.1052,-18.59],[22.2781,-18.8132],[22.3706,-18.815],[22.4152,-18.8696],[22.5005,-18.8932],[22.596,-19.013],[22.5872,-19.0615],[22.6465,-19.099],[22.843,-19.063],[22.9334,-19.0999],[23.0868,-19.1278],[23.1718,-19.2702],[23.3264,-19.4177],[23.3974,-19.41],[23.5256,-19.5207]],[[22.5222,-18.9223],[22.5667,-19.1166],[22.6777,-19.2111],[22.6945,-19.2889],[22.7681,-19.3239],[22.839,-19.4515],[22.9026,-19.4956],[22.9667,-19.4833],[23.0505,-19.5394],[23.1222,-19.5334],[23.2493,-19.5648],[23.3445,-19.561]],[[23.2722,-19.4056],[23.2835,-19.4565],[23.3816,-19.6059],[23.4749,-19.6553],[23.5945,-19.6709]],[[23.5285,-19.5224],[23.5945,-19.6709]],[[24.739,-21.2648],[24.7377,-21.2057],[24.5989,-21.1122],[24.4199,-21.0478],[24.3632,-20.9804],[24.3513,-20.8875],[24.396,-20.673],[24.5,-20.457],[24.4784,-20.3893],[24.4019,-20.4028],[24.281,-20.2939],[24.2541,-20.2424],[24.1569,-20.1987],[24.0264,-20.2479],[23.9953,-20.3001],[23.8683,-20.301],[23.7582,-20.1777],[23.7155,-20.1834],[23.5493,-20.1143],[23.3279,-20.1242],[23.3818,-20.0417],[23.6174,-19.8062],[23.5945,-19.6709]]]},"properties":{"name":"Okavango","scalerank":6,"min_zoom":5}},
{"type":"Feature","geometry":{"type":"LineString","coordinates":[[16.145,-12.6541],[16.2179,-12.634],[16.2615,-12.7192],[16.3152,-12.758],[16.3583,-12.9096],[16.3779,-13.2778],[16.4175,-13.3315],[16.4111,-13.4521],[16.4374,-13.5514],[16.433,-13.6882],[16.3918,-13.7562],[16.3647,-13.9644],[16.2959,-14.1099],[16.2778,-14.2392],[16.3119,-14.2894],[16.2639,-14.454],[16.3425,-14.5627],[16.4242,-14.6369],[16.5007,-14.6279],[16.6211,-14.7372],[16.6035,-14.777],[16.6596,-14.8778],[16.6589,-14.9709],[16.7036,-15.0304],[16.7045,-15.1137],[16.8451,-15.3034],[16.9265,-15.354],[16.9792,-15.4221],[17.105,-15.4702],[17.1865,-15.4701],[17.3716,-15.5253],[17.4002,-15.6447],[17.5908,-15.8195],[17.6476,-15.9224],[17.7121,-16.3086],[17.8328,-16.4965],[17.8897,-16.6718],[17.9312,-16.7468],[18.1101,-16.9162],[18.1799,-17.0461],[18.3115,-17.1854],[18.3799,-17.3301],[18.4478,-17.3757],[18.4922,-17.4644],[18.7614,-17.7476],[18.8897,-17.7992],[19.0199,-17.8222],[19.1716,-17.8011],[19.4209,-17.8593],[19.6926,-17.8476],[19.9514,-17.8622],[20.0337,-17.8958],[20.3357,-17.8548],[20.4369,-17.8944],[20.565,-17.9852],[20.737,-17.9933],[20.8057,-18.0313],[20.9079,-17.986],[21.0925,-17.9379],[21.2161,-17.9306],[21.5034,-18.0602]]},"properties":{"name":"Cubango","scalerank":6,"min_zoom":5}},
{"type":"Feature","geometry":{"type":"MultiLineString","coordinates":[[[24.7309,-29.9792],[24.7842,-29.9883],[24.9067,-30.2013],[24.9778,-30.2631]],[[25.9718,-30.5454],[25.892,-30.5418],[25.8394,-30.6175],[25.7252,-30.6806],[25.6343,-30.6566],[25.6109,-30.6064],[25.5061,-30.6122]]]},"properties":{"name":"Orange","scalerank":6,"min_zoom":5}},
{"type":"Feature","geometry":{"type":"MultiLineString","coordinates":[[[29.0575,-29.0819],[29.0086,-29.248],[28.9465,-29.3085],[28.894,-29.2817],[28.8108,-29.334],[28.803,-29.4354],[28.7091,-29.5443],[28.7807,-29.6312],[28.7324,-29.6963],[28.7867,-29.8374],[28.6529,-29.8905],[28.6909,-29.9829],[28.6095,-30.0384],[28.5292,-30.0527],[28.3745,-30.0368],[28.3007,-29.9848],[28.1401,-30.0263],[28.0572,-30.0726],[27.944,-30.0663],[27.9026,-30.1826],[27.78,-30.2743],[27.6899,-30.3676],[27.6218,-30.3439],[27.5659,-30.3906],[27.4589,-30.3166],[27.3657,-30.311]],[[24.7309,-29.9792],[24.6574,-29.8957],[24.4089,-29.7646],[24.3408,-29.6491],[24.183,-29.6348],[24.091,-29.5876],[24.0049,-29.4984],[23.9329,-29.4704],[23.9257,-29.3871],[23.8547,-29.299],[23.7715,-29.2821],[23.7681,-29.2128],[23.7067,-29.1844],[23.6902,-29.1078],[23.6276,-29.0741]],[[27.3765,-30.3133],[27.2975,-30.4883],[27.1318,-30.5016],[27.0102,-30.5331],[26.9216,-30.6554],[26.7805,-30.6429],[26.7026,-30.6752],[26.5343,-30.6512],[26.4413,-30.5597],[26.3111,-30.5816],[26.2045,-30.5256],[26.0597,-30.5138],[25.9718,-30.5454]],[[25.5061,-30.6122],[25.3617,-30.5454],[25.2901,-30.5431],[24.9778,-30.2631]]]},"properties":{"name":"Orange","scalerank":6,"min_zoom":5}},
{"type":"Feature","geometry":{"type":"MultiLineString","coordinates":[[[31.3432,2.1959],[31.2462,2.0106],[31.0973,1.8307],[31.0046,1.7376],[30.7981,1.594],[30.637,1.426],[30.4781,1.239]],[[29.4522,-0.6069],[29.512,-0.3924],[29.6163,-0.1763],[29.5972,-0.1342]]]},"properties":{"name":"Semliki","scalerank":6,"min_zoom":5}},
{"type":"Feature","geometry":{"type":"MultiLineString","coordinates":[[[29.5972,-0.1342],[29.6314,0.0167],[29.6404,0.2035],[29.499,0.3477],[29.5935,0.4896],[29.6345,0.4971],[29.7256,0.7059],[29.8232,0.7982],[29.9311,0.8194],[30.0379,0.8791],[30.1446,0.9034],[30.2205,1.0173],[30.2383,1.1361],[30.2858,1.1744],[30.4778,1.2388]],[[29.8381,-1.2004],[29.7633,-1.1216],[29.6465,-1.1752],[29.5733,-1.1672],[29.5137,-1.2249],[29.4166,-1.1948],[29.3541,-1.0523],[29.4312,-0.7295],[29.4662,-0.6761],[29.4522,-0.6069]]]},"properties":{"name":"Semliki","scalerank":6,"min_zoom":5}},
{"type":"Feature","geometry":{"type":"LineString","coordinates":[[20.9348,7.3426],[20.8762,7.2711],[20.7773,7.2328],[20.6983,7.2468],[20.6333,7.1245],[20.4626,7.0267],[20.24,7.0336],[20.0759,7.1389],[20.0163,7.1981],[19.9207,7.2464],[19.8852,7.3533],[19.7632,7.4475],[19.7329,7.5377]]},"properties":{"name":"Koukourou","scalerank":6,"min_zoom":5}},
{"type":"Feature","geometry":{"type":"MultiLineString","coordinates":[[[15.0415,12.0567],[14.9299,12.0366],[14.6716,12.153],[14.6511,12.194],[14.548,12.2418],[14.5139,12.3237],[14.4226,12.3534],[14.2171,12.3595],[14.185,12.4472]],[[18.886,8.836],[18.8674,8.8101],[18.6565,8.8894],[18.447,9.0462],[18.4199,9.1166],[18.3305,9.2395],[18.1503,9.3995],[18.0615,9.495],[17.9196,9.5796],[17.7446,9.7933],[17.6589,9.8428],[17.6164,9.9855],[17.5606,10.0821],[17.2875,10.3765],[17.131,10.421],[17.0246,10.5599],[16.943,10.5774],[16.7534,10.5089],[16.6748,10.46],[16.4194,10.543],[16.3779,10.6075],[16.1006,10.7626],[16.001,10.7894],[15.9216,10.7757],[15.7454,10.8112],[15.6493,10.8966],[15.5486,10.9259],[15.5137,11.0099],[15.4529,11.0351],[15.3938,11.2166],[15.4182,11.2688],[15.345,11.4669],[15.2903,11.5711],[15.3306,11.6909],[15.309,11.7484],[15.3324,11.8397],[15.2756,11.937],[15.1962,11.9502],[15.1514,12.0432],[15.049,12.0847],[14.9644,12.0926],[14.9026,12.1461],[14.9077,12.3271],[14.8303,12.6185],[14.7683,12.6334],[14.664,12.7161],[14.5485,12.7806],[14.5163,12.9798]]]},"properties":{"name":"Chari","scalerank":6,"min_zoom":5}},
{"type":"Feature","geometry":{"type":"LineString","coordinates":[[19.7329,7.5377],[19.5767,7.5855],[19.5929,7.6573],[19.4993,7.7399],[19.3569,7.756],[19.3317,7.9447],[19.3559,8.1216],[19.3386,8.1713],[19.2348,8.2781],[19.2224,8.3432],[19.1535,8.4046],[19.0642,8.5828],[19.1237,8.6752],[19.0481,8.7459],[18.886,8.836]]},"properties":{"name":"Bamingui","scalerank":6,"min_zoom":5}},
{"type":"Feature","geometry":{"type":"LineString","coordinates":[[-79.6905,9.1036],[-79.7782,9.1144],[-79.8892,9.194],[-79.9233,9.2674]]},"properties":{"name":"Panama Canal","scalerank":6,"min_zoom":5}},
{"type":"Feature","geometry":{"type":"MultiLineString","coordinates":[[[-79.9233,9.2674],[-79.9265,9.304]],[[-79.6905,9.1036],[-79.5602,8.9595]]]},"properties":{"name":"Panama Canal","scalerank":6,"min_zoom":5}},
{"type":"Feature","geometry":{"type":"MultiLineString","coordinates":[[[13.7175,61.4142],[13.6572,61.4866],[13.3928,61.5487],[13.2117,61.6634]],[[14.5515,60.9977],[14.5523,60.9974],[14.6594,60.8969],[14.9374,60.8323],[14.9728,60.7283]],[[17.416,60.5096],[17.3799,60.4449],[17.1748,60.3647],[17.0839,60.3675],[16.844,60.2722],[16.7951,60.1912],[16.499,60.1633]],[[16.434,60.1561],[16.433,60.1558],[16.3232,60.1216]]]},"properties":{"name":"Dalälven","scalerank":6,"min_zoom":5}},
{"type":"Feature","geometry":{"type":"MultiLineString","coordinates":[[[11.9807,61.8016],[12.0182,61.8795],[12.1633,61.8807],[12.4106,61.8303],[12.5947,61.9019],[12.8355,61.8354],[13.0547,61.7181],[13.2117,61.6634]],[[13.718,61.4134],[13.7262,61.3072],[13.98,61.2731],[14.1235,61.1558],[14.5523,60.9974]],[[14.9731,60.7281],[15.083,60.6902],[15.0261,60.5941],[15.4602,60.4921],[15.6782,60.3953],[16.0623,60.3746],[16.0217,60.211],[16.1974,60.1332],[16.3232,60.1216]],[[17.4172,60.5096],[17.4595,60.6412]],[[16.434,60.1563],[16.4876,60.1767]],[[16.433,60.1558],[16.4987,60.1633]]]},"properties":{"name":"Dalälven","scalerank":6,"min_zoom":5}},
{"type":"Feature","geometry":{"type":"MultiLineString","coordinates":[[[35.5989,32.8997],[35.5769,32.7203]],[[35.4229,31.3254],[35.4524,31.4011],[35.4796,31.6414],[35.559,31.7655]]]},"properties":{"name":"Jordan","scalerank":6,"min_zoom":5}},
{"type":"Feature","geometry":{"type":"MultiLineString","coordinates":[[[35.8639,33.5964],[35.8034,33.5115],[35.6767,33.4112],[35.5934,33.1813],[35.584,32.9959],[35.5989,32.8997]],[[35.5769,32.7203],[35.5581,32.6813],[35.5795,32.4979],[35.5447,32.4098],[35.572,32.2379],[35.5224,32.0581],[35.5241,31.9195],[35.559,31.7655]],[[35.4234,31.3248],[35.4006,31.2305]]]},"properties":{"name":"Jordan","scalerank":6,"min_zoom":5}},
{"type":"Feature","geometry":{"type":"LineString","coordinates":[[126.6897,72.2944],[126.4767,72.3587],[126.0694,72.2934],[125.8721,72.3558],[125.6694,72.3586],[125.436,72.4586],[125.1091,72.557],[124.8672,72.5935],[124.7222,72.6573],[124.397,72.6529],[124.1404,72.7344],[123.6951,72.8048],[123.3418,72.7556],[122.7322,72.8265]]},"properties":{"name":"Olenekskaya Protoka","scalerank":1,"min_zoom":2}},
{"type":"Feature","geometry":{"type":"MultiLineString","coordinates":[[[-105.5498,59.1503],[-105.1492,59.2091],[-105.0123,59.1732]],[[-111.0155,58.6912],[-110.9222,58.6951],[-110.7313,58.7617],[-110.4847,58.897],[-110.3531,58.9949],[-109.9676,59.1387],[-109.625,59.2366],[-109.1967,59.3162],[-108.9642,59.2733],[-108.8284,59.2711],[-108.4258,59.3162],[-108.1382,59.3162],[-107.924,59.3621],[-107.5875,59.3774],[-107.3355,59.3181],[-106.9603,59.3101],[-106.6055,59.2764],[-106.0183,59.2713]],[[-103.7853,58.6909],[-103.7101,58.6512],[-103.6654,58.5445],[-103.6652,58.5444]]]},"properties":{"name":null,"scalerank":6,"min_zoom":5}},
{"type":"Feature","geometry":{"type":"MultiLineString","coordinates":[[[-105.5498,59.1503],[-105.5794,59.2447],[-106.0182,59.2713]],[[-103.7858,58.691],[-103.9349,58.7273],[-104.0171,58.7996],[-103.9352,58.8986],[-104.0143,58.9669],[-104.3634,58.9768],[-104.5863,59.0051],[-104.6709,59.0447],[-104.8567,59.0126],[-105.141,59.0078],[-105.1363,59.0461],[-104.9104,59.0902],[-104.7706,59.1758],[-105.0123,59.1732]],[[-103.5499,58.4551],[-103.6654,58.5445]]]},"properties":{"name":null,"scalerank":6,"min_zoom":5}},
{"type":"Feature","geometry":{"type":"LineString","coordinates":[[30.4783,46.1011],[30.2688,46.32]]},"properties":{"name":"Dniester","scalerank":6,"min_zoom":5}},
{"type":"Feature","geometry":{"type":"MultiLineString","coordinates":[[[22.9042,49.2196],[22.8809,49.3018],[23.0117,49.3558],[23.0227,49.4481],[23.4519,49.5826],[23.5309,49.5792],[23.7646,49.4998],[23.9583,49.5036],[24.0935,49.4262],[24.1996,49.4134],[24.3222,49.2447],[24.5341,49.2224],[24.7385,49.1231],[24.8209,49.0288],[24.9092,49.0337],[24.978,48.977],[25.1194,48.9513],[25.2769,48.7813],[25.3511,48.8495],[25.4306,48.8494],[25.6292,48.76],[25.636,48.678],[25.7934,48.67],[25.9114,48.5881],[26.0621,48.6282],[26.1493,48.5395],[26.3264,48.5114],[26.4703,48.538],[26.5662,48.4573],[26.6875,48.4925],[26.7874,48.5682],[26.9451,48.5813],[27.1132,48.5592],[27.2473,48.5704],[27.3702,48.6297],[27.438,48.6024],[27.5034,48.4726],[27.7514,48.4522],[27.9259,48.3397],[28.0554,48.3217],[28.1993,48.212],[28.294,48.2368],[28.4365,48.1501],[28.5551,48.1157],[28.7847,47.9828],[28.8609,47.8997],[28.9802,47.8755],[28.9864,47.6223],[29.0247,47.5331],[29.1104,47.464],[29.0824,47.4064],[29.1646,47.3479],[29.0933,47.3107],[29.179,47.1971],[29.3775,47.0707],[29.332,46.9454],[29.4706,46.9416],[29.4977,46.8016],[29.6519,46.8135],[29.7583,46.6588],[29.9155,46.5191],[30.1387,46.4183],[30.2493,46.4273],[30.2688,46.32]],[[30.4783,46.1011],[30.4985,46.0842]]]},"properties":{"name":"Dniester","scalerank":6,"min_zoom":5}},
{"type":"Feature","geometry":{"type":"MultiLineString","coordinates":[[[-105.1084,21.8218],[-105.0338,21.7788]],[[-103.7087,20.9376],[-103.5944,20.9712]],[[-102.7805,20.3099],[-102.7696,20.1984]]]},"properties":{"name":"Ro Grande de Santiago","scalerank":6,"min_zoom":5}},
{"type":"Feature","geometry":{"type":"MultiLineString","coordinates":[[[-105.1084,21.8218],[-105.2209,21.7967],[-105.2344,21.7366],[-105.4517,21.6744]],[[-104.0792,21.2057],[-104.2142,21.1982],[-104.3687,21.284],[-104.4544,21.4705],[-104.497,21.4658],[-104.6171,21.6588],[-104.6601,21.7761],[-104.7229,21.8494],[-104.785,21.8432],[-104.8474,21.7762],[-104.949,21.7391],[-105.0334,21.7774]],[[-103.7087,20.9376],[-103.7859,20.9398],[-103.8868,21.0059],[-103.8738,21.0706],[-104.0377,21.1471],[-104.0786,21.2051]],[[-102.7805,20.3099],[-102.7643,20.3758],[-102.9904,20.4277],[-103.0821,20.4125],[-103.1769,20.474],[-103.1383,20.6268],[-103.2145,20.7071],[-103.3461,20.7843],[-103.3279,20.8648],[-103.4207,21.0475],[-103.5206,21.0509],[-103.592,20.9724]]]},"properties":{"name":"Ro Grande de Santiago","scalerank":6,"min_zoom":5}},
{"type":"Feature","geometry":{"type":"MultiLineString","coordinates":[[[-137.0001,61.2271],[-137.0616,61.05],[-137.0638,60.9282],[-137.4338,60.7987],[-137.7408,60.7922],[-137.8445,60.659],[-137.8315,60.4716],[-137.9999,60.3082],[-138.0161,60.2133],[-137.8469,60.0601],[-137.8393,59.9706],[-138.0177,59.8986],[-137.9001,59.799],[-137.9895,59.758],[-137.9117,59.617],[-137.7919,59.5543],[-137.813,59.486],[-137.9684,59.4606]],[[-138.0614,59.4371],[-138.2455,59.3764],[-138.2598,59.3198]],[[-138.1975,59.2521],[-138.1848,59.2242]],[[-138.2393,59.1758],[-138.4379,59.1832]]]},"properties":{"name":null,"scalerank":6,"min_zoom":5}},
{"type":"Feature","geometry":{"type":"LineString","coordinates":[[-154.7206,63.0786],[-154.7306,63.0701],[-154.8847,62.9998],[-155.0516,63.0243],[-155.1525,62.9936],[-155.4773,62.9888],[-155.6525,62.8446],[-155.8098,62.7801],[-155.7646,62.5878],[-156.095,62.4366],[-156.1098,62.3785],[-156.2828,62.2115],[-156.1767,62.0163],[-156.2828,61.9788],[-156.3523,61.8618],[-156.553,61.8051],[-156.6943,61.8006],[-156.8235,61.7255],[-157.0506,61.6634],[-157.3523,61.7973],[-157.5546,61.8234],[-157.7145,61.9012],[-157.8652,61.9046],[-158.2098,61.8029],[-158.318,61.6287],[-158.6196,61.5539],[-158.7682,61.54],[-158.9828,61.6014],[-159.2534,61.5679],[-159.4452,61.6014],[-159.8793,61.5838],[-160.2532,61.5339],[-160.5989,61.4154],[-160.6341,61.2991],[-160.7633,61.2864],[-160.7887,61.2115],[-161.0522,61.0912],[-161.1166,60.9592],[-161.3191,60.9168],[-161.3498,60.8757],[-161.5662,60.805],[-161.6893,60.8275],[-161.738,60.7263],[-161.8815,60.7039]]},"properties":{"name":"Kuskokwim","scalerank":6,"min_zoom":5}},
{"type":"Feature","geometry":{"type":"LineString","coordinates":[[-151.6742,64.3014],[-151.7646,64.3385],[-152.2364,64.3204],[-152.425,64.2332],[-152.5681,64.0966],[-152.6122,63.9404],[-152.8046,63.9122],[-153.1509,63.7906],[-153.2129,63.726],[-153.3758,63.7047],[-153.6195,63.4946],[-153.7962,63.4385],[-154.0132,63.297],[-153.9974,63.2549],[-154.7206,63.0786]]},"properties":{"name":"N. Fork Kuskokwim","scalerank":6,"min_zoom":5}},
{"type":"Feature","geometry":{"type":"LineString","coordinates":[[-144.616,60.7139],[-144.5039,60.8129],[-144.7861,60.9976],[-144.9007,61.1868],[-144.843,61.3084],[-144.7471,61.3684],[-144.506,61.4283],[-144.4112,61.5495],[-144.464,61.6472],[-144.6317,61.6921],[-145.0934,61.8642],[-145.253,61.9449],[-145.3838,62.0729],[-145.4304,62.1855],[-145.3723,62.2755],[-145.0789,62.4136],[-144.8909,62.4676],[-144.7344,62.5675],[-144.5431,62.6511],[-144.3201,62.7043],[-143.9286,62.7057],[-143.7327,62.6307],[-143.6584,62.4736]]},"properties":{"name":"Copper","scalerank":6,"min_zoom":5}},
{"type":"Feature","geometry":{"type":"LineString","coordinates":[[-146.6841,62.5045],[-146.8819,62.6092],[-146.8867,62.6615],[-147.2284,62.7081],[-147.3282,62.66],[-147.6067,62.7125],[-147.8453,62.8097],[-148.0208,62.811],[-148.2923,62.8702],[-148.6387,62.8527],[-148.804,62.7967],[-149.0215,62.8479],[-149.2452,62.8389],[-149.5851,62.8531],[-149.8592,62.7447],[-150.0279,62.6465],[-150.1107,62.5628],[-150.1748,62.4056],[-150.0951,61.9515],[-150.2175,61.7911],[-150.3279,61.7051],[-150.3939,61.5832],[-150.551,61.5322],[-150.5265,61.4615],[-150.582,61.3562]]},"properties":{"name":"Susitna","scalerank":6,"min_zoom":5}},
{"type":"Feature","geometry":{"type":"LineString","coordinates":[[-142.0218,62.0266],[-142.0908,62.0917],[-142.0603,62.2276],[-141.7726,62.3199],[-141.6244,62.4776],[-141.4248,62.5581],[-141.3817,62.6863],[-141.6007,62.9077],[-141.9516,63.064],[-142.1367,63.1657],[-142.3423,63.1673],[-142.6286,63.2639],[-142.6974,63.3554],[-142.8387,63.3583],[-143.0292,63.4387],[-143.1493,63.4113],[-143.6326,63.4182],[-143.7595,63.3977],[-143.8387,63.4758],[-143.7759,63.5342],[-143.8718,63.6347],[-143.9951,63.6969],[-144.1817,63.7299],[-144.5414,63.7251],[-144.7442,63.8048],[-144.7805,63.9018],[-144.9143,63.9457],[-144.8488,64.0041],[-145.0905,64.0846],[-145.362,64.0825],[-145.607,64.1711],[-145.7367,64.1915],[-145.8884,64.1617],[-146.1111,64.2464],[-146.449,64.2847],[-146.6554,64.2535],[-146.8605,64.3259],[-147.0209,64.4256],[-147.0217,64.5461],[-147.2552,64.6892],[-147.5223,64.7751],[-147.8464,64.8057],[-148.2379,64.6905],[-148.6214,64.6439],[-148.7001,64.5852],[-149.1045,64.5758],[-149.1317,64.7202],[-149.1151,64.8671],[-149.2107,64.9122],[-149.6905,64.8432],[-149.9202,64.7831],[-150.2958,64.8677],[-150.4147,64.9626],[-150.5655,64.9793],[-150.9988,64.971],[-151.2975,64.8774],[-151.3936,64.8817],[-151.5063,64.9755],[-151.6905,65.0142],[-151.6786,65.0989],[-152.0478,65.1654]]},"properties":{"name":"Tanana","scalerank":6,"min_zoom":5}},
{"type":"Feature","geometry":{"type":"LineString","coordinates":[[-139.8108,65.6496],[-139.7007,65.7803],[-139.7012,65.9435],[-139.5788,66.0039],[-139.2155,65.9966],[-139.0008,66.0843],[-138.8426,66.2159],[-138.6562,66.4725],[-138.3305,66.5784],[-138.1315,66.7611],[-137.9343,66.7558],[-137.5087,67.0844],[-137.6156,67.1187],[-137.8322,67.3276],[-137.7602,67.4409],[-138.027,67.472],[-138.2516,67.5842],[-138.5837,67.5728],[-138.7088,67.655],[-138.9007,67.5843],[-139.172,67.5433],[-139.4315,67.5537],[-139.4942,67.5909],[-139.7838,67.5821],[-140.0651,67.5117],[-140.97,67.4367],[-141.2265,67.356],[-141.532,67.3323],[-141.6739,67.2593],[-141.6927,67.175],[-141.9496,67.1897],[-142.0771,67.1658],[-142.1979,67.225],[-142.687,66.9964],[-142.9771,66.9924],[-143.0775,67.0183],[-143.6798,66.9478],[-143.6911,66.8793],[-143.908,66.8678],[-144.0849,66.8067],[-144.5243,66.7498],[-144.853,66.6429],[-145.0721,66.6668],[-145.2904,66.6109],[-145.5319,66.5825]]},"properties":{"name":"Porcupine","scalerank":6,"min_zoom":5}},
{"type":"Feature","geometry":{"type":"LineString","coordinates":[[-74.713,44.9993],[-74.8693,45.0103],[-75.1304,44.9254],[-75.271,44.864],[-75.7005,44.5819],[-75.792,44.497]]},"properties":{"name":"St. Lawrence","scalerank":2,"min_zoom":2.1}},
{"type":"Feature","geometry":{"type":"LineString","coordinates":[[-150.8214,68.0429],[-150.8973,67.8089],[-151.0205,67.7116],[-151.0473,67.5773],[-150.8072,67.4481],[-150.6936,67.3218],[-150.8228,67.1499],[-151.1625,67.0424],[-151.4267,67.0035],[-151.6599,66.9166],[-151.7152,66.8487],[-151.7163,66.692],[-151.925,66.598],[-152.3127,66.5428],[-152.6642,66.5768],[-153.0037,66.4624],[-153.2845,66.4539],[-153.5559,66.3996],[-153.9137,66.2956],[-154.0631,66.2707],[-154.3625,65.9598],[-154.4468,65.9605],[-154.7655,65.7912],[-154.9982,65.8028],[-155.2345,65.878],[-155.485,66.0126],[-155.6724,65.9795],[-155.9194,66.0294],[-156.1118,65.9877],[-156.2862,65.9086],[-156.3821,65.7858],[-156.5466,65.7169],[-156.5194,65.6547],[-156.3522,65.6221],[-156.3988,65.4981],[-156.6421,65.4588],[-156.8188,65.5642],[-157.0821,65.4854],[-157.3249,65.4625],[-157.4956,65.4875],[-157.6601,65.4596],[-157.6925,65.3997],[-157.5987,65.2337],[-157.6532,65.0641],[-157.5641,65.0171],[-157.5517,64.9254],[-157.7398,64.8668]]},"properties":{"name":"Koyukuk","scalerank":6,"min_zoom":5}},
{"type":"Feature","geometry":{"type":"MultiLineString","coordinates":[[[38.774,6.6048],[38.7088,6.5288],[38.7866,6.3778],[38.8619,6.3427],[38.9385,6.2232],[38.9602,6.1236],[39.0143,6.0832],[39.1788,6.0418],[39.2268,5.9989],[39.3556,6.0114],[39.3989,5.9685]],[[39.3756,5.9852],[39.437,5.8964],[39.4507,5.8177],[39.5491,5.7138],[39.6243,5.7421],[39.7263,5.6631],[39.6773,5.5948],[39.6987,5.5291],[39.8622,5.5129],[39.9374,5.4234],[40.1875,5.3546],[40.4868,5.4025],[40.5466,5.4236],[40.7044,5.5655],[40.9346,5.7051],[41.0473,5.7103],[41.1296,5.6563],[41.2053,5.4713],[41.2975,5.3591],[41.3333,5.1744],[41.4282,5.0042],[41.5418,4.8959],[41.6026,4.6973],[41.6534,4.6107],[41.7114,4.594],[41.7783,4.4869],[41.8838,4.3745],[41.9658,4.3237]]]},"properties":{"name":"Genale","scalerank":6,"min_zoom":5}},
{"type":"Feature","geometry":{"type":"LineString","coordinates":[[77.5249,35.5207],[77.6752,35.6026],[77.7084,35.7152],[77.689,35.7849],[77.544,35.9038],[77.6422,36.0793],[77.7595,36.1426],[77.6274,36.1991],[77.4907,36.3425],[77.4508,36.4297],[77.2732,36.4559],[77.0792,36.4592],[76.8383,36.3853],[76.644,36.4003],[76.4786,36.4403],[76.4208,36.5523],[76.1187,36.6752],[76.0582,36.7608],[76.0265,36.8686],[75.9201,36.9718],[76.0081,37.0931],[76.0151,37.1771],[75.9068,37.3179],[76.1222,37.2801],[76.2494,37.4182],[76.2363,37.5969],[76.1812,37.7335],[76.219,37.8917],[76.2761,37.9669],[76.3491,37.9846],[76.5468,37.9822],[76.5372,37.9316],[76.7754,37.8826],[76.9421,38.0351],[77.0027,38.0605],[77.2097,38.2337],[77.394,38.3544],[77.3257,38.5633],[77.3872,38.6663],[77.4579,38.7139],[77.4838,38.7961],[77.5815,38.8913],[77.5613,39.013],[77.669,39.1319],[78.0048,39.3714],[78.2597,39.4934],[78.5524,39.6042],[78.6277,39.5695],[78.6895,39.6042],[78.9024,39.6175],[79.0734,39.6539],[79.1531,39.7022],[79.2449,39.7072],[79.3862,39.7609],[79.4575,39.8281],[79.5906,39.8376],[79.6626,39.8928],[79.908,40.0045],[79.9574,40.0787],[80.0515,40.0864],[80.3615,40.2416],[80.4557,40.3925],[80.6426,40.4341],[80.888,40.4671]]},"properties":{"name":"Yarkant","scalerank":6,"min_zoom":5}},
{"type":"Feature","geometry":{"type":"MultiLineString","coordinates":[[[-91.9293,51.8924],[-91.97,51.9875]],[[-91.9149,51.7616],[-91.8692,51.7095],[-91.9325,51.5498],[-91.8929,51.4869]],[[-91.7811,51.3348],[-91.7817,51.3364],[-91.8574,51.3687],[-91.8861,51.4581]],[[-91.5979,51.1621],[-91.5977,51.1614],[-91.4176,51.0688],[-91.4177,51.0678]],[[-91.3122,51.0627],[-91.1928,51.0491],[-91.0976,50.9895],[-90.9696,50.9824],[-90.8578,51.0326],[-90.5134,51.1232],[-90.4175,51.0928]]]},"properties":{"name":"Albany","scalerank":6,"min_zoom":5}},
{"type":"Feature","geometry":{"type":"MultiLineString","coordinates":[[[-92.2991,51.9739],[-92.2166,51.9392],[-91.9701,51.9875]],[[-91.9292,51.892],[-91.9149,51.7616]],[[-91.8929,51.4869],[-91.8861,51.4581]],[[-91.7817,51.3364],[-91.5977,51.1614]],[[-90.4165,51.0923],[-90.0856,51.1214],[-89.5157,51.2913],[-89.4631,51.3492],[-89.2953,51.4257],[-89.1603,51.4361],[-89.1029,51.5299],[-88.9462,51.4685],[-88.8038,51.5579],[-88.5489,51.5742],[-88.449,51.492],[-88.1534,51.4655],[-88.088,51.488],[-87.9048,51.4697],[-87.7899,51.4252],[-87.7699,51.3675],[-87.626,51.3228],[-87.5321,51.2613],[-87.3043,51.268],[-87.126,51.3284],[-87.0022,51.4122],[-86.8172,51.3985],[-86.6175,51.5129],[-86.444,51.5672],[-86.3803,51.6596],[-86.3852,51.7235],[-86.2821,51.7799],[-86.1419,51.7616],[-85.9269,51.634],[-85.5152,51.6726],[-85.4361,51.641],[-85.3164,51.5251],[-85.1112,51.4154],[-85.0405,51.2984],[-84.9184,51.2731],[-84.8229,51.1993],[-84.5967,51.1126],[-84.504,51.1107],[-84.4001,51.1888],[-84.2167,51.2552],[-83.9254,51.3091],[-83.7609,51.3911],[-83.5685,51.4327],[-83.5118,51.4816],[-83.3835,51.5009],[-83.2909,51.5513],[-83.2401,51.6535],[-83.1066,51.7844],[-82.7952,51.9384],[-82.5856,51.942],[-82.4035,52.0217],[-82.3187,52.1022],[-82.0547,52.1384],[-81.8827,52.1936]],[[-91.4176,51.0688],[-91.3122,51.0627]]]},"properties":{"name":"Albany","scalerank":6,"min_zoom":5}},
{"type":"Feature","geometry":{"type":"LineString","coordinates":[[-64.6822,53.1252],[-64.6821,53.1253],[-64.6613,53.168],[-64.7234,53.3245],[-64.6776,53.3823]]},"properties":{"name":"Churchill","scalerank":6,"min_zoom":5}},
{"type":"Feature","geometry":{"type":"MultiLineString","coordinates":[[[-64.6776,53.3823],[-64.6408,53.4678],[-64.4916,53.5334],[-64.3686,53.5123],[-64.1881,53.5497],[-63.7676,53.4923],[-63.6213,53.4366],[-63.4903,53.3546],[-63.3461,53.3116],[-63.2085,53.218],[-63.0056,53.2222],[-62.8328,53.1703],[-62.4892,53.1807],[-62.2645,53.1022],[-62.1933,52.9377],[-61.9194,52.9092],[-61.8075,52.914],[-61.6699,52.8749],[-61.6208,52.999],[-61.3531,52.9953],[-60.8182,53.2695],[-60.5458,53.256],[-60.4206,53.2686]],[[-64.6216,52.8909],[-64.6759,53.0086],[-64.6821,53.1253]]]},"properties":{"name":"Churchill","scalerank":6,"min_zoom":5}},
{"type":"Feature","geometry":{"type":"LineString","coordinates":[[84.2197,62.6367],[84.3296,62.7534],[84.6275,62.9111],[84.9561,63.0113],[85.2544,63.0681],[85.4667,63.1432],[85.6406,63.3742],[85.4102,63.3532],[85.3779,63.4666],[85.2764,63.5224],[85.0967,63.5342],[85.0352,63.5894],[84.8816,63.5842],[84.7047,63.6911],[84.459,63.7097],[83.9351,63.5836],[83.6716,63.5752],[83.8076,63.6539],[83.7387,63.7225],[83.4929,63.7403],[83.228,63.9376],[82.9688,63.8731],[83.0342,63.8284],[82.7188,63.754],[82.4709,63.7609],[82.4046,63.8474],[82.2411,63.9356],[81.9316,64.0617],[81.7439,64.2728],[81.7832,64.332],[81.65,64.4051],[81.6747,64.474],[81.3762,64.5555],[81.5475,64.6657],[81.4367,64.8287],[81.5509,64.8792],[81.4303,64.9395],[81.4378,65.035],[81.588,65.1418],[81.8215,65.1595],[82.123,65.364],[81.9819,65.3956],[82.0131,65.4949],[82.4649,65.6759],[82.3027,65.7681],[82.3283,65.9121],[82.1295,66.0281],[82.1155,66.076],[82.2468,66.2099],[82.1074,66.2215],[82.0752,66.3442],[82.2813,66.3824],[82.2021,66.4688],[82.3074,66.5253],[82.3058,66.6431],[81.7716,66.9725],[81.6272,66.9737],[81.3799,67.0427],[81.1017,67.0916],[81.0132,67.0543],[80.683,67.1044],[80.3442,67.101],[80.2774,67.1412],[80.053,67.1044],[79.9697,67.1524],[79.7022,67.1784],[79.3152,67.2863],[79.0806,67.3903],[78.894,67.4309],[78.5774,67.5805]]},"properties":{"name":"Taz","scalerank":6,"min_zoom":5}},
{"type":"Feature","geometry":{"type":"LineString","coordinates":[[123.554,43.4835],[123.6338,43.3702],[123.5816,43.3121],[123.5479,43.1849],[123.5309,42.9841],[123.5802,42.9469],[123.6017,42.8187],[123.5608,42.702],[123.6837,42.5792],[123.7622,42.5345],[123.8047,42.4551],[123.8994,42.3892],[123.7988,42.305],[123.6638,42.3048],[123.5574,42.2099],[123.3665,42.1417],[123.2725,42.1725],[122.9912,42.0684],[122.9246,41.9417],[122.6907,41.6639],[122.7042,41.5854],[122.6245,41.4708],[122.6542,41.3792],[122.6207,41.285],[122.3976,41.1767],[122.4094,41.0026],[122.2661,40.8586],[122.1255,40.8251],[122.1563,40.7016]]},"properties":{"name":"Liao","scalerank":6,"min_zoom":5}},
{"type":"Feature","geometry":{"type":"MultiLineString","coordinates":[[[112.9936,29.1475],[113,29.2161],[113.0693,29.3876],[113.0708,29.3892]],[[112.9048,29.0314],[112.8433,28.9315],[112.6997,28.8709],[112.5391,28.8657],[112.4356,28.8207],[112.3615,28.8917],[112.3076,28.8432],[112.1865,28.9141],[112.0078,28.9502],[111.9929,28.9847]]]},"properties":{"name":"Yuan","scalerank":6,"min_zoom":5}},
{"type":"Feature","geometry":{"type":"MultiLineString","coordinates":[[[113.0693,29.3876],[113.1276,29.4628]],[[112.9048,29.0314],[112.9936,29.1475]],[[107.5048,26.3376],[107.5061,26.1987],[107.5955,26.1405],[107.6563,26.1601],[107.7856,26.3619],[107.8214,26.5362],[107.9299,26.5815],[108.0283,26.7235],[108.2377,26.8533],[108.3124,26.857],[108.4043,26.8177],[108.5191,26.6724],[108.6411,26.5993],[108.7027,26.6965],[108.7587,26.6335],[108.9053,26.556],[109.033,26.6331],[109.067,26.5914],[109.1905,26.6666],[109.2598,26.76],[109.3074,26.7696],[109.3814,26.8727],[109.4539,26.9121],[109.4581,27.0337],[109.5836,27.1373],[109.7524,27.147],[109.7739,27.2087],[109.9853,27.1243],[110.0546,27.2078],[110.1328,27.3518],[110.1774,27.3655],[110.2779,27.5206],[110.2699,27.608],[110.3767,27.7149],[110.3368,27.7724],[110.3829,27.8459],[110.2615,27.9721],[110.1392,28.0218],[110.1493,28.1123],[110.2452,28.2936],[110.4451,28.5236],[110.5444,28.654],[110.6672,28.6693],[110.8403,28.7747],[111.1,28.8567],[111.2051,28.814],[111.2364,28.7526],[111.3215,28.7468],[111.4626,28.8427],[111.5317,29.0341],[111.6968,29.0267],[111.7184,28.9768],[111.9929,28.9849]]]},"properties":{"name":"Yuan","scalerank":6,"min_zoom":5}},
{"type":"Feature","geometry":{"type":"MultiLineString","coordinates":[[[-75.2632,51.4457],[-75.1236,51.4202],[-75.0267,51.4412],[-74.9511,51.3579],[-74.8182,51.4122]],[[-76.8195,51.4158],[-76.8206,51.4153],[-76.869,51.3277],[-76.7738,51.3118],[-76.6131,51.3501]]]},"properties":{"name":"Rupert","scalerank":6,"min_zoom":5}},
{"type":"Feature","geometry":{"type":"MultiLineString","coordinates":[[[-75.2632,51.4457],[-75.271,51.5423],[-75.558,51.5494],[-75.9757,51.4532],[-76.2704,51.43],[-76.517,51.3501],[-76.6131,51.3501]],[[-76.8206,51.4153],[-76.8254,51.4804],[-77.1402,51.3797],[-77.2645,51.4034],[-77.5485,51.3468],[-77.826,51.3775],[-78.1339,51.3596],[-78.2096,51.3863],[-78.3795,51.3665],[-78.69,51.4873]],[[-74.8182,51.4122],[-74.7827,51.444],[-74.5581,51.4674],[-74.5301,51.5009],[-74.3354,51.471],[-74.2991,51.4193],[-74.1256,51.3622],[-73.9133,51.3959],[-73.8245,51.2102],[-73.873,51.0677],[-73.6415,51.0776]]]},"properties":{"name":"Rupert","scalerank":6,"min_zoom":5}},
{"type":"Feature","geometry":{"type":"LineString","coordinates":[[-119.6979,37.0004],[-119.6008,37.0623]]},"properties":{"name":"San Joaquin","scalerank":6,"min_zoom":5}},
{"type":"Feature","geometry":{"type":"MultiLineString","coordinates":[[[-121.204,37.6514],[-121.2518,37.6958],[-121.2381,37.7197],[-121.2716,37.7197],[-121.3138,37.9599],[-121.4454,38.0038]],[[-118.7367,37.096],[-118.8082,37.2032],[-118.9154,37.2423],[-118.9578,37.3074],[-119.0816,37.3549],[-119.1913,37.4837],[-119.2958,37.3753],[-119.3419,37.2031],[-119.3844,37.1621],[-119.5209,37.1436],[-119.6007,37.0625]],[[-119.698,37.0004],[-119.7919,36.8707],[-119.9333,36.8288],[-120.0517,36.8297],[-120.2786,36.7676],[-120.4259,36.8634],[-120.4393,36.929],[-120.5509,37.0941],[-120.6553,37.1519],[-120.7106,37.1444],[-120.8301,37.2908],[-120.9263,37.3234],[-120.97,37.4119],[-121.204,37.6515]]]},"properties":{"name":"San Joaquin","scalerank":6,"min_zoom":5}},
{"type":"Feature","geometry":{"type":"MultiLineString","coordinates":[[[68.9649,66.8096],[68.5518,66.7321],[68.4783,66.6306],[68.169,66.5186],[68.0377,66.5084],[67.8347,66.5977],[67.5657,66.6155],[67.2966,66.6666],[67.0334,66.5566],[66.8933,66.6143],[66.5271,66.6506],[66.391,66.4734],[66.2652,66.4255],[66.2241,66.3317],[65.8683,66.222],[65.7126,66.1514],[65.8683,66.0864],[65.8793,65.8816],[65.6878,65.7251],[65.6035,65.5634],[65.6072,65.4358],[65.4423,65.3623],[65.246,65.1677],[65.2426,65.0784],[65.3731,65.0252],[65.5777,65.0342],[65.6547,64.9591],[65.502,64.9073],[65.5432,64.8201],[65.4873,64.7342],[65.7553,64.6342],[65.6435,64.5587],[65.8396,64.4668],[65.9342,64.3609],[65.8678,64.2862],[65.9824,64.2324],[65.7769,64.0594],[65.8134,63.91],[65.7706,63.8676],[65.8508,63.7581],[65.7525,63.6868],[65.7568,63.5366],[65.4662,63.4575],[65.5208,63.3565],[65.2664,63.2723],[65.2011,63.1442],[65.0465,63.0069],[65.3365,62.8684],[65.417,62.772],[65.6167,62.6947],[65.8836,62.4974],[65.9894,62.4708],[66.3887,62.4284],[66.5205,62.2967],[67.0564,62.2294],[67.3328,62.086],[67.4317,61.9124],[67.5361,61.8347],[67.566,61.7093],[67.7288,61.6244],[67.9006,61.6092],[68.2672,61.4894],[68.3482,61.4383],[68.3562,61.3504],[68.2696,61.2485],[68.3115,61.1931],[68.523,61.0975],[68.8059,61.087],[68.8569,61.1241]],[[67.4307,66.6724],[67.5828,66.783],[67.958,66.7686],[68.1538,66.8293],[68.5816,66.7421]]]},"properties":{"name":"Ob","scalerank":2,"min_zoom":2.1}},
{"type":"Feature","geometry":{"type":"MultiLineString","coordinates":[[[-83.8148,34.3638],[-83.817,34.3637],[-83.9225,34.316],[-83.9774,34.2203],[-84.0756,34.1669]],[[-85.0672,31.6354],[-85.1096,31.6922],[-85.144,31.8238],[-85.0605,32.0039],[-85.0644,32.0506]],[[-84.9664,30.9226],[-84.9206,30.76],[-84.8759,30.7191],[-84.8739,30.7193]]]},"properties":{"name":"Chattahoochee","scalerank":6,"min_zoom":5}},
{"type":"Feature","geometry":{"type":"MultiLineString","coordinates":[[[-83.7462,34.7156],[-83.6598,34.6748],[-83.6238,34.5506],[-83.7269,34.3995],[-83.817,34.3637]],[[-84.0756,34.1669],[-84.1148,34.0656],[-84.2681,33.9715],[-84.3624,34.0068],[-84.4415,33.9168],[-84.4524,33.848],[-84.676,33.6542],[-84.7488,33.6317],[-84.8161,33.5401],[-85.0447,33.3957],[-85.0973,33.2868],[-85.0638,33.1494],[-85.1872,33.0006],[-85.2014,32.9351],[-85.1308,32.7791],[-85.0836,32.6153],[-85.0032,32.523],[-84.9667,32.4203]],[[-84.9667,32.4203],[-84.9955,32.3551],[-84.9008,32.2608],[-85.0178,32.1832],[-85.0646,32.0511]],[[-85.067,31.6352],[-85.0426,31.5352],[-85.1103,31.2714],[-85.1011,31.1826],[-85.0183,31.0867],[-85.0079,30.9841],[-84.9664,30.9226]],[[-84.8759,30.7191],[-84.9044,30.638],[-84.9923,30.5421],[-85.0516,30.3134],[-85.1256,30.1973],[-85.1308,30.0587],[-85.0079,29.9525],[-85.0409,29.7789],[-84.9737,29.7508]]]},"properties":{"name":"Chattahoochee","scalerank":6,"min_zoom":5}},
{"type":"Feature","geometry":{"type":"MultiLineString","coordinates":[[[-86.2003,33.5878],[-86.1989,33.5469],[-86.3299,33.4444]],[[-86.5218,33.0321],[-86.5024,32.9219],[-86.4462,32.812],[-86.4454,32.8112]]]},"properties":{"name":"Alabama","scalerank":6,"min_zoom":5}},
{"type":"Feature","geometry":{"type":"MultiLineString","coordinates":[[[-85.1826,34.2595],[-85.2528,34.2164],[-85.3856,34.2641],[-85.4769,34.2042],[-85.5521,34.2227],[-85.7546,34.1844],[-85.8958,34.0167],[-85.9934,34.0006],[-86.0592,33.9222],[-86.0577,33.7972],[-86.1307,33.7254],[-86.2003,33.5879]],[[-86.3299,33.4444],[-86.3707,33.2994],[-86.4923,33.2047],[-86.4603,33.1422],[-86.5218,33.0323]],[[-86.4462,32.812],[-86.3703,32.7513],[-86.3315,32.6722],[-86.2105,32.5429],[-86.3222,32.4596],[-86.4535,32.4024],[-86.512,32.348],[-86.6549,32.4023],[-86.7005,32.3608],[-86.7788,32.3918],[-86.8234,32.3471],[-86.9302,32.3608],[-87.0084,32.4098],[-87.0884,32.2836],[-87.1555,32.2438],[-87.1221,32.1648],[-87.2449,32.1628],[-87.3207,32.1262],[-87.3878,32.1477],[-87.4131,32.0498],[-87.4679,32.0208],[-87.4547,31.9294],[-87.5229,31.8549],[-87.4232,31.7897],[-87.5537,31.6898],[-87.5436,31.6092],[-87.607,31.5223],[-87.5852,31.4275],[-87.68,31.4222],[-87.7625,31.3677],[-87.792,31.2837],[-87.8621,31.2442],[-87.8762,31.1627],[-87.9402,31.1605],[-87.9338,31.0734],[-88.0226,30.7849],[-87.9955,30.6855]]]},"properties":{"name":"Alabama","scalerank":6,"min_zoom":5}},
{"type":"Feature","geometry":{"type":"LineString","coordinates":[[-83.1659,34.5985],[-83.015,34.4816],[-82.8574,34.4605],[-82.8186,34.366]]},"properties":{"name":"Tugaloo","scalerank":6,"min_zoom":5}},
{"type":"Feature","geometry":{"type":"LineString","coordinates":[[-83.3556,34.7083],[-83.324,34.6717],[-83.1665,34.5996]]},"properties":{"name":"Tugaloo","scalerank":6,"min_zoom":5}},
{"type":"Feature","geometry":{"type":"LineString","coordinates":[[-83.1206,35.0762],[-83.116,34.9871],[-83.3083,34.8199],[-83.3556,34.7083]]},"properties":{"name":"Chattooga","scalerank":6,"min_zoom":5}},
{"type":"Feature","geometry":{"type":"LineString","coordinates":[[-82.5893,34.0176],[-82.5893,34.0174],[-82.5707,33.9677],[-82.3634,33.8436],[-82.2454,33.7505],[-82.2084,33.6636]]},"properties":{"name":"Savannah","scalerank":6,"min_zoom":5}},
{"type":"Feature","geometry":{"type":"MultiLineString","coordinates":[[[-82.8186,34.366],[-82.7616,34.2927],[-82.7345,34.1846],[-82.5893,34.0174]],[[-82.2084,33.6636],[-82.1741,33.6164],[-82.041,33.5599],[-81.9241,33.4584],[-81.9311,33.3612],[-81.8418,33.3135],[-81.8177,33.2246],[-81.7598,33.1558],[-81.5177,33.0395],[-81.5006,32.9316],[-81.4377,32.848],[-81.4026,32.7448],[-81.4059,32.6242],[-81.2008,32.4845],[-81.1299,32.2999],[-81.1566,32.1938],[-81.078,32.087],[-81.0201,32.0911],[-80.8911,32.0324]]]},"properties":{"name":"Savannah","scalerank":6,"min_zoom":5}},
{"type":"Feature","geometry":{"type":"LineString","coordinates":[[6.1333,46.2046],[6.2189,46.3294],[6.301,46.3947],[6.4824,46.4489],[6.613,46.4561],[6.8661,46.4028]]},"properties":{"name":"Rhne","scalerank":6,"min_zoom":5}},
{"type":"Feature","geometry":{"type":"MultiLineString","coordinates":[[[8.3786,46.5788],[8.3482,46.5435],[8.0075,46.3381],[7.9243,46.3189],[7.6267,46.3314],[7.1953,46.1813],[7.1021,46.1321],[6.8943,46.348],[6.8664,46.4026]],[[6.1333,46.2046],[6.0508,46.2046],[5.9546,46.1282],[5.8252,46.0953],[5.832,45.8982],[5.7888,45.7969],[5.708,45.7571],[5.7129,45.7001],[5.6005,45.6556],[5.4502,45.793],[5.3335,45.868],[5.2392,45.7857],[5.1338,45.8227],[4.9922,45.8266],[4.8652,45.7924],[4.8024,45.593],[4.87,45.5497],[4.76,45.4444],[4.8115,45.2993],[4.8228,45.1112],[4.8926,44.9495],[4.7776,44.7954],[4.7895,44.6585],[4.7214,44.5734],[4.666,44.3917],[4.6576,44.2757],[4.7158,44.1944],[4.7192,44.1031],[4.851,44.0254],[4.7707,43.9369],[4.6467,43.8841],[4.6159,43.7091]],[[4.6174,43.71],[4.6159,43.7091]],[[4.6159,43.7091],[4.4797,43.6997],[4.3595,43.5374],[4.4011,43.4532]],[[4.6159,43.7091],[4.6103,43.6587],[4.6946,43.5791]]]},"properties":{"name":"Rhône","scalerank":6,"min_zoom":5}},
{"type":"Feature","geometry":{"type":"MultiLineString","coordinates":[[[30.5339,60.6301],[30.6997,60.6553],[31.0725,60.5729],[31.2029,60.4898],[31.4121,60.2357]],[[30.478,60.5742],[30.3792,60.6367],[30.0737,60.7038],[29.7529,60.6647],[29.5963,60.717]]]},"properties":{"name":"Vuoksi","scalerank":6,"min_zoom":5}},
{"type":"Feature","geometry":{"type":"MultiLineString","coordinates":[[[28.7879,61.2042],[28.8569,61.0738],[29.0199,61.0203],[29.1858,60.8926],[29.5963,60.717]],[[30.478,60.5742],[30.5339,60.6301]]]},"properties":{"name":"Vuoksi","scalerank":6,"min_zoom":5}},
{"type":"Feature","geometry":{"type":"LineString","coordinates":[[128.7388,-16.1079],[128.739,-16.1083],[128.728,-16.4106],[128.7,-16.578],[128.763,-16.6691],[128.7341,-16.7885]]},"properties":{"name":"Ord","scalerank":6,"min_zoom":5}},
{"type":"Feature","geometry":{"type":"MultiLineString","coordinates":[[[128.739,-16.1083],[128.688,-16.1006],[128.7007,-15.9984],[128.7651,-15.8773],[128.7117,-15.7221],[128.7135,-15.644],[128.666,-15.5556],[128.4822,-15.5749],[128.3748,-15.5278],[128.2892,-15.4018]],[[127.5781,-17.6232],[127.6746,-17.5676],[127.7436,-17.5731],[127.8525,-17.476],[128.0559,-17.4712],[128.2326,-17.543],[128.3302,-17.6826],[128.4505,-17.6979],[128.5226,-17.6214],[128.6196,-17.5878],[128.6455,-17.5401],[128.7582,-17.4623],[128.9026,-17.2963],[128.8484,-17.1313],[128.8732,-17.0678],[128.7007,-16.9608],[128.6909,-16.8271],[128.7341,-16.7885]]]},"properties":{"name":"Ord","scalerank":6,"min_zoom":5}},
{"type":"Feature","geometry":{"type":"MultiLineString","coordinates":[[[76.7647,31.4086],[76.7365,31.3087],[76.6497,31.2677],[76.4692,31.426],[76.4351,31.4222]],[[81.2947,30.7917],[81.2937,30.7923],[81.1993,30.8521]]]},"properties":{"name":"Sutlej","scalerank":6,"min_zoom":5}},
{"type":"Feature","geometry":{"type":"MultiLineString","coordinates":[[[76.4351,31.4222],[76.3782,31.339],[76.4373,31.2427],[76.5381,31.1833],[76.5873,31.0786],[76.5322,30.9973],[76.4529,30.9737],[76.3954,31.0115],[76.2197,31.0186],[76.0825,30.9909],[75.9229,31.0225],[75.8297,30.9971],[75.5392,30.9726],[75.3956,30.9852],[75.1772,31.0899],[75.0172,31.1818],[74.9635,31.1673],[74.9338,31.163],[74.8113,31.148],[74.6006,31.0568],[74.5191,30.9627],[74.4009,30.8933],[74.3294,30.8998],[74.2662,30.7886],[74.1632,30.6651],[74.0567,30.5918],[73.9057,30.395],[73.8341,30.3526],[73.7698,30.3677],[73.5398,30.2777],[73.3347,30.1714],[73.1392,30.0865],[73.0532,30.0934],[72.9451,29.9896],[72.9133,30.008],[72.71,29.9024],[72.6355,29.8925],[72.6183,29.8259],[72.4737,29.8532],[72.3237,29.8054],[72.2496,29.7117],[72.1482,29.6595],[72.166,29.5795],[72.0185,29.5067],[71.8814,29.4622],[71.8062,29.4771],[71.7197,29.4427],[71.6677,29.4737],[71.5681,29.394],[71.3884,29.3663],[71.2546,29.4264],[71.2182,29.3868],[71.1682,29.3974],[71.022,29.3665]],[[81.1993,30.8521],[81.1509,30.9191],[80.937,30.9886],[80.7656,31.1213],[80.6528,31.1267],[80.485,31.0455],[80.2857,31.1144],[80.1524,31.186],[79.8949,31.4617],[79.8067,31.498],[79.6795,31.4873],[79.5259,31.5096],[79.3541,31.6332],[79.1213,31.6966],[78.9909,31.6489],[78.8427,31.8052],[78.7031,31.8466],[78.6279,31.7655],[78.4548,31.6754],[78.4424,31.6004],[78.3137,31.6089],[78.2722,31.5284],[78.1891,31.5123],[77.9458,31.5731],[77.8293,31.5639],[77.6332,31.4544],[77.6205,31.395],[77.538,31.3544],[77.3562,31.3505],[77.3204,31.2879],[77.1377,31.2379],[76.9937,31.3067],[76.8842,31.4146],[76.7647,31.4086]],[[81.3757,30.7581],[81.2937,30.7923]]]},"properties":{"name":"Sutlej","scalerank":6,"min_zoom":5}},
{"type":"Feature","geometry":{"type":"MultiLineString","coordinates":[[[-114.173,65.6389],[-114.1733,65.6384],[-114.3573,65.629],[-114.3713,65.5122],[-114.0324,65.4394],[-114.0436,65.3752],[-113.7428,65.3249],[-113.4884,65.3187],[-113.4176,65.2877],[-113.147,65.279],[-112.8268,65.2256],[-112.6592,65.1717],[-112.3971,65.1834],[-112.4059,65.1263],[-112.3179,64.9602]],[[-112.3434,64.8988],[-112.2644,64.8313],[-111.9528,64.7353],[-111.9662,64.6378]]]},"properties":{"name":"Coppermine","scalerank":6,"min_zoom":5}},
{"type":"Feature","geometry":{"type":"MultiLineString","coordinates":[[[-114.1733,65.6384],[-114.166,65.699],[-114.3467,65.7465],[-114.4253,65.8164],[-114.444,66.0048],[-114.2836,66.1145],[-114.3451,66.2219],[-114.4917,66.3215],[-114.6356,66.5362],[-115.0469,66.6934],[-115.2613,66.7103],[-115.7731,66.8385],[-116.2353,66.8028],[-116.3635,66.9584],[-116.1754,67.0551],[-116.1029,67.1335],[-116.2183,67.228],[-115.6954,67.2156],[-115.5569,67.2621],[-115.7226,67.3414],[-115.7288,67.4129],[-115.5911,67.5228],[-115.5004,67.6843],[-115.1118,67.8039]],[[-112.3179,64.9602],[-112.3434,64.8988]],[[-111.2121,64.5826],[-111.426,64.5438],[-111.6046,64.6192],[-111.9662,64.6378]]]},"properties":{"name":"Coppermine","scalerank":6,"min_zoom":5}},
{"type":"Feature","geometry":{"type":"MultiLineString","coordinates":[[[17.2065,48.0611],[17.3691,47.9815],[17.4714,47.8891],[17.676,47.7894],[17.8252,47.7503],[18.2354,47.7542],[18.552,47.7932],[18.6924,47.7782],[18.7898,47.8266],[19.1069,47.8028],[19.112,47.6541],[19.0545,47.5404],[19.0364,47.4125],[18.9202,47.2933],[18.8792,47.1492],[18.968,47.0332],[18.9331,46.8206],[19.0017,46.7085],[18.8582,46.6149],[18.9202,46.4988],[18.8923,46.3784],[18.8955,46.3629],[18.9101,46.343],[18.9133,46.3306],[18.915,46.1953],[18.7004,46.0448],[18.7216,45.9849],[18.8539,45.8592],[18.8445,45.8159],[18.968,45.669],[18.9119,45.6195],[19.0945,45.5263],[18.9959,45.4741],[19.0281,45.4124],[19.1615,45.2853],[19.3627,45.2485],[19.5296,45.2669],[19.5986,45.2279],[19.8108,45.2279],[19.8986,45.2794],[19.9656,45.1986],[20.185,45.185],[20.2895,45.1323],[20.3569,45.0345],[20.3032,44.9547],[20.4551,44.8403],[20.6386,44.8373],[20.6333,44.7652],[20.7637,44.6684],[20.8832,44.6727],[20.9895,44.7168],[21.1638,44.7479],[21.2695,44.8137],[21.595,44.7662],[21.6557,44.6879],[21.855,44.6988],[22.0038,44.6517],[22.1038,44.5099],[22.1846,44.5154],[22.3193,44.6856],[22.4832,44.7242],[22.6206,44.6377],[22.6206,44.5694],[22.4836,44.5],[22.5488,44.3492],[22.6811,44.3055],[22.6901,44.2292],[22.9059,44.1231],[23.0305,44.0933],[23.0225,44.0318],[22.8854,43.9947],[22.85,43.8972],[22.9191,43.8345],[23.1314,43.8482],[23.3246,43.8868]],[[23.3246,43.8868],[23.4841,43.8808],[23.5921,43.8377],[23.7202,43.8461],[23.7995,43.8187],[24.1589,43.7532],[24.3577,43.7603],[24.4997,43.7998],[24.7051,43.744],[24.7521,43.7391],[24.9631,43.7499],[25.2519,43.7049],[25.359,43.6545],[25.5561,43.6707],[25.7805,43.7322],[25.9335,43.8706],[26.1502,44.0127],[26.31,44.0528],[26.6137,44.0852],[26.789,44.1162],[26.8836,44.1568],[27.0269,44.1773],[27.2262,44.1209],[27.2922,44.1514],[27.4448,44.134],[27.6078,44.2053],[27.7327,44.2097],[27.9338,44.2659],[27.9933,44.3043],[28.1088,44.4577],[28.0069,44.5318],[28.0344,44.6308],[27.8767,44.7441],[27.8147,44.8128],[27.8788,44.8821],[27.8767,45.0048],[27.9518,45.1284],[27.9417,45.2242],[28.0344,45.402],[28.2124,45.4505],[28.3297,45.3231],[28.5766,45.2484],[28.747,45.2307]]]},"properties":{"name":"Danube","scalerank":2,"min_zoom":2.1}},
{"type":"Feature","geometry":{"type":"LineString","coordinates":[[35.9015,14.9356],[35.9028,14.84],[35.9355,14.8036],[35.8954,14.6197]]},"properties":{"name":"Atbara","scalerank":6,"min_zoom":5}},
{"type":"Feature","geometry":{"type":"MultiLineString","coordinates":[[[35.5857,16.0037],[35.6122,15.9482],[35.5951,15.83],[35.6218,15.6197],[35.7637,15.406],[35.7711,15.3192],[35.8435,15.2087],[35.9356,15.1273],[35.9965,15.0032],[35.9015,14.9356]],[[35.5834,16],[35.5059,16.0952],[35.4507,16.2305],[35.3803,16.2703],[35.2753,16.4167],[35.273,16.51],[35.1619,16.6731],[35.0701,16.7725],[34.9599,16.9343],[34.9546,17.0267],[34.7329,17.1462],[34.6547,17.2277],[34.5268,17.2608],[34.2472,17.4088],[34.2073,17.5174],[34.1459,17.6006],[33.9848,17.666]]]},"properties":{"name":"Atbara","scalerank":6,"min_zoom":5}},
{"type":"Feature","geometry":{"type":"LineString","coordinates":[[87.7558,51.3644],[87.7563,51.4467],[87.631,51.7447],[87.392,51.7616]]},"properties":{"name":"Biya","scalerank":6,"min_zoom":5}},
{"type":"Feature","geometry":{"type":"LineString","coordinates":[[87.392,51.7616],[87.238,51.7984],[87.1113,51.8684],[87.0833,51.9639],[87.1339,52.0031],[87.0841,52.152],[87.1144,52.2692],[86.9384,52.3653],[86.9024,52.4503],[86.7751,52.4614],[86.449,52.639],[86.3416,52.6123],[86.3102,52.5078],[86.1724,52.5403],[86.0579,52.6351],[85.9033,52.5611],[85.71,52.6114],[85.3059,52.5704],[85.0562,52.4336]]},"properties":{"name":"Biya","scalerank":6,"min_zoom":5}},
{"type":"Feature","geometry":{"type":"LineString","coordinates":[[-103.1675,55.8737],[-103.0808,55.9929],[-103.0809,55.9947]]},"properties":{"name":null,"scalerank":6,"min_zoom":5}},
{"type":"Feature","geometry":{"type":"MultiLineString","coordinates":[[[-103.2408,56.2777],[-103.1196,56.2293],[-103.1888,56.1407],[-103.0808,55.9929]],[[-103.1675,55.8737],[-103.1493,55.7516],[-103.1749,55.6571],[-103.1612,55.6329],[-103.1663,55.6041],[-103.1537,55.5782]]]},"properties":{"name":null,"scalerank":6,"min_zoom":5}},
{"type":"Feature","geometry":{"type":"MultiLineString","coordinates":[[[-91.3191,48.8282],[-91.4009,48.9139],[-91.5125,48.9234],[-91.6295,48.8653],[-91.6295,48.8652]],[[-93.3816,48.6162],[-93.3135,48.6334],[-93.0181,48.6358],[-92.779,48.678]]]},"properties":{"name":"Rainy","scalerank":6,"min_zoom":5}},
{"type":"Feature","geometry":{"type":"MultiLineString","coordinates":[[[-90.5035,49.3292],[-90.6019,49.2299],[-90.5823,49.1517],[-90.6962,49.0521],[-90.8588,49.0535],[-91.0294,49.0286],[-91.1276,48.9675],[-91.1816,48.8878],[-91.3191,48.8282]],[[-91.6295,48.8653],[-91.6621,48.7806],[-91.8045,48.7831],[-92.0118,48.7464],[-92.1247,48.801],[-92.618,48.6939],[-92.779,48.678]],[[-93.3768,48.6172],[-93.4925,48.5426],[-93.7576,48.5169],[-93.8756,48.6365],[-94.233,48.6523],[-94.3124,48.7142],[-94.4803,48.701],[-94.6897,48.7791],[-94.7126,48.863]]]},"properties":{"name":"Rainy","scalerank":6,"min_zoom":5}},
{"type":"Feature","geometry":{"type":"MultiLineString","coordinates":[[[-96.5976,50.9793],[-96.3971,50.6771],[-96.2953,50.6245],[-96.2943,50.6239]],[[-96.026,50.283],[-96.0259,50.2831],[-95.9887,50.4035],[-95.9888,50.4048]],[[-94.6145,49.9927],[-94.5815,49.8835],[-94.5118,49.7864],[-94.472,49.6123],[-94.6328,49.5074],[-94.7795,49.4572],[-94.8614,49.3765],[-94.8539,49.1155],[-94.8336,49.0494],[-94.7128,48.8634]]]},"properties":{"name":"Winnipeg","scalerank":6,"min_zoom":5}},
{"type":"Feature","geometry":{"type":"MultiLineString","coordinates":[[[-95.9887,50.4035],[-96.0557,50.4786],[-96.2953,50.6245]],[[-94.6145,49.9927],[-94.6633,50.0342],[-94.5876,50.1236],[-94.7931,50.1373],[-94.9927,50.1216],[-95.0196,50.1993],[-95.1471,50.236],[-95.2318,50.2813],[-95.2148,50.3638],[-95.411,50.3774],[-95.5347,50.3386],[-95.5668,50.2411],[-95.6376,50.1857],[-96.0252,50.1372],[-96.0611,50.1788],[-96.0259,50.2831]]]},"properties":{"name":"Winnipeg","scalerank":6,"min_zoom":5}},
{"type":"Feature","geometry":{"type":"MultiLineString","coordinates":[[[-97.2672,65.9742],[-97.1252,66.0356],[-96.9955,66.1517],[-96.9946,66.1514]],[[-98.6565,65.9277],[-98.6655,66.0184],[-98.8405,66.018],[-99.0514,66.0989],[-99.3079,65.9702],[-99.5126,65.9077],[-99.8039,65.8724],[-99.9958,65.9253],[-100.3335,65.9005],[-100.4725,65.8591],[-100.7374,65.8575],[-100.9095,65.9071],[-101.0238,65.8757],[-101.3322,65.8848],[-101.6792,65.9568],[-101.7701,65.9468],[-101.7702,65.9468]],[[-108.0895,64.7154],[-107.9792,64.7203],[-107.9789,64.7204]],[[-108.5333,64.5621],[-108.3249,64.6038],[-108.1803,64.6856]]]},"properties":{"name":"Back","scalerank":6,"min_zoom":5}},
{"type":"Feature","geometry":{"type":"MultiLineString","coordinates":[[[-96.9955,66.1517],[-96.7881,66.0812],[-96.5405,66.0716],[-96.2786,66.1584],[-95.9433,66.3431],[-95.7917,66.5052],[-95.821,66.5911]],[[-98.6564,65.9269],[-98.5487,65.8711],[-98.4212,65.9372],[-98.1355,65.9222],[-98.1008,65.9867],[-97.9388,66.0371],[-97.3977,65.9394],[-97.2672,65.9742]],[[-107.9792,64.7203],[-107.8061,64.7661],[-107.7023,64.8965],[-107.5401,64.954],[-107.4991,65.0336],[-107.378,65.0711],[-107.3687,65.2403],[-107.4232,65.3255],[-107.1781,65.4876],[-106.8793,65.4481],[-106.631,65.2724],[-106.5057,65.2431],[-106.1345,65.2412],[-106.1038,65.1927],[-105.4891,65.1192],[-105.1925,65.061],[-104.9152,65.0692],[-104.6266,65.1286],[-104.017,65.2064],[-103.3002,65.4127],[-103.3045,65.4596],[-103.0121,65.5987],[-102.2506,65.6024],[-102.0724,65.6994],[-102.1673,65.796],[-101.7701,65.9468]],[[-108.1803,64.6856],[-108.0897,64.7154]],[[-108.828,64.5621],[-108.5332,64.5621]]]},"properties":{"name":"Back","scalerank":6,"min_zoom":5}},
{"type":"Feature","geometry":{"type":"LineString","coordinates":[[-106.8531,51.2624],[-106.7738,51.1678],[-106.6356,51.0855],[-106.8582,51.0321],[-106.9656,50.8836],[-106.9567,50.8221],[-107.0727,50.7438],[-107.1725,50.7544],[-107.2836,50.7027],[-107.3846,50.6961],[-107.5511,50.629],[-107.6273,50.658],[-107.8678,50.6762],[-108.0057,50.658]]},"properties":{"name":"South Saskatchewan","scalerank":6,"min_zoom":5}},
{"type":"Feature","geometry":{"type":"MultiLineString","coordinates":[[[-116.422,51.6673],[-116.3183,51.6263],[-116.3122,51.5444],[-116.0731,51.3595],[-115.7225,51.1944],[-115.5416,51.2091],[-115.4428,51.1818],[-115.2602,51.055],[-115.0225,51.1503],[-114.9217,51.1646],[-114.6737,51.2475],[-114.555,51.2268],[-114.0151,51.0211],[-114.0391,50.9824],[-113.9654,50.856],[-113.7916,50.8154],[-113.5156,50.7949],[-113.338,50.856],[-113.1962,50.8635],[-113.1526,50.7783],[-113.0251,50.7542],[-112.9437,50.7919],[-112.7391,50.7632],[-112.65,50.794],[-112.5143,50.7065],[-112.4661,50.6334],[-112.3778,50.6239],[-112.34,50.47],[-112.1649,50.4116],[-112.1781,50.3452],[-112.0531,50.1998],[-111.8799,50.193],[-111.8434,50.1461],[-111.6783,50.1441],[-111.5815,50.0466],[-111.5994,49.9796],[-111.704,49.929]],[[-106.8533,51.2626],[-106.969,51.3287],[-107.0692,51.4293],[-107.0492,51.5866],[-106.9403,51.6633],[-106.7922,51.7269],[-106.7277,51.8132],[-106.7685,51.9716],[-106.7134,52.0758],[-106.6004,52.1936],[-106.4643,52.2872],[-106.2892,52.4808],[-106.1548,52.5629],[-106.1076,52.6625],[-106.128,52.7752],[-106.0121,52.9138],[-105.7439,52.9335],[-105.7113,52.9977],[-105.5248,53.0086],[-105.4913,53.111],[-105.4149,53.1595],[-105.2213,53.1386],[-105.0845,53.1894],[-105.0651,53.2404]],[[-111.7062,49.9312],[-111.704,49.929]],[[-111.704,49.929],[-111.6273,49.8909],[-111.4401,49.9143],[-111.425,49.9666],[-111.2639,50.0471],[-111.1501,50.0618],[-110.9612,50.0233],[-110.836,50.0827],[-110.7432,50.0369],[-110.63,50.069],[-110.5815,50.1407],[-110.6504,50.2465],[-110.589,50.4383],[-110.4996,50.4594],[-110.4208,50.4171],[-110.3824,50.5852],[-110.1952,50.6349],[-110.0751,50.7952],[-109.8423,50.9535],[-109.6931,50.9712],[-109.4643,50.9597],[-109.3079,51.0081],[-108.9462,51.0142],[-108.807,50.9461],[-108.6971,50.9597],[-108.4991,50.9182],[-108.4288,50.7957],[-108.2684,50.6768],[-108.0057,50.658]],[[-111.704,49.929],[-111.7062,49.925]]]},"properties":{"name":"South Saskatchewan","scalerank":6,"min_zoom":5}},
{"type":"Feature","geometry":{"type":"LineString","coordinates":[[-0.9742,8.6612],[-1.0015,8.7508],[-1.0972,8.8306],[-1.1567,8.9205],[-1.1262,9.0776],[-1.1517,9.1165]]},"properties":{"name":"Nakanbé","scalerank":6,"min_zoom":5}},
{"type":"Feature","geometry":{"type":"LineString","coordinates":[[-2.0828,14.0101],[-2.0895,13.9796],[-2.0574,13.6802],[-2.1252,13.5278],[-2.0628,13.4273],[-2.0431,13.3254],[-2.0964,13.1635],[-2.1493,13.0809],[-2.0902,13.0294],[-1.9796,13.0709],[-1.8196,13.0778],[-1.6861,13.0642],[-1.557,12.9971],[-1.4832,12.9903],[-1.4527,12.9339],[-1.3438,12.9795],[-1.2674,12.9736],[-1.1927,12.9003],[-1.1579,12.8109],[-1.1517,12.6973],[-1.0902,12.6625],[-1.06,12.4478],[-1.115,12.3213],[-1.0972,12.2418],[-1.0224,12.0878],[-0.7675,11.8104],[-0.7955,11.6937],[-0.744,11.549],[-0.5621,11.4882],[-0.4822,11.3802],[-0.5219,11.3396],[-0.4354,11.1944],[-0.367,11.1449],[-0.3575,11.0564],[-0.3844,10.8382],[-0.3293,10.7962],[-0.3679,10.7354],[-0.3361,10.6379],[-0.4104,10.607],[-0.4807,10.6218],[-0.5074,10.5628],[-0.5894,10.5426],[-0.6868,10.5709],[-0.7197,10.6522],[-0.7852,10.6428],[-0.891,10.5013],[-1.0135,10.534],[-1.0692,10.4808],[-1.0666,10.3275],[-1.0067,10.2488],[-1.0104,10.1881],[-1.0897,10.1383],[-1.0203,10.074],[-0.9924,9.9524],[-1.004,9.8533],[-0.9434,9.7547],[-0.9735,9.7062],[-1.0623,9.6727],[-1.1684,9.7274],[-1.2473,9.6994],[-1.3777,9.6175],[-1.3951,9.5616],[-1.354,9.5032],[-1.3668,9.4077],[-1.2434,9.2584],[-1.2264,9.1541],[-1.1517,9.1166]]},"properties":{"name":"Nakanbé","scalerank":6,"min_zoom":5}},
{"type":"Feature","geometry":{"type":"LineString","coordinates":[[27.3848,66.7648],[27.5631,66.6358],[27.3894,66.593],[27.3595,66.467]]},"properties":{"name":"Kemijoki","scalerank":6,"min_zoom":5}},
{"type":"Feature","geometry":{"type":"MultiLineString","coordinates":[[[28.781,68.105],[28.9802,67.9753],[28.8272,67.8408],[28.8416,67.7841],[28.6855,67.6531],[28.4557,67.5241],[28.1572,67.3986],[28.1951,67.2757],[28.0554,67.2211],[27.7532,67.1938],[27.4801,67.1392],[27.5601,67.0056],[27.3848,66.7648]],[[27.3595,66.467],[27.3115,66.3851],[27.1499,66.3365],[26.1544,66.4147],[25.927,66.5161],[25.8276,66.522],[25.5955,66.4287],[25.4326,66.4193],[25.335,66.2069],[25.121,66.1344],[24.791,66.0711],[24.7106,65.9121]]]},"properties":{"name":"Kemijoki","scalerank":6,"min_zoom":5}},
{"type":"Feature","geometry":{"type":"LineString","coordinates":[[109.5868,63.4554],[109.6591,63.4777],[109.8892,63.4162],[110.088,63.4921],[110.3059,63.4449],[110.4625,63.3556],[110.4092,63.2547],[110.4317,63.1651],[110.587,63.1863],[110.6792,63.1308],[110.546,63.0795],[110.7512,62.992],[110.9319,62.9482],[111.1328,63.0474],[111.315,63.0987],[111.5367,63.085],[111.6956,63.2493],[111.8761,63.2082],[111.9171,63.0795],[111.7421,63.0221],[111.7721,62.9465],[111.9387,62.8614],[112.1636,62.8552],[112.2839,63.0303],[112.48,63.0206]]},"properties":{"name":"Vilyuy","scalerank":6,"min_zoom":5}},
{"type":"Feature","geometry":{"type":"MultiLineString","coordinates":[[[103.5164,65.994],[103.7307,66.0128],[103.9683,65.9152],[104.0038,65.8343],[104.1298,65.7551],[104.5388,65.7142],[104.7297,65.6452],[105.0538,65.6521],[105.2421,65.6916],[105.2363,65.7408],[105.4457,65.7749],[105.6279,65.7081],[105.919,65.5384],[105.9153,65.4466],[106.1349,65.4596],[106.302,65.4197],[106.7377,65.4807],[106.7751,65.5609],[107.2178,65.6155],[107.5874,65.6384],[107.8003,65.5831],[107.8208,65.4596],[107.9225,65.3709],[108.0569,65.3225],[108.2726,65.3367],[108.4172,65.2601],[108.5842,65.2195],[108.8233,65.0887],[109.0635,65.1555],[109.1837,65.1136],[109.2322,65.035],[109.4807,64.9807],[109.5064,64.9122],[109.3437,64.8035],[109.3217,64.6845],[109.5355,64.6328],[109.5326,64.5431],[109.3259,64.5039],[109.4277,64.3746],[109.3486,64.3171],[109.2031,64.3374],[109.0463,64.1592],[109.2452,64.1512],[109.3613,64.1817],[109.5422,64.1531],[109.5424,64.0836],[109.3866,64.0539],[109.4444,63.911],[109.5654,63.8851],[109.4565,63.7326],[109.239,63.6776],[109.3521,63.5516],[109.5868,63.4554]],[[126.4298,64.4139],[126.4213,64.3971],[126.4156,64.3802],[126.4151,64.3437],[126.4274,64.26],[125.9858,63.9959],[125.8165,63.9488],[125.3566,63.9064],[125.1798,63.869],[124.7459,63.9777],[124.6089,64.0318],[124.3635,64.0408],[124.2377,64.0728],[124.0071,64.05],[123.7365,64.1046],[123.2564,63.9583],[123.1787,63.9103],[122.9814,63.904],[122.8247,63.94],[122.678,63.9048],[122.3692,63.8754],[121.8554,63.8741],[121.608,63.785],[121.1562,63.7962],[121.0698,63.7192],[120.8967,63.7523],[120.665,63.6378],[120.477,63.6432],[120.4959,63.5134],[120.4409,63.4788],[120.2309,63.511],[120.0425,63.5787],[119.7407,63.5707],[119.5805,63.5213],[119.2219,63.5161],[119.1196,63.4785],[118.9075,63.4903],[118.9274,63.3989],[118.5999,63.2958],[118.332,63.2945],[117.875,63.2624],[117.629,63.171],[117.5361,63.0504],[117.5234,62.9315],[117.4448,62.8384],[117.5025,62.7796],[117.4185,62.7058],[117.4159,62.5561],[117.544,62.4918],[117.5203,62.3456],[117.7329,62.2081],[117.4324,62.0082],[117.1754,61.9287],[116.6528,62.004],[116.4234,62.0174],[116.1119,62.178],[116.1716,62.2589],[116.1038,62.306],[115.7554,62.3698],[115.7281,62.4619],[115.7774,62.5858],[115.5358,62.5773],[115.3683,62.635],[115.3088,62.7373],[115.3818,62.795],[115.2035,62.8445],[115.2942,62.9356],[115.2075,63.0175],[115.0862,63.0567],[114.9182,62.9921],[114.706,63.0289],[114.6152,63.096],[114.6243,63.1923],[114.2881,63.1337],[114.1143,63.195],[113.7431,63.2557],[113.4716,63.1155],[113.3167,63.057],[113.4456,62.9051],[113.3179,62.824],[113.1665,62.9849],[113.0466,62.9862],[112.8906,63.0659],[112.7149,62.9484],[112.4802,63.0203]]]},"properties":{"name":"Vilyuy","scalerank":6,"min_zoom":5}},
{"type":"Feature","geometry":{"type":"LineString","coordinates":[[98.0071,47.999],[97.9308,47.9916],[97.7963,48.0451],[97.6546,48.0468],[97.415,48.1518],[97.3922,48.2246],[97.4596,48.3181],[97.4378,48.4746],[97.5422,48.5943],[97.7195,48.7021],[97.9816,48.7694],[98.1033,48.7259],[98.2057,48.7395],[98.6445,48.7315],[98.8506,48.7179],[99.147,48.6254],[99.3067,48.6083],[99.4148,48.6802],[99.7231,48.7957],[99.9127,48.8469],[99.9631,48.885],[100.246,48.9645],[100.2913,49.0144],[100.5903,49.0782],[100.6853,49.1675],[100.6996,49.2631]]},"properties":{"name":"Ideriyn","scalerank":2,"min_zoom":2.1}},
{"type":"Feature","geometry":{"type":"LineString","coordinates":[[111.4776,32.5678],[111.3648,32.5749],[111.1388,32.6891],[111,32.7407]]},"properties":{"name":"Han","scalerank":6,"min_zoom":5}},
{"type":"Feature","geometry":{"type":"MultiLineString","coordinates":[[[106.3984,33.0677],[106.4734,33.1153],[106.6656,33.144],[106.7005,33.1223],[106.8836,33.1314],[107.0156,33.0384],[107.1563,33.0475],[107.2126,33.0967],[107.3233,33.1013],[107.5471,33.1906],[107.7874,33.1688],[107.8887,33.2436],[107.9596,33.1881],[107.9373,33.1344],[108.0261,33.0467],[108.2197,33.0323],[108.2791,32.9893],[108.2481,32.9262],[108.2862,32.7996],[108.4717,32.6334],[108.523,32.5288],[108.6157,32.4883],[108.6972,32.4918],[108.7581,32.5374],[108.7599,32.6016],[108.8904,32.6117],[108.9961,32.6562],[109.1485,32.7879],[109.2551,32.7524],[109.3346,32.7586],[109.4129,32.8677],[109.5657,32.8835],[109.7393,32.9368]],[[109.7393,32.93],[109.8355,32.8958],[109.9926,32.8889],[110.1235,32.8133],[110.2741,32.7899],[110.3976,32.858],[110.5071,32.8133],[110.6367,32.7934],[110.7461,32.8616],[110.8242,32.8146],[110.9522,32.8014],[111,32.7407]],[[111.4776,32.5678],[111.4922,32.5301],[111.6653,32.4024],[111.6331,32.3493],[111.6936,32.2242],[111.8013,32.1354],[111.8272,32.0787],[111.9317,32.0939],[112.0265,32.0464],[112.1929,32.022],[112.1677,31.9395],[112.2202,31.8836],[112.1773,31.7973],[112.3367,31.7244],[112.4524,31.5502],[112.4524,31.4434],[112.4023,31.3583],[112.5698,31.1929],[112.5081,31.063],[112.5894,30.8692],[112.6497,30.7832],[112.5963,30.6762],[112.7033,30.6616],[112.6926,30.5521],[112.7836,30.5767],[112.816,30.5179],[112.9514,30.5313],[113.0664,30.5109],[113.1134,30.4531],[113.4859,30.399],[113.623,30.5317],[113.647,30.5862],[113.7388,30.6269],[113.7892,30.6005],[113.968,30.6619],[114.0698,30.6005],[114.1707,30.5982],[114.2896,30.5664]]]},"properties":{"name":"Han","scalerank":6,"min_zoom":5}},
{"type":"Feature","geometry":{"type":"LineString","coordinates":[[83.8576,21.5201],[83.8565,21.5205],[83.7144,21.6947],[83.5753,21.7476],[83.4671,21.6455],[83.3902,21.6925],[83.2997,21.6951]]},"properties":{"name":"Mahäna Nadï","scalerank":6,"min_zoom":5}},
{"type":"Feature","geometry":{"type":"MultiLineString","coordinates":[[[83.8565,21.5205],[83.9338,21.4924],[83.9746,21.3902],[83.8975,21.3076],[83.9033,21.1884],[83.83,21.0548],[83.8328,20.9308],[83.9648,20.8359],[84.0484,20.8141],[84.2285,20.8906],[84.3135,20.8677],[84.3647,20.7574],[84.5162,20.7362],[84.7297,20.6076],[84.8096,20.5123],[84.8954,20.5181],[85.0162,20.4388],[85.1694,20.3784],[85.2334,20.3963],[85.3443,20.3567],[85.4946,20.3759],[85.6448,20.4578],[85.7236,20.4373],[85.7725,20.4714],[85.8653,20.4457],[85.9641,20.3623],[86.0113,20.3667],[86.0631,20.2613],[86.1332,20.221],[86.1587,20.1431]],[[80.6253,20.599],[80.6321,20.7534],[80.7482,20.7786],[80.8418,20.9357],[80.9307,21.0276],[81.1347,21.0957],[81.2316,21.1021],[81.3565,21.4875],[81.4358,21.617],[81.6023,21.6365],[81.6741,21.576],[81.7131,21.6905],[81.7007,21.7582],[81.879,21.7816],[82.0349,21.8883],[82.1701,21.8518],[82.1865,21.7884],[82.3247,21.7191],[82.4444,21.7538],[82.6586,21.7213],[82.8062,21.7352],[82.8523,21.7025],[83.017,21.7355],[83.2997,21.6951]]]},"properties":{"name":"Mahäna Nadï","scalerank":6,"min_zoom":5}},
{"type":"Feature","geometry":{"type":"LineString","coordinates":[[-122.0946,40.7835],[-122.3692,40.7634]]},"properties":{"name":"Pit","scalerank":6,"min_zoom":5}},
{"type":"Feature","geometry":{"type":"LineString","coordinates":[[-120.4294,41.7089],[-120.4149,41.6076],[-120.4779,41.5108],[-120.589,41.5018],[-120.7631,41.4296],[-120.8546,41.4439],[-121.1262,41.3519],[-121.1419,41.1841],[-121.1099,41.0479],[-121.1918,40.9497],[-121.2791,41.0429],[-121.3595,41.0542],[-121.5132,40.9906],[-121.6527,41.0305],[-121.8164,40.9726],[-121.8985,41.0328],[-121.9783,40.9696],[-121.9521,40.8673],[-122.0946,40.7835]]},"properties":{"name":"Pit","scalerank":6,"min_zoom":5}},
{"type":"Feature","geometry":{"type":"LineString","coordinates":[[-7.0435,7.0414],[-7.0622,6.8752],[-6.9871,6.7822],[-6.9754,6.6339],[-7.0101,6.569],[-6.9794,6.5135],[-7.0137,6.3851],[-7.0601,6.3347],[-7.0445,6.2528]]},"properties":{"name":"Sassandra","scalerank":6,"min_zoom":5}},
{"type":"Feature","geometry":{"type":"MultiLineString","coordinates":[[[-7.1675,9.7137],[-7.2309,9.553],[-7.2078,9.4984],[-7.2071,9.366],[-7.2301,9.2674],[-7.2301,9.1451],[-7.2633,9.0318],[-7.2363,8.9521]],[[-7.2363,8.9453],[-7.191,8.7959],[-7.2204,8.6422],[-7.1267,8.3035],[-7.1306,8.2178],[-7.0929,8.116],[-7.1011,8.0311],[-7.0718,7.9584],[-7.0991,7.9038],[-7.0793,7.6778],[-7.0061,7.4454],[-7.0855,7.3659],[-7.0793,7.1707],[-7.0423,7.0418]],[[-7.0445,6.2528],[-6.9551,6.177],[-6.8664,6.1356],[-6.8147,6.0554],[-6.7156,6.0131],[-6.7431,5.9403],[-6.6676,5.8004],[-6.6268,5.8009],[-6.5176,5.5743],[-6.4295,5.5035],[-6.3767,5.405],[-6.2869,5.3236],[-6.2668,5.2351],[-6.2242,5.2065],[-6.207,5.0541],[-6.0644,4.9573]]]},"properties":{"name":"Sassandra","scalerank":6,"min_zoom":5}},
{"type":"Feature","geometry":{"type":"MultiLineString","coordinates":[[[-95.4311,56.3392],[-95.1527,56.3873],[-95.0211,56.3702],[-94.7794,56.3938]],[[-96.5526,56.0628],[-96.4356,56.1325],[-96.2172,56.1474],[-96.1308,56.2424],[-95.842,56.2908],[-95.8409,56.2912]],[[-97.9455,54.9482],[-97.8011,54.9929],[-97.6149,55.1195],[-97.2541,55.2356]],[[-97.9015,54.7047],[-97.7912,54.5708],[-97.7908,54.5707]],[[-96.5976,50.9793],[-96.5826,51.1569],[-96.5945,51.4182],[-96.7782,51.7224],[-97.0933,51.963],[-97.1749,52.0738],[-97.2866,52.171],[-97.4571,52.2713],[-97.5894,52.4154],[-97.6313,52.5554],[-97.717,52.6817],[-97.8033,52.8827],[-97.9086,53.3045],[-97.9136,53.5186],[-97.8682,53.7454],[-98.0184,53.867],[-97.9927,53.9806],[-97.8315,54.0132],[-97.7401,54.0911]]]},"properties":{"name":"Nelson","scalerank":4,"min_zoom":4}},
{"type":"Feature","geometry":{"type":"MultiLineString","coordinates":[[[-94.7794,56.3938],[-94.5123,56.3877],[-94.1989,56.4294],[-94.0978,56.5152],[-93.9126,56.5746],[-93.7648,56.6998],[-93.5188,56.8122],[-93.4349,56.8944],[-93.1489,56.922],[-92.8819,56.9146]],[[-95.842,56.2908],[-95.6837,56.3297],[-95.4311,56.3392]],[[-97.2541,55.2356],[-97.0958,55.2354],[-96.9518,55.284],[-96.7728,55.449],[-96.732,55.6284],[-96.5982,55.8236],[-96.5341,56.0208],[-96.5526,56.0628]],[[-97.9015,54.7047],[-98.0109,54.8032],[-98.0104,54.9097],[-97.9455,54.9482]],[[-97.7401,54.0911],[-97.6726,54.1336],[-97.5465,54.2916],[-97.6377,54.3996],[-97.575,54.5162],[-97.7912,54.5708]]]},"properties":{"name":"Nelson","scalerank":4,"min_zoom":4}},
{"type":"Feature","geometry":{"type":"MultiLineString","coordinates":[[[11.2161,59.6518],[11.2105,59.7921],[11.1336,59.9119]],[[11.1702,59.3886],[11.218,59.4848]]]},"properties":{"name":"Vorma","scalerank":6,"min_zoom":5}},
{"type":"Feature","geometry":{"type":"MultiLineString","coordinates":[[[12.0276,60.5248],[12.0435,60.3638],[12.0139,60.2102],[11.8882,60.204],[11.6982,60.2485],[11.3737,60.0832],[11.1336,59.9119]],[[11.2161,59.6518],[11.1013,59.5668],[11.218,59.4848]],[[11.1702,59.3886],[11.1318,59.2703],[11.0293,59.2552],[10.9362,59.1832]]]},"properties":{"name":"Vorma","scalerank":6,"min_zoom":5}},
{"type":"Feature","geometry":{"type":"LineString","coordinates":[[42.1098,47.6018],[42.6934,47.7999],[42.8578,47.8451],[42.9917,48.0703],[43.0326,48.1822],[43.1666,48.3439],[43.3931,48.4794],[43.5395,48.6461],[43.4601,48.7215],[43.6489,48.9276],[43.8145,48.9317],[43.9307,49.0008],[43.9307,49.0815],[43.9927,49.1937],[43.8921,49.2155],[43.7708,49.1816],[43.6992,49.2253],[43.6961,49.367],[43.5491,49.5067]]},"properties":{"name":"Don","scalerank":6,"min_zoom":5}},
{"type":"Feature","geometry":{"type":"MultiLineString","coordinates":[[[39.1012,52.0148],[39.1702,52.0838],[39.0561,52.1876],[38.8566,52.3281],[38.9306,52.481],[38.8889,52.522],[38.9386,52.6319],[38.9,52.722],[39.0107,52.7949],[39.0034,52.8837],[39.1292,52.9466],[39.1845,53.1048],[39.1254,53.1429],[39.1466,53.3766],[39.1313,53.4532],[38.9913,53.4883],[39.033,53.5532],[38.8982,53.5812],[38.5049,53.7562],[38.5463,53.8515],[38.3062,54.0638]],[[43.5491,49.5067],[43.3225,49.48],[43.2952,49.3837],[43.1487,49.3214],[43.0154,49.3642],[42.8223,49.48],[42.7866,49.5736],[42.6606,49.5621],[42.5964,49.5894],[42.4936,49.5759],[42.3759,49.5836],[42.2676,49.6054],[42.1035,49.596],[41.9797,49.6173],[41.9247,49.5818],[41.7744,49.5865],[41.5108,49.6255],[41.3357,49.5755],[41.2475,49.6204],[41.2888,49.682],[41.2208,49.7515],[41.0719,49.7979],[40.9475,49.791],[40.9099,49.9046],[40.8282,49.9352],[40.7051,49.925],[40.5484,50.0576],[40.4544,50.1673],[40.3853,50.1383],[40.363,50.0548],[40.2461,50.1031],[40.0133,50.0841],[40.0421,50.2281],[39.9809,50.2752],[40.0608,50.4253],[40.0396,50.5072],[39.8783,50.5675],[39.874,50.6246],[39.7627,50.6984],[39.7637,50.7862],[39.8473,50.821],[39.7214,50.9538],[39.6362,50.9461],[39.2937,51.0007],[39.1773,50.9844],[39.1441,51.0946],[39.2729,51.1383],[39.1674,51.2181],[39.2048,51.2893],[39.09,51.352],[39.0121,51.4624],[39.0713,51.5306],[38.9988,51.5828],[39.0278,51.7],[39.1528,51.9095],[39.1012,52.0081]],[[42.1098,47.6018],[41.9832,47.5465],[41.7219,47.6029],[41.4341,47.6118],[41.3604,47.5574],[41.0061,47.5608],[40.985,47.6181],[40.8871,47.5691],[40.7802,47.5335],[40.6357,47.5252],[40.4758,47.46],[40.3637,47.3188],[40.1997,47.2213],[39.8642,47.2223],[39.58,47.1701],[39.3779,47.1108]]]},"properties":{"name":"Don","scalerank":6,"min_zoom":5}},
{"type":"Feature","geometry":{"type":"LineString","coordinates":[[115.9819,29.2792],[116.0519,29.3325],[116.0458,29.4237],[116.1147,29.4925],[116.1975,29.7514]]},"properties":{"name":"Gan","scalerank":6,"min_zoom":5}},
{"type":"Feature","geometry":{"type":"LineString","coordinates":[[114.4125,24.7071],[114.4849,24.7002],[114.6192,24.8242],[114.7711,24.9219],[114.7846,25.0181],[114.752,25.1039],[114.899,25.1626],[114.865,25.2657],[114.8857,25.3439],[114.9644,25.4226],[115.0039,25.5054],[115.0093,25.6427],[115.0839,25.7065],[115.1066,25.8658],[114.9424,25.9283],[114.8975,25.9663],[114.9537,26.0571],[114.8928,26.1321],[114.9537,26.2147],[114.9014,26.3406],[114.7036,26.5021],[114.6763,26.5604],[114.8036,26.6756],[114.8376,26.7764],[115.0026,26.8248],[114.9722,26.9207],[115.0299,26.9879],[114.9816,27.0638],[114.9981,27.1422],[115.0899,27.2005],[115.1152,27.302],[115.0635,27.4515],[115.2149,27.626],[115.3305,27.6951],[115.4317,27.893],[115.4832,28.056],[115.583,28.137],[115.7577,28.1899],[115.8655,28.284],[115.7966,28.5653],[115.8159,28.6295],[115.9815,28.8533],[116.0274,28.9742],[115.9968,29.1064],[115.9819,29.2792]]},"properties":{"name":"Gan","scalerank":6,"min_zoom":5}},
{"type":"Feature","geometry":{"type":"LineString","coordinates":[[78.9972,16.2303],[79.1606,16.2193],[79.2148,16.2445],[79.2334,16.3305],[79.2083,16.3887],[79.2135,16.4932],[79.3134,16.5794]]},"properties":{"name":"Krishna","scalerank":6,"min_zoom":5}},
{"type":"Feature","geometry":{"type":"MultiLineString","coordinates":[[[73.7964,17.9918],[73.9314,17.9103],[74.046,17.7032],[74.1254,17.6418],[74.1461,17.579],[74.0903,17.4905],[74.1084,17.3916],[74.2099,17.2816],[74.2032,17.1544],[74.3036,17.1073],[74.448,16.9934],[74.6089,16.8108],[74.6306,16.617],[74.698,16.5655],[74.7793,16.591],[74.8062,16.6507],[74.9877,16.6666],[75.0948,16.5401],[75.1601,16.5518],[75.2172,16.6267],[75.2632,16.5934],[75.36,16.6016],[75.4048,16.5372],[75.5681,16.4287],[75.6299,16.4494],[75.7856,16.3491],[75.8316,16.3607],[76.0532,16.2718],[76.0796,16.1978],[76.2808,16.1546],[76.3678,16.2431],[76.4766,16.2508],[76.5523,16.3363],[76.8745,16.4835],[77.0515,16.519],[77.1655,16.4415],[77.394,16.3812],[77.7346,16.3266],[77.8604,16.2488],[77.9358,16.1409],[78.176,15.9492],[78.4,16.0834],[78.4998,16.0938],[78.6292,16.0711],[78.7341,16.0303],[78.8394,16.0667],[78.8391,16.1248],[78.9972,16.2303]],[[79.3134,16.5794],[79.4063,16.5872],[79.5043,16.6419],[79.7209,16.689],[79.752,16.7237],[79.8823,16.7032],[79.9581,16.6304],[80.043,16.7386],[80.1205,16.7913],[80.1404,16.6583],[80.2721,16.5798],[80.476,16.5899],[80.683,16.4363],[80.7178,16.357],[80.8174,16.2638],[80.8827,16.0137]]]},"properties":{"name":"Krishna","scalerank":6,"min_zoom":5}},
{"type":"Feature","geometry":{"type":"MultiLineString","coordinates":[[[106.585,52.1592],[106.4701,52.2589],[106.4973,52.3831]],[[106.585,52.1592],[106.5913,52.2686],[106.752,52.3165]],[[106.5868,52.1589],[106.585,52.1592]],[[100.6996,49.2631],[100.9548,49.3029],[101.1987,49.4309],[101.304,49.4224],[101.4264,49.4634],[101.5881,49.3878],[102.0182,49.3999],[102.1912,49.3411],[102.4601,49.3456],[102.688,49.3946],[102.8045,49.3547],[102.8984,49.3944],[103.062,49.3421],[103.5475,49.3615],[103.9248,49.4883],[104.2739,49.4711],[104.5454,49.637],[104.7237,49.6849],[104.8976,49.6984],[105.0115,49.7537],[105.1347,49.7558],[105.186,49.8136],[105.4151,49.8588],[105.5044,49.9387],[105.7439,50.0201],[105.7986,50.1003],[105.9648,50.1453],[106.1554,50.254],[106.0833,50.3433],[106.0816,50.4629],[106.2855,50.554],[106.2361,50.6207],[106.3125,50.7133],[106.2647,50.8635],[106.3123,50.9512],[106.4601,51.0211],[106.6376,51.0441],[106.8048,51.2303],[106.9915,51.3166],[107.0083,51.4016],[107.169,51.5059],[107.3036,51.5231],[107.4098,51.6811],[107.5449,51.7823],[107.4917,51.9944],[107.5186,52.0477],[107.4707,52.1384],[107.0683,52.1262],[106.7939,52.0364],[106.6311,52.1106],[106.585,52.1592]]]},"properties":{"name":"Selenga","scalerank":2,"min_zoom":2.1}},
{"type":"Feature","geometry":{"type":"LineString","coordinates":[[-128.5703,57.079],[-128.4737,57.0425],[-128.2843,56.9074],[-127.9312,56.7764],[-127.6119,56.5917],[-127.5083,56.4422],[-127.3621,56.3386],[-127.4503,56.2719],[-127.8209,56.2972],[-127.9679,56.2052],[-127.9706,56.0833],[-127.8714,55.9628],[-127.9217,55.7657],[-127.7106,55.7508],[-127.7484,55.6743],[-127.7198,55.5758],[-127.6273,55.501],[-127.6071,55.4204],[-127.6848,55.3585],[-127.6844,55.2462],[-127.8273,55.1286],[-127.9781,55.1371],[-128.2077,55.0926],[-128.38,54.9788],[-128.3841,54.9156],[-128.2678,54.7985],[-128.4154,54.6429],[-128.4257,54.5958],[-128.5832,54.5142],[-128.6675,54.5252],[-128.9264,54.4207],[-128.9936,54.4306],[-129.2098,54.3494],[-129.3836,54.3079],[-129.4835,54.2419]]},"properties":{"name":"Skeena","scalerank":6,"min_zoom":5}},
{"type":"Feature","geometry":{"type":"LineString","coordinates":[[-131.3727,61.2042],[-131.3126,61.0319],[-131.2134,61.0302],[-131.0646,61.0914],[-130.9276,61.049],[-130.5504,60.8547],[-130.5079,60.7981],[-130.1202,60.7292],[-129.9703,60.6644],[-129.9078,60.5878],[-129.765,60.5579],[-129.7533,60.5057],[-129.544,60.4134],[-129.4678,60.3339],[-129.1653,60.2718],[-128.8236,60.0323],[-128.6576,60.0309],[-128.515,59.9327],[-128.2797,59.861],[-128.05,59.8597],[-127.9193,59.9276],[-127.836,60.0145],[-127.5797,59.9766],[-127.4226,59.8775],[-127.5192,59.7514],[-127.4154,59.7126],[-127.2995,59.738],[-127.1805,59.7049],[-127.1383,59.6357],[-126.9617,59.6675],[-126.4031,59.5578],[-126.2139,59.4538],[-126.0045,59.4125],[-125.8179,59.4703],[-125.785,59.4146],[-125.3341,59.2914],[-124.9256,59.3684],[-124.8189,59.4515],[-124.6652,59.6579],[-124.5076,59.7606],[-124.3656,59.7426],[-124.2292,59.6675],[-124.2237,59.6183],[-124.0371,59.5782],[-123.9662,59.6968],[-123.8725,59.7676],[-123.8902,59.8351],[-123.8419,59.999],[-123.8623,60.0542],[-123.7659,60.1673],[-123.497,60.2574],[-123.3846,60.328],[-123.5143,60.5192],[-123.5621,60.6464],[-123.5266,60.7181],[-123.3598,60.7421],[-123.3556,60.81],[-123.5073,60.8093],[-123.4975,60.9041],[-123.3344,60.9053],[-123.3414,60.9671],[-123.2562,61.0137],[-123.3387,61.0478],[-123.0994,61.0998],[-122.8898,61.1086],[-122.7104,61.2511],[-122.5635,61.2635],[-122.04,61.3755],[-121.8476,61.3776],[-121.5779,61.4461],[-121.4032,61.5747],[-121.4448,61.6615],[-121.2193,61.7349],[-121.2764,61.8458]]},"properties":{"name":"Liard","scalerank":6,"min_zoom":5}},
{"type":"Feature","geometry":{"type":"LineString","coordinates":[[18.7966,-11.2563],[18.7898,-11.1675],[18.7483,-11.0639],[18.7538,-10.9354],[18.6397,-10.8037],[18.6192,-10.6945],[18.6533,-10.582],[18.5536,-10.5152],[18.4404,-10.352],[18.4745,-10.2631],[18.6272,-10.0854],[18.6669,-10.0776],[18.688,-9.894],[18.5918,-9.707],[18.4575,-9.6533],[18.4087,-9.6045],[18.3107,-9.4476],[18.2664,-9.3203],[18.194,-9.2621],[18.0293,-9.2206],[18.0568,-9.0796],[18.017,-8.9938],[17.9993,-8.8071],[17.9407,-8.7748],[17.8709,-8.5666],[17.752,-8.5014],[17.7551,-8.4396],[17.5661,-8.3373],[17.5361,-8.0151],[17.4336,-7.9157],[17.4199,-7.8437],[17.342,-7.7839],[17.2883,-7.6992],[17.2859,-7.625],[17.2173,-7.5859],[17.0976,-7.4023],[17.082,-7.3421],[16.9956,-7.2978],[16.9451,-7.2045],[16.9265,-7.0856],[16.9727,-7.0146],[16.9264,-6.8884],[16.8324,-6.8277],[16.7676,-6.7082],[16.7302,-6.5697],[16.7205,-6.4282],[16.7262,-6.1891],[16.6038,-6.0617],[16.5771,-5.8905],[16.6012,-5.86],[16.5513,-5.7534],[16.5628,-5.6981],[16.5348,-5.3765],[16.5012,-5.2678],[16.5082,-5.068],[16.5495,-4.956],[16.5286,-4.7459],[16.5422,-4.605],[16.4966,-4.5036],[16.5479,-4.3495],[16.5029,-4.2199],[16.5771,-4.1499],[16.6897,-4.1425],[16.772,-4.0947],[16.844,-4.0879],[16.9297,-3.9917],[17.0038,-3.9889],[17.0835,-4.0264],[17.2019,-3.924],[17.2417,-3.7829],[17.3374,-3.6528],[17.2766,-3.4911],[17.3647,-3.3686]]},"properties":{"name":"Kwango","scalerank":6,"min_zoom":5}},
{"type":"Feature","geometry":{"type":"LineString","coordinates":[[27.1567,-11.6262],[27.1373,-11.784],[27.2262,-11.8521],[27.3007,-11.9824],[27.3423,-12.1196],[27.4672,-12.2889],[27.5278,-12.3115],[27.6438,-12.4383],[27.7314,-12.3928],[27.7771,-12.438],[27.9229,-12.4751],[28.0757,-12.4878],[28.1504,-12.5747],[28.2333,-12.7162],[28.2671,-12.839],[28.1972,-13.0277],[28.1572,-13.2568],[28.0274,-13.3666],[27.9252,-13.3325],[27.7608,-13.4206],[27.719,-13.5106],[27.6133,-13.5082],[27.5999,-13.6169],[27.6235,-13.7025],[27.3694,-13.978],[27.4192,-14.1186],[27.3657,-14.1839],[27.3647,-14.2472],[27.2495,-14.3019],[27.1908,-14.3671],[27.0303,-14.4095],[26.8045,-14.415],[26.7359,-14.4492],[26.5881,-14.4429],[26.3759,-14.6476],[26.3696,-14.6992],[26.1978,-14.6546],[26.1142,-14.7275],[26.1796,-14.7629],[26.1939,-14.8256],[26.1047,-14.9084],[26.0503,-14.8947],[25.9238,-14.9684],[26.0259,-15.0041],[25.9722,-15.1298],[25.9816,-15.3193],[26.0196,-15.5905],[25.9854,-15.6865],[26.037,-15.7675],[26.2016,-15.818],[26.3076,-15.7376],[26.5584,-15.6454],[26.5806,-15.6943],[26.8222,-15.6581],[26.8345,-15.6092],[26.9246,-15.5669],[27.0678,-15.57],[27.1642,-15.6352],[27.2258,-15.7265],[27.4801,-15.7241],[27.5732,-15.6613],[27.6638,-15.642],[27.7998,-15.6479],[27.8562,-15.6899],[27.9295,-15.6644],[28.0069,-15.683],[28.0405,-15.7319],[28.2459,-15.8171],[28.391,-15.7844],[28.5064,-15.8237],[28.566,-15.8801],[28.6768,-15.8954],[28.7442,-15.9474],[28.8871,-15.9264],[28.9462,-15.9567]]},"properties":{"name":"Kafue","scalerank":6,"min_zoom":5}},
{"type":"Feature","geometry":{"type":"LineString","coordinates":[[-43.4085,-18.2936],[-43.4296,-18.284],[-43.5657,-18.0661],[-43.4933,-17.853],[-43.5897,-17.8386],[-43.6711,-17.6127],[-43.6311,-17.5505],[-43.497,-17.5075],[-43.3832,-17.5101],[-43.3231,-17.4712],[-43.2773,-17.377],[-43.1811,-17.2929],[-43.0864,-17.2658],[-43.001,-17.1769],[-42.9344,-17.0514],[-42.836,-17.0478],[-42.7858,-16.9886],[-42.7465,-16.8646],[-42.6701,-16.7822],[-42.4735,-16.6624],[-42.3226,-16.6221],[-42.1649,-16.6284],[-42.12,-16.6828],[-41.9808,-16.75],[-41.8592,-16.6353],[-41.6942,-16.5767],[-41.4896,-16.5669],[-41.3991,-16.5467],[-41.3401,-16.4984],[-41.26,-16.5122],[-41.2191,-16.4365],[-41.1427,-16.4086],[-41.0199,-16.4413],[-40.8887,-16.3364],[-40.7742,-16.2668],[-40.7418,-16.1947],[-40.6184,-16.1073],[-40.5143,-16.1327],[-40.3178,-16.1151],[-40.2252,-16.1423],[-40.1434,-16.1181],[-40.0676,-16.0605],[-40.0033,-16.075],[-39.9491,-16.0003],[-39.7169,-15.9501],[-39.6185,-15.9658],[-39.5641,-15.9409],[-39.474,-15.9605],[-39.3856,-16.0446],[-39.2687,-16.0351],[-39.1946,-16.0023],[-39.1024,-15.8762],[-38.9864,-15.8322],[-38.8623,-15.8469]]},"properties":{"name":"Jequitinhonha","scalerank":6,"min_zoom":5}},
{"type":"Feature","geometry":{"type":"MultiLineString","coordinates":[[[-70.8991,-43.3928],[-70.7931,-43.0187],[-70.6523,-42.961],[-70.5979,-42.779],[-70.5018,-42.6784],[-70.3811,-42.6122],[-70.249,-42.6147],[-70.0351,-42.6603],[-69.9551,-42.6288],[-69.8333,-42.6327],[-69.6365,-42.674],[-69.5187,-42.8471],[-69.3835,-42.997],[-69.3205,-43.0292],[-69.1969,-43.2182],[-69.1233,-43.2612],[-69.1534,-43.4538],[-69.0477,-43.5568],[-68.9289,-43.6146],[-68.8155,-43.8273],[-68.6543,-43.7881],[-68.4424,-43.8198],[-68.342,-43.8607],[-68.1291,-43.7939],[-67.9053,-43.8184],[-67.6969,-43.7939],[-67.6148,-43.7573],[-67.4276,-43.7196],[-67.2831,-43.7143],[-67.2357,-43.7953],[-67.1557,-43.8374],[-67.035,-43.8517],[-66.8304,-43.8228],[-66.7595,-43.8469],[-66.609,-43.8311],[-66.4468,-43.7905]],[[-71.22,-43.5816],[-71.0493,-43.6169],[-71.0161,-43.54],[-70.9058,-43.3962]],[[-66.4574,-43.745],[-66.5059,-43.7028],[-66.3886,-43.6625],[-66.3625,-43.6049],[-66.0223,-43.4931],[-65.876,-43.3625],[-65.5873,-43.3392],[-65.2651,-43.2834],[-65.1421,-43.2896],[-65.0466,-43.3334]]]},"properties":{"name":"Chubut","scalerank":6,"min_zoom":5}},
{"type":"Feature","geometry":{"type":"LineString","coordinates":[[-70.1365,-32.238],[-70.0415,-32.2904],[-69.9908,-32.3703],[-69.9305,-32.3657],[-69.8236,-32.2835],[-69.7886,-32.1386],[-69.8097,-32.0685],[-69.7581,-32.0239],[-69.714,-31.8926],[-69.553,-31.7524],[-69.4872,-31.5942],[-69.4259,-31.5141],[-69.4298,-31.2778]]},"properties":{"name":"Mendoza","scalerank":6,"min_zoom":5}},
{"type":"Feature","geometry":{"type":"LineString","coordinates":[[-65.8651,-24.2084],[-65.8221,-24.375],[-65.8652,-24.5098],[-65.8621,-24.5778],[-65.7914,-24.6668],[-65.705,-24.8926],[-65.5428,-25.0313],[-65.4228,-25.1063],[-65.441,-25.2113],[-65.2999,-25.2679],[-65.216,-25.2512],[-65.186,-25.1608],[-65.0864,-25.1022],[-64.9502,-25.1579],[-64.8832,-25.3062],[-64.827,-25.3368],[-64.6713,-25.3644],[-64.522,-25.2538],[-64.3977,-25.2204],[-64.2801,-25.0786],[-64.1963,-25.0851],[-64.1553,-25.1401],[-64.0113,-25.5016],[-63.9499,-25.5815],[-63.9552,-25.7093],[-63.8667,-25.8176],[-63.7399,-26.015],[-63.7209,-26.0908],[-63.7848,-26.2121],[-63.7786,-26.298],[-63.7308,-26.3843],[-63.6619,-26.6065],[-63.6984,-26.6506],[-63.7193,-26.829],[-63.6803,-27.1305],[-63.5384,-27.4457],[-63.5725,-27.689],[-63.5384,-27.7231],[-63.4476,-27.9579],[-63.3878,-28.0506],[-63.1887,-28.1903],[-63.1138,-28.2746],[-63.1207,-28.3607],[-63.061,-28.4228],[-62.9698,-28.4499],[-62.8496,-28.5905],[-62.7384,-28.6631],[-62.6334,-28.8881],[-62.6582,-28.9794],[-62.5926,-29.0908],[-62.4832,-29.1415],[-62.346,-29.2445],[-62.271,-29.3267],[-61.9518,-29.3932],[-61.7163,-29.2773],[-61.67,-29.347],[-61.5819,-29.3954],[-61.4792,-29.4023],[-61.3242,-29.4741],[-61.2772,-29.5187],[-61.1447,-29.5508],[-61.0239,-29.6559],[-60.893,-29.6895],[-60.7558,-29.772],[-60.7028,-29.868],[-60.7422,-30.0668],[-60.7223,-30.204],[-60.6526,-30.2787],[-60.6689,-30.5536],[-60.5994,-30.6755],[-60.6329,-30.7521],[-60.699,-30.7529],[-60.8247,-30.8306],[-60.8375,-31.08],[-60.7969,-31.1176],[-60.9118,-31.2954],[-60.8384,-31.348],[-60.7821,-31.4574],[-60.754,-31.6582],[-60.8223,-31.7665],[-60.8353,-31.8724],[-60.7791,-31.8818],[-60.7218,-31.9584]]},"properties":{"name":"Salado","scalerank":6,"min_zoom":5}},
{"type":"Feature","geometry":{"type":"LineString","coordinates":[[-63.7803,2.8464],[-63.6839,3.0213],[-63.6891,3.0847],[-63.7669,3.1614],[-63.7606,3.2529],[-63.7916,3.2989],[-63.7575,3.4497],[-63.7862,3.5433],[-63.737,3.5869],[-63.7053,3.6802],[-63.615,3.7591],[-63.4044,3.6164],[-63.2789,3.6069],[-63.2709,3.6657],[-63.1876,3.6737],[-63.1548,3.6179],[-63.1468,3.4916],[-63.0405,3.416],[-63.0038,3.3595],[-62.8389,3.2579],[-62.6141,3.2333],[-62.4969,3.1965],[-62.4293,3.1361],[-62.2293,3.1419],[-62.1635,3.1709],[-62.0829,3.2526],[-61.9214,3.255],[-61.8389,3.2852],[-61.7874,3.3399],[-61.6021,3.3473],[-61.5646,3.3199],[-61.3761,3.3667],[-61.3219,3.3609],[-61.2298,3.4459],[-60.9926,3.4429],[-60.9361,3.4637],[-60.7114,3.477],[-60.5906,3.4037],[-60.5671,3.1856],[-60.51,3.0972],[-60.5078,3.0218],[-60.5611,2.9075],[-60.6467,2.8231],[-60.7944,2.6088],[-60.8236,2.4838],[-60.8196,2.3354],[-61.0259,2.1303],[-61.0396,2.0494],[-60.9622,1.9355],[-61.109,1.8223],[-61.145,1.7303],[-61.2176,1.6503],[-61.2629,1.4936],[-61.2772,1.3288],[-61.3448,1.1712],[-61.3318,1.0855],[-61.3728,0.9346],[-61.4752,0.7845],[-61.5987,0.6473],[-61.6241,0.5447],[-61.7208,0.4558],[-61.7117,0.3968],[-61.7564,0.2873],[-61.756,0.0856],[-61.8138,-0.0164],[-61.8178,-0.1717],[-61.8594,-0.3669],[-61.8103,-0.4512],[-61.8202,-0.6142],[-61.8697,-0.7027],[-61.8594,-0.7852],[-61.8867,-0.8638],[-61.8805,-1.1284],[-61.8526,-1.2339],[-61.8949,-1.3762]]},"properties":{"name":"Branco","scalerank":6,"min_zoom":5}},
{"type":"Feature","geometry":{"type":"LineString","coordinates":[[-72.426,-10.8447],[-72.3236,-10.9273],[-72.1933,-10.8857],[-72.075,-10.8941],[-71.9507,-10.854],[-71.8417,-10.7847],[-71.8301,-10.7219],[-71.6197,-10.6354],[-71.6031,-10.603],[-71.4776,-10.6058],[-71.3539,-10.4881],[-71.1393,-10.3781],[-71.1517,-10.307],[-71.0487,-10.2482],[-71.0372,-10.1001],[-71.0009,-9.9745],[-70.9115,-9.9335],[-70.9108,-9.8891],[-70.7812,-9.7612],[-70.7139,-9.7256],[-70.69,-9.6054],[-70.5788,-9.5417],[-70.4422,-9.3166],[-70.302,-9.2341],[-70.2778,-9.1385],[-70.2252,-9.1476],[-70.123,-9.0843],[-70.0379,-9.0634],[-69.8473,-9.1066],[-69.7994,-9.0471],[-69.5966,-9.0344],[-69.5718,-8.9935],[-69.4486,-8.9982],[-69.4349,-8.9505],[-69.2853,-8.8368],[-69.0994,-8.7548],[-68.9543,-8.714],[-68.8555,-8.7394],[-68.7977,-8.8031],[-68.6603,-8.83],[-68.5951,-8.9262],[-68.599,-9.0114],[-68.5209,-9.0112],[-68.3971,-9.0838],[-68.3077,-9.0838],[-68.2354,-9.0361],[-68.1538,-9.0666],[-67.8559,-8.9262],[-67.7082,-8.8306],[-67.606,-8.8513],[-67.5876,-8.8023],[-67.4512,-8.7686],[-67.3618,-8.5868],[-67.4034,-8.4396],[-67.3805,-8.3068],[-67.3351,-8.2069],[-67.2316,-8.081],[-67.2567,-7.9863],[-67.2055,-7.8973],[-67.0505,-7.7712],[-66.9827,-7.7619],[-66.9372,-7.6718],[-66.8758,-7.686],[-66.7796,-7.6501],[-66.6598,-7.6655],[-66.4933,-7.557],[-66.3144,-7.5409],[-66.2047,-7.5775],[-66.1758,-7.6214],[-66.0841,-7.6581],[-66.0405,-7.7094],[-65.9346,-7.666],[-65.7415,-7.6752],[-65.6739,-7.7133],[-65.6356,-7.6439],[-65.4643,-7.6376],[-65.3881,-7.5078],[-65.2053,-7.3985],[-65.1361,-7.3928],[-65.1305,-7.3012],[-65.0497,-7.3503],[-64.9784,-7.3203],[-64.9777,-7.2472],[-64.8406,-7.2888],[-64.6904,-7.1607],[-64.5917,-6.9592],[-64.6618,-6.8835],[-64.5662,-6.8153],[-64.5458,-6.6855],[-64.4666,-6.6992],[-64.4496,-6.6172],[-64.3176,-6.5567],[-64.2913,-6.4627],[-64.3048,-6.3421],[-64.2609,-6.2463],[-64.3117,-6.0644],[-64.3149,-5.9693],[-64.4514,-5.914],[-64.4644,-5.8703],[-64.3924,-5.7958],[-64.3739,-5.6852],[-64.3062,-5.6689],[-64.3132,-5.5915],[-64.1617,-5.5951],[-64.0836,-5.6485],[-64.0278,-5.5855],[-63.943,-5.6151],[-63.8852,-5.5903],[-63.7936,-5.7193],[-63.6138,-5.6953],[-63.6337,-5.7857],[-63.5725,-5.8221],[-63.3126,-5.7394],[-63.2296,-5.6624],[-63.0807,-5.7456],[-63.0306,-5.7222],[-63.0524,-5.5615],[-62.9897,-5.5204],[-62.9369,-5.4144],[-62.8447,-5.4523],[-62.8196,-5.3041],[-62.8463,-5.1499],[-62.756,-5.0816],[-62.7855,-4.999],[-62.6372,-4.8735],[-62.6405,-4.9841],[-62.5352,-4.8698],[-62.4664,-4.7474],[-62.3789,-4.7406],[-62.2982,-4.6838],[-62.1642,-4.7216],[-62.0565,-4.5451],[-62.0568,-4.4658],[-61.9934,-4.4091],[-61.885,-4.4076],[-61.8143,-4.2988],[-61.626,-4.2319],[-61.5815,-4.1732],[-61.5373,-4.0532],[-61.3878,-3.8998],[-61.3834,-3.8532],[-61.4834,-3.6696]]},"properties":{"name":"Purús","scalerank":6,"min_zoom":5}},
{"type":"Feature","geometry":{"type":"MultiLineString","coordinates":[[[103.3741,53.1072],[103.3615,53.1817],[103.4112,53.3866],[103.3678,53.5219],[103.3746,53.679],[103.158,53.9824],[103.0475,54.0532],[102.9917,54.15],[103.0288,54.2381],[103.2561,54.4232],[103.235,54.6565],[103.0823,54.7471],[103.1021,54.9098],[103.215,54.9842],[103.3359,55.1295],[103.333,55.2722],[103.1841,55.5156],[103.215,55.6769],[103.1904,55.7514],[103.0313,55.8529],[103.0011,56.0222],[102.8551,56.1623],[102.6777,56.2008],[102.4404,56.2053],[101.8484,56.0607],[101.7689,56.1241],[101.8032,56.2908]],[[106.4973,52.3831],[106.418,52.4255],[106.1549,52.3383],[106.023,52.254],[105.8101,52.0428],[105.6826,51.9572],[105.4709,51.8628],[105.2524,51.8209],[105.0313,51.8009],[104.867,51.8702],[104.8657,51.8715]]]},"properties":{"name":"Angara","scalerank":6,"min_zoom":5}},
{"type":"Feature","geometry":{"type":"LineString","coordinates":[[104.867,51.8702],[104.729,51.9472],[104.4062,52.2076],[104.2804,52.2797],[104.2774,52.3643],[104.1944,52.3823],[104.0626,52.4881],[103.9961,52.5008],[103.9209,52.6533],[103.7986,52.6933],[103.7162,52.7895],[103.7162,52.8782],[103.5757,52.9741],[103.3948,53.0064],[103.3741,53.1072]]},"properties":{"name":"Angara","scalerank":6,"min_zoom":5}},
{"type":"Feature","geometry":{"type":"LineString","coordinates":[[-73.8722,4.67],[-73.9206,4.5874],[-73.9044,4.4005],[-73.818,4.2276],[-73.7213,4.1902],[-73.7615,4.091],[-73.7171,4.0476],[-73.6192,4.0399],[-73.3173,3.9705],[-73.2335,3.9742],[-73.0635,3.9295],[-72.9474,4.0425],[-72.9132,4.2107],[-72.8649,4.2721],[-72.7482,4.3131],[-72.5877,4.3096],[-72.4335,4.3547],[-72.3668,4.3435],[-72.3236,4.4099],[-72.15,4.4506],[-72.07,4.3942],[-72.0123,4.3985],[-71.8976,4.4854],[-71.8196,4.5701],[-71.6859,4.6076],[-71.5651,4.682],[-71.2746,4.8065],[-71.2153,4.8155],[-71.0875,4.8946],[-71.0272,4.9592],[-70.9604,5.1176],[-70.8881,5.1549],[-70.6875,5.3233],[-70.6788,5.3894],[-70.4489,5.533],[-70.3429,5.5681],[-70.1853,5.5873],[-70.0687,5.6693],[-69.9696,5.8082],[-69.8988,5.9708],[-69.785,6.0621],[-69.5325,6.0623],[-69.359,6.1518],[-69.2468,6.0808],[-69.0619,6.218],[-68.8937,6.1844],[-68.8299,6.1879],[-68.6361,6.1361],[-68.5855,6.1702],[-68.4498,6.1951],[-68.3049,6.1772],[-68.1473,6.2239],[-68.0198,6.2117],[-67.9249,6.2347],[-67.84,6.3077],[-67.7317,6.3028],[-67.5747,6.2664],[-67.4912,6.2018],[-67.4507,6.1981]]},"properties":{"name":"Meta","scalerank":6,"min_zoom":5}},
{"type":"Feature","geometry":{"type":"LineString","coordinates":[[-72.1653,-12.1817],[-72.159,-12.1146],[-72.0697,-12.0235],[-72.0978,-11.8637],[-72.1617,-11.7715],[-72.0935,-11.6996],[-71.9831,-11.6533],[-71.8812,-11.643],[-71.7755,-11.6747],[-71.6615,-11.6498],[-71.5473,-11.6919],[-71.4884,-11.79],[-71.3771,-11.822],[-71.2035,-11.9824],[-71.1313,-12.0235],[-71.0698,-12.123],[-70.8917,-12.2841],[-70.7681,-12.2978],[-70.6788,-12.4411],[-70.3624,-12.5967],[-70.2542,-12.6131],[-70.1307,-12.5578],[-70.0426,-12.5746],[-69.9147,-12.6398],[-69.7778,-12.6367],[-69.7394,-12.6847],[-69.5939,-12.6801],[-69.5585,-12.6367],[-69.3793,-12.5606],[-69.1177,-12.5952],[-69.0373,-12.5238],[-68.952,-12.5646],[-68.8292,-12.5463],[-68.7636,-12.4924],[-68.6361,-12.4951],[-68.5936,-12.4211],[-68.5101,-12.4276],[-68.4586,-12.3871],[-68.3903,-12.2426],[-68.2463,-12.1537],[-68.2311,-12.0478],[-68.1846,-12.0057],[-68.0129,-11.9701],[-67.9731,-11.9102],[-67.9856,-11.8112],[-67.9037,-11.7013],[-67.7954,-11.6904],[-67.701,-11.599],[-67.6914,-11.5231],[-67.561,-11.4748],[-67.4171,-11.571],[-67.2594,-11.4951],[-67.1775,-11.3649],[-67.0489,-11.3721],[-66.9815,-11.3504],[-66.9552,-11.2772],[-66.869,-11.3052],[-66.7262,-11.2412],[-66.6617,-11.174],[-66.581,-11.1675],[-66.5188,-11.1003],[-66.4097,-11.1054],[-66.215,-10.9912],[-66.1835,-10.9208],[-66.1217,-10.9683],[-66.0782,-10.9512],[-66.0118,-10.7895],[-65.8951,-10.8119],[-65.8564,-10.7231],[-65.7532,-10.667],[-65.7641,-10.5801],[-65.6741,-10.5717],[-65.5264,-10.4867],[-65.4643,-10.4066],[-65.3955,-10.3923]]},"properties":{"name":"Madre de Dios","scalerank":6,"min_zoom":5}},
{"type":"Feature","geometry":{"type":"MultiLineString","coordinates":[[[-43.1382,-22.0966],[-43.0377,-22.0256],[-42.5553,-21.8296],[-42.4582,-21.7764],[-42.2296,-21.69],[-42.1006,-21.6779],[-41.8944,-21.5628],[-41.7663,-21.5908],[-41.7131,-21.64],[-41.5299,-21.6113],[-41.4654,-21.6789],[-41.2786,-21.7485],[-41.206,-21.7303],[-41.0181,-21.6113]],[[-45.0493,-23.0493],[-45.1503,-23.1196],[-45.2621,-23.1558],[-45.3834,-23.2695],[-45.6499,-23.3594],[-45.7699,-23.3265],[-45.9201,-23.351],[-45.9721,-23.31],[-45.9669,-23.2197],[-45.9092,-23.1418],[-45.7167,-23.0814],[-45.701,-23.0357],[-45.5148,-22.909],[-45.1886,-22.8096],[-45.1083,-22.6968],[-45.0121,-22.6533],[-44.9412,-22.5602],[-44.8888,-22.5697],[-44.711,-22.5218],[-44.598,-22.5524],[-44.4913,-22.4665],[-44.2848,-22.4389],[-44.1512,-22.5297],[-44.0566,-22.466],[-43.9869,-22.5038],[-43.7972,-22.4406],[-43.6621,-22.3101],[-43.4723,-22.2113],[-43.3843,-22.211],[-43.203,-22.1107],[-43.1444,-22.0966]]]},"properties":{"name":"Paraiba","scalerank":6,"min_zoom":5}},
{"type":"Feature","geometry":{"type":"LineString","coordinates":[[-49.7367,-28.5114],[-49.8835,-28.4509],[-50.1619,-28.4841],[-50.2172,-28.4499],[-50.6212,-28.3742],[-50.7744,-28.1561],[-50.8677,-28.1273],[-50.8863,-28.0253],[-51.0125,-27.9347],[-51.0807,-27.8211],[-51.227,-27.7678],[-51.3347,-27.6691],[-51.4949,-27.5586],[-51.5514,-27.5713],[-51.6058,-27.5018],[-51.7794,-27.5239],[-51.8924,-27.514],[-51.916,-27.4494],[-52.0122,-27.3942],[-52.0239,-27.3314],[-52.0978,-27.332],[-52.1792,-27.2681],[-52.2606,-27.2964],[-52.5432,-27.2365],[-52.7384,-27.2502],[-52.8688,-27.1615],[-52.9643,-27.1882],[-53.0022,-27.0959],[-53.0697,-27.1506],[-53.2175,-27.1615],[-53.369,-27.0721],[-53.4022,-27.1205],[-53.5004,-27.127],[-53.6536,-27.216],[-53.6867,-27.1545],[-53.7593,-27.1799],[-53.9648,-27.154],[-54.0925,-27.2851],[-54.1902,-27.2608],[-54.2876,-27.4282],[-54.4616,-27.4125],[-54.4693,-27.4701],[-54.6061,-27.4679],[-54.7004,-27.5531],[-54.8282,-27.5449],[-54.899,-27.6235],[-54.9139,-27.7367],[-55.0265,-27.84],[-55.1984,-27.8605],[-55.3306,-27.9281],[-55.4415,-28.0788],[-55.6055,-28.1169],[-55.6848,-28.1961],[-55.7733,-28.2319],[-55.688,-28.2899],[-55.6781,-28.3737],[-55.8431,-28.3462],[-55.9063,-28.3779],[-55.8988,-28.4606],[-56.0123,-28.4964],[-56.0226,-28.5856],[-56.1854,-28.7441],[-56.2869,-28.78],[-56.3017,-28.8813],[-56.3923,-28.9522],[-56.4165,-29.0512],[-56.618,-29.1608],[-56.6778,-29.3133],[-56.7816,-29.3954],[-56.8197,-29.4749],[-56.9665,-29.6008],[-57.0949,-29.7519],[-57.2204,-29.7783],[-57.3093,-29.8483],[-57.3259,-29.9809],[-57.4122,-30.0396],[-57.5069,-30.1442],[-57.6432,-30.193],[-57.6534,-30.329],[-57.8503,-30.4852],[-57.8865,-30.5898],[-57.8185,-30.7119],[-57.808,-30.9076],[-57.9124,-30.9473],[-57.8559,-31.0589],[-57.9124,-31.1704],[-57.9058,-31.2409],[-57.967,-31.3144],[-57.991,-31.3993],[-58.076,-31.4751],[-57.9875,-31.554],[-57.9893,-31.6428],[-58.06,-31.8114],[-58.1693,-31.8459],[-58.149,-32.0628],[-58.1873,-32.1528],[-58.1077,-32.2518],[-58.1023,-32.3112],[-58.2004,-32.4447]]},"properties":{"name":"Uruguay","scalerank":6,"min_zoom":5}},
{"type":"Feature","geometry":{"type":"LineString","coordinates":[[-66.4444,-19.37],[-66.3675,-19.2866],[-66.4028,-19.2321],[-66.3017,-19.1528],[-66.2043,-19.1688],[-66.1558,-19.2738],[-66.005,-19.3836],[-65.923,-19.3905],[-65.7899,-19.3202],[-65.7654,-19.2222],[-65.66,-19.1423],[-65.6016,-19.1428],[-65.522,-19.0866],[-65.373,-19.2543],[-65.1551,-19.3715],[-64.9638,-19.3505],[-64.8688,-19.4541],[-64.8609,-19.5668],[-64.7762,-19.6723],[-64.7017,-19.8842],[-64.5985,-20.0679],[-64.5676,-20.4116],[-64.4315,-20.4821],[-64.3068,-20.4872],[-64.2466,-20.6015],[-64.2305,-20.6994],[-64.1833,-20.7575],[-64.1759,-20.8838],[-64.0745,-20.9145],[-63.9834,-20.9936],[-63.9567,-21.1171],[-63.8964,-21.1748],[-63.8127,-21.1996],[-63.6864,-21.1784],[-63.5111,-21.2617],[-63.4427,-21.263],[-63.298,-21.36],[-63.1627,-21.43],[-63.0006,-21.575],[-62.9105,-21.7902],[-62.8389,-21.8911],[-62.7916,-22.113],[-62.6256,-22.2471],[-62.6334,-22.2958],[-62.4713,-22.3818],[-62.369,-22.4644],[-62.288,-22.4839],[-62.1883,-22.6385],[-62.1715,-22.7171],[-62.0365,-22.8847],[-61.9572,-23.0344],[-61.8458,-23.0971],[-61.753,-23.1869],[-61.745,-23.2347],[-61.6058,-23.2891],[-61.4925,-23.4131],[-61.2977,-23.4814],[-61.2733,-23.5234],[-61.1106,-23.6069],[-61.1196,-23.6664],[-61.0071,-23.8054],[-60.9374,-23.8138],[-60.8384,-23.8718],[-60.7301,-23.8721],[-60.5943,-23.9121],[-60.4856,-23.9774],[-60.3287,-24.0179],[-60.144,-24.0251],[-60.0344,-24.0068],[-59.6744,-24.2254],[-59.6185,-24.2834],[-59.4604,-24.3583],[-59.3417,-24.4875],[-59.0017,-24.6441],[-58.8099,-24.7768],[-58.6949,-24.8119],[-58.4742,-24.8513],[-58.3127,-24.9935],[-58.2248,-24.9411],[-57.9705,-25.0783],[-57.8912,-25.0786],[-57.7548,-25.1808],[-57.6722,-25.29]]},"properties":{"name":"Pilcomayo","scalerank":6,"min_zoom":5}},
{"type":"Feature","geometry":{"type":"LineString","coordinates":[[14.6653,6.6984],[14.72,6.6605],[14.6452,6.5693],[14.5886,6.3819],[14.4347,6.2779],[14.433,6.074],[14.363,5.9989],[14.3699,5.9443],[14.3078,5.8964],[14.1582,5.848],[14.1008,5.7702],[14.1023,5.6622],[14.0064,5.6304],[13.9401,5.5526],[13.856,5.5333],[13.8628,5.403],[13.7302,5.3289],[13.5755,5.2801],[13.5034,5.3924],[13.4451,5.3894],[13.4158,5.3684],[13.3975,5.3246],[13.3557,5.2801],[13.3823,5.0849],[13.3095,5.0411],[13.2683,4.9395],[13.2139,4.9119],[13.126,4.9335]]},"properties":{"name":"Lom","scalerank":6,"min_zoom":5}},
{"type":"Feature","geometry":{"type":"LineString","coordinates":[[24.5945,-3.1768],[24.6335,-3.0396],[24.6248,-2.9338],[24.4573,-2.8068],[24.3884,-2.6561],[24.3625,-2.4178],[24.2277,-2.2485],[24.1908,-2.227],[24.1426,-2.1148],[24.0327,-2.0532],[23.996,-1.9833],[23.9504,-1.7878],[23.9612,-1.6564],[23.9097,-1.3774],[23.8609,-1.3464],[23.7271,-1.3605],[23.6492,-1.244],[23.4535,-1.2216],[23.1961,-1.1626],[23.1056,-1.1171],[23.0049,-1.1136],[22.9165,-1.0379],[22.8262,-0.915],[22.6685,-0.9013],[22.5251,-0.8125],[22.4953,-0.8154],[22.3674,-0.727],[22.3639,-0.6813],[22.2739,-0.641],[22.0908,-0.5925],[22.0447,-0.5518],[21.898,-0.5456],[21.8324,-0.4699],[21.603,-0.3937],[21.5156,-0.3911],[21.3522,-0.2949],[21.1548,-0.3031],[21.0243,-0.2713],[20.9482,-0.1913],[20.749,-0.2367],[20.7537,-0.2816]]},"properties":{"name":"Tshuapa","scalerank":6,"min_zoom":5}},
{"type":"Feature","geometry":{"type":"LineString","coordinates":[[37.0318,9.1514],[37.0182,9.0657],[37.0598,8.9869],[37.177,8.9302],[37.206,8.8121],[37.1448,8.7337],[37.1744,8.6411],[37.2481,8.6064],[37.3706,8.4095],[37.4888,8.2716],[37.6049,8.2178],[37.5922,8.0596],[37.6194,7.9755],[37.585,7.76],[37.4048,7.4698],[37.3525,7.3145],[37.3609,7.2737],[37.4514,7.2022],[37.4625,7.1291],[37.4225,7.0104],[37.4192,6.9006],[37.3263,6.8689],[37.2568,6.7852],[37.2,6.6705],[37.0496,6.6466],[36.9843,6.6146],[36.9547,6.6991],[36.8333,6.6773],[36.6917,6.7112],[36.522,6.5583],[36.2162,6.4042],[36.1098,6.4445],[36.0108,6.3415],[35.9456,6.1639],[36.0037,5.9833],[35.9711,5.9393],[35.9493,5.8207],[35.9378,5.5991],[35.8954,5.5228],[35.9356,5.3819],[36.1064,5.3751],[36.12,5.5059],[36.21,5.403],[36.178,5.2766],[36.2026,5.2181],[36.1475,5.1678],[36.0764,5.1832],[36.0449,5.1225],[36.0977,4.9645],[36.0791,4.8785],[35.9864,4.7851],[35.9732,4.7004],[36.0108,4.6666],[36.0449,4.539]]},"properties":{"name":"Omo","scalerank":6,"min_zoom":5}},
{"type":"Feature","geometry":{"type":"LineString","coordinates":[[47.1671,-22.0112],[47.1633,-21.96],[46.9584,-21.8955],[46.9084,-21.8049],[46.7866,-21.7315],[46.6783,-21.7111],[46.6669,-21.597],[46.7009,-21.528],[46.5645,-21.4735],[46.5768,-21.4258],[46.4374,-21.3762],[46.3683,-21.2968],[46.2704,-21.2625],[46.0806,-21.2648],[46.0601,-21.3019],[45.9317,-21.3135],[45.8611,-21.4193],[45.7178,-21.4598],[45.6528,-21.4284]]},"properties":{"name":"Mananantanana","scalerank":6,"min_zoom":5}},
{"type":"Feature","geometry":{"type":"LineString","coordinates":[[15.3227,6.4619],[15.35,6.3824],[15.4238,6.3018],[15.5407,6.3113],[15.7021,6.3872],[15.8366,6.4923],[15.98,6.4514],[16.0003,6.2914],[16.0693,6.2528],[16.2167,6.259],[16.2817,6.3006],[16.415,6.4606],[16.4535,6.5544],[16.6074,6.6621],[16.7149,6.6711],[16.7849,6.6129],[16.8494,6.4984],[16.947,6.4582],[17.0336,6.4907],[17.1096,6.4409],[17.2207,6.4234],[17.3682,6.4514],[17.4609,6.5221],[17.6569,6.5198],[17.8097,6.6711],[17.8767,6.6952],[17.8855,6.7902],[17.9368,6.8741],[17.9711,7.003],[18.0929,7.0821],[18.2136,7.2949],[18.3032,7.3148],[18.2659,7.409],[18.1921,7.5043],[18.112,7.4451],[18.0042,7.4454],[17.9465,7.5233],[17.8855,7.5537],[17.762,7.5506],[17.7304,7.6],[17.7925,7.7415],[17.7288,7.9086],[17.6936,8.0791],[17.7144,8.2726],[17.7969,8.4227],[17.8486,8.4744],[17.9374,8.6563],[17.9216,8.7294],[17.9629,8.8362],[17.9646,8.9996],[18.0642,9.021],[18.1462,9.1451],[18.2021,9.1681],[18.2349,9.3159]]},"properties":{"name":"Ouham","scalerank":6,"min_zoom":5}},
{"type":"Feature","geometry":{"type":"LineString","coordinates":[[83.3638,49.6439],[83.4384,49.5889],[83.5823,49.5565],[83.6455,49.4952],[83.8731,49.4464],[84.1786,49.2379],[84.2033,49.1324],[84.1152,49.0964],[83.7539,49.0045],[83.5649,48.9412],[83.45,48.8072],[83.4363,48.7314],[83.4931,48.4796],[83.6038,48.4012],[83.5168,48.3138],[83.4897,48.2311],[83.5728,48.1542],[83.8049,48.0784],[84.0098,47.9581],[84.1352,47.8637],[84.1983,47.7768],[84.3569,47.7321]]},"properties":{"name":"Ertis","scalerank":2,"min_zoom":2.1}},
{"type":"Feature","geometry":{"type":"MultiLineString","coordinates":[[[79.0728,50.6171],[78.818,50.6443],[78.4822,50.8277],[78.2704,50.9007],[78.2024,51.0024],[78.1345,51.0279],[78.0637,51.2528],[77.8638,51.3715],[77.7754,51.4679],[77.6926,51.4851],[77.4287,51.6003],[77.4247,51.6956],[77.4697,51.7616],[77.4478,51.837],[77.3582,51.8972],[77.0693,51.9881],[76.9597,52.0637],[76.9625,52.1793],[76.8909,52.3264],[76.7716,52.389],[76.8081,52.4432],[76.7749,52.5584],[76.6445,52.6356],[76.6489,52.7516],[76.5169,52.8377],[76.3297,52.9118],[76.2397,52.994],[76.0973,53.0499],[75.9825,53.0222],[75.8658,53.0502],[75.7812,53.1796],[75.5961,53.2588],[75.4789,53.335],[75.4965,53.4127],[75.4345,53.4849],[75.1669,53.6044],[75.0099,53.773],[75.0847,53.942],[74.9936,53.9856]],[[79.0728,50.6171],[79.0593,50.6171]],[[83.3638,49.6439],[83.0498,49.6945],[82.8888,49.8638],[82.77,49.9215],[82.6984,49.9155],[82.4626,50.0448],[82.3175,50.0838],[82.2485,50.2274],[82.0795,50.2025],[81.8214,50.2056],[81.774,50.2596],[81.6455,50.2623],[81.5108,50.3342],[81.3279,50.3155],[81.1161,50.3934],[81.0094,50.4048],[80.8234,50.3544],[80.6085,50.3911],[80.4653,50.3564],[80.2935,50.3786],[80.1113,50.4776],[79.8135,50.4708],[79.6192,50.5563],[79.4509,50.6035],[79.3674,50.6543],[79.126,50.6769],[79.0728,50.6171]],[[85.2671,47.9944],[85.1786,47.999],[84.8886,47.8941],[84.7927,47.802],[84.5967,47.7604],[84.5357,47.7247],[84.3569,47.7321]]]},"properties":{"name":"Ertis","scalerank":2,"min_zoom":2.1}},
{"type":"Feature","geometry":{"type":"LineString","coordinates":[[-54.3209,-2.1896],[-54.3212,-2.1899],[-54.3059,-2.2469],[-54.1436,-2.245],[-54.1435,-2.245]]},"properties":{"name":"Amazonas","scalerank":1,"min_zoom":2}},
{"type":"Feature","geometry":{"type":"MultiLineString","coordinates":[[[-52.7118,-1.5838],[-52.9276,-1.6201],[-53.0685,-1.7409],[-53.1908,-1.8027],[-53.3383,-1.8215],[-53.438,-1.855],[-53.7103,-1.8974],[-53.912,-1.9857],[-54.035,-2.0783],[-54.0662,-2.1513],[-54.0739,-2.3299],[-54.1925,-2.3807],[-54.3008,-2.3902],[-54.5745,-2.4504],[-54.677,-2.4123],[-54.6998,-2.2715],[-54.6928,-2.1735],[-54.8944,-2.0734],[-54.9466,-2.0811],[-55.0338,-2.1774],[-55.0902,-2.1979],[-55.3154,-2.1348],[-55.4296,-1.9968],[-55.5719,-1.9172],[-55.6361,-1.9081],[-55.7689,-1.9821],[-56.0205,-2.0038],[-56.0792,-2.0344],[-56.1918,-2.1624],[-56.3614,-2.2777],[-56.5399,-2.5274],[-56.7233,-2.5893],[-56.8905,-2.5605],[-57.0154,-2.5095],[-57.2027,-2.5628],[-57.4073,-2.4092],[-57.5144,-2.3845],[-57.572,-2.4175],[-57.6807,-2.6298],[-57.8405,-2.7695],[-58.0538,-2.8398],[-58.1313,-2.9067],[-58.1913,-3.155],[-58.2372,-3.2155],[-58.3159,-3.2118],[-58.4751,-3.1571],[-58.5507,-3.1903],[-58.66,-3.3408],[-58.7491,-3.3337],[-58.8334,-3.3491],[-58.909,-3.3275],[-58.9848,-3.2602],[-59.2804,-3.2221],[-59.3609,-3.1727],[-59.4708,-3.1506],[-59.6847,-3.0707],[-59.8876,-3.0993],[-59.9023,-3.1961],[-59.9825,-3.2608],[-60.1652,-3.3368],[-60.317,-3.2905],[-60.5819,-3.3433],[-60.7045,-3.3348],[-60.7472,-3.4294],[-60.8512,-3.5566],[-60.9511,-3.6179],[-61.0402,-3.5951],[-61.1886,-3.5899],[-61.4265,-3.6266],[-61.5669,-3.7297],[-61.6633,-3.8564],[-61.9094,-3.9627],[-61.9691,-3.9458],[-62.1017,-3.8439],[-62.3249,-3.7398],[-62.3882,-3.6948],[-62.4383,-3.7409],[-62.4624,-3.8377],[-62.6232,-3.8887],[-62.7515,-3.8861],[-62.8348,-3.9152],[-62.9702,-4.0101],[-63.1172,-4.0807],[-63.1773,-4.0352],[-63.1996,-3.9489],[-63.3596,-3.9159],[-63.5329,-3.8449],[-63.7188,-3.8788],[-63.8946,-3.8348],[-63.9794,-3.798],[-64.0199,-3.7469],[-64.2152,-3.6865],[-64.2859,-3.6264],[-64.4535,-3.534],[-64.4986,-3.4297],[-64.588,-3.3944],[-64.7379,-3.2604],[-64.8434,-3.141],[-64.9938,-3.0571],[-65.1954,-2.8549],[-65.2344,-2.7665],[-65.4383,-2.695],[-65.4906,-2.5915],[-65.661,-2.6205],[-65.761,-2.603],[-65.8002,-2.5345],[-65.9471,-2.4565],[-66.068,-2.4951],[-66.1606,-2.4273],[-66.2982,-2.5676],[-66.3451,-2.5531],[-66.4412,-2.4443],[-66.5606,-2.4233],[-66.6023,-2.464],[-66.5998,-2.606],[-66.6309,-2.6709],[-66.7591,-2.7084],[-66.847,-2.6894],[-66.9518,-2.7299],[-67.0753,-2.6664],[-67.2281,-2.6401],[-67.2731,-2.5856],[-67.3915,-2.6115],[-67.4678,-2.7337],[-67.619,-2.772],[-67.8176,-2.8677],[-67.9281,-3.055],[-67.9245,-3.2617],[-67.9714,-3.3363],[-68.2484,-3.3268],[-68.3514,-3.2934],[-68.488,-3.35],[-68.5627,-3.332],[-68.8332,-3.4042],[-69.0651,-3.4094],[-69.3284,-3.5013],[-69.4222,-3.7069],[-69.3984,-3.9357],[-69.5045,-4.0868],[-69.4223,-4.1483],[-69.4375,-4.221],[-69.6046,-4.3368],[-69.7336,-4.3681],[-69.9271,-4.3285],[-69.9435,-4.3101],[-69.9657,-4.2363],[-69.9935,-4.1807],[-70.0613,-4.1069],[-70.1892,-4.0287],[-70.2176,-3.9248],[-70.3119,-3.8291],[-70.3785,-3.8188],[-70.4916,-3.8784],[-70.6259,-3.8682],[-70.7986,-3.9356],[-71.0338,-3.992],[-71.1104,-3.9938],[-71.1854,-3.9496],[-71.2532,-3.8605],[-71.4337,-3.8664],[-71.5237,-3.8255],[-71.5868,-3.7562],[-71.6821,-3.7206],[-71.7284,-3.6322],[-71.7333,-3.4125],[-71.8365,-3.3368],[-72.0565,-3.4598],[-72.2869,-3.5165],[-72.6484,-3.4487],[-72.777,-3.4494],[-72.821,-3.4452],[-73.0272,-3.5101],[-73.2226,-3.6826],[-73.248,-3.7534],[-73.1966,-3.7811],[-73.2139,-3.926],[-73.1714,-3.9958],[-73.1956,-4.1196],[-73.2357,-4.1454],[-73.3717,-4.118],[-73.3754,-4.2285],[-73.4593,-4.3227],[-73.4408,-4.3793],[-73.4886,-4.4448]],[[-54.1436,-2.245],[-54.0884,-2.0185],[-53.9928,-1.9434],[-53.8509,-1.9092],[-53.7897,-1.9232]]]},"properties":{"name":"Amazonas","scalerank":1,"min_zoom":2}},
{"type":"Feature","geometry":{"type":"LineString","coordinates":[[14.617,5.8651],[14.6306,5.7381],[14.5922,5.6241],[14.6184,5.5256],[14.5275,5.2932],[14.4519,5.2181],[14.5003,5.1361],[14.4956,5.0749],[14.4235,4.9803],[14.2722,4.9016],[14.2122,4.5747],[14.2463,4.4844],[14.3962,4.3465],[14.4661,4.2374],[14.5618,4.2517],[14.6061,4.1444],[14.7175,4.2265],[14.7868,4.2346],[14.8701,4.1933],[14.9036,4.1193],[15.0452,4.1263],[15.1323,4.1087],[15.2068,4.0318],[15.3059,4.0046],[15.3923,4.0611],[15.5291,3.9827],[15.5713,3.9842],[15.606,3.8854],[15.584,3.7917],[15.6985,3.7687],[15.8062,3.7073],[15.9707,3.5689],[16.1072,3.477],[16.1109,3.2647],[16.1282,3.1363],[16.2236,3.0695],[16.2245,3.017],[16.2891,2.9597],[16.2993,2.9051],[16.2017,2.878],[16.142,2.7936],[16.0899,2.6621],[16.1109,2.5863],[16.0899,2.5106],[16.1109,2.4188],[16.199,2.2123],[16.1039,2.1937],[16.0644,1.9791],[16.1345,1.8455],[16.1586,1.7349],[16.1143,1.7193],[16.0693,1.6546]]},"properties":{"name":"Kadéï","scalerank":6,"min_zoom":5}},
{"type":"Feature","geometry":{"type":"LineString","coordinates":[[35.5992,-10.807],[35.5011,-10.7308],[35.3546,-10.683],[35.2778,-10.6802],[35.2063,-10.7411],[35.1798,-10.8672],[35.2197,-10.9009],[35.2319,-11.0308],[35.3027,-11.0925],[35.2846,-11.2631],[35.3635,-11.3432],[35.3672,-11.4238],[35.4355,-11.5163],[35.4212,-11.571],[35.5757,-11.605],[35.6544,-11.5781],[35.6952,-11.4945],[35.7637,-11.4748],[35.8258,-11.4133],[35.9391,-11.4339],[36.0217,-11.5055],[36.1676,-11.5786],[36.1992,-11.7013],[36.2783,-11.7088],[36.3777,-11.6808],[36.4944,-11.6808],[36.5625,-11.7311],[36.6668,-11.7132],[36.7465,-11.6664],[36.8198,-11.5734],[37.0439,-11.5956],[37.106,-11.6579],[37.2261,-11.6937],[37.331,-11.6815],[37.4692,-11.7193],[37.5033,-11.6725],[37.6472,-11.6358],[37.7832,-11.5586],[37.8746,-11.3189],[37.9376,-11.2839],[38.0703,-11.2557],[38.1546,-11.2804],[38.2563,-11.277],[38.3471,-11.3587],[38.4917,-11.4133],[38.6537,-11.2757],[38.7592,-11.2631],[38.8958,-11.1675],[39.0603,-11.1601],[39.1257,-11.1396],[39.211,-11.1738],[39.2861,-11.154],[39.4822,-10.999],[39.7599,-10.9429],[39.8855,-10.8643],[40.0075,-10.811],[40.1606,-10.7043],[40.2503,-10.6108],[40.3528,-10.5605],[40.4369,-10.4748]]},"properties":{"name":"Ruvuma","scalerank":6,"min_zoom":5}},
{"type":"Feature","geometry":{"type":"LineString","coordinates":[[-2.0508,51.8421],[-1.9797,51.797],[-1.938,51.6901],[-1.7397,51.66],[-1.2578,51.7451],[-1.2163,51.645],[-1.1431,51.6241],[-1.1501,51.5372],[-0.9873,51.4532],[-0.8463,51.5425],[-0.7432,51.5621],[-0.6036,51.4941],[-0.4698,51.3896],[-0.3155,51.4073],[-0.3101,51.4727],[-0.1793,51.4701],[-0.0848,51.5117],[0.1287,51.5046],[0.3845,51.4532]]},"properties":{"name":"Thames","scalerank":6,"min_zoom":5}},
{"type":"Feature","geometry":{"type":"LineString","coordinates":[[-18.173,64.9138],[-18.2367,64.8185],[-18.4674,64.6779],[-18.8611,64.5181],[-18.8876,64.4861],[-19.2519,64.3438],[-19.3613,64.2552],[-19.5514,64.1859]]},"properties":{"name":"Drau","scalerank":6,"min_zoom":5}},
{"type":"Feature","geometry":{"type":"MultiLineString","coordinates":[[[-2.9451,41.9754],[-2.7755,41.9007],[-2.5955,41.8824],[-2.439,41.8151],[-2.4459,41.7154],[-2.3509,41.6537],[-2.3571,41.6053],[-2.4678,41.5729],[-2.5836,41.4911],[-2.7829,41.5097],[-2.8309,41.5396],[-2.9263,41.4954],[-3.0907,41.5234],[-3.2447,41.6053],[-3.3303,41.5991],[-3.4925,41.6536],[-3.5426,41.6463],[-3.9229,41.713],[-4.0147,41.6304],[-4.3023,41.6646],[-4.4854,41.644],[-4.672,41.5882],[-4.8342,41.5833],[-4.8887,41.5346],[-5.0482,41.5155],[-5.2712,41.4373],[-5.4139,41.5422],[-5.488,41.5225],[-5.6473,41.5348],[-5.7895,41.52],[-5.8971,41.4584],[-6.0115,41.4754],[-6.0557,41.5003],[-6.1601,41.5946],[-6.4964,41.2952],[-6.6473,41.2679],[-6.7596,41.152],[-6.8186,41.0543],[-6.9873,41.0526],[-7.0755,41.0866],[-7.1265,41.1642],[-7.3264,41.1577],[-7.4324,41.2159],[-7.639,41.1812]],[[-7.6512,41.1812],[-7.7742,41.1571],[-7.8435,41.1844],[-8.0622,41.1058],[-8.1904,41.1091],[-8.3699,41.0657],[-8.5093,41.0908],[-8.6479,41.1491]]]},"properties":{"name":"Duero","scalerank":6,"min_zoom":5}},
{"type":"Feature","geometry":{"type":"MultiLineString","coordinates":[[[68.4893,34.5716],[68.3707,34.5254],[68.0357,34.4971],[67.918,34.4376],[67.7392,34.4103],[67.5303,34.3352],[67.4307,34.2526],[67.3135,34.2056],[67.2662,34.1571]],[[67.2662,34.1632],[67.2161,34.0913],[67.2588,34.0335],[67.2383,33.9544],[67.1682,33.9543],[67.013,33.8553],[66.929,33.7628],[66.8552,33.726],[66.6719,33.7088],[66.6165,33.6582],[66.3882,33.5477],[66.3066,33.4923],[66.2861,33.4066],[66.1622,33.3889],[66.0549,33.2969],[65.9503,33.1223],[65.8753,33.0602],[65.803,33.0572],[65.7231,32.9906],[65.5457,32.93],[65.4832,32.833],[65.4492,32.691],[65.313,32.4734],[65.2613,32.3381],[65.0564,32.304],[64.9976,32.2727],[64.935,32.1684],[64.8491,32.1016],[64.7359,31.9081],[64.5591,31.8094],[64.3539,31.6631]],[[61.6041,31.2044],[61.6907,31.038],[61.8041,30.95],[61.7905,30.7718],[61.8247,30.734],[61.8321,30.5595],[61.8115,30.4322],[61.8545,30.3574],[61.9324,30.3088],[62.0991,30.2831],[62.2158,30.2299],[62.428,30.17],[62.5588,30.1685],[62.8731,30.2579],[63.0626,30.2617],[63.189,30.3603],[63.2553,30.3739],[63.4155,30.5057],[63.5884,30.5837],[63.8867,30.5289],[63.9546,30.5565],[64.0517,30.6762],[64.0972,30.7705],[64.1142,30.9144],[64.1826,31.0318],[64.1895,31.1758],[64.2714,31.2988],[64.3596,31.3907],[64.3468,31.6245],[64.3608,31.6631]]]},"properties":{"name":"Helmand","scalerank":6,"min_zoom":5}},
{"type":"Feature","geometry":{"type":"LineString","coordinates":[[106.501,20.2995],[106.4498,20.2872],[106.3862,20.3404],[106.2139,20.4243],[106.125,20.6251],[106.0593,20.6166],[106.0327,20.7019],[105.981,20.7171],[105.92,20.8013],[105.9009,21.0004],[105.8225,21.0856],[105.6563,21.1605],[105.5141,21.1674],[105.4556,21.2085],[105.4259,21.2921],[105.2681,21.284],[105.0488,21.503],[104.9316,21.6651],[104.863,21.7077],[104.7365,21.8358],[104.4076,22.1095],[104.3598,22.1715],[103.8663,22.5756],[103.6582,22.7935],[103.5195,22.9105],[103.2879,23.0616],[103.0844,23.1246],[102.9273,23.2108],[102.8546,23.2282],[102.8189,23.2845],[102.6851,23.2945],[102.4993,23.3821],[102.3792,23.3964],[102.1358,23.4805],[102.1043,23.5379],[102.023,23.5768],[101.7924,23.7959],[101.7173,23.9138],[101.5294,24.1447],[101.4407,24.3985],[101.3189,24.541],[101.2109,24.5376],[101.1152,24.6692],[100.9495,24.8355],[100.8998,24.9377],[100.8189,25.0255],[100.7344,24.9876],[100.5786,25.0726],[100.3505,25.1325],[100.2348,25.3854],[100.1829,25.4432]]},"properties":{"name":"Hong","scalerank":6,"min_zoom":5}},
{"type":"Feature","geometry":{"type":"MultiLineString","coordinates":[[[78.3399,30.9151],[78.2171,30.8196],[78.0955,30.7755],[77.9581,30.5111],[77.8942,30.5384],[77.665,30.446],[77.5977,30.4371],[77.585,30.3253],[77.5382,30.2094],[77.4843,30.1529],[77.3701,30.0965],[77.23,29.9767],[77.1804,29.8043],[77.1066,29.7023],[77.0647,29.5696],[77.1499,29.4034],[77.1306,29.2806],[77.1414,29.1304],[77.2199,28.9061],[77.2232,28.694]],[[77.2232,28.694],[77.259,28.5926],[77.3434,28.4984],[77.4971,28.3933],[77.4664,28.3153],[77.5289,28.2535],[77.4949,28.1519],[77.5196,27.8983],[77.6873,27.7157],[77.7057,27.588],[77.6846,27.5149],[77.7783,27.3419],[77.8218,27.3091],[77.96,27.291],[78.1109,27.1805],[78.2109,27.1691],[78.2139,27.0865],[78.3064,27.1253],[78.4111,27.056],[78.4566,26.9935],[78.5559,26.9757],[78.6416,26.8863],[78.7524,26.9041],[78.8579,26.8033],[78.9854,26.7575],[79.0835,26.5983],[79.1803,26.5875],[79.2449,26.5021],[79.3131,26.4065],[79.416,26.4366],[79.4802,26.3839],[79.5664,26.2625],[79.7413,26.1731],[79.7725,26.1116],[79.8471,26.1147],[79.9848,26.0639],[80.0591,26.0762],[80.0734,26.0093],[80.2112,25.9205],[80.4464,25.9059],[80.4693,25.8424],[80.5617,25.7381],[80.7305,25.6865],[80.9234,25.6855],[80.9405,25.6254],[81.0128,25.6248],[81.0173,25.5425],[81.171,25.5002],[81.1838,25.3712],[81.2612,25.3294],[81.3204,25.3445],[81.3833,25.29],[81.513,25.2756],[81.6201,25.3479],[81.7934,25.3746],[81.9031,25.4146]]]},"properties":{"name":"Yamuna","scalerank":6,"min_zoom":5}},
{"type":"Feature","geometry":{"type":"LineString","coordinates":[[81.5742,22.7537],[81.4619,22.7652],[81.4076,22.8426],[81.2713,22.8821],[81.0352,22.9819],[81.0064,22.9353],[80.8891,22.953],[80.8928,23.0178],[80.8282,23.051],[80.7656,23.0213],[80.5191,22.953],[80.4767,22.8424],[80.5103,22.7261],[80.499,22.6137],[80.3894,22.5831],[80.3341,22.6544],[80.3272,22.7264],[80.2442,22.8019],[80.165,22.7662],[80.0598,22.7748],[79.9302,22.8773],[79.9097,23.0076],[79.9404,23.1038],[79.7892,23.1319],[79.6865,23.097],[79.516,23.1368],[79.4099,23.097],[79.1589,23.069],[79.1008,23.0213],[78.9641,23.0483],[78.7719,23.0411],[78.4941,23.0057],[78.3061,22.898],[78.1549,22.8704],[78.1204,22.7888],[77.9468,22.8138],[77.9086,22.8636],[77.819,22.8493],[77.772,22.7852],[77.6394,22.7315],[77.5889,22.6861],[77.4247,22.6267],[77.3126,22.5597],[77.2724,22.5948],[77.1402,22.5628],[77.0491,22.501],[76.9216,22.4937],[76.7834,22.3949],[76.763,22.3099],[76.5654,22.2268],[76.4351,22.336],[76.2416,22.2923],[76.2021,22.251],[76.0968,22.2422],[75.9542,22.1879],[75.818,22.1858],[75.6904,22.1546],[75.6314,22.1728],[75.0676,22.1026],[74.9826,22.076],[74.7698,22.076],[74.5899,22.023],[74.5309,22.0497],[74.4327,22.0395],[74.2843,21.945],[74.2048,21.9251],[74.061,21.9404],[73.9176,21.867],[73.7561,21.8358],[73.607,21.9121],[73.5313,21.9815],[73.4436,21.9866],[73.4129,21.9177],[73.3367,21.8858],[73.2681,21.9365],[73.2451,21.8444],[73.1362,21.8439],[73.1318,21.7538]]},"properties":{"name":"Narmada","scalerank":6,"min_zoom":5}},
{"type":"Feature","geometry":{"type":"LineString","coordinates":[[100.0702,33.0057],[100.2514,32.8243],[100.3712,32.7791],[100.4982,32.669],[100.5418,32.5865],[100.7105,32.5227],[100.8059,32.4423],[100.8027,32.3533],[100.9163,32.3102],[101.0064,32.2053],[100.9771,32.0239],[101.0811,31.94],[101.1663,31.8338],[101.2861,31.7792],[101.4248,31.7651],[101.4775,31.8029],[101.5711,31.7923],[101.7256,31.8466],[101.8306,31.8611],[102.0264,31.7105],[102.0715,31.6014],[102.0709,31.4421],[101.9971,31.3786],[102.0488,31.2984],[101.988,31.1888],[101.8926,31.1349],[101.874,31.0836],[101.8804,30.9078],[101.944,30.8025],[102.0549,30.6993],[102.0688,30.5239],[102.1159,30.4779],[102.1924,30.2053],[102.1729,30.065],[102.2283,29.9525],[102.2161,29.7747],[102.1655,29.6285],[102.158,29.543],[102.2147,29.4771],[102.2836,29.2846],[102.3334,29.2567],[102.5012,29.283],[102.6254,29.3503],[102.7773,29.3164],[102.8496,29.215],[102.9583,29.3033],[103.1138,29.3037],[103.2031,29.2539],[103.3804,29.3188],[103.4617,29.3188],[103.5821,29.2127],[103.6388,29.2098],[103.6515,29.3367],[103.5615,29.3541],[103.562,29.4362],[103.6428,29.5216],[103.7162,29.5589]]},"properties":{"name":"Dadu","scalerank":6,"min_zoom":5}},
{"type":"Feature","geometry":{"type":"LineString","coordinates":[[90.3253,47.6502],[90.27,47.4378],[90.1096,47.399],[89.9379,47.2325],[89.7088,47.1737],[89.4918,46.9827],[89.1467,47.0128],[88.6895,47.2077],[87.9915,47.309],[87.8307,47.3553],[87.6344,47.4413],[87.4148,47.4658],[87.3164,47.5745],[87.1524,47.5677],[86.9771,47.6249],[86.8424,47.6985],[86.6938,47.8209],[86.4846,47.8865],[86.3626,47.8411],[86.2485,47.8411],[85.9539,47.9649],[85.8825,47.9571],[85.5094,48.0275],[85.3779,47.9791],[85.2671,47.9944]]},"properties":{"name":"Ertix","scalerank":2,"min_zoom":2.1}},
{"type":"Feature","geometry":{"type":"LineString","coordinates":[[117.2088,42.5921],[117.1602,42.6201],[117.2297,42.7088],[117.2293,42.7969],[117.1804,42.9051],[117.2356,43.0236],[117.3595,43.0446],[117.5717,43.1495],[117.7278,43.1917],[117.9376,43.195],[118.0241,43.2508],[118.2501,43.2957],[118.5486,43.2742],[118.685,43.2508],[119.1316,43.2173],[119.2678,43.2569],[119.6206,43.2659],[120.1642,43.3802],[120.3414,43.3725],[120.7585,43.4234]]},"properties":{"name":"Xar Moron","scalerank":6,"min_zoom":5}},
{"type":"Feature","geometry":{"type":"LineString","coordinates":[[113.465,1.2014],[113.3128,1.0803],[113.2333,0.9647],[113.1319,0.9431],[112.772,0.8062],[112.7385,0.8489],[112.5933,0.8397],[112.5075,0.7845],[112.4629,0.7913],[112.3635,0.6902],[112.2416,0.678],[112.1035,0.6199],[111.9824,0.6452],[111.9413,0.5087],[111.7411,0.3284],[111.61,0.3556],[111.6331,0.2885],[111.5479,0.2289],[111.5418,0.1575],[111.468,0.0894],[111.1956,0.0721],[111.1371,0.0986],[111.0327,0.095],[110.9996,0.0397],[110.85,0.041],[110.7747,0.002],[110.7579,0.1013],[110.6347,0.0065],[110.5024,0.0283],[110.4242,-0.0934],[110.2896,-0.0951],[110.2154,-0.0447],[110.0806,-0.0436],[110,-0.0653],[109.9457,-0.1939],[109.8681,-0.2601],[109.7734,-0.2577],[109.6328,-0.36],[109.5339,-0.3465],[109.4884,-0.3847],[109.3666,-0.2728],[109.2789,-0.273],[109.2184,-0.2372]]},"properties":{"name":"Kapuas","scalerank":6,"min_zoom":5}},
{"type":"Feature","geometry":{"type":"LineString","coordinates":[[133.1343,-13.2983],[133.21,-13.4218],[133.2278,-13.6398],[133.1926,-13.7114],[133.089,-13.7468],[132.9321,-13.695],[132.802,-13.8359],[132.7481,-13.9926],[132.7202,-14.1467],[132.572,-14.2852],[132.4404,-14.3058],[132.2371,-14.495],[132.0654,-14.5794],[131.9954,-14.6738],[131.8437,-14.7057]]},"properties":{"name":"Katherine","scalerank":6,"min_zoom":5}},
{"type":"Feature","geometry":{"type":"LineString","coordinates":[[140.2951,-3.7113],[140.2427,-3.7275],[140.1952,-3.6734],[140.0934,-3.6839],[139.7999,-3.5853],[139.7398,-3.5399],[139.5305,-3.5313],[139.4386,-3.4853],[139.148,-3.4453],[139.0439,-3.2751],[138.9595,-3.2761],[138.789,-3.1772],[138.7022,-3.1904]]},"properties":{"name":"Taritatu","scalerank":6,"min_zoom":5}},
{"type":"Feature","geometry":{"type":"LineString","coordinates":[[143.4688,-16.4843],[143.4221,-16.5005],[143.3311,-16.4502],[143.204,-16.4297],[143.0723,-16.3499],[143.001,-16.2578],[142.8034,-16.1288],[142.642,-16.0461],[142.6209,-16.0114],[142.4576,-15.9567],[142.3959,-15.971],[142.2855,-15.9004],[142.2485,-15.7992],[142.1284,-15.6796],[142.0842,-15.5754],[141.9526,-15.3851],[141.9049,-15.2856],[141.8125,-15.2813],[141.7476,-15.2269],[141.6965,-15.2437],[141.6043,-15.2031]]},"properties":{"name":"Mitchell","scalerank":6,"min_zoom":5}},
{"type":"Feature","geometry":{"type":"MultiLineString","coordinates":[[[77.4356,32.2931],[77.0787,32.5004],[76.9758,32.5252],[76.9495,32.5998],[76.7144,32.6804],[76.6091,32.7506],[76.4771,32.7545],[76.4282,32.7996],[76.4624,32.9088],[76.4331,33.0329],[76.3547,33.1159],[76.2455,33.179],[76.1033,33.3033],[75.8326,33.3773],[75.7252,33.3347],[75.8111,33.1813],[75.5995,33.1414],[75.4077,33.136],[75.3246,33.1558],[75.292,33.2096],[75.1627,33.2731],[75.0694,33.166],[74.9036,33.1683],[74.8184,33.1934],[74.7842,32.921],[74.5334,32.7831],[74.4687,32.7011],[74.316,32.6026],[74.1546,32.5284],[73.9913,32.4193],[73.6767,32.3471],[73.5122,32.2379],[73.4204,32.2362],[73.2141,32.0351],[73.1878,31.9495],[73.1082,31.8301],[73.0014,31.7923],[72.9194,31.7103],[72.6723,31.6719],[72.5427,31.6079],[72.5171,31.5692],[72.3613,31.4881],[72.2512,31.3646],[72.2341,31.2202],[72.1902,31.1983],[72.1386,31.1833]],[[72.1388,31.1833],[72.1393,31.0941],[71.9859,30.8857],[71.8579,30.7729],[71.8369,30.6619],[71.7129,30.5732],[71.4936,30.4542],[71.4141,30.3345],[71.3639,30.3162],[71.31,30.1326],[71.2519,30.0443],[71.2199,29.9152],[71.1738,29.8654],[71.2061,29.7933],[71.1406,29.6398],[71.0538,29.5965],[71.0077,29.5317],[71.0457,29.4249],[71.022,29.3939],[71.0037,29.2933],[70.9215,29.2164],[70.8476,29.2279],[70.7459,29.1358],[70.6987,29.0376],[70.6392,29.0368]]]},"properties":{"name":"Chenab","scalerank":6,"min_zoom":5}},
{"type":"Feature","geometry":{"type":"LineString","coordinates":[[170.9657,67.0988],[170.9995,67.0504],[171.2933,67.0069],[171.5606,66.7261],[171.2248,66.6597],[170.6519,66.4902],[170.3723,66.3315],[170.1659,66.272],[169.9717,66.2547],[169.8075,66.1599],[169.8369,66.0834],[169.7965,65.9195],[169.8172,65.8037],[169.2403,65.6651],[168.9605,65.6104],[168.8577,65.4981],[168.5713,65.4046],[168.5519,65.3081],[168.8453,65.2108],[168.8493,65.1268],[168.6077,64.9699],[168.6246,64.8842],[168.7953,64.8637],[169.0013,64.7675],[169.3792,64.7867],[169.5786,64.8216],[169.9283,64.7982],[170.2835,64.716],[170.4951,64.7067],[170.7623,64.7403],[170.722,64.8159],[170.7964,64.9217],[171.1118,65.0077],[171.0637,65.1136],[171.0996,65.279],[171.2498,65.2554],[171.3386,65.3029],[171.763,65.2821],[171.9413,65.1535],[172.0679,65.1859],[172.2359,65.1449],[172.3633,65.2302],[172.5327,65.2387],[172.6265,65.2948],[172.8498,65.355],[173.0305,65.5169],[173.1904,65.5516],[173.3447,65.531],[173.4048,65.4344],[173.5523,65.4033],[173.689,65.2676],[173.5313,65.1101],[173.5789,65.0276],[173.8563,64.9998],[173.9693,64.9345],[174.0708,64.8061],[174.2913,64.7634],[174.4417,64.6924]]},"properties":{"name":"Anadyr’","scalerank":6,"min_zoom":5}},
{"type":"Feature","geometry":{"type":"MultiLineString","coordinates":[[[120.5734,72.8886],[120.7612,72.8817],[121.0217,72.7736],[121.4555,72.8095],[121.8735,72.6284],[122.4868,72.4003],[123.2002,72.2386],[123.3783,72.1624],[123.7368,72.0616],[123.5948,71.9019],[123.7935,71.767],[123.3648,71.5858],[123.1608,71.565],[122.7836,71.3753],[122.5982,71.3166],[122.6646,71.2415],[122.4988,71.1682],[122.489,71.0362]],[[104.957,67.5683],[105.3393,67.5137],[105.5108,67.5888],[105.6448,67.5659],[105.7734,67.4732],[105.9358,67.4864],[106.0613,67.6148],[106.354,67.5199],[106.1829,67.4727],[106.3193,67.3424],[106.6497,67.3759],[107.0874,67.2853],[107.4343,67.2814],[107.5717,67.2363],[107.7828,67.2772],[108.0435,67.2094],[108.2833,67.2307],[108.689,67.1268],[108.9444,67.1158],[109.1221,67.1506],[109.31,67.1168],[109.3834,67.1837],[109.6399,67.1506],[109.9322,67.1613],[110.2339,67.347],[110.5664,67.4762],[110.7348,67.4766],[111.0217,67.607],[110.8369,67.7459],[110.9131,67.8009],[111.2031,67.8601],[111.3989,67.9366],[111.5906,67.8856],[111.6064,67.8106],[111.8594,67.8741],[112.2222,67.8107],[112.3557,67.8448],[112.2254,68.0474],[111.96,68.1015],[112.0662,68.1914],[112.309,68.2558],[112.1155,68.303],[112.2988,68.3596],[112.1587,68.4687],[112.3305,68.5696],[112.4897,68.4947],[112.7019,68.509],[112.8511,68.4502],[113.0479,68.4472],[113.3925,68.397],[113.6489,68.4287],[113.8473,68.519],[114.0689,68.5269],[114.1836,68.4692],[114.735,68.4553],[114.6389,68.3779],[114.854,68.3569],[115.0533,68.4339],[115.3334,68.4506],[115.6122,68.5524],[115.735,68.5029],[115.4531,68.3994],[115.5734,68.333],[115.9352,68.2723],[115.814,68.2154],[115.8376,68.1162],[116.071,68.1188],[116.1087,67.9722],[116.2153,67.839],[116.1454,67.7543],[116.3784,67.7283],[116.5313,67.7559],[116.5645,67.8559],[116.7831,67.8433],[117.0665,68.0326],[117.3492,68.0533],[117.7183,68.2056],[117.339,68.2695],[117.2019,68.3347],[117.234,68.3924],[117.0479,68.5056],[117.3852,68.614],[117.5377,68.5116],[117.5785,68.4344],[117.8871,68.5096],[118.0816,68.6008],[118.0728,68.7789],[118.3533,68.7629],[118.5543,68.7056],[118.6049,68.7904],[118.8725,68.8648],[118.6688,68.9498],[118.3477,68.9224],[118.0924,68.9282],[118.0234,68.9938],[117.7683,69.0435],[118.2986,69.1055],[118.3113,69.2894],[118.415,69.3651],[118.2569,69.4317],[118.2677,69.5328],[118.0693,69.5878],[118.1558,69.6549],[118.4675,69.6323],[118.9971,69.7307],[119.2205,69.8449],[119.3306,69.9689],[119.2714,70.1393],[118.8965,70.2994],[119.5667,70.3668],[119.6546,70.4759],[119.7852,70.5313],[120.0748,70.5406],[120.3369,70.4896],[120.8956,70.4971],[120.9719,70.5183],[121.81,70.5492],[122.0046,70.5168],[122.2729,70.579],[122.4837,70.5872],[122.5949,70.661],[122.3555,70.6951],[122.2927,70.8185],[122.4098,70.9093],[122.3137,70.9626],[122.485,71.0377]]]},"properties":{"name":"Olenëk","scalerank":6,"min_zoom":5}},
{"type":"Feature","geometry":{"type":"LineString","coordinates":[[89.7711,53.6461],[89.6537,53.5657],[89.3948,53.4351],[89.2498,53.4127],[89.0715,53.4679],[89.0171,53.5953],[88.9448,53.6529],[88.7393,53.6802],[88.613,53.6551],[88.358,53.6949],[88.2356,53.6529],[88.1382,53.6604],[87.8927,53.761],[87.4746,53.8242],[87.2758,53.7534],[87.1809,53.767],[87.1461,53.8386],[87.2561,53.9129],[87.3057,53.9938],[87.4788,54.0726],[87.5298,54.204],[87.4592,54.2958],[87.5611,54.4266],[87.4758,54.5444],[87.4883,54.6087],[87.2929,54.6879],[87.1276,54.6879],[87.0587,54.7274],[87.1257,54.9169],[87.1075,55.0296],[86.9401,55.0364],[86.7482,55.1401],[86.5732,55.1603],[86.3574,55.0922],[86.3749,55.1667],[86.2339,55.325],[86.2246,55.3804],[85.9887,55.3998],[85.9019,55.5369],[85.6267,55.6728],[85.3918,55.6968],[85.324,55.6613],[85.0216,55.7086],[84.9458,55.8048],[85.0415,55.9345],[84.9291,56.0214],[85.0026,56.1179],[84.8931,56.215],[84.9626,56.3043],[84.8849,56.387],[84.9653,56.4136],[84.8538,56.5959],[84.7064,56.6517],[84.5967,56.8209],[84.5056,56.8172],[84.4363,56.9107]]},"properties":{"name":"Tom’","scalerank":6,"min_zoom":5}},
{"type":"Feature","geometry":{"type":"LineString","coordinates":[[157.6323,54.2903],[157.6474,54.1658],[157.714,54.0783],[157.8512,54.0883],[157.9004,54.1658],[158.0723,54.2502],[158.1714,54.4201],[158.3045,54.4753],[158.3421,54.5951],[158.7427,54.7564],[158.8565,54.8979],[158.9372,54.947],[159.0344,55.1131],[159.2998,55.2409],[159.3316,55.3898],[159.5582,55.4759],[159.7438,55.5919],[159.7364,55.7427],[159.6272,55.8599],[159.6401,55.9461],[159.8386,56.0694],[159.8251,56.1057],[159.9467,56.1978],[159.9553,56.2547],[160.2226,56.3201],[160.3188,56.4242],[160.6962,56.3889],[160.8609,56.3323],[161.2887,56.3045],[161.3882,56.34],[161.948,56.2233],[162.13,56.2609],[162.3975,56.27],[162.478,56.243]]},"properties":{"name":"Kamchatka","scalerank":6,"min_zoom":5}},
{"type":"Feature","geometry":{"type":"LineString","coordinates":[[82.4005,30.4114],[82.517,30.4088],[82.5891,30.3603],[82.6513,30.3825],[82.7529,30.3594],[82.8593,30.373],[82.9336,30.2514],[83.0955,30.1514],[83.3823,30.0415],[83.4098,29.9915],[83.5554,29.9275],[83.6002,29.8799],[83.7066,29.8623],[83.9801,29.7364],[83.9895,29.6331],[84.0872,29.5702],[84.2051,29.5751],[84.2377,29.5414],[84.4161,29.5352],[84.5105,29.4759],[84.4804,29.3495],[84.5244,29.2762],[84.6179,29.2885],[84.7763,29.2244],[84.9225,29.1901],[85.165,29.3256],[85.3227,29.2778],[85.5554,29.2565],[85.6529,29.1806],[85.782,29.2164],[85.9464,29.1822],[86.1474,29.1782],[86.2754,29.2134],[86.4536,29.2073],[86.5095,29.2392],[86.6069,29.2017],[86.6665,29.2134],[86.9605,29.1794],[87.0792,29.1542],[87.4094,29.1179],[87.6602,29.1516]]},"properties":{"name":"Maquan","scalerank":2,"min_zoom":2.1}},
{"type":"Feature","geometry":{"type":"LineString","coordinates":[[-86.844,13.4205],[-86.7996,13.4614],[-86.6869,13.4546],[-86.6302,13.5242],[-86.4433,13.6429],[-86.3141,13.6146],[-86.2736,13.514],[-86.2203,13.4635],[-86.1178,13.4409],[-86.0502,13.5047],[-85.9202,13.4851],[-85.8314,13.5533],[-85.8331,13.6128],[-85.7832,13.7818],[-85.7342,13.832],[-85.7482,13.8885],[-85.7001,13.9617],[-85.5115,14.0939],[-85.4325,14.133],[-85.3944,14.211],[-85.3221,14.2815],[-85.191,14.3098],[-85.2066,14.4073],[-85.1526,14.4862],[-85.0304,14.5891],[-85.0028,14.7409],[-84.905,14.8172],[-84.7709,14.8054],[-84.7001,14.6749],[-84.5282,14.6606],[-84.4835,14.6197],[-84.3392,14.6749],[-84.2886,14.6674],[-84.2362,14.7549],[-84.1837,14.7141],[-84.0244,14.7585],[-83.8702,14.7773],[-83.6051,14.9094],[-83.3911,15.0311],[-83.2628,14.9833],[-83.1304,14.997]]},"properties":{"name":"Coco","scalerank":6,"min_zoom":5}},
{"type":"Feature","geometry":{"type":"LineString","coordinates":[[-101.6589,33.5325],[-101.4524,33.4413],[-101.3,33.2279],[-101.1767,33.1968],[-101.1258,33.136],[-101.0325,33.1558],[-100.9676,33.1149],[-100.8138,33.1035],[-100.7008,33.0374],[-100.6301,32.96],[-100.5013,32.9046]]},"properties":{"name":"Double Mountain Fork Brazos","scalerank":6,"min_zoom":5}},
{"type":"Feature","geometry":{"type":"MultiLineString","coordinates":[[[-112.5978,54.619],[-112.3574,54.619],[-112.2539,54.5821],[-112.1233,54.4661],[-112.0079,54.4821],[-111.6014,54.4399],[-111.2792,54.4597],[-111.0749,54.3651],[-110.9315,54.4064],[-110.6988,54.3859],[-110.4449,54.4492],[-110.3254,54.4341],[-110.2631,54.362],[-110.0436,54.2548],[-109.8785,54.2505],[-109.5878,54.3159],[-109.441,54.3005],[-109.3898,54.2487],[-109.2598,54.2413],[-109.1439,54.2904],[-109.0001,54.3035],[-108.6744,54.2542],[-108.3878,54.3194],[-108.1695,54.2972],[-108.0466,54.3381],[-107.8239,54.3549],[-107.8737,54.5025],[-107.7951,54.5553],[-107.7762,54.6997],[-107.7961,54.8938],[-107.6164,55.1367],[-107.6351,55.284],[-107.7404,55.4083]],[[-112.7409,54.3996],[-112.7316,54.5213],[-112.5978,54.619]]]},"properties":{"name":"Beaver","scalerank":6,"min_zoom":5}},
{"type":"Feature","geometry":{"type":"LineString","coordinates":[[-127.2353,56.8146],[-126.9542,56.9029],[-126.8841,57.0053],[-126.9112,57.1374],[-126.5501,57.3633],[-126.5775,57.555],[-126.4864,57.6572],[-126.2576,57.6733],[-126.1415,57.6155],[-126.0557,57.5269],[-125.8157,57.4217],[-125.654,57.4245],[-125.5292,57.3663],[-125.4593,57.2667],[-125.1783,57.0865],[-125.1202,57.007],[-125.0211,56.9686],[-124.8356,56.7569]]},"properties":{"name":"Finlay","scalerank":6,"min_zoom":5}},
{"type":"Feature","geometry":{"type":"LineString","coordinates":[[-100.6322,22.1638],[-100.6524,22.2587],[-100.5717,22.2682],[-100.511,22.202],[-100.4413,22.2018],[-100.2756,22.0512],[-100.1066,22.0163],[-99.9331,21.9177],[-99.8618,21.8416],[-99.8086,21.7017],[-99.7301,21.7117],[-99.6479,21.6523],[-99.5482,21.7395],[-99.448,21.7036],[-99.3473,21.7034],[-99.2562,21.649],[-99.1884,21.7235],[-99.0844,21.7695],[-99.0453,21.8196],[-98.826,21.8563],[-98.8061,21.957],[-98.7499,21.9902],[-98.59,21.9811]]},"properties":{"name":"Verde","scalerank":6,"min_zoom":5}},
{"type":"Feature","geometry":{"type":"MultiLineString","coordinates":[[[-79.3415,38.6248],[-79.2874,38.7471],[-79.2829,38.8517],[-79.2091,38.9897],[-79.0396,39.0154],[-78.9349,39.1655],[-78.8585,39.2104],[-78.7584,39.3492],[-78.7397,39.4271],[-78.6705,39.4414],[-78.5749,39.5328],[-78.4691,39.5335],[-78.4339,39.6241],[-78.3253,39.6392]],[[-79.6207,38.4413],[-79.5152,38.4827],[-79.3416,38.6248]]]},"properties":{"name":"S. Branch Potomac","scalerank":6,"min_zoom":5}},
{"type":"Feature","geometry":{"type":"LineString","coordinates":[[-74.0745,44.1002],[-74.0602,43.9874],[-74.1392,43.9666],[-74.1849,43.843],[-74.0714,43.8056],[-74.0196,43.7299],[-73.9131,43.7032],[-73.8107,43.5006],[-73.8718,43.4433],[-73.8356,43.2622],[-73.7544,43.2539],[-73.616,43.3091],[-73.5842,43.0856],[-73.6295,42.967],[-73.689,42.8975],[-73.6744,42.8259],[-73.6803,42.784],[-73.7076,42.7498],[-73.7069,42.7148],[-73.7554,42.6406],[-73.7965,42.3967],[-73.7836,42.3043],[-73.8482,42.2547],[-73.9424,42.1054],[-73.956,41.9754],[-73.9473,41.6483],[-73.9957,41.5097],[-73.9493,41.3092]]},"properties":{"name":"Hudson","scalerank":6,"min_zoom":5}},
{"type":"Feature","geometry":{"type":"LineString","coordinates":[[-84.7547,40.359],[-84.7956,40.4273],[-84.7301,40.5414],[-84.9328,40.5986],[-85.2462,40.8087],[-85.419,40.835],[-85.5762,40.8946],[-85.6931,40.8449],[-85.9778,40.7698],[-86.17,40.7475],[-86.5175,40.7431],[-86.6479,40.6586],[-86.7123,40.5769],[-86.8787,40.4819],[-86.9128,40.417],[-87.0463,40.4204],[-87.2691,40.3105],[-87.3497,40.2291],[-87.4487,40.182],[-87.4207,40.1024],[-87.4341,39.9637],[-87.3752,39.8944],[-87.392,39.6287],[-87.4711,39.4161],[-87.6255,39.2996],[-87.5989,39.2056],[-87.6634,39.1564],[-87.5838,39.0015],[-87.5426,38.9702],[-87.557,38.878],[-87.5113,38.7633],[-87.5479,38.6827],[-87.6151,38.6517],[-87.6466,38.5198],[-87.7625,38.4609],[-87.7524,38.4215],[-87.8445,38.3177],[-87.9457,38.2988],[-87.9927,38.2099],[-87.9341,38.1598],[-88.0455,38.0516],[-88.0454,37.8067]]},"properties":{"name":"Wabash","scalerank":6,"min_zoom":5}},
{"type":"Feature","geometry":{"type":"LineString","coordinates":[[-70.2641,46.1835],[-70.2816,46.2122],[-70.1892,46.3587],[-70.0376,46.4491],[-69.9935,46.5193],[-69.8453,46.5157],[-69.7867,46.6512],[-69.4901,46.879],[-69.4424,46.9693],[-69.3087,47.064],[-69.1337,47.1241],[-69.027,47.1015],[-68.9327,47.1717],[-68.7626,47.2373],[-68.6449,47.2456],[-68.5404,47.3001],[-68.3863,47.3019],[-68.3004,47.368],[-68.1978,47.3417],[-67.9632,47.1979],[-67.8555,47.0981],[-67.746,47.0537],[-67.6889,46.9786],[-67.7043,46.78],[-67.7392,46.6105],[-67.6107,46.5242],[-67.615,46.4299],[-67.5406,46.3355],[-67.5239,46.2474],[-67.5747,46.1357],[-67.5528,46.0494],[-67.4784,46.0054],[-67.2798,45.9706],[-67.1746,45.9885],[-66.9684,45.8895],[-66.8487,45.976],[-66.6839,45.9849],[-66.5189,45.8887],[-66.3756,45.8887],[-66.164,45.822],[-66.0322,45.5628],[-66.2274,45.392],[-66.1907,45.3387]]},"properties":{"name":"Saint John","scalerank":6,"min_zoom":5}},
{"type":"Feature","geometry":{"type":"LineString","coordinates":[[-81.5763,36.0737],[-81.5316,36.0374],[-81.2741,36.1348],[-81.1609,36.1414],[-80.9928,36.2034],[-80.6239,36.2831],[-80.4486,36.2386]]},"properties":{"name":"Yadkin","scalerank":6,"min_zoom":5}},
{"type":"Feature","geometry":{"type":"LineString","coordinates":[[102.6739,57.9431],[102.6738,57.8258],[102.5684,57.6581],[102.3845,57.5079],[102.3364,57.3],[102.3333,57.0476],[102.3582,57.004],[102.358,57.0037]]},"properties":{"name":"Angara","scalerank":6,"min_zoom":5}},
{"type":"Feature","geometry":{"type":"MultiLineString","coordinates":[[[101.9578,58.9622],[101.9478,58.9732]],[[101.9578,58.9622],[101.0571,58.9515],[100.9644,58.913],[100.9602,58.8082],[100.7481,58.733],[100.6121,58.7126],[100.4434,58.642],[100.4181,58.5829],[100.481,58.4724],[100.3538,58.3455],[100.2825,58.3358],[100.0044,58.3859],[100.0138,58.4367],[99.829,58.5277],[99.5523,58.5571],[99.438,58.5959],[99.3054,58.6924],[99.0486,58.7256],[98.7826,58.6551],[98.665,58.5891],[98.6605,58.52],[98.5327,58.4619],[97.9797,58.4239],[97.8972,58.4376],[97.6879,58.3967],[97.3922,58.4148],[97.223,58.4437],[97.0489,58.3962],[96.8594,58.4208],[96.8079,58.5003],[96.4454,58.5549],[96.1642,58.5078],[95.8899,58.5474],[95.6633,58.5208],[95.4365,58.4462],[95.3647,58.3597],[95.1406,58.2897],[94.8743,58.1565],[94.6143,58.1548],[94.3481,58.1092],[94.104,58.1539],[93.8618,58.1092],[93.3352,58.1872],[93.2147,58.1646],[93.1094,58.0839],[93.0367,58.0814],[93.0112,58.0853],[92.9907,58.0933]],[[102.489,58.8292],[102.311,58.8513],[101.9578,58.9622]],[[102.6739,57.9431],[102.8116,58.1378],[102.8409,58.4367],[102.6352,58.7471],[102.5504,58.815],[102.2905,58.9248],[102.1248,58.9642],[101.9578,58.9622]],[[101.8032,56.2908],[101.8243,56.5413],[101.8069,56.6713],[101.5711,56.8122],[101.3935,56.8124],[101.3855,56.9539],[101.7003,57.0152],[101.7998,56.9555],[102.0496,56.8999],[102.3024,56.8914],[102.3582,57.004]]]},"properties":{"name":"Angara","scalerank":2,"min_zoom":2.1}},
{"type":"Feature","geometry":{"type":"MultiLineString","coordinates":[[[24.2556,48.3217],[24.3652,48.2846],[24.2516,48.1008],[24.1819,48.0348],[24.1482,47.9124]],[[21.3464,48.0263],[21.2986,48.024],[21.2844,48.0263],[21.2529,48.0476],[21.12,47.9868],[21.0296,47.8231]],[[24.1482,47.9124],[23.9768,47.9625],[23.8762,47.9347],[23.7796,47.9877],[23.5627,48.006],[23.2576,48.171],[23.1338,48.1678],[22.9347,48.0844],[22.7798,48.1215],[22.5791,48.0952],[22.4885,48.0621],[22.3254,48.1333],[22.2433,48.2665],[22.2713,48.4037],[22.1372,48.3869],[22.0793,48.3116],[21.9431,48.2479],[21.6902,48.1675],[21.4761,48.1772],[21.4069,48.0338],[21.339,48.0263]],[[21.0296,47.8231],[20.8921,47.6844],[20.7915,47.6775],[20.6894,47.5779],[20.3831,47.4202],[20.4347,47.3832],[20.4609,47.2816],[20.3521,47.2734],[20.1772,47.1597],[20.2256,47.024],[20.1541,46.9308],[20.0381,46.8358],[20.0888,46.7574],[20.2087,46.6804],[20.1425,46.5615],[20.2297,46.2899],[20.1789,46.2608]],[[24.8661,47.7379],[24.7151,47.7962],[24.6206,47.7967],[24.426,47.7235],[24.3142,47.7482],[24.1482,47.9124]]]},"properties":{"name":null,"scalerank":6,"min_zoom":5}},
{"type":"Feature","geometry":{"type":"LineString","coordinates":[[127.1522,-17.3832],[127.0725,-17.44],[126.946,-17.478],[126.7754,-17.478],[126.6572,-17.5004],[126.4321,-17.4712],[126.3175,-17.4299],[126.2134,-17.5287],[126.1243,-17.5668],[126.1244,-17.6284],[126.0178,-17.6454],[125.8958,-17.8747],[125.7809,-17.9647],[125.6929,-18.1087],[125.6236,-18.1432],[125.5108,-18.2765],[125.4219,-18.3244],[125.3255,-18.3353],[125.2158,-18.4069],[125.1578,-18.4719],[124.9933,-18.5134],[124.8019,-18.4886],[124.6433,-18.4377],[124.5545,-18.3353],[124.4702,-18.1673],[124.3935,-18.0981],[124.2242,-18.0673],[124.1083,-18.0916],[124.0611,-18.1338],[123.962,-18.1122],[123.8767,-18.054],[123.7538,-17.93],[123.7291,-17.85],[123.6389,-17.7061],[123.5703,-17.6855],[123.5676,-17.5879]]},"properties":{"name":"Fitzroy","scalerank":6,"min_zoom":5}},
{"type":"Feature","geometry":{"type":"LineString","coordinates":[[140.6829,-4.8558],[140.7466,-4.935],[140.7302,-5.0615],[140.6886,-5.1833],[140.6104,-5.2188],[140.5348,-5.3387],[140.4492,-5.37],[140.4375,-5.4423],[140.3526,-5.4699],[140.2951,-5.5689],[140.2263,-5.6303],[140.2535,-5.7321],[140.2239,-5.8268],[140.2951,-5.9041],[140.3067,-6.0651],[140.2535,-6.1647],[140.2962,-6.3508],[140.3493,-6.4038],[140.3328,-6.5514],[140.3893,-6.6169],[140.3328,-6.6889],[140.2953,-6.788],[140.209,-6.8143],[140.1607,-6.9286],[140.0898,-6.9804],[140.103,-7.0798],[139.9552,-7.1708],[139.897,-7.1548],[139.8572,-7.0817],[139.7602,-7.0794],[139.7442,-7.1769],[139.6342,-7.2503],[139.5763,-7.174],[139.5374,-7.2555],[139.4727,-7.2404],[139.4531,-7.1381],[139.3789,-7.1221],[139.3189,-7.1948],[139.24,-7.1585]]},"properties":{"name":"Digul","scalerank":6,"min_zoom":5}},
{"type":"Feature","geometry":{"type":"LineString","coordinates":[[-122.0946,43.4221],[-122.2654,43.5108],[-122.4222,43.525],[-122.458,43.6378],[-122.4286,43.7212],[-122.5465,43.8193],[-122.698,43.9081],[-122.8197,43.9447],[-122.9276,44.0343],[-122.999,44.039],[-123.087,44.1133],[-123.1498,44.2718],[-123.2119,44.352],[-123.1908,44.5113],[-123.2283,44.5842],[-123.0978,44.6497],[-123.152,44.8447],[-123.0809,44.9365],[-123.0406,45.0936],[-122.9717,45.1345],[-122.9633,45.2814],[-122.8501,45.2703],[-122.6501,45.3161],[-122.5973,45.3731],[-122.6496,45.5393],[-122.7342,45.5909],[-122.7342,45.6566]]},"properties":{"name":"Willamette","scalerank":6,"min_zoom":5}},
{"type":"Feature","geometry":{"type":"MultiLineString","coordinates":[[[-108.2036,33.5769],[-108.1179,33.3992],[-108.2038,33.1859],[-108.3446,33.0683],[-108.5018,33.0807],[-108.602,32.9551],[-108.6204,32.7933],[-108.679,32.726],[-108.8642,32.6358],[-108.9275,32.6313],[-109.0616,32.6932],[-109.1827,32.7932],[-109.245,32.9348],[-109.3491,32.9732],[-109.4372,32.9519],[-109.5394,32.8541],[-109.631,32.8276],[-109.7473,32.8491],[-109.8553,32.9156],[-109.9403,33.0496],[-110.1405,33.1824],[-110.2953,33.2062],[-110.4836,33.1961],[-110.7033,33.0822],[-110.7635,33.0095],[-110.8735,33.0541],[-110.9742,33.1254],[-111.2556,33.1117]],[[-111.2556,33.1117],[-111.5232,33.0183],[-111.7653,33.099],[-111.931,33.1694],[-112.0548,33.1761],[-112.1991,33.2657],[-112.312,33.3751],[-112.4182,33.4022],[-112.5001,33.3578],[-112.7134,33.3265],[-112.7903,33.28],[-112.6969,33.1118],[-112.6919,33.0323],[-112.8089,33.0108],[-113.0658,33.086],[-113.1564,33.0093],[-113.254,33.0067],[-113.3763,32.9682],[-113.5385,32.8814],[-113.6389,32.8638],[-113.8313,32.7691],[-113.8672,32.7791],[-114.0214,32.7169],[-114.1004,32.7397],[-114.22,32.6813],[-114.327,32.7178],[-114.3848,32.7901],[-114.5046,32.7176],[-114.5585,32.7338]],[[-111.2494,33.1043],[-111.2556,33.1117]]]},"properties":{"name":"Gila","scalerank":6,"min_zoom":5}},
{"type":"Feature","geometry":{"type":"MultiLineString","coordinates":[[[-48.7231,-5.3554],[-48.6886,-5.3138],[-48.582,-5.3007],[-48.4982,-5.1865],[-48.338,-5.1639],[-48.1534,-5.2573],[-48.0646,-5.2666],[-47.9997,-5.2324],[-47.865,-5.2809],[-47.8387,-5.3832],[-47.7232,-5.3915],[-47.5937,-5.4701],[-47.5371,-5.4789],[-47.4687,-5.5888],[-47.483,-5.743],[-47.4141,-5.87],[-47.4256,-6.1039],[-47.3732,-6.2337],[-47.4104,-6.3499],[-47.4073,-6.4794],[-47.4495,-6.544],[-47.4878,-6.6984],[-47.4825,-6.8884],[-47.5139,-7.0088],[-47.5854,-7.069],[-47.64,-7.1585],[-47.7413,-7.1934],[-47.6606,-7.2635],[-47.5128,-7.2806],[-47.4891,-7.3815],[-47.5917,-7.4458],[-47.6364,-7.6471],[-47.68,-7.6952],[-47.9352,-7.8265],[-47.9731,-8.0658],[-48.1109,-8.0864],[-48.1612,-8.1307],[-48.1385,-8.3757],[-48.0943,-8.4213],[-48.1432,-8.5252],[-48.1403,-8.7139],[-48.1199,-8.7548],[-48.1745,-8.912],[-48.1905,-9.0151],[-48.2786,-9.1303],[-48.3692,-9.3271],[-48.3799,-9.5431],[-48.4031,-9.6442],[-48.3731,-9.6797],[-48.3759,-9.7857],[-48.3262,-9.8564],[-48.3777,-9.9255],[-48.3337,-10.0268],[-48.4281,-10.1777],[-48.4017,-10.2489],[-48.4628,-10.5135],[-48.4172,-10.5977],[-48.431,-10.7075],[-48.4094,-10.8473],[-48.4557,-10.9199],[-48.5643,-11.0267],[-48.5054,-11.2027],[-48.4625,-11.2529],[-48.4625,-11.3307],[-48.5072,-11.3859],[-48.586,-11.4064],[-48.5843,-11.4655],[-48.6747,-11.5443]],[[-49.1787,-15.926],[-49.2663,-15.7508],[-49.3674,-15.683],[-49.4422,-15.6025],[-49.4562,-15.5458],[-49.5825,-15.4325],[-49.5921,-15.3517],[-49.5437,-15.1774],[-49.495,-15.1198],[-49.4084,-15.0939],[-49.3156,-14.9637],[-49.2986,-14.8879],[-49.1819,-14.7923],[-49.2003,-14.7617],[-49.018,-14.6999],[-49.0303,-14.6175],[-49.0174,-14.4701],[-48.9832,-14.415],[-49.0248,-14.3125],[-48.9486,-14.2173],[-48.8498,-14.1337],[-48.743,-14.0928],[-48.701,-14.1445],[-48.6236,-14.1657],[-48.5205,-14.117],[-48.4718,-14.0309],[-48.3389,-13.9551],[-48.357,-13.8285],[-48.2262,-13.8374],[-48.1242,-13.7411],[-48.1267,-13.6403],[-48.0919,-13.541],[-48.2139,-13.459],[-48.1777,-13.4281],[-48.1813,-13.1816],[-48.1419,-13.0858],[-48.1466,-12.9892],[-48.2502,-12.7292],[-48.2829,-12.6804],[-48.2917,-12.5588],[-48.2229,-12.4758],[-48.2735,-12.3054],[-48.3334,-12.2534],[-48.4762,-12.1904],[-48.5317,-11.9338],[-48.6543,-11.6913],[-48.6679,-11.5443]]]},"properties":{"name":"Tocantins","scalerank":6,"min_zoom":5}},
{"type":"Feature","geometry":{"type":"LineString","coordinates":[[26.9615,-23.7373],[27.0038,-23.6457],[27.0696,-23.6559],[27.1269,-23.5248],[27.2776,-23.4636],[27.3495,-23.3913],[27.5484,-23.3607],[27.6074,-23.2166],[27.698,-23.1934],[27.7711,-23.1328],[27.895,-23.0794],[27.9456,-23.0288],[27.9369,-22.9637],[28.0213,-22.9264],[28.0466,-22.8368],[28.162,-22.7588],[28.1956,-22.6716],[28.338,-22.5844],[28.522,-22.5846],[28.6235,-22.5627],[28.912,-22.4535],[28.9673,-22.3802],[28.9599,-22.3101],[29.0474,-22.2201],[29.1684,-22.2139],[29.2216,-22.1821],[29.3775,-22.1928],[29.4563,-22.1586],[29.6608,-22.1263],[29.7788,-22.1362],[29.9461,-22.1982],[30.1345,-22.2934],[30.2398,-22.2959],[30.3003,-22.3368],[30.4122,-22.3368],[30.5068,-22.3095],[30.6319,-22.3306],[30.8374,-22.2822],[31.0698,-22.3337],[31.1627,-22.3226],[31.2651,-22.3654],[31.2968,-22.4125],[31.5712,-22.458],[31.7417,-22.6385],[31.8084,-22.6479],[31.9021,-22.7586],[31.9472,-22.8644],[32.0972,-23.0253],[32.2229,-23.0967],[32.2556,-23.2411],[32.3893,-23.4343],[32.4429,-23.4849],[32.5001,-23.6511],[32.4959,-23.7482],[32.5914,-23.8649],[32.5781,-23.9676],[32.6358,-24.1079],[32.7618,-24.2158],[32.8248,-24.2969],[32.9063,-24.4521],[32.9614,-24.4409],[33.1568,-24.6157],[33.2421,-24.6059],[33.3521,-24.6706],[33.4822,-24.7768],[33.5852,-24.766],[33.6199,-24.8549],[33.5934,-25.065],[33.5092,-25.1415],[33.5292,-25.1913]]},"properties":{"name":"Limpopo","scalerank":6,"min_zoom":5}},
{"type":"Feature","geometry":{"type":"LineString","coordinates":[[11.4836,62.687],[11.3273,62.613],[11.2456,62.5135],[11.0891,62.432],[10.9085,62.3874],[10.8115,62.3023],[10.6753,62.2709],[10.6242,62.1907],[10.6384,62.0898],[10.8818,61.9785],[10.811,61.7461],[10.8792,61.6543],[11.0357,61.5384],[11.0723,61.4228],[11.2146,61.3715],[11.3049,61.2823],[11.3572,61.0844],[11.4888,60.9796],[11.5376,60.864],[11.7058,60.7963],[11.8401,60.6457],[12.0032,60.5965],[12.0276,60.5248]]},"properties":{"name":"Glomma","scalerank":6,"min_zoom":5}},
{"type":"Feature","geometry":{"type":"LineString","coordinates":[[-69.4298,-31.2778],[-69.3089,-31.2562],[-69.0893,-31.2759],[-69.0043,-31.3817],[-69.0015,-31.5137],[-68.8287,-31.5086],[-68.7705,-31.5335],[-68.5474,-31.464],[-68.462,-31.4579],[-68.3669,-31.5612],[-68.3433,-31.673],[-68.3782,-31.8184],[-68.2198,-32.1049],[-68.0209,-32.0692],[-67.8319,-32.2393],[-67.585,-32.2529],[-67.4662,-32.287],[-67.3618,-32.3895]]},"properties":{"name":"San Juan","scalerank":6,"min_zoom":5}},
{"type":"Feature","geometry":{"type":"LineString","coordinates":[[45.6528,-21.4284],[45.6041,-21.4113],[45.5296,-21.4632],[45.4602,-21.453],[45.4309,-21.5378],[45.3102,-21.6651],[45.191,-21.6887],[45.0933,-21.6675],[44.8984,-21.7197],[44.643,-21.7407],[44.4705,-21.8296],[44.2734,-21.853],[44.215,-21.8054],[44.1109,-21.8378],[43.9959,-21.9027],[43.8948,-21.861],[43.7892,-21.6983],[43.7412,-21.5536],[43.6173,-21.4282],[43.5422,-21.3158]]},"properties":{"name":"Mangoky","scalerank":6,"min_zoom":5}},
{"type":"Feature","geometry":{"type":"MultiLineString","coordinates":[[[-113.8234,58.7102],[-113.7135,58.6693]],[[-122.2217,56.0213],[-122.3692,56.1114],[-122.6155,56.1404],[-122.7441,56.0904],[-123.0558,56.0668],[-123.1835,55.9848],[-123.7397,56.0444],[-123.97,55.9993],[-124.1431,56.1499],[-124.4225,56.3411],[-124.5491,56.531],[-124.8356,56.7569]]]},"properties":{"name":"Peace","scalerank":2,"min_zoom":2.1}},
{"type":"Feature","geometry":{"type":"MultiLineString","coordinates":[[[-113.7135,58.6693],[-113.4159,58.7102],[-113.3287,58.7664],[-113.1233,58.816],[-113.1205,58.8939],[-112.9888,58.9106],[-112.7942,59.1115],[-112.6536,59.169],[-112.4422,59.1121],[-112.2884,59.1143],[-112.1103,59.0665],[-112.0148,58.9298],[-111.8192,58.9709],[-111.652,58.9422],[-111.4108,59.0051]],[[-122.2217,56.0213],[-122.153,55.9556],[-122.0014,55.9837],[-121.7283,56.139],[-121.6214,56.1539],[-121.4105,56.241],[-121.1972,56.274],[-121.0609,56.225],[-120.9762,56.2447],[-120.7189,56.1595],[-120.4613,56.1204],[-120.171,56.1221],[-120.0414,56.1561],[-119.9079,56.1493],[-119.7882,56.1909],[-119.5892,56.1993],[-119.2303,56.3088],[-118.9749,56.2857],[-118.9725,56.1886],[-118.7695,55.9636],[-118.6391,55.9257],[-118.4047,55.9151],[-118.3095,55.9383]],[[-118.3095,55.9383],[-118.0122,55.9276],[-117.8774,55.9571],[-117.7074,56.055],[-117.3242,56.2186],[-117.2683,56.3455],[-117.1293,56.4776],[-117.1129,56.5897],[-117.2564,56.7086],[-117.2768,56.8941],[-117.2067,57.1042],[-117.0851,57.2538],[-117.1531,57.322],[-117.0491,57.4676],[-117.0857,57.545],[-116.9691,57.5998],[-117.115,57.6403],[-117.137,57.7473],[-117.0541,57.871],[-117.1637,57.9435],[-117.1007,58.0515],[-116.8833,58.1173],[-116.5644,58.1286],[-116.6693,58.2468],[-116.2556,58.3624],[-116.1671,58.4086],[-115.9608,58.4256],[-115.8178,58.4654],[-115.7148,58.4031],[-115.5246,58.4322],[-115.2995,58.3577],[-115.0536,58.388],[-114.868,58.376],[-114.6493,58.4417],[-114.5018,58.5389],[-114.2875,58.5894],[-114.1281,58.6592],[-113.981,58.6618],[-113.8234,58.7102]]]},"properties":{"name":"Peace","scalerank":2,"min_zoom":2.1}},
{"type":"Feature","geometry":{"type":"LineString","coordinates":[[37.8167,13.8753],[37.7639,13.8716],[37.6606,13.9215],[37.5789,14.0967],[37.5249,14.129],[37.3936,14.3502],[37.2932,14.4576],[37.1206,14.421],[37.0722,14.2855],[37.0051,14.2634],[36.9465,14.305],[36.7476,14.3322],[36.5652,14.2931],[36.4907,14.236],[36.3984,14.2493],[36.3193,14.2975],[36.148,14.2224],[36.0172,14.2237],[35.9346,14.2684],[35.8821,14.3902],[35.9049,14.5551],[35.8954,14.6197]]},"properties":{"name":"Setit","scalerank":6,"min_zoom":5}},
{"type":"Feature","geometry":{"type":"LineString","coordinates":[[131.8437,-14.7057],[131.718,-14.6563],[131.6503,-14.4134],[131.4737,-14.2958],[131.4004,-14.1823],[131.3019,-14.1397],[131.2074,-14.035],[131.1829,-13.9387],[131.2124,-13.8638],[131.1332,-13.832],[131.0376,-13.8874],[130.8648,-13.9273],[130.7427,-13.8675],[130.6567,-13.6725],[130.5783,-13.6683],[130.45,-13.4653],[130.4053,-13.4897],[130.2818,-13.4189],[130.3245,-13.353]]},"properties":{"name":"Daly","scalerank":6,"min_zoom":5}},
{"type":"Feature","geometry":{"type":"LineString","coordinates":[[138.7022,-3.1904],[138.6016,-3.2238],[138.6096,-3.0698],[138.5706,-2.9281],[138.4907,-2.9365],[138.4592,-2.8273],[138.4194,-2.7868],[138.4244,-2.6764],[138.1758,-2.3631],[137.9658,-2.2792],[137.9058,-2.1537],[137.8484,-2.132],[137.7959,-2.0526],[137.8459,-2.0169],[137.8701,-1.9155],[137.8341,-1.8436],[137.8286,-1.704],[137.8914,-1.6235],[137.9105,-1.4842]]},"properties":{"name":"Mamberamo","scalerank":6,"min_zoom":5}},
{"type":"Feature","geometry":{"type":"MultiLineString","coordinates":[[[102.0781,71.9518],[101.98,71.9044],[101.59,71.848],[101.4192,71.7711],[100.8753,71.767],[100.067,71.6935],[99.6707,71.5858],[99.4754,71.5699],[99.5581,71.4501]],[[92.2199,69.9866],[93.5641,69.9056],[93.8652,69.842],[94.2764,69.838],[94.6001,69.8621],[95.1679,70.0472],[95.3086,70.1183],[95.594,70.1204],[95.6946,70.1675],[95.8927,70.3411],[95.8274,70.3998],[95.8269,70.5789],[95.3907,70.5588],[95.3744,70.6798],[95.1491,70.6444],[94.5094,70.6423],[94.2988,70.7351],[94.0201,70.7789],[94.2061,70.8753],[94.5466,70.9626],[95.2593,70.908],[95.3955,70.8709],[96.2122,70.8242],[96.4653,70.8563],[97.3054,70.8505],[97.5339,70.7913],[97.8181,70.8024],[97.8866,70.892],[98.0981,70.9306],[98.1754,71.0478],[98.0208,71.0964],[98.2454,71.1778],[98.7692,71.181],[98.9037,71.1407],[99.1682,71.1815],[99.4105,71.3076],[99.5557,71.4486]]]},"properties":{"name":"Kheta","scalerank":6,"min_zoom":5}},
{"type":"Feature","geometry":{"type":"LineString","coordinates":[[89.6563,50.5045],[89.2906,50.6302],[88.9747,50.5807],[88.8215,50.6013],[88.6331,50.732],[88.5745,50.8184],[88.4744,50.8204],[88.3248,50.8699],[88.0629,51.013],[87.9816,51.0969],[87.9046,51.1074],[87.7732,51.2096],[87.7284,51.2818],[87.7558,51.3644]]},"properties":{"name":"Chulyshman","scalerank":6,"min_zoom":5}},
{"type":"Feature","geometry":{"type":"MultiLineString","coordinates":[[[-99.6808,33.5399],[-99.5357,33.5817],[-99.2493,33.5758],[-99.2038,33.467],[-99.1162,33.472],[-99.0348,33.3557],[-98.8673,33.2255],[-98.7576,33.1906],[-98.6921,33.1292],[-98.7223,33.081],[-98.5823,32.9883],[-98.4184,32.9852],[-98.4525,32.8958],[-98.3495,32.8275],[-98.2174,32.8612],[-98.1288,32.6959],[-98.0242,32.6867],[-97.9529,32.6153],[-97.8819,32.621],[-97.8052,32.5706],[-97.8151,32.4979],[-97.7401,32.4234],[-97.6411,32.3981],[-97.7022,32.3263],[-97.6566,32.2218],[-97.5034,32.1451],[-97.4017,32.0206],[-97.3673,31.8991],[-97.2623,31.8252],[-97.2922,31.7762],[-97.2345,31.7025],[-97.1503,31.6631],[-97.1234,31.596],[-96.9933,31.4794],[-96.9661,31.3329],[-96.8876,31.2],[-96.7597,31.0289],[-96.7345,30.9345],[-96.6575,30.8605],[-96.5769,30.7092],[-96.571,30.6395],[-96.4537,30.6085],[-96.2782,30.4562],[-96.2801,30.3876],[-96.1505,30.3813],[-96.0815,30.2442],[-96.1521,30.1977],[-96.1743,30.121],[-96.0983,30.0345],[-96.0958,29.8196],[-96.0201,29.7303],[-96.0402,29.6555],[-95.9176,29.6573],[-95.8188,29.5862],[-95.7721,29.6166],[-95.6772,29.5815],[-95.5597,29.4534],[-95.6001,29.3567],[-95.574,29.2377],[-95.6188,29.1873],[-95.6287,29.1004],[-95.5543,29.0467],[-95.3915,28.9794],[-95.3827,28.8806]],[[-100.5013,32.9046],[-100.4093,32.9769],[-100.2987,33.0023],[-100.1077,33.0057],[-99.9806,33.0843],[-99.956,33.2338],[-99.9944,33.2725],[-99.9978,33.3861],[-99.8221,33.4838],[-99.6808,33.5399]]]},"properties":{"name":"Brazos","scalerank":6,"min_zoom":5}},
{"type":"Feature","geometry":{"type":"LineString","coordinates":[[-123.472,65.1517],[-123.5928,65.131],[-123.7562,65.0439],[-123.9859,65.0216],[-124.3629,65.0205],[-124.5954,65.0555],[-124.8851,64.9968],[-124.9946,65.0257],[-125.3458,65.0081],[-125.6012,64.9041]]},"properties":{"name":null,"scalerank":6,"min_zoom":5}},
{"type":"Feature","geometry":{"type":"LineString","coordinates":[[-98.59,21.9811],[-98.4664,21.9866],[-98.4311,21.96],[-98.3483,22.0622],[-98.2704,22.0516],[-98.1859,22.089],[-98.0685,22.0958],[-97.9816,22.2112],[-97.8517,22.2203],[-97.7811,22.274]]},"properties":{"name":"Pnuco","scalerank":6,"min_zoom":5}},
{"type":"Feature","geometry":{"type":"LineString","coordinates":[[89.387,40.6326],[89.142,40.6378],[88.7102,40.6952],[88.4903,40.7089],[88.3241,40.7762],[88.2184,40.8509],[87.8859,40.9012],[87.8513,40.8859],[87.6177,40.9775],[87.4956,40.9821],[87.375,40.9446],[87.0418,41.0388],[86.9878,41.1492],[86.8079,41.2692],[86.7408,41.2701],[86.6734,41.3384],[86.6065,41.2891],[86.3716,41.2428]]},"properties":{"name":"Konqi","scalerank":6,"min_zoom":5}},
{"type":"Feature","geometry":{"type":"LineString","coordinates":[[80.888,40.4671],[81.0723,40.5358],[81.251,40.5274],[81.3186,40.545],[81.4124,40.6651],[81.5712,40.7248],[81.7481,40.7212],[81.9391,40.8362],[82.1597,40.8688],[82.2857,40.9232],[82.4429,40.9486],[82.6559,41.0347],[82.7574,41.0233],[82.8862,40.9456],[83.0471,40.9316],[83.3495,40.9927],[83.6171,40.9821],[83.7275,41.0137],[83.8293,40.9754],[83.9895,41.0399],[84.0142,41.1057],[84.3096,41.1977],[84.4865,41.195],[84.8935,41.1644],[84.9812,41.1408],[85.124,41.0504],[85.5014,40.9616],[85.7061,41.0504],[86.0562,41.092],[86.142,41.0431],[86.2592,41.027],[86.4502,41.0508],[86.5418,41.103],[86.3546,41.179],[86.3716,41.2428],[86.3911,41.2798],[86.2078,41.3272],[86.1115,41.3793],[86.0154,41.3862],[85.8403,41.4688],[85.782,41.5308],[85.7993,41.6912],[85.8697,41.7383],[86.1142,41.7477],[86.2533,41.8381],[86.4647,41.7703],[86.6118,41.784],[86.7534,41.8255]]},"properties":{"name":"Tarim","scalerank":6,"min_zoom":5}},
{"type":"Feature","geometry":{"type":"LineString","coordinates":[[-117.6681,61.3078],[-117.4662,61.2524],[-117.3077,61.1741],[-117.0723,61.0979],[-116.7542,61.058],[-115.9066,61.0459],[-115.7167,61.0856],[-115.3592,61.2048],[-115.0106,61.3376],[-114.6441,61.3793],[-114.3862,61.3469],[-114.1568,61.2951],[-113.7706,61.2316],[-113.7036,61.246]]},"properties":{"name":"Mackenzie","scalerank":2,"min_zoom":2.1}},
{"type":"Feature","geometry":{"type":"MultiLineString","coordinates":[[[-134.3131,69.1539],[-134.5294,69.1124],[-134.6453,68.9904],[-134.4175,68.8062],[-134.2443,68.7062]],[[-134.8359,68.9638],[-135.0775,69.076],[-134.9913,69.1539],[-135.183,69.2631]],[[-134.8359,68.9638],[-135.0997,68.8892],[-135.2269,68.9437],[-135.6061,68.9114]],[[-134.2443,68.7062],[-134.4399,68.7058],[-134.6758,68.8961],[-134.8359,68.9638]],[[-117.6681,61.3078],[-117.7181,61.387],[-118.2845,61.498],[-118.381,61.3514],[-118.6943,61.2982],[-118.8182,61.2578],[-119.1527,61.2285],[-119.5045,61.2281],[-119.6096,61.2737],[-119.9409,61.3334],[-120.256,61.4615],[-120.4573,61.4649],[-120.671,61.5606],[-120.7341,61.6202],[-120.6696,61.7324],[-120.7274,61.8116],[-120.9039,61.8441],[-121.2878,61.8483],[-121.5494,61.9304],[-121.6011,61.9775],[-121.7671,61.9913],[-121.9775,62.0767],[-122.1896,62.0937],[-122.4507,62.1658],[-122.6875,62.1769],[-122.8323,62.1499],[-123.0582,62.1715],[-123.2496,62.2347],[-123.4089,62.3339],[-123.2764,62.4767],[-123.2094,62.6005],[-123.1881,62.7496],[-123.2537,62.8757],[-123.2177,62.9409],[-123.3075,63.1234],[-123.579,63.2601],[-123.657,63.3214],[-123.762,63.5508],[-124.0343,63.8694],[-124.2323,63.9793],[-124.3664,63.9761],[-124.4614,64.0694],[-124.4187,64.2089],[-124.5893,64.3204],[-124.7308,64.3444],[-124.7947,64.4249],[-124.9343,64.5361],[-124.9662,64.6133],[-124.895,64.6992],[-125.0876,64.7323],[-125.1486,64.8393],[-125.418,64.9045],[-125.6012,64.9041],[-125.9498,64.9248],[-126.1474,65.0182],[-126.2513,65.1083],[-126.552,65.2202],[-126.9293,65.2914],[-127.1054,65.2966],[-127.4855,65.4219],[-127.7222,65.5413],[-128.0302,65.6083],[-128.5245,65.6237],[-128.7785,65.6997],[-128.7406,65.7525],[-129.0126,65.879],[-129.1168,66.095],[-129.01,66.1775],[-128.7127,66.2483],[-128.66,66.3209],[-128.894,66.3843],[-129.0704,66.5109],[-129.5716,66.7264],[-129.8061,66.7487],[-130.11,66.8387],[-130.2241,66.9814],[-130.2557,67.2007],[-130.4088,67.3157],[-130.7333,67.3494],[-130.9401,67.4763],[-131.5755,67.4656],[-131.6825,67.4129],[-132.5648,67.2864],[-132.9001,67.2157],[-133.4785,67.3716],[-133.5915,67.48],[-133.7411,67.467],[-133.9345,67.5793],[-134.1928,67.6751],[-134.2032,67.8031],[-134.4573,68.039],[-134.4429,68.2096],[-134.3357,68.2459],[-134.0648,68.5168],[-134.2443,68.7062]]]},"properties":{"name":"Mackenzie","scalerank":2,"min_zoom":2.1}},
{"type":"Feature","geometry":{"type":"LineString","coordinates":[[-122.7545,40.8205],[-122.7858,40.733],[-122.9031,40.6641],[-123.0124,40.6934],[-123.0977,40.7924],[-123.232,40.7541],[-123.4687,40.8685],[-123.5976,40.9155],[-123.6396,41.0429],[-123.6906,41.1048],[-123.6896,41.2027]]},"properties":{"name":"Trinity","scalerank":6,"min_zoom":5}},
{"type":"Feature","geometry":{"type":"LineString","coordinates":[[19.0634,47.4727],[19.1008,47.3957],[18.9544,47.2108],[19.0021,47.1015],[18.968,47.0332]]},"properties":{"name":"Soroksari Duna","scalerank":6,"min_zoom":5}},
{"type":"Feature","geometry":{"type":"LineString","coordinates":[[18.915,46.1953],[18.9065,45.916],[18.8547,45.8576]]},"properties":{"name":"Ferenc Csatorna","scalerank":6,"min_zoom":5}},
{"type":"Feature","geometry":{"type":"LineString","coordinates":[[-67.3618,-32.3969],[-67.3209,-32.4311],[-67.2585,-32.6537],[-67.1922,-32.7612],[-67.2271,-32.9162],[-67.1979,-32.9865],[-67.1905,-33.2289],[-67.1427,-33.4521],[-67.0198,-33.6165],[-66.9297,-33.8379],[-66.8321,-33.914],[-66.7472,-34.0643],[-66.7549,-34.1626],[-66.8215,-34.2293],[-66.8127,-34.3847],[-66.779,-34.4282],[-66.7381,-34.6156],[-66.6908,-34.6581],[-66.5721,-34.853],[-66.5536,-34.9972],[-66.5067,-35.1415],[-66.5257,-35.1994],[-66.5052,-35.3427],[-66.5257,-35.5146],[-66.6289,-35.9492],[-66.6212,-36.0121],[-66.6852,-36.0692],[-66.8503,-36.2743],[-66.8456,-36.433],[-66.7987,-36.5238],[-66.8144,-36.6176],[-66.7797,-36.7324],[-66.7938,-36.8633],[-66.8442,-36.933],[-66.8124,-37.054],[-66.8506,-37.2147],[-66.7152,-37.2749],[-66.6697,-37.3444],[-66.5844,-37.3615],[-66.4165,-37.543],[-66.252,-37.5356],[-66.1456,-37.7798],[-66.0474,-37.7865],[-65.8522,-37.8773],[-65.8048,-38.101],[-65.9843,-38.2277],[-65.9293,-38.2827],[-65.7585,-38.3444],[-65.6971,-38.4473],[-65.6114,-38.4855],[-65.4269,-38.6125],[-65.0786,-38.779],[-64.9703,-38.8036]]},"properties":{"name":"Desaguadero","scalerank":6,"min_zoom":5}},
{"type":"Feature","geometry":{"type":"LineString","coordinates":[[30.5357,7.7672],[30.5602,7.77],[30.5937,7.9995],[30.6491,8.1185],[30.6448,8.2632],[30.6703,8.3597],[30.6382,8.4934],[30.6523,8.5372],[30.7617,8.5828],[30.8508,8.8162],[30.8511,8.8981],[30.7896,8.98],[30.8199,9.0585],[30.898,9.1143],[30.8958,9.1684],[31.1043,9.3434],[31.1391,9.4257]]},"properties":{"name":"Bahr el  Zeraf","scalerank":6,"min_zoom":5}},
{"type":"Feature","geometry":{"type":"LineString","coordinates":[[13.126,4.9335],[13.0824,4.9277],[12.9501,5.0008],[12.7524,4.9716],[12.6685,4.9199],[12.6022,4.93],[12.5127,4.8618],[12.4815,4.8021],[12.3933,4.7246],[12.28,4.7246],[12.2041,4.6271],[12.0807,4.5253],[11.9853,4.5977],[11.8317,4.4562],[11.6323,4.3615],[11.5601,4.3882],[11.4721,4.4886],[11.3679,4.4856],[11.2394,4.3602],[11.2095,4.2972],[11.0498,4.1686],[10.7131,4.0526],[10.6249,4.0741],[10.5116,4.0257],[10.4367,4.1082],[10.3535,3.9542],[10.2373,3.8402],[10.1508,3.8592],[10.0339,3.7575],[9.966,3.6428],[9.8196,3.6279]]},"properties":{"name":"Sanaga","scalerank":6,"min_zoom":5}},
{"type":"Feature","geometry":{"type":"LineString","coordinates":[[20.7537,-0.2816],[20.565,-0.2987],[20.4946,-0.2463],[20.2407,-0.2586],[20.1882,-0.1825],[20.1841,-0.1172],[20.068,-0.1303],[19.8918,-0.0838],[19.7813,-0.169],[19.6743,-0.1274],[19.565,-0.145],[19.5093,-0.0932],[19.1157,-0.1751],[19.0628,-0.2606],[18.9512,-0.2192]]},"properties":{"name":"Busira","scalerank":6,"min_zoom":5}},
{"type":"Feature","geometry":{"type":"LineString","coordinates":[[41.9658,4.3237],[42.0503,4.2796],[42.0724,4.1813],[42.1611,4.1492],[42.2676,4.1463],[42.3183,4.072],[42.3982,4.053],[42.4561,3.9363],[42.5486,3.9022],[42.5715,3.8326],[42.5042,3.6763],[42.5075,3.6012],[42.5559,3.4224],[42.4659,3.3262],[42.4994,3.2497],[42.4936,3.1466],[42.5712,3.1066],[42.5559,2.9942],[42.4387,2.8596],[42.3712,2.8314],[42.3355,2.7714],[42.3667,2.6412],[42.3022,2.6],[42.281,2.5317],[42.3362,2.4151],[42.2657,2.3207],[42.1438,2.3567],[42.1334,2.1883],[42.1712,2.0997],[42.3084,2.0246],[42.2676,1.9824],[42.2639,1.8977],[42.3057,1.8011],[42.3932,1.7357],[42.4452,1.5786],[42.4157,1.4777],[42.4542,1.3539],[42.5591,1.2674],[42.5558,1.1737],[42.6106,1.1407],[42.5864,1.0794],[42.6106,0.9831],[42.5896,0.9361],[42.6,0.8217],[42.6958,0.7262],[42.7384,0.6362],[42.7595,0.4833],[42.7256,0.4417],[42.7612,0.338],[42.754,0.1644],[42.715,0.048],[42.5906,-0.0602],[42.5702,-0.1157],[42.6309,-0.2446]]},"properties":{"name":"Jubba","scalerank":6,"min_zoom":5}},
{"type":"Feature","geometry":{"type":"LineString","coordinates":[[12.3347,58.3738],[12.1502,58.2277],[12.09,58.1176],[12.1013,57.9766],[11.979,57.8605],[11.8105,57.7814]]},"properties":{"name":"Gta lv","scalerank":6,"min_zoom":5}},
{"type":"Feature","geometry":{"type":"LineString","coordinates":[[94.084,33.1558],[94.1768,33.1838],[94.3481,33.1497],[94.4478,33.1633],[94.5263,33.2179],[94.705,33.1769],[94.8608,33.1682],[94.9583,33.0876],[95.0688,33.065],[95.1043,32.9416],[95.3501,32.8794],[95.3984,32.8536],[95.589,32.8303],[95.648,32.727],[95.8175,32.6471],[95.9341,32.5567],[96.1638,32.5745],[96.2598,32.4979],[96.3759,32.4439],[96.4585,32.2862],[96.5486,32.1556],[96.7593,32.1123],[96.8513,31.9761],[96.9413,31.9655]]},"properties":{"name":"Za","scalerank":2,"min_zoom":2.1}},
{"type":"Feature","geometry":{"type":"LineString","coordinates":[[120.7585,43.4234],[120.8198,43.4683],[120.9746,43.5166],[121.1593,43.5382],[121.3604,43.534],[121.5225,43.4705],[121.7726,43.4425],[121.9194,43.4531],[122.1763,43.5687],[122.3615,43.7237],[122.6522,43.7904],[122.6876,43.8153],[122.9444,43.804],[123.0337,43.7276],[123.1425,43.7032],[123.2598,43.6412],[123.3728,43.6412],[123.4897,43.5914],[123.554,43.4835]]},"properties":{"name":"Xiliao","scalerank":6,"min_zoom":5}},
{"type":"Feature","geometry":{"type":"LineString","coordinates":[[21.7163,61.5195],[21.839,61.4743],[21.9402,61.3708],[22.3213,61.2479],[22.4016,61.2731],[22.5791,61.211]]},"properties":{"name":"Kokemenjoki","scalerank":6,"min_zoom":5}},
{"type":"Feature","geometry":{"type":"MultiLineString","coordinates":[[[-80.4486,36.2386],[-80.4374,36.1553],[-80.495,36.1027],[-80.3588,35.9093],[-80.4009,35.8429]],[[-80.4009,35.8429],[-80.4726,35.822],[-80.442,35.7406],[-80.3273,35.692],[-80.2425,35.6236],[-80.1577,35.48],[-80.0539,35.3797],[-80.0927,35.2746],[-80.0536,35.1849],[-80.0598,35.1078],[-79.9444,35.1155]],[[-79.9444,35.1155],[-79.868,35.0415],[-79.876,34.8791],[-79.9255,34.7735],[-79.8315,34.6551],[-79.8143,34.5119],[-79.6796,34.4034],[-79.6529,34.3066],[-79.5771,34.2821],[-79.5714,34.1838],[-79.5192,34.126],[-79.512,33.9903],[-79.3057,33.8007],[-79.2881,33.7363],[-79.1628,33.6965],[-79.1005,33.5677],[-79.1896,33.437]]]},"properties":{"name":"Great Pee Dee","scalerank":6,"min_zoom":5}},
{"type":"Feature","geometry":{"type":"LineString","coordinates":[[20.1789,46.2608],[20.0632,46.1592],[20.0859,46.0566],[20.093,45.8517],[20.1621,45.7425],[20.0921,45.7174],[20.113,45.5272],[20.2297,45.443],[20.236,45.3065],[20.3186,45.2093],[20.2776,45.142]]},"properties":{"name":"Tisa","scalerank":6,"min_zoom":5}},
{"type":"Feature","geometry":{"type":"LineString","coordinates":[[16.0693,1.6615],[16.0673,1.6392],[16.0698,1.6246],[16.1055,1.5819],[16.1997,1.4213],[16.2786,1.4281],[16.3437,1.3946],[16.3989,1.2847],[16.4909,1.2158],[16.5867,1.1109],[16.5854,0.9627],[16.6384,0.8732],[16.6576,0.6717],[16.7109,0.5293],[16.8303,0.4617],[16.9477,0.5135],[16.934,0.4071],[17.0168,0.4096],[17.0925,0.3462],[17.0984,0.2386],[17.1928,0.214],[17.1914,0.0996],[17.1513,0.0703],[17.1873,-0.1728],[17.1533,-0.2025],[17.1349,-0.3392],[17.1797,-0.3669],[17.1394,-0.4408],[17.2173,-0.4733],[17.2007,-0.5659],[17.208,-0.6879],[17.1594,-0.8762],[17.0457,-0.9188],[16.8587,-1.1606],[16.8486,-1.2513]]},"properties":{"name":"Sangha","scalerank":6,"min_zoom":5}},
{"type":"Feature","geometry":{"type":"LineString","coordinates":[[18.9512,-0.2192],[18.8809,-0.1992],[18.7551,-0.0885],[18.6328,-0.0795],[18.425,-0.0046],[18.381,-0.0122],[18.3132,0.0801],[18.1943,0.0694]]},"properties":{"name":"Ruki","scalerank":6,"min_zoom":5}},
{"type":"Feature","geometry":{"type":"MultiLineString","coordinates":[[[132.5178,47.7066],[132.3795,47.5201],[132.3134,47.4673],[132.0805,47.3714],[131.9635,47.2487],[131.7915,47.2617],[131.6243,47.2338],[131.4536,47.2425],[131.3003,47.1855],[130.9722,47.2127],[130.8291,47.1805],[130.6891,47.0441],[130.5339,46.9916],[130.4978,46.8852],[130.3301,46.8372]],[[124.6746,45.4505],[124.8722,45.4485],[125.0276,45.4982],[125.1031,45.3952],[125.3071,45.4169],[125.3745,45.3984],[125.4321,45.4771],[125.521,45.4709],[125.723,45.5176],[125.8504,45.5048],[126.0152,45.6994],[126.1095,45.6793],[126.3557,45.6957],[126.4937,45.7686],[126.593,45.7567],[126.6928,45.8135],[126.6928,45.8751],[126.8907,45.9979],[127.0764,46.0184],[127.1889,45.9766],[127.4845,45.9264],[127.5493,46.0388],[127.6923,46.0082],[127.7276,45.9569],[127.8374,45.9234],[128.0376,45.9365],[128.1283,45.9161],[128.2883,45.9757],[128.3858,45.9744],[128.5759,45.9095],[128.7759,45.9706],[128.8584,45.9644],[128.9044,45.8911],[129.0906,45.9023],[129.1987,45.9709],[129.2988,46.0709],[129.3959,46.2592],[129.5571,46.3437],[129.569,46.4201],[129.6528,46.5063],[129.7826,46.544],[129.8963,46.6112],[129.9903,46.7741],[130.107,46.8245],[130.332,46.8346]]]},"properties":{"name":"Songhua","scalerank":6,"min_zoom":5}},
{"type":"Feature","geometry":{"type":"LineString","coordinates":[[103.7162,29.5589],[103.7632,29.544],[103.848,29.2896],[103.9524,29.2263],[104.0048,29.1217],[104.2354,29.0235],[104.2857,28.9711],[104.3075,28.8699],[104.4727,28.7914],[104.5475,28.8273],[104.5993,28.7844]]},"properties":{"name":"Min","scalerank":6,"min_zoom":5}},
{"type":"Feature","geometry":{"type":"LineString","coordinates":[[105.0698,72.7744],[104.7849,72.7461],[104.6178,72.6617],[104.2149,72.6035],[104.155,72.4927],[103.7495,72.428],[103.4124,72.4268],[103.0947,72.3696],[103.0276,72.2862],[102.6738,72.1455],[102.6074,72.0749],[102.3927,71.9813],[102.0781,71.9518]]},"properties":{"name":"Khatanga","scalerank":6,"min_zoom":5}},
{"type":"Feature","geometry":{"type":"LineString","coordinates":[[-117.6263,49.018],[-117.4359,49.0567],[-117.3433,49.0301],[-117.3214,48.9271],[-117.4055,48.8078],[-117.3412,48.5784],[-117.2548,48.5056],[-117.2764,48.369],[-117.2334,48.2713],[-117.0749,48.2414],[-116.9752,48.1846],[-116.7582,48.1612],[-116.6872,48.2477],[-116.5695,48.2498]]},"properties":{"name":"Pend Orielle","scalerank":6,"min_zoom":5}},
{"type":"Feature","geometry":{"type":"MultiLineString","coordinates":[[[-55.0753,-14.3193],[-55.1737,-14.2935],[-55.2594,-14.3239],[-55.5082,-14.3731],[-55.5414,-14.415],[-55.7322,-14.4721],[-55.8431,-14.5317],[-55.923,-14.6126],[-56.0683,-14.6591],[-56.2217,-14.6847],[-56.2602,-14.7598],[-56.3945,-14.8327],[-56.3911,-14.9159],[-56.4457,-14.9289],[-56.514,-15.0629],[-56.4848,-15.1459],[-56.4222,-15.1517],[-56.2829,-15.2728],[-56.252,-15.3703],[-56.2547,-15.4765],[-56.1924,-15.5124],[-56.0726,-15.6473],[-56.1378,-15.779],[-56.1231,-15.8513],[-55.9307,-15.9799],[-55.8872,-16.1181],[-55.9923,-16.2267],[-55.9321,-16.3368],[-56.0274,-16.4229],[-56.1857,-16.4638],[-56.2545,-16.4496],[-56.3933,-16.5446],[-56.4866,-16.7446],[-56.6142,-16.8405],[-56.6402,-16.9466],[-56.5897,-17.0672],[-56.6239,-17.1491],[-56.6731,-17.1747],[-56.7909,-17.3698],[-56.8505,-17.4172],[-56.8567,-17.4924],[-56.9801,-17.5947],[-56.9857,-17.6598],[-57.0924,-17.7671],[-57.4143,-17.8625],[-57.4718,-17.9569],[-57.4506,-18.09],[-57.4016,-18.133],[-57.4102,-18.2851],[-57.3659,-18.3847],[-57.3627,-18.4583],[-57.4662,-18.5236],[-57.5342,-18.603],[-57.5291,-18.709],[-57.6012,-18.7896],[-57.5867,-18.829],[-57.6981,-18.8898],[-57.6927,-18.9553],[-57.5323,-19.0341],[-57.3772,-19.054],[-57.3774,-19.1092],[-57.3124,-19.16],[-57.2994,-19.2922],[-57.3136,-19.3784],[-57.3934,-19.4413],[-57.4395,-19.5207],[-57.4259,-19.6027],[-57.576,-19.7194],[-57.6381,-19.7939],[-57.7178,-19.8403],[-57.7678,-19.9179],[-57.8964,-20.0241],[-57.9599,-20.0261],[-58.0543,-20.1074],[-58.1595,-20.165],[-58.1193,-20.2144],[-58.0837,-20.376],[-57.9901,-20.433],[-58.0097,-20.5256],[-57.9916,-20.6205],[-57.861,-20.7302],[-57.9094,-20.8815],[-57.826,-20.9985],[-57.8532,-21.0376],[-57.8306,-21.1269],[-57.8485,-21.2162],[-57.9056,-21.2874],[-57.8563,-21.3306],[-57.9306,-21.453],[-57.9398,-21.6235],[-57.8964,-21.6883],[-57.9398,-21.7552],[-57.9566,-21.851],[-57.9261,-21.9048],[-57.9888,-22.064],[-57.9659,-22.2568],[-57.8968,-22.2793],[-57.8268,-22.3886],[-57.8518,-22.412],[-57.8307,-22.5593],[-57.7848,-22.6654],[-57.8959,-22.665],[-57.9404,-22.7163],[-57.7895,-22.8779],[-57.7731,-22.9608],[-57.7678,-22.9818],[-57.7895,-23.0214],[-57.7142,-23.0853],[-57.6322,-23.1113],[-57.6247,-23.1654],[-57.4805,-23.279],[-57.5009,-23.3578],[-57.4423,-23.4648],[-57.4506,-23.5737],[-57.3981,-23.6457],[-57.2805,-23.7235],[-57.2955,-23.8718],[-57.2782,-24.0052],[-57.1632,-24.1175],[-57.1724,-24.1371],[-57.1898,-24.1568],[-57.1993,-24.1762],[-57.1188,-24.2621],[-57.0832,-24.3652],[-57.0968,-24.4443],[-57.0689,-24.516],[-57.1304,-24.6396],[-57.0908,-24.6776],[-57.1224,-24.752],[-57.1821,-24.7695],[-57.2161,-24.9014],[-57.2135,-24.9891],[-57.2855,-24.9824],[-57.3439,-25.0648],[-57.4224,-25.1125],[-57.5239,-25.1092],[-57.5548,-25.2017],[-57.6722,-25.29],[-57.6415,-25.3726],[-57.5577,-25.4598],[-57.5707,-25.5466],[-57.6238,-25.6152],[-57.7545,-25.6727],[-57.7411,-25.7221],[-57.8214,-25.7783],[-57.8026,-25.8312],[-57.9066,-25.9686],[-57.8734,-26.0102],[-57.9889,-26.0884],[-58.0873,-26.1271],[-58.1707,-26.2704],[-58.2069,-26.4027],[-58.2141,-26.5444],[-58.1657,-26.5922],[-58.2363,-26.6498],[-58.2486,-26.7582],[-58.3531,-26.8304],[-58.3297,-26.8841],[-58.4605,-26.9281],[-58.5662,-27.1159],[-58.654,-27.1562],[-58.6023,-27.2455],[-58.6007,-27.266],[-58.605,-27.3163]],[[-58.6048,-27.3144],[-58.6561,-27.3312],[-58.8866,-27.479],[-58.8849,-27.5507],[-58.8225,-27.68],[-58.818,-27.7726],[-58.8771,-28.0434],[-58.9204,-28.0949],[-59.0421,-28.122],[-59.0815,-28.1576],[-59.0911,-28.3221],[-59.0664,-28.4014],[-59.0858,-28.6079],[-59.1372,-28.729],[-59.1602,-28.8679],[-59.1945,-28.9214],[-59.1976,-29.0221],[-59.359,-29.1436],[-59.5114,-29.2077],[-59.5478,-29.2597],[-59.5892,-29.4111],[-59.5913,-29.6151],[-59.6649,-29.8784],[-59.5992,-30.0127],[-59.6694,-30.294],[-59.6183,-30.4468],[-59.6252,-30.5927],[-59.6608,-30.7362],[-59.8411,-30.9774],[-60.0009,-31.2123],[-60.0635,-31.2695],[-60.0941,-31.3539],[-60.3518,-31.6206],[-60.4333,-31.6839],[-60.6479,-31.7162],[-60.6811,-31.8662],[-60.7226,-31.9473],[-60.6664,-32.0484],[-60.7091,-32.1747],[-60.7273,-32.4354],[-60.7658,-32.5412],[-60.706,-32.6795],[-60.6756,-32.8466],[-60.4955,-33.1221],[-60.4147,-33.1652]],[[-60.4147,-33.1652],[-60.2744,-33.2012],[-60.2214,-33.2415],[-60.1426,-33.2255],[-60.0098,-33.2767],[-59.8779,-33.2777],[-59.7606,-33.2415],[-59.6256,-33.3298],[-59.543,-33.4384],[-59.4475,-33.4731],[-59.3599,-33.597],[-59.214,-33.7264],[-59.1864,-33.8067]],[[-60.4147,-33.1652],[-60.2462,-33.2785],[-60.1182,-33.3937],[-59.9479,-33.495],[-59.8602,-33.5241],[-59.7725,-33.6107],[-59.6407,-33.6711],[-59.5209,-33.6553],[-59.3928,-33.7394],[-59.2624,-33.7243],[-59.1864,-33.8067]],[[-59.1864,-33.8067],[-59.0319,-33.8296],[-58.8495,-33.9374],[-58.7821,-33.9523],[-58.6799,-34.0313],[-58.5911,-34.049],[-58.4469,-34.007]]]},"properties":{"name":"Paraná","scalerank":2,"min_zoom":2.1}},
{"type":"Feature","geometry":{"type":"LineString","coordinates":[[-78.3253,39.6392],[-78.1331,39.7012],[-77.9692,39.6015],[-77.8827,39.6155],[-77.86,39.5154],[-77.791,39.4841],[-77.7391,39.4061],[-77.7515,39.3509],[-77.5585,39.2989],[-77.4669,39.2437],[-77.4958,39.1238],[-77.4217,39.0742],[-77.2724,39.0477],[-77.2336,38.9865],[-77.1465,38.9647],[-77.0683,38.9019]]},"properties":{"name":"Potomac","scalerank":6,"min_zoom":5}},
{"type":"Feature","geometry":{"type":"MultiLineString","coordinates":[[[74.5942,34.3796],[74.5938,34.3799],[74.5317,34.3016]],[[73.5977,33.321],[73.6692,33.1878],[73.643,33.1422]]]},"properties":{"name":"Jhelum","scalerank":7,"min_zoom":6}},
{"type":"Feature","geometry":{"type":"MultiLineString","coordinates":[[[74.5317,34.3016],[74.408,34.2689],[74.2695,34.1775],[74.1187,34.1496],[74.0204,34.0988],[73.9129,34.1018],[73.8186,34.156],[73.6275,34.203],[73.5134,34.324],[73.4602,34.319],[73.5161,34.0074],[73.5774,33.91],[73.5647,33.8029],[73.5977,33.708],[73.574,33.6258],[73.6305,33.5561],[73.6253,33.4513],[73.5713,33.3866],[73.5977,33.321]],[[75.3662,33.4444],[75.3569,33.4772],[75.1886,33.5829],[75.11,33.6954],[75.0919,33.8144],[74.9826,33.951],[74.7175,34.1402],[74.6207,34.2585],[74.5938,34.3799]],[[73.643,33.1422],[73.6704,33.0838],[73.7612,33.0447],[73.7698,32.9777],[73.6122,32.8412],[73.5222,32.7001],[73.4185,32.6483],[73.2695,32.6351],[73.2281,32.597],[73.0657,32.5811],[72.933,32.5432],[72.7748,32.4559],[72.6113,32.4365],[72.4634,32.3359],[72.3999,32.3159],[72.3365,32.2316],[72.294,32.0782],[72.2403,32.0057],[72.2669,31.8851],[72.2475,31.8159],[72.1672,31.6975],[72.1113,31.3813],[72.1293,31.2657],[72.1592,31.2171],[72.1417,31.2005],[72.1386,31.1929],[72.1388,31.1833]]]},"properties":{"name":"Jhelum","scalerank":7,"min_zoom":6}},
{"type":"Feature","geometry":{"type":"LineString","coordinates":[[70.7197,66.7618],[70.8779,66.8171],[71.0229,66.814],[71.3914,66.9058]]},"properties":{"name":null,"scalerank":7,"min_zoom":6}},
{"type":"Feature","geometry":{"type":"MultiLineString","coordinates":[[[-58.7777,-14.6499],[-58.7834,-14.7167],[-58.85,-14.85],[-58.8633,-15.0023],[-58.8362,-15.0803],[-58.8361,-15.1889],[-58.9414,-15.3],[-59.1679,-15.2417],[-59.2222,-15.1943],[-59.4491,-15.2184],[-59.6166,-15.1943],[-59.7816,-15.1133],[-59.9555,-15.0055],[-59.9999,-14.8612]],[[-60,-14.8612],[-60.0472,-14.6195],[-60.2222,-14.2279],[-60.333,-14.0401],[-60.3973,-14.0083],[-60.4816,-13.7946],[-60.6444,-13.7235],[-60.7939,-13.6109],[-60.9266,-13.5468],[-61.0054,-13.5383],[-61.0653,-13.4697],[-61.1517,-13.5197],[-61.3349,-13.496],[-61.5194,-13.5449],[-61.6522,-13.5072],[-61.8236,-13.5435],[-61.873,-13.456],[-61.995,-13.3656],[-62.1034,-13.2558],[-62.1183,-13.1493],[-62.2153,-13.123],[-62.3358,-13.145],[-62.418,-13.1259],[-62.4693,-13.0707],[-62.5602,-13.0646],[-62.6998,-12.9665],[-62.8176,-12.9784],[-62.9247,-12.8555],[-62.9855,-12.846],[-63.0884,-12.6486],[-63.1402,-12.6354],[-63.2497,-12.7012],[-63.394,-12.6644],[-63.4968,-12.5532],[-63.6584,-12.4753],[-63.8021,-12.4548],[-63.8639,-12.4746],[-63.922,-12.5443],[-64.0452,-12.509],[-64.1455,-12.5202],[-64.216,-12.4736],[-64.3965,-12.457],[-64.4905,-12.3735],[-64.4698,-12.2609],[-64.5941,-12.2158],[-64.717,-12.1463],[-64.7933,-12.0324],[-64.9982,-11.9961],[-64.9972,-11.9211],[-65.0054,-11.8981],[-65.0187,-11.8935]]]},"properties":{"name":"Guaporé","scalerank":7,"min_zoom":6}},
{"type":"Feature","geometry":{"type":"LineString","coordinates":[[-57.2234,4.4103],[-57.3912,4.3081],[-57.4988,4.0628],[-57.6247,3.8661],[-57.6706,3.7611],[-57.6588,3.6706],[-57.6064,3.5579],[-57.6409,3.4843]]},"properties":{"name":"Kabalebo","scalerank":7,"min_zoom":6}},
{"type":"Feature","geometry":{"type":"MultiLineString","coordinates":[[[-57.225,4.6634],[-57.1564,4.6129],[-57.1465,4.4732],[-57.2234,4.4103]],[[-57.6409,3.4843],[-57.6525,3.4881]]]},"properties":{"name":"Kabalebo","scalerank":7,"min_zoom":6}},
{"type":"Feature","geometry":{"type":"LineString","coordinates":[[104.3461,57.6551],[104.1642,57.7438],[104.2463,57.9462],[104.0924,58.0892],[104.1089,58.1223],[104.365,58.1232],[104.4014,58.1621],[104.3137,58.3143],[104.3801,58.3619],[104.5593,58.3885],[104.4888,58.5706],[104.3738,58.7133],[104.2418,58.7381],[104.3473,58.8071],[104.4129,58.9713],[104.1387,59.071],[104.1843,59.1238],[104.075,59.3067],[103.5095,59.457],[103.3565,59.4727],[103.4334,59.5571],[103.1607,59.6829],[103.0122,59.8421],[102.7247,59.8814],[102.3926,59.9999],[102.3075,60.0084],[102.2359,60.1012]]},"properties":{"name":"Katanga","scalerank":7,"min_zoom":6}},
{"type":"Feature","geometry":{"type":"LineString","coordinates":[[6.0856,10.4906],[6.043,10.4421],[6.049,10.3223],[6.0264,10.2206],[6.0285,10.0935],[5.997,10.0272],[5.9912,9.9234],[5.9155,9.8801],[5.9046,9.6588],[5.9453,9.5858],[5.8814,9.4331],[5.8755,9.3536],[5.8129,9.0175],[5.8742,8.9273],[5.8648,8.8879],[5.763,8.7856]]},"properties":{"name":"Kaduna","scalerank":7,"min_zoom":6}},
{"type":"Feature","geometry":{"type":"LineString","coordinates":[[44.7861,31.4639],[44.8531,31.4018],[45.0336,31.3614],[45.1865,31.2817],[45.2349,31.3267]]},"properties":{"name":"Atshan","scalerank":7,"min_zoom":6}},
{"type":"Feature","geometry":{"type":"MultiLineString","coordinates":[[[-90.8251,53.927],[-90.753,53.9543]],[[-91.9573,53.3173],[-91.9565,53.3171],[-91.8671,53.3444]],[[-92.5523,53.0974],[-92.7373,53.0792],[-93.0115,53.0247],[-93.2301,53.0189],[-93.3412,53.0601],[-93.3426,53.0953],[-93.5758,53.1575],[-93.6088,53.2042]]]},"properties":{"name":"Severn","scalerank":7,"min_zoom":6}},
{"type":"Feature","geometry":{"type":"MultiLineString","coordinates":[[[-88.7066,55.1804],[-88.5029,55.1468],[-88.4477,55.1741],[-88.4537,55.298],[-88.345,55.3836],[-88.1398,55.4479],[-88.0294,55.5108],[-88.0842,55.7296],[-87.8589,55.8895],[-87.5707,56.0245],[-87.4883,56.017]],[[-90.753,53.9543],[-90.6481,54.1047],[-90.3735,54.1972],[-90.3473,54.2314],[-90.1403,54.3102],[-89.7331,54.3975],[-89.6059,54.4821],[-89.1204,54.5674],[-89.0006,54.6606],[-89.0026,54.7974],[-88.9554,54.9135],[-88.9896,55.015],[-88.8858,55.1319],[-88.7066,55.1804]],[[-91.8671,53.3444],[-91.5622,53.4886],[-91.4183,53.5194],[-91.2917,53.6547],[-91.134,53.728],[-91.0392,53.8481],[-90.9365,53.9271],[-90.8251,53.927]],[[-95.67,53.1737],[-95.5819,53.1304],[-95.4265,53.1289],[-95.2523,53.0837],[-95.0328,53.1343],[-94.9667,53.1903],[-94.7433,53.1954],[-94.6564,53.242],[-94.5052,53.2358],[-94.451,53.1867],[-94.3207,53.2209],[-94.2281,53.2072],[-93.8791,53.2728],[-93.7384,53.283],[-93.5972,53.2567],[-93.6088,53.2042]],[[-92.5523,53.0974],[-92.3297,53.1841],[-92.2649,53.2618],[-92.121,53.2711],[-91.9565,53.3171]],[[-93.3426,53.0953],[-93.3412,53.0601]]]},"properties":{"name":"Severn","scalerank":7,"min_zoom":6}},
{"type":"Feature","geometry":{"type":"LineString","coordinates":[[-76.9564,42.8734],[-76.936,42.6971]]},"properties":{"name":null,"scalerank":7,"min_zoom":6}},
{"type":"Feature","geometry":{"type":"MultiLineString","coordinates":[[[-76.9564,42.8734],[-76.7486,42.9527],[-76.6711,43.0867],[-76.5159,43.0909],[-76.3873,43.175],[-76.2774,43.2098],[-76.3909,43.2973],[-76.517,43.4767]],[[-77.0652,42.6512],[-76.936,42.6971]]]},"properties":{"name":null,"scalerank":7,"min_zoom":6}},
{"type":"Feature","geometry":{"type":"LineString","coordinates":[[26.2493,-11.7429],[26.1636,-11.6603],[26.0606,-11.6883],[25.8687,-11.6125],[25.8211,-11.4611],[25.6531,-11.2804],[25.6065,-11.1938],[25.5447,-11.1445],[25.5737,-11.0234],[25.7212,-10.9515],[25.7349,-10.7797],[25.7664,-10.7219],[25.6907,-10.5643],[25.5746,-10.4679],[25.4648,-10.4959],[25.4013,-10.4507],[25.4501,-10.2568],[25.401,-10.2027],[25.3951,-10.1117],[25.4283,-10.008],[25.5577,-9.8862],[25.5377,-9.6955],[25.5068,-9.6474],[25.4927,-9.5048],[25.5364,-9.2719],[25.5807,-9.2036],[25.6707,-9.2477],[25.7002,-9.3032],[25.7999,-9.2077],[25.9302,-9.2075],[25.9439,-9.1242],[25.9888,-9.0907],[26.0742,-8.9089],[26.0089,-8.7907],[26.0234,-8.7365],[26.1135,-8.6984],[26.1975,-8.6152],[26.2916,-8.5785],[26.3144,-8.5215],[26.2462,-8.4736],[26.3479,-8.3642],[26.3354,-8.3073],[26.4413,-8.272]]},"properties":{"name":"Lualaba","scalerank":2,"min_zoom":2.1}},
{"type":"Feature","geometry":{"type":"LineString","coordinates":[[2.5454,6.4042],[2.552,6.4315]]},"properties":{"name":"Ouémé","scalerank":7,"min_zoom":6}},
{"type":"Feature","geometry":{"type":"MultiLineString","coordinates":[[[2.5663,10.1103],[2.5192,10.1013],[2.4465,9.926],[2.4328,9.8055],[2.374,9.6909],[2.2905,9.3979],[2.261,9.2221],[2.2746,9.0756],[2.2209,9.0177]],[[2.22,9.021],[2.2209,9.0177]],[[2.2209,9.0177],[2.1926,8.9391],[2.2478,8.9117],[2.187,8.7456],[2.22,8.6306],[2.2138,8.5207],[2.3267,8.4375],[2.3289,8.2872],[2.3693,8.1817],[2.3692,8.0613],[2.3923,7.8538],[2.4583,7.7877],[2.5017,7.6915],[2.485,7.5521],[2.4175,7.4747],[2.4465,7.3365],[2.4197,7.2663],[2.4351,7.1751],[2.4123,7.0233],[2.4802,6.7899],[2.488,6.6264],[2.5278,6.5817],[2.552,6.4315]],[[2.2209,9.0177],[2.22,9.0142]],[[2.552,6.4315],[2.5506,6.3648]],[[2.5506,6.3648],[2.5454,6.4042]],[[2.5506,6.3648],[2.5505,6.3543]],[[2.5544,6.355],[2.5506,6.3648]]]},"properties":{"name":"Ouémé","scalerank":7,"min_zoom":6}},
{"type":"Feature","geometry":{"type":"LineString","coordinates":[[-5.4072,10.6931],[-5.456,10.6542],[-5.5233,10.4256],[-5.4748,10.3505],[-5.4031,10.3008],[-5.2181,10.3201],[-5.1123,10.2788],[-5.0645,10.1792],[-5.0489,10.0855],[-4.9752,10.0557],[-4.9666,9.9012],[-4.8391,9.8697],[-4.7061,9.7023],[-4.6046,9.7274],[-4.5023,9.6552],[-4.4097,9.6479],[-4.3104,9.6038],[-4.1966,9.4445],[-4.1738,9.2333],[-4.0906,9.2674],[-3.9566,9.2014],[-3.8721,9.1036],[-3.8822,8.922],[-3.817,8.8571],[-3.8204,8.7808],[-3.8663,8.697],[-3.9368,8.6734],[-3.9231,8.5726],[-3.9789,8.5097],[-3.9439,8.4382],[-4.0201,8.1837],[-3.9405,8.116],[-4.0054,8.0651],[-4.0101,7.9667],[-3.9768,7.9129],[-3.8801,7.885],[-3.8599,7.7927],[-3.817,7.7399],[-3.7402,7.7327],[-3.7149,7.6549],[-3.5957,7.5264],[-3.5416,7.4956],[-3.5029,7.4078],[-3.5825,7.2747],[-3.5933,7.1866],[-3.6455,7.1653],[-3.619,7.082],[-3.7518,7.0001],[-3.7298,6.9119],[-3.7965,6.7598],[-3.7691,6.6158],[-3.6782,6.6234],[-3.6115,6.3558],[-3.5426,6.3762],[-3.3958,6.1627],[-3.4271,6.061],[-3.4238,5.9712],[-3.4628,5.8753],[-3.4333,5.7792],[-3.5918,5.6261],[-3.6599,5.5129],[-3.6205,5.2775],[-3.7171,5.2125]]},"properties":{"name":"Komoé","scalerank":7,"min_zoom":6}},
{"type":"Feature","geometry":{"type":"MultiLineString","coordinates":[[[85.0216,57.8394],[84.8434,57.8741],[84.7473,57.8332],[84.371,57.8555],[83.9812,57.8016],[83.877,57.7438]],[[89.7711,54.7695],[89.852,54.9037],[89.894,55.0922],[90.0548,55.1271],[90.4168,55.077],[90.6506,55.1468],[90.7582,55.1556],[90.8795,55.1026],[91.0147,55.1401],[91.2109,55.2438],[91.4678,55.281],[91.5994,55.3749],[91.5814,55.5041],[91.3154,55.5987],[91.1382,55.6048],[91.0517,55.6819],[91.0312,55.8253],[91.0781,55.9261],[91.0312,56.0102],[90.8871,56.0438],[90.709,56.0245],[90.5444,56.0581],[90.4205,56.043],[90.2173,56.0947],[90.0435,56.1073],[89.5164,56.0098],[89.3442,55.9574],[89.2429,56.0438],[89.5164,56.1096],[89.5725,56.1602],[89.7249,56.1347],[90.0032,56.1815],[90.0715,56.2362],[90.2559,56.2465],[90.3117,56.2908],[90.4982,56.3034],[90.4661,56.5242],[90.5178,56.6613],[90.6611,56.7979],[90.6784,56.9909],[90.5265,57.1348],[90.5003,57.2747],[90.2607,57.3511],[90.0309,57.466],[89.8342,57.4713],[89.4888,57.5092],[89.421,57.4694],[89.2144,57.5025],[89.0576,57.4702],[89.0108,57.5091],[88.6006,57.4709],[88.3151,57.4139],[88.0741,57.3398],[87.9885,57.2913],[87.6132,57.2024],[87.3982,57.0675],[87.2147,57.0654],[87.1323,57.0008],[86.9345,56.9959],[86.7353,56.9551],[86.6293,56.8552],[86.4394,56.9548],[86.2339,57.0102],[86.1895,57.0961],[86.046,57.1579],[85.934,57.3231],[85.9797,57.3758],[85.8499,57.5059],[85.5982,57.6829],[85.4382,57.7573],[85.3032,57.7554],[85.0147,57.8394]],[[89.6128,54.5982],[89.7289,54.6329],[89.8806,54.7438],[89.7711,54.7626]],[[89.1121,54.0979],[89.1441,53.9936],[89.3525,54.0023],[89.5772,54.2283],[89.4512,54.414],[89.4382,54.4982],[89.6128,54.6056]]]},"properties":{"name":"Chulym","scalerank":7,"min_zoom":6}},
{"type":"Feature","geometry":{"type":"LineString","coordinates":[[94.1216,73.8141],[94.2246,73.6831],[93.856,73.645],[93.735,73.5858],[93.3599,73.5528],[93.2861,73.4844],[93.4431,73.3337],[93.8301,73.2504],[94.2246,73.2381],[94.523,73.1483],[94.9059,73.116],[95.7089,73.181],[95.8814,73.2177],[95.8657,73.2893],[96.0406,73.3405],[96.083,73.4571],[95.8899,73.5124],[96.2524,73.6148],[96.5097,73.6235],[96.7328,73.7195],[97.0993,73.8273],[97.1487,73.9137],[97.7076,73.9522],[97.7333,74.0662],[98.1729,74.159],[98.3955,74.171],[98.6262,74.1114],[99.4644,74.1849],[99.7817,74.3063]]},"properties":{"name":"Verkhnyaya Taymyra","scalerank":7,"min_zoom":6}},
{"type":"Feature","geometry":{"type":"MultiLineString","coordinates":[[[112.5918,59.4625],[112.7756,59.4005]],[[111.3227,53.9755],[111.4869,54.067],[111.6578,54.1059],[111.8354,54.2363],[112.4234,54.3612],[112.4404,54.2718],[112.2402,54.2327],[112.0722,54.1165],[111.9421,53.9862],[111.8629,53.808],[111.9526,53.6572],[111.8517,53.6109],[111.8248,53.5377],[111.625,53.4139],[111.6167,53.3636],[111.7356,53.2185],[112.1035,53.3177],[112.2416,53.3061],[112.2974,53.3898],[112.4414,53.3843],[112.6287,53.2805],[112.7475,53.2425],[112.891,53.3504],[113.2524,53.4803],[113.3511,53.4685],[113.4484,53.5241],[113.6589,53.5448],[113.9265,53.6813],[113.9834,53.7438],[114.3261,53.7901],[114.3775,53.8438],[114.5007,53.845],[114.5883,53.9266],[114.86,53.9806],[114.9664,54.0235],[115.0232,54.0985],[115.1645,54.1617],[115.2691,54.2567],[115.4911,54.3287],[115.5077,54.3884],[115.6294,54.4423],[115.9338,54.5038],[116.1904,54.5385],[116.4579,54.5168],[116.6733,54.5479],[116.7774,54.6267],[116.774,54.6904],[116.8837,54.7376],[116.9274,54.826],[116.8927,54.9768],[116.7739,55.1481],[116.7158,55.1446],[116.476,55.2532],[116.4583,55.3404],[116.376,55.4088],[115.9717,55.3945],[115.9631,55.4829],[115.8951,55.5255],[115.8922,55.6415],[115.8448,55.7049],[115.8445,55.8569],[115.8893,55.9653],[115.7649,56.0858],[115.7737,56.2057],[115.6943,56.3097],[115.6943,56.4393],[115.8005,56.4661],[115.6725,56.5399],[115.6879,56.5954],[115.4905,56.6199],[115.4341,56.6898],[115.5713,56.732],[115.5891,56.902],[115.8048,57.0313],[116.0475,57.0822],[116.1703,57.1414],[116.3248,57.1696],[116.4188,57.2211],[116.5089,57.3536],[116.4509,57.4341],[116.5745,57.5606],[116.332,57.7257],[116.1262,57.8],[116.0505,57.7894],[115.9941,57.6494],[115.8721,57.5908],[115.3652,57.5151],[115.252,57.5734],[115.2354,57.7451],[115.1051,57.7621],[115.042,57.8258],[114.8935,57.8813],[114.7759,57.8161],[114.6259,57.8317],[114.4988,57.9027],[114.3374,57.926],[114.1631,57.8541],[113.8948,57.8201],[113.7246,57.8662],[113.5855,57.9521],[113.4815,57.9768],[113.2615,58.1284],[113.2891,58.2351],[112.9588,58.2983],[112.8297,58.3723],[112.8281,58.4705],[112.917,58.5991],[112.9458,58.7354],[112.8843,58.8067],[112.8813,58.944],[112.8274,58.9954],[112.6926,58.996],[112.5579,59.0995],[112.7198,59.194],[112.8218,59.3262],[112.8297,59.3797],[112.7744,59.4023]]]},"properties":{"name":"Vitim","scalerank":7,"min_zoom":6}},
{"type":"Feature","geometry":{"type":"LineString","coordinates":[[119.1956,29.5037],[118.9746,29.5886],[118.918,29.644],[118.7178,29.7263]]},"properties":{"name":"Fuchun","scalerank":7,"min_zoom":6}},
{"type":"Feature","geometry":{"type":"MultiLineString","coordinates":[[[117.7852,29.7073],[117.8477,29.755],[117.9767,29.6755],[118.1596,29.634],[118.4049,29.7637],[118.5303,29.6839],[118.7178,29.7263]],[[119.1956,29.5037],[119.2387,29.48],[119.5045,29.5384],[119.6206,29.6471],[119.6753,29.8054],[119.823,29.8955],[119.9453,30.0375],[120.0258,30.0469],[120.1588,30.1105],[120.1489,30.1958]]]},"properties":{"name":"Fuchun","scalerank":7,"min_zoom":6}},
{"type":"Feature","geometry":{"type":"LineString","coordinates":[[99.0392,15.0436],[99.1087,14.9226],[99.0375,14.8263],[99.0499,14.5737],[99.0796,14.4942],[99.1493,14.4105]]},"properties":{"name":"Mae Klong","scalerank":7,"min_zoom":6}},
{"type":"Feature","geometry":{"type":"MultiLineString","coordinates":[[[98.8916,16.1756],[98.888,16.1038],[98.8234,16.0079],[98.8237,15.9061],[98.8576,15.8415],[98.809,15.7642],[98.8289,15.6771],[98.8971,15.5729],[98.8169,15.516],[98.8328,15.4478],[98.8997,15.3626],[98.9224,15.1766],[99.0392,15.0436]],[[99.1493,14.4105],[99.2246,14.3054],[99.245,14.1982],[99.416,14.1092],[99.5541,13.9988],[99.669,13.9412],[99.7412,13.9487],[99.8804,13.8109],[99.812,13.6176],[99.8293,13.5635],[99.9229,13.513],[100.0014,13.372]]]},"properties":{"name":"Mae Klong","scalerank":7,"min_zoom":6}},
{"type":"Feature","geometry":{"type":"LineString","coordinates":[[100.6126,18.0397],[100.5263,17.9974],[100.4707,17.8869],[100.5519,17.7766]]},"properties":{"name":"Yom","scalerank":7,"min_zoom":6}},
{"type":"Feature","geometry":{"type":"MultiLineString","coordinates":[[[101.1807,19.3276],[101.1524,19.4462],[101.1118,19.5131],[100.9216,19.5259],[100.8463,19.3769],[100.8374,19.191],[100.7896,19.0737],[100.776,18.944],[100.8101,18.8819],[100.7689,18.7369],[100.776,18.5467],[100.8995,18.3276],[100.8635,18.2936],[100.8067,18.1383],[100.7033,18.0504],[100.6126,18.0397]],[[100.5519,17.7766],[100.5053,17.7188],[100.3897,17.7149],[100.2554,17.6442],[100.1931,17.6691],[100.1044,17.6008],[100.1392,17.4444],[100.0724,17.3697],[100.09,17.2687],[100.0776,17.1725],[100.2,17.0248],[100.2409,16.8541],[100.2169,16.7777],[100.2539,16.6606],[100.262,16.5509],[100.3904,16.403],[100.4259,16.2505],[100.4059,16.0931],[100.2559,15.875],[100.2173,15.7624],[100.1964,15.7547],[100.1795,15.7369],[100.1407,15.7066]]]},"properties":{"name":"Yom","scalerank":7,"min_zoom":6}},
{"type":"Feature","geometry":{"type":"LineString","coordinates":[[14.7337,-17.0809],[14.6132,-17.2448],[14.5071,-17.2733]]},"properties":{"name":"Cunene","scalerank":7,"min_zoom":6}},
{"type":"Feature","geometry":{"type":"MultiLineString","coordinates":[[[16.0217,-13.7197],[15.9773,-13.8315],[15.898,-13.9011],[15.8025,-14.0961],[15.7136,-14.1611],[15.6658,-14.2367],[15.5407,-14.3353],[15.3793,-14.4181],[15.2953,-14.4224],[15.2133,-14.5163],[15.1174,-14.5545],[15.049,-14.6887],[15.0422,-14.7979],[15.0881,-14.89],[15.1428,-14.9289],[15.251,-14.9426],[15.3164,-15.1076],[15.277,-15.1838],[15.3085,-15.342],[15.2507,-15.5148],[15.1951,-15.6157],[15.2271,-15.683],[15.1948,-15.9375],[15.2128,-16.1764],[15.2681,-16.3478],[15.2668,-16.4448],[15.1411,-16.5179],[15.0471,-16.603],[14.9732,-16.7487],[14.7917,-16.8947],[14.7337,-17.0809]],[[14.5071,-17.2733],[14.2339,-17.3539],[14.1965,-17.4129],[14.0849,-17.4235],[13.9423,-17.4081],[13.8838,-17.3383],[13.6936,-17.2365],[13.5208,-17.1218],[13.4941,-17.0239],[13.3632,-16.9642],[13.2669,-16.9852],[13.1657,-16.951],[13.0137,-16.9777],[12.8866,-17.0297],[12.8179,-17.1047],[12.6357,-17.185],[12.5667,-17.2346],[12.3789,-17.2202],[12.2422,-17.2248],[12.0947,-17.1396],[11.9417,-17.1805],[11.835,-17.2453],[11.7661,-17.2528]]]},"properties":{"name":"Cunene","scalerank":7,"min_zoom":6}},
{"type":"Feature","geometry":{"type":"LineString","coordinates":[[-55.4452,-32.4385],[-55.5645,-32.5106],[-55.6761,-32.5399],[-55.7485,-32.5221],[-55.8304,-32.6337],[-55.9271,-32.6144],[-56.0138,-32.7],[-56.1695,-32.7259],[-56.2249,-32.8231],[-56.3616,-32.8148],[-56.6859,-32.8381],[-56.8157,-32.9108]]},"properties":{"name":"Negro","scalerank":7,"min_zoom":6}},
{"type":"Feature","geometry":{"type":"MultiLineString","coordinates":[[[-54.0611,-31.3788],[-54.13,-31.4616],[-54.2938,-31.5397],[-54.4726,-31.6701],[-54.5204,-31.7321],[-54.5043,-31.8425],[-54.5545,-31.9438],[-54.5438,-32.0029],[-54.5896,-32.1097],[-54.6911,-32.1294],[-54.7558,-32.1019],[-54.8146,-32.2051],[-54.8398,-32.3105],[-55.0401,-32.4687],[-55.106,-32.485],[-55.2052,-32.457],[-55.3595,-32.4987],[-55.4452,-32.4385]],[[-56.8157,-32.9108],[-57.024,-33.0243],[-57.1186,-33.0199],[-57.1273,-33.1231],[-57.2402,-33.1157],[-57.5467,-33.0254],[-57.6505,-33.085],[-57.8686,-33.0444],[-58.0604,-33.1442],[-58.0286,-33.205],[-58.2237,-33.308],[-58.3922,-33.4247]]]},"properties":{"name":"Negro","scalerank":7,"min_zoom":6}},
{"type":"Feature","geometry":{"type":"MultiLineString","coordinates":[[[12.5088,48.9276],[12.5066,48.9313]],[[12.5088,48.9276],[12.5066,48.9239]],[[8.1792,48.0935],[8.2306,48.0474],[8.4355,47.9732],[8.4553,47.9342],[8.7644,47.9382],[8.8948,48.0406],[9.0877,48.0931],[9.3467,48.0673],[9.4026,48.0873],[9.5304,48.2321],[9.6967,48.2396],[9.9431,48.3465],[10.0364,48.4333],[10.314,48.4803],[10.4296,48.5704],[10.5708,48.6009],[10.7382,48.6911],[10.884,48.7331],[11.3803,48.7474],[11.4406,48.7742],[11.6836,48.7941],[11.7935,48.8966],[11.9588,48.9166],[12.1159,49.0265],[12.3123,49.015],[12.5088,48.9276]],[[17.2065,48.0611],[17.1519,48.1362],[16.9876,48.1774],[16.8647,48.1369],[16.5864,48.1433],[16.4187,48.2273],[16.3211,48.3749],[15.9457,48.3634],[15.8564,48.4044],[15.6084,48.4272],[15.4671,48.4132],[15.384,48.2808],[15.3237,48.244],[15.0877,48.1831],[14.9294,48.2438],[14.6753,48.1823],[14.5649,48.2441],[14.4592,48.2454],[14.1682,48.3354],[14.0375,48.3385],[13.9999,48.4217],[13.8012,48.4679],[13.6238,48.5656],[13.4866,48.5819],[13.2595,48.6092],[13.1155,48.6743],[12.9726,48.8265],[12.5088,48.9276]]]},"properties":{"name":"Donau","scalerank":2,"min_zoom":2.1}},
{"type":"Feature","geometry":{"type":"MultiLineString","coordinates":[[[-88.7626,13.9927],[-88.8519,13.9617]],[[-88.9619,13.95],[-89.0497,14.0396],[-89.1555,14.0591]]]},"properties":{"name":"Lempa","scalerank":7,"min_zoom":6}},
{"type":"Feature","geometry":{"type":"MultiLineString","coordinates":[[[-89.2703,14.5712],[-89.1945,14.4725],[-89.2075,14.3792],[-89.2634,14.2664],[-89.4115,14.2269],[-89.4273,14.0716],[-89.2604,14.0511],[-89.1555,14.0591]],[[-88.7626,13.9927],[-88.6346,14.0147],[-88.4962,13.9754],[-88.4888,13.8655],[-88.5325,13.7596],[-88.4874,13.6882],[-88.6652,13.547],[-88.7319,13.3414],[-88.8172,13.2615]],[[-88.9619,13.95],[-88.8519,13.9617]]]},"properties":{"name":"Lempa","scalerank":7,"min_zoom":6}},
{"type":"Feature","geometry":{"type":"MultiLineString","coordinates":[[[-93.6008,17.1893],[-93.5925,17.1559],[-93.4613,17.108],[-93.3401,17.0248]],[[-92.2024,15.8262],[-92.1541,15.9069],[-92.3924,16.0572],[-92.5253,16.1031],[-92.5724,16.1502],[-92.8443,16.3129],[-92.7585,16.4221]]]},"properties":{"name":"Grijalva","scalerank":7,"min_zoom":6}},
{"type":"Feature","geometry":{"type":"MultiLineString","coordinates":[[[-93.6008,17.1893],[-93.5357,17.2464],[-93.5134,17.3697],[-93.4459,17.4344],[-93.501,17.5144],[-93.3832,17.6509],[-93.4207,17.7134],[-93.4139,17.8084],[-93.3531,17.9279],[-93.2791,17.9703],[-93.204,17.9555],[-93.1286,17.8987],[-93.0546,17.8946],[-92.894,18.0113],[-92.7792,18.0423],[-92.7192,18.0997],[-92.7161,18.1722],[-92.6672,18.2479],[-92.67,18.4007]],[[-93.3401,17.0248],[-93.2035,17.0316],[-93.1101,16.9518],[-93.1144,16.8842],[-93.0527,16.7647],[-92.8983,16.5843],[-92.7742,16.5275],[-92.7585,16.4221]]]},"properties":{"name":"Grijalva","scalerank":7,"min_zoom":6}},
{"type":"Feature","geometry":{"type":"LineString","coordinates":[[-105.3815,27.5852],[-105.5045,27.5254],[-105.6893,27.5367]]},"properties":{"name":"Conchos","scalerank":7,"min_zoom":6}},
{"type":"Feature","geometry":{"type":"MultiLineString","coordinates":[[[-107.1327,27.9141],[-107.0991,27.8421],[-107.1022,27.6705],[-107.0038,27.6044],[-106.7957,27.5473],[-106.5581,27.5495],[-106.4115,27.4578],[-106.2926,27.4064],[-106.2128,27.4475],[-106.107,27.4189],[-106.032,27.3518],[-105.9356,27.3396],[-105.8887,27.3746],[-105.7806,27.5408],[-105.6893,27.5367]],[[-105.3815,27.5852],[-105.2239,27.6577],[-105.1737,27.733],[-105.1938,27.9248],[-105.2585,28.0084],[-105.3048,28.1433],[-105.2803,28.2275],[-105.304,28.2858],[-105.4149,28.3598],[-105.4317,28.4891],[-105.4056,28.6214],[-105.4599,28.6343],[-105.4884,28.8054],[-105.4413,28.8651],[-105.3514,28.8756],[-105.2751,29.0169],[-105.1631,29.0578],[-105.0705,29.1757],[-105.0745,29.2396],[-105.0041,29.2658],[-104.9279,29.3468],[-104.8909,29.4286],[-104.9084,29.5579],[-104.7949,29.5066],[-104.6227,29.5567],[-104.4448,29.5894]]]},"properties":{"name":"Conchos","scalerank":7,"min_zoom":6}},
{"type":"Feature","geometry":{"type":"MultiLineString","coordinates":[[[-69.1165,56.6675],[-69.2266,56.505],[-69.1266,56.3994],[-69.1601,56.3212],[-69.1141,56.2691],[-68.7944,56.0581]],[[-69.9192,54.4204],[-69.9614,54.4438],[-69.854,54.5584],[-69.9116,54.7353]],[[-69.9029,54.4042],[-69.828,54.3127],[-69.8726,54.1587],[-69.818,54.1128],[-69.6541,54.0966],[-69.5521,54.0494],[-69.4051,54.0738],[-69.2535,54.0501],[-69.2498,54.049]]]},"properties":{"name":"Caniapiscau","scalerank":7,"min_zoom":6}},
{"type":"Feature","geometry":{"type":"MultiLineString","coordinates":[[[-69.1165,56.6675],[-69.0288,56.7466],[-69.119,56.8101],[-69.1069,57.0012],[-69.2672,57.1306],[-69.3367,57.2206],[-69.2413,57.3461],[-69.2604,57.4422],[-69.5134,57.6033],[-69.4754,57.683]],[[-69.9116,54.7353],[-69.828,54.8098],[-69.8221,54.9892],[-69.6651,55.0234],[-69.5484,55.0097],[-69.3467,55.0926],[-69.1825,55.2274],[-68.9184,55.2766],[-68.726,55.366],[-68.4853,55.5115],[-68.3287,55.5178],[-68.1773,55.5851],[-68.1566,55.6608],[-68.2114,55.7228],[-68.4176,55.8253],[-68.5274,55.9414],[-68.6298,55.9619],[-68.7943,56.0581]],[[-69.9192,54.4204],[-69.9029,54.4042]],[[-69.1778,54.0439],[-69.2535,54.0501]]]},"properties":{"name":"Caniapiscau","scalerank":7,"min_zoom":6}},
{"type":"Feature","geometry":{"type":"MultiLineString","coordinates":[[[-71.2904,50.7896],[-71.2821,50.7202]],[[-71.2745,50.2875],[-71.2484,50.2141],[-71.2818,50.0494],[-71.2615,49.9182]],[[-72.0554,48.7674],[-72.0655,48.6175]]]},"properties":{"name":"Péribonka","scalerank":7,"min_zoom":6}},
{"type":"Feature","geometry":{"type":"MultiLineString","coordinates":[[[-70.9053,52.2482],[-71.0698,52.1452],[-71.2746,51.8436],[-71.3435,51.6927],[-71.4097,51.638],[-71.4596,51.4047],[-71.4534,51.3023],[-71.5091,51.2242],[-71.3443,51.044],[-71.3519,50.9412],[-71.2815,50.8441],[-71.2904,50.7896]],[[-71.282,50.7201],[-71.2476,50.6003],[-71.3622,50.4267],[-71.3443,50.3321],[-71.2745,50.2875]],[[-71.2615,49.9182],[-71.1776,49.8386],[-71.205,49.7189],[-71.2069,49.3868],[-71.2721,49.2712],[-71.2859,49.1125],[-71.336,49.0002],[-71.4533,48.8829],[-71.5072,48.781],[-71.6718,48.7674],[-71.7543,48.8357],[-71.8329,48.7601],[-71.9672,48.7259],[-72.0554,48.7674]]]},"properties":{"name":"Péribonka","scalerank":7,"min_zoom":6}},
{"type":"Feature","geometry":{"type":"LineString","coordinates":[[-4.7698,39.2486],[-4.8738,39.3381],[-4.9747,39.3901],[-5.0789,39.2796],[-5.1548,39.2403],[-5.1807,39.1591]]},"properties":{"name":"Guadiana","scalerank":7,"min_zoom":6}},
{"type":"Feature","geometry":{"type":"MultiLineString","coordinates":[[[-3.1646,39.3166],[-3.3753,39.3049],[-3.4054,39.2622],[-3.6711,39.1845],[-3.738,39.1359],[-4.036,39.037],[-4.0192,38.9418],[-4.122,38.906],[-4.3306,39.0006],[-4.4891,39.0295],[-4.6605,39.151],[-4.7697,39.2486]],[[-5.1807,39.1591],[-5.3428,39.0559],[-5.5594,39.0139]],[[-5.5569,39.0152],[-5.7893,39.0355],[-5.9503,38.9949],[-6.0235,38.9468],[-6.1743,38.9544],[-6.2435,38.8594],[-6.3026,38.8604],[-6.4241,38.9548],[-6.5176,38.8917],[-6.6426,38.873],[-6.8057,38.9326],[-6.9899,38.8885],[-7.2711,38.7377],[-7.3454,38.4586],[-7.4349,38.3544],[-7.4461,38.2473],[-7.5281,38.1633],[-7.5853,38.1663],[-7.6683,38.0904],[-7.6814,37.9525],[-7.6341,37.8023],[-7.6538,37.6242],[-7.5242,37.5559],[-7.4766,37.4945],[-7.4144,37.1928]]]},"properties":{"name":"Guadiana","scalerank":7,"min_zoom":6}},
{"type":"Feature","geometry":{"type":"LineString","coordinates":[[-110.1942,44.3269],[-110.3092,44.4445],[-110.3405,44.5714],[-110.3405,44.5717]]},"properties":{"name":"Yellowstone","scalerank":7,"min_zoom":6}},
{"type":"Feature","geometry":{"type":"MultiLineString","coordinates":[[[-110.3405,44.5714],[-110.4685,44.7217],[-110.342,44.8021],[-110.3644,44.9158],[-110.5169,45.0165],[-110.7093,45.0496],[-110.7718,45.1487],[-110.8896,45.2252],[-110.6095,45.4683],[-110.56,45.6155],[-110.4954,45.7049],[-110.3852,45.7355],[-110.2799,45.7197],[-110.2104,45.7663],[-110.0751,45.7938],[-109.9396,45.8629],[-109.8286,45.8487],[-109.703,45.756],[-109.4498,45.7242],[-109.2859,45.6491],[-109.1116,45.6114],[-108.8398,45.6231],[-108.6835,45.6663],[-108.4794,45.7469],[-108.4113,45.8344],[-108.2208,45.9769],[-108.1281,46.0078],[-107.98,46.0054],[-107.696,46.0826],[-107.4254,46.1815],[-107.3971,46.2468],[-107.2364,46.3176],[-106.8973,46.3098],[-106.7649,46.2791],[-106.5134,46.307],[-106.4316,46.2862],[-106.2173,46.2849],[-106.0339,46.3665],[-105.9593,46.3524],[-105.7936,46.4445],[-105.6961,46.533],[-105.5841,46.5845],[-105.4794,46.6708],[-105.3634,46.8131],[-105.2197,46.8209],[-104.9556,46.8824],[-104.7572,46.9787],[-104.6905,47.1423],[-104.6007,47.2453],[-104.4622,47.3035],[-104.319,47.4082],[-104.1815,47.6092],[-103.9425,47.8404],[-103.9469,47.998]],[[-109.9925,44.0555],[-110.0903,44.1513],[-110.1282,44.2927],[-110.1917,44.3264]]]},"properties":{"name":"Yellowstone","scalerank":7,"min_zoom":6}},
{"type":"Feature","geometry":{"type":"MultiLineString","coordinates":[[[-89.4833,45.8863],[-89.4839,45.8862],[-89.5485,45.8482]],[[-89.9444,43.8553],[-90.0046,44.1008],[-89.9134,44.2451]]]},"properties":{"name":"Wisconsin","scalerank":7,"min_zoom":6}},
{"type":"Feature","geometry":{"type":"MultiLineString","coordinates":[[[-89.2353,45.9439],[-89.4839,45.8862]],[[-89.5485,45.8482],[-89.5682,45.7728],[-89.4271,45.6553],[-89.5058,45.5605],[-89.7419,45.4876],[-89.7141,45.419],[-89.7967,45.3178],[-89.8079,45.229],[-89.6673,45.1693],[-89.6394,45.0936],[-89.6379,44.902],[-89.7362,44.7714],[-89.6566,44.6444],[-89.6165,44.4597],[-89.7943,44.439],[-89.9134,44.2451]],[[-89.9444,43.8553],[-89.8789,43.7919],[-89.7245,43.5786],[-89.4718,43.5415],[-89.4585,43.4986],[-89.5745,43.4046],[-89.7257,43.3526],[-89.7411,43.2775],[-89.9123,43.2046],[-90.0729,43.1658],[-90.3151,43.213],[-90.5623,43.2152],[-90.693,43.1801],[-90.7777,43.1212],[-91.0965,43.0062],[-91.1539,43.0037]]]},"properties":{"name":"Wisconsin","scalerank":7,"min_zoom":6}},
{"type":"Feature","geometry":{"type":"MultiLineString","coordinates":[[[-104.9326,42.4829],[-104.9328,42.4848],[-105.004,42.5996],[-105.0041,42.5997]],[[-106.8823,42.2565],[-106.9103,42.3433],[-106.8551,42.4758]],[[-106.8875,42.1804],[-106.888,42.1795],[-106.8371,41.9771],[-106.9215,41.9349],[-106.9232,41.9343]],[[-101.6387,41.2359],[-101.7318,41.2446],[-101.927,41.305],[-102.005,41.2996]]]},"properties":{"name":"North Platte","scalerank":7,"min_zoom":6}},
{"type":"Feature","geometry":{"type":"MultiLineString","coordinates":[[[-106.8543,42.4761],[-106.6298,42.6055],[-106.6027,42.6946],[-106.2965,42.8724],[-106.0347,42.885],[-105.7431,42.8588],[-105.6141,42.8734],[-105.426,42.8539],[-105.3448,42.6773],[-105.1182,42.6597],[-105.004,42.5996]],[[-106.888,42.1795],[-106.8822,42.2564]],[[-102.0091,41.2974],[-102.186,41.3631],[-102.3965,41.4135],[-102.4503,41.4561],[-102.7157,41.562],[-103.0607,41.6838],[-103.2588,41.7188],[-103.4597,41.7893],[-103.8104,41.9483],[-103.9072,41.9479],[-104.041,41.9998],[-104.1468,42.0721],[-104.3256,42.126],[-104.5314,42.2241],[-104.71,42.2668],[-104.7461,42.3252],[-104.8446,42.3396],[-104.9328,42.4848]],[[-101.6387,41.2359],[-101.3069,41.1876],[-101.1014,41.2198],[-100.7858,41.2081],[-100.4591,41.0546],[-100.3097,41.0059]],[[-106.4298,40.4273],[-106.4404,40.4865],[-106.3719,40.6077],[-106.4275,40.6725],[-106.3266,40.9064],[-106.3357,41.0078],[-106.3949,41.1169],[-106.5731,41.277],[-106.6895,41.3149],[-106.7025,41.41],[-106.9434,41.6201],[-106.89,41.697],[-106.9263,41.794],[-107.0461,41.8902],[-106.9215,41.9349]]]},"properties":{"name":"North Platte","scalerank":7,"min_zoom":6}},
{"type":"Feature","geometry":{"type":"MultiLineString","coordinates":[[[-98.1022,18.9395],[-98.1549,18.9334],[-98.2803,18.9804]],[[-101.897,18.2619],[-101.8629,18.3165],[-101.884,18.5225],[-101.7611,18.6032],[-101.6345,18.602],[-101.4992,18.4853],[-101.4376,18.486],[-101.2967,18.5393]]]},"properties":{"name":"Balsas","scalerank":7,"min_zoom":6}},
{"type":"Feature","geometry":{"type":"MultiLineString","coordinates":[[[-98.109,19.405],[-98.2456,19.348],[-98.2939,19.292],[-98.2314,19.1686],[-98.2274,19.0694],[-98.2803,18.9804]],[[-98.1022,18.9395],[-97.9103,18.7917],[-97.9907,18.7196],[-98.1949,18.6167],[-98.253,18.5484],[-98.2735,18.4462],[-98.4001,18.3535],[-98.4626,18.234],[-98.5875,18.1394],[-98.7491,18.1466],[-98.8426,18.0618],[-98.928,18.055],[-98.9361,18.0062],[-99.0499,17.9164],[-99.2892,17.9362],[-99.4355,17.9788],[-99.5441,17.9478],[-99.7772,18.0203],[-99.9143,17.9773],[-100.0493,17.9988],[-100.1488,18.0915],[-100.3318,18.1892],[-100.505,18.1851],[-100.6304,18.3568],[-100.6932,18.4164]],[[-100.6932,18.4164],[-100.8183,18.4977],[-100.9923,18.503],[-101.0963,18.5286],[-101.2967,18.5393]],[[-100.6932,18.4164],[-100.6922,18.4249]],[[-100.6922,18.4119],[-100.6932,18.4164]],[[-101.9014,18.263],[-102.0165,18.2005],[-102.1315,18.1839],[-102.1741,18.0963],[-102.1806,17.9229]]]},"properties":{"name":"Balsas","scalerank":7,"min_zoom":6}},
{"type":"Feature","geometry":{"type":"LineString","coordinates":[[-111.4108,59.0051],[-111.4225,59.1331],[-111.3756,59.2027],[-111.5069,59.2447],[-111.3698,59.3129],[-111.4666,59.4442],[-111.4095,59.6097],[-111.5054,59.699],[-111.5836,59.8855],[-111.6373,59.9373],[-111.898,60.0397],[-112.1177,60.0255],[-112.1774,60.0527],[-112.293,60.2183],[-112.4938,60.3339],[-112.4529,60.5189],[-112.7136,60.5599],[-112.8282,60.6149],[-112.8664,60.7293],[-113.0547,60.7773],[-113.15,60.7592],[-113.248,60.8348],[-113.2579,60.9509],[-113.1033,61.0428],[-113.2075,61.1014],[-113.1444,61.1774],[-113.3988,61.2731],[-113.7044,61.2457]]},"properties":{"name":"Slave","scalerank":2,"min_zoom":2.1}},
{"type":"Feature","geometry":{"type":"MultiLineString","coordinates":[[[-90.1322,38.8187],[-90.1981,38.7442],[-90.1966,38.638],[-90.2639,38.5428],[-90.3821,38.3004],[-90.3464,38.2071],[-90.1109,38.0165],[-90.0051,37.9624],[-89.9228,37.9525],[-89.722,37.8371],[-89.6469,37.7335],[-89.5497,37.6976],[-89.5271,37.562],[-89.4513,37.4403],[-89.4587,37.3625],[-89.5234,37.2679],[-89.3273,37.0141],[-89.2462,37.0454],[-89.1238,36.9796],[-89.1494,36.8511],[-89.1407,36.7344],[-89.2054,36.6075],[-89.2534,36.569],[-89.359,36.6379],[-89.4272,36.4933],[-89.5069,36.4728],[-89.5309,36.3834],[-89.6263,36.3231],[-89.5836,36.2547],[-89.6947,36.2469],[-89.6139,36.1416],[-89.6742,36.1021],[-89.7596,35.9089],[-89.7222,35.8334],[-89.938,35.7362],[-89.91,35.652],[-89.9283,35.5354],[-90.0124,35.5115],[-90.0224,35.4527],[-90.1032,35.3854],[-90.1144,35.2805],[-90.0847,35.1889],[-90.1779,35.1298],[-90.2223,35.0477],[-90.3128,35.0125],[-90.2719,34.923],[-90.3524,34.864],[-90.464,34.8278],[-90.4548,34.7592],[-90.5538,34.7399],[-90.594,34.6423],[-90.5762,34.5734],[-90.5941,34.425],[-90.7611,34.3521]],[[-90.7611,34.3521],[-90.7635,34.3625]],[[-90.7611,34.3521],[-90.8644,34.2062],[-90.956,34.1571],[-90.8826,34.0994],[-90.9093,34.0352],[-91.0848,33.9966],[-91.0358,33.9304],[-91.0455,33.8144],[-91.0583,33.7933],[-91.1068,33.7864],[-91.1925,33.708],[-91.1518,33.6333],[-91.2159,33.5339],[-91.1273,33.4781],[-91.1341,33.3824],[-91.1822,33.3199],[-91.1077,33.2678],[-91.0994,33.1497],[-91.1614,33.1186],[-91.1682,32.9815],[-91.072,32.9231],[-91.1335,32.8585],[-91.1611,32.6253],[-91.0972,32.555],[-91.0931,32.4508],[-90.9166,32.3398],[-91.069,32.0847],[-91.0915,32.014],[-91.1585,31.9832],[-91.2576,31.8816],[-91.3361,31.858],[-91.4043,31.7383],[-91.4358,31.5731],[-91.529,31.5006],[-91.4957,31.4112],[-91.5411,31.2824],[-91.633,31.2782],[-91.6047,31.2054],[-91.6276,31.1417],[-91.5792,31.056],[-91.6617,30.9971],[-91.6521,30.9483],[-91.5456,30.9151],[-91.5252,30.8174],[-91.546,30.7426],[-91.3695,30.752],[-91.1933,30.4883],[-91.2132,30.3116],[-91.0455,30.2098],[-91.013,30.1262],[-90.9127,30.1185],[-90.8253,30.0115],[-90.6783,30.056],[-90.4828,30.0555],[-90.4656,30.0095],[-90.3279,29.9483],[-90.246,29.972],[-90.1221,29.9259],[-90.0248,29.9542],[-89.9374,29.9266],[-90.024,29.7864],[-89.9558,29.6563],[-89.7899,29.5793],[-89.6894,29.4901],[-89.61,29.4639],[-89.6025,29.4081],[-89.5074,29.3601],[-89.3862,29.3331],[-89.272,29.2019],[-89.2812,29.1002],[-89.4136,28.9352]],[[-89.2702,29.2021],[-89.1882,29.3188]],[[-89.2572,29.1549],[-89.0306,29.1959]]]},"properties":{"name":"Mississippi","scalerank":1,"min_zoom":2}},
{"type":"Feature","geometry":{"type":"MultiLineString","coordinates":[[[-50.5185,-22.9418],[-50.6586,-22.9085],[-50.765,-22.954],[-50.8802,-22.8221],[-51.1108,-22.7673],[-51.3552,-22.6502],[-51.4642,-22.6718]],[[-49.4672,-23.1376],[-49.704,-23.1269],[-49.8039,-23.0803]],[[-48.6543,-23.5366],[-48.6463,-23.4422],[-48.7004,-23.4089],[-48.686,-23.3293],[-48.8201,-23.2697],[-48.9467,-23.2971],[-49.015,-23.256],[-49.0969,-23.2642],[-49.2292,-23.2075]]]},"properties":{"name":"Paranapanema","scalerank":7,"min_zoom":6}},
{"type":"Feature","geometry":{"type":"MultiLineString","coordinates":[[[-51.4642,-22.6718],[-51.5471,-22.6854],[-51.7447,-22.618],[-51.8751,-22.6104],[-52.0668,-22.5218],[-52.1398,-22.5417],[-52.2173,-22.6439],[-52.4459,-22.603],[-52.521,-22.6147],[-52.6149,-22.5697],[-52.694,-22.6037],[-52.9474,-22.5708],[-53.1151,-22.6862],[-53.1711,-22.7036]],[[-49.8017,-23.083],[-49.9087,-23.0358],[-49.9701,-22.9121],[-50.1249,-22.9416],[-50.2914,-22.9533],[-50.3675,-22.9155],[-50.4294,-22.947],[-50.5185,-22.9418],[-50.5232,-22.9383]],[[-49.2296,-23.207],[-49.3697,-23.1883],[-49.4672,-23.1376]],[[-48.2092,-24.1393],[-48.1807,-23.9765],[-48.2469,-23.923],[-48.2427,-23.8581],[-48.3509,-23.8415],[-48.4806,-23.5993],[-48.5375,-23.5571],[-48.6064,-23.5943],[-48.6543,-23.5366]]]},"properties":{"name":"Paranapanema","scalerank":7,"min_zoom":6}},
{"type":"Feature","geometry":{"type":"MultiLineString","coordinates":[[[37.7402,-0.7866],[37.8103,-0.7995]],[[37.2925,-0.7914],[37.3355,-0.8301],[37.5196,-0.8887],[37.6338,-0.8301],[37.6822,-0.7783]]]},"properties":{"name":"Tana","scalerank":7,"min_zoom":6}},
{"type":"Feature","geometry":{"type":"MultiLineString","coordinates":[[[36.7035,-0.3501],[36.8013,-0.3071],[36.9295,-0.3055],[36.984,-0.3359],[37.0113,-0.4222],[37.0864,-0.5287],[37.1365,-0.5537],[37.1853,-0.6533],[37.2423,-0.6773],[37.2925,-0.7914]],[[37.8106,-0.7995],[37.8672,-0.7873],[37.9088,-0.7232],[37.8883,-0.5962],[37.9019,-0.5178],[37.9778,-0.4011],[38.0131,-0.2764],[38.094,-0.2873],[38.1626,-0.2358],[38.2105,-0.1265],[38.3141,-0.0527],[38.4659,-0.0752],[38.5463,-0.0243],[38.704,-0.0413],[38.7456,-0.0653],[38.9337,-0.0932],[39.0569,-0.0379],[39.1427,-0.1274],[39.3067,-0.1342],[39.4302,-0.1888],[39.5942,-0.3464],[39.6329,-0.4896],[39.7102,-0.5839],[39.7524,-0.5928],[39.8113,-0.6896],[39.8338,-0.8405],[39.8875,-1.0152],[40.0055,-1.2577],[40.0332,-1.4805],[40.1133,-1.6262],[40.1085,-1.8184],[40.1681,-2.043],[40.1774,-2.2241],[40.1266,-2.2612],[40.1372,-2.3358],[40.198,-2.3988],[40.197,-2.457],[40.3147,-2.5121],[40.4443,-2.4794],[40.5127,-2.5251]]]},"properties":{"name":"Tana","scalerank":7,"min_zoom":6}},
{"type":"Feature","geometry":{"type":"LineString","coordinates":[[29.2061,-3.3344],[29.2422,-3.689],[29.273,-3.8446],[29.3665,-4.1623],[29.3982,-4.3346],[29.4824,-5.1865],[29.5141,-5.368],[29.5494,-5.4478],[29.5497,-5.4481]]},"properties":{"name":"Rusizi","scalerank":7,"min_zoom":6}},
{"type":"Feature","geometry":{"type":"LineString","coordinates":[[28.8741,-2.4775],[28.8909,-2.6527],[28.9998,-2.7035],[28.9944,-2.8135],[29.0486,-2.8273],[29.0893,-2.926],[29.1563,-3.0047],[29.2341,-3.0464],[29.2136,-3.1664],[29.2403,-3.2661],[29.2061,-3.3344]]},"properties":{"name":"Rusizi","scalerank":7,"min_zoom":6}},
{"type":"Feature","geometry":{"type":"MultiLineString","coordinates":[[[76.4322,12.5163],[76.4324,12.5161],[76.4746,12.4609],[76.5723,12.4274]],[[77.6749,11.9705],[77.8264,11.911],[77.8168,11.8171]]]},"properties":{"name":"Cauvery","scalerank":7,"min_zoom":6}},
{"type":"Feature","geometry":{"type":"MultiLineString","coordinates":[[[76.5723,12.4274],[76.6576,12.4404],[76.7787,12.4005],[76.9137,12.2255],[77.0156,12.2381],[77.0113,12.1829],[77.1202,12.2008],[77.1829,12.3081],[77.4249,12.293],[77.4922,12.2055],[77.6677,12.2039],[77.735,12.1636],[77.7273,12.0611],[77.6749,11.9705]],[[75.6604,12.338],[75.752,12.2842],[75.8492,12.3109],[75.9552,12.4438],[75.978,12.5366],[76.0548,12.6192],[76.1657,12.5823],[76.2389,12.5167],[76.4324,12.5161]],[[77.8168,11.8171],[77.7304,11.5224],[77.6878,11.4428],[77.7168,11.3784],[77.8511,11.2437],[77.8881,11.0978],[77.917,11.0716],[78.032,11.0904],[78.1235,11.062],[78.2024,10.951],[78.363,10.9605],[78.4868,10.9095],[78.678,10.8694]],[[78.6,10.8781],[78.731,10.8235],[78.8856,10.8203]],[[78.8856,10.8203],[78.9195,10.8421],[79.1091,10.867],[79.2627,10.934],[79.4336,10.9396],[79.4605,10.9191],[79.6318,10.9344],[79.6626,10.9055],[79.8412,10.9055]],[[78.8856,10.8203],[78.9384,10.7967],[79.0593,10.8167],[79.1684,10.7979],[79.3333,10.8026],[79.4299,10.7238],[79.5,10.543],[79.4692,10.4158],[79.5286,10.3383]],[[78.8818,10.8167],[78.8856,10.8203]]]},"properties":{"name":"Cauvery","scalerank":7,"min_zoom":6}},
{"type":"Feature","geometry":{"type":"MultiLineString","coordinates":[[[75.5073,24.744],[75.5921,24.8101],[75.5717,24.9187]],[[75.3855,24.2225],[75.3525,24.3061],[75.4459,24.3669],[75.5969,24.5419],[75.5814,24.6477]]]},"properties":{"name":"Chambal","scalerank":7,"min_zoom":6}},
{"type":"Feature","geometry":{"type":"MultiLineString","coordinates":[[[75.5717,24.9187],[75.5545,24.9473],[75.9309,25.2837],[76.1279,25.3902],[76.1675,25.4829],[76.2705,25.5295],[76.2852,25.6916],[76.4338,25.7852],[76.4873,25.8516],[76.5548,25.8516],[76.6518,25.9227],[76.7271,25.9163],[76.796,25.9646],[76.8154,26.0189],[76.908,26.0987],[77.0823,26.1853],[77.1248,26.2379],[77.2097,26.242],[77.3233,26.3521],[77.4312,26.3737],[77.6168,26.483],[77.715,26.506],[77.8315,26.5758],[77.8942,26.6597],[78.0128,26.6956],[78.0793,26.683],[78.1012,26.7952],[78.3713,26.8511],[78.5635,26.7586],[78.6933,26.7979],[78.7925,26.7622],[78.9412,26.6699],[79.1145,26.5362],[79.2449,26.5021]],[[75.5814,24.6477],[75.5073,24.744]],[[75.6672,22.4732],[75.5838,22.523],[75.5102,22.6029],[75.5033,22.7264],[75.4687,22.8121],[75.5227,23.09],[75.4965,23.2267],[75.3926,23.3897],[75.395,23.4677],[75.3546,23.5439],[75.3588,23.6724],[75.2699,23.7748],[75.3496,23.8024],[75.4544,23.9077],[75.517,24.0594],[75.3855,24.2225]]]},"properties":{"name":"Chambal","scalerank":7,"min_zoom":6}},
{"type":"Feature","geometry":{"type":"LineString","coordinates":[[127.3228,53.7541],[127.3234,53.7552],[127.4924,53.9683],[127.6983,54.1048],[127.8682,54.1512],[127.8533,54.2327],[127.7595,54.3019],[127.7554,54.4417],[127.9346,54.5779],[128.2158,54.6024],[128.4667,54.5822],[128.5387,54.6369],[129.0151,54.6901],[129.242,54.6329]]},"properties":{"name":"Zeya","scalerank":7,"min_zoom":6}},
{"type":"Feature","geometry":{"type":"MultiLineString","coordinates":[[[130.6684,55.5692],[130.5919,55.4251],[130.3858,55.328],[130.4343,55.1946],[130.5444,55.1384],[130.5504,54.9408],[130.6956,54.8862],[130.499,54.7293],[130.3355,54.7209],[130.304,54.68],[130.0538,54.5807],[129.9153,54.5034],[129.242,54.6329]],[[127.3234,53.7552],[127.1913,53.6641],[127.0921,53.6483],[126.9324,53.4269],[127.0712,53.2621],[127.2868,53.1121],[127.4048,53.1197],[127.4347,53.0345],[127.7822,52.8236],[127.8227,52.6366],[127.877,52.5643],[127.9832,52.5659],[128.1225,52.5025],[128.1451,52.2892],[128.2583,52.0889],[128.4438,52.0176],[128.5288,51.9087],[128.7007,51.8777],[128.8735,51.7707],[128.8789,51.7102],[128.8939,51.6756],[128.7709,51.5994],[128.6265,51.5843],[128.4397,51.5229],[128.4253,51.4694],[128.2721,51.4327],[128.1733,51.374],[128.1965,51.2479],[128.0337,51.1053],[127.8648,51.0726],[127.8635,50.9453],[127.7683,50.7857],[127.7774,50.7371],[127.6663,50.5229],[127.7251,50.3308],[127.5835,50.2813],[127.5957,50.2248],[127.5835,50.2056]]]},"properties":{"name":"Zeya","scalerank":7,"min_zoom":6}},
{"type":"Feature","geometry":{"type":"LineString","coordinates":[[37.3419,-3.6083],[37.3794,-3.6349],[37.4497,-3.7725]]},"properties":{"name":"Pangani","scalerank":7,"min_zoom":6}},
{"type":"Feature","geometry":{"type":"MultiLineString","coordinates":[[[37.194,-3.4396],[37.3008,-3.5029],[37.3419,-3.6083]],[[37.4497,-3.7725],[37.4727,-3.9787],[37.5245,-4.0658],[37.5452,-4.2048],[37.5796,-4.2725],[37.5785,-4.4587],[37.761,-4.5868],[37.9273,-4.5679],[37.9815,-4.5883],[38.1592,-4.7573],[38.2676,-4.9115],[38.3175,-5.0661],[38.3679,-5.1138],[38.48,-5.1371],[38.5698,-5.2592],[38.6389,-5.2673],[38.6795,-5.3732],[38.7316,-5.4008],[38.9485,-5.391],[38.9822,-5.4221]]]},"properties":{"name":"Pangani","scalerank":7,"min_zoom":6}},
{"type":"Feature","geometry":{"type":"MultiLineString","coordinates":[[[-77.1072,48.8354],[-77.0321,48.7242],[-77.1338,48.4934]],[[-76.0878,48.5758],[-76.1879,48.5682],[-76.188,48.5682]],[[-75.6883,48.4788],[-75.6338,48.5133]],[[-75.7634,48.4378],[-75.7994,48.576],[-75.9576,48.6111]]]},"properties":{"name":"Bell","scalerank":7,"min_zoom":6}},
{"type":"Feature","geometry":{"type":"MultiLineString","coordinates":[[[-77.107,48.8357],[-77.1219,48.8945],[-77.0318,48.9771],[-77.1915,49.0761],[-77.1394,49.1557],[-77.1659,49.3304],[-77.2057,49.3756],[-77.4184,49.452],[-77.5497,49.4457],[-77.4809,49.5414],[-77.6397,49.8189]],[[-76.0878,48.5758],[-75.9576,48.6111]],[[-76.1879,48.5682],[-76.4317,48.5188],[-76.6037,48.3733],[-76.7215,48.3315],[-76.8697,48.2289],[-77.0662,48.2936],[-77.1239,48.3707],[-77.1338,48.4925]],[[-75.6883,48.4788],[-75.7633,48.4378]],[[-75.7353,48.0263],[-75.703,48.0533],[-75.6947,48.2543],[-75.6494,48.4058],[-75.5609,48.4793],[-75.6329,48.5135]]]},"properties":{"name":"Bell","scalerank":7,"min_zoom":6}},
{"type":"Feature","geometry":{"type":"MultiLineString","coordinates":[[[-78.5391,51.0354],[-78.7563,51.0936],[-78.8298,51.1654]],[[-77.64,49.8219],[-77.4786,49.888],[-77.4435,50.1163],[-77.4456,50.2544],[-77.4927,50.3052],[-77.6542,50.3279]]]},"properties":{"name":"Nottaway","scalerank":7,"min_zoom":6}},
{"type":"Feature","geometry":{"type":"MultiLineString","coordinates":[[[-78.8298,51.1654],[-78.847,51.1645]],[[-77.6545,50.3284],[-77.6983,50.4134],[-77.8765,50.6441],[-77.8555,50.7241],[-77.9594,50.7737],[-78.2436,50.9665],[-78.4404,50.9671],[-78.5391,51.0354]]]},"properties":{"name":"Nottaway","scalerank":7,"min_zoom":6}},
{"type":"Feature","geometry":{"type":"LineString","coordinates":[[-96.7856,50.3915],[-96.7431,50.6609],[-96.5976,50.9793]]},"properties":{"name":"Red","scalerank":7,"min_zoom":6}},
{"type":"Feature","geometry":{"type":"LineString","coordinates":[[-96.6023,45.8201],[-96.5565,45.9417],[-96.5568,46.103],[-96.6017,46.3238],[-96.7089,46.4337],[-96.7532,46.597],[-96.7948,46.6422],[-96.7873,46.8719],[-96.8283,47.0022],[-96.85,47.2591],[-96.853,47.4881],[-96.8945,47.679],[-96.9919,47.8151],[-97.1297,48.1705],[-97.1229,48.4285],[-97.1573,48.534],[-97.1011,48.6504],[-97.2294,48.9686],[-97.1882,49.0443],[-97.3148,49.2413],[-97.3497,49.3558],[-97.2648,49.4064],[-97.1428,49.5712],[-97.088,49.7191],[-97.126,49.833],[-97.109,49.865],[-97.1095,49.9086],[-97.0918,49.9457],[-96.9069,50.1114],[-96.8147,50.2198],[-96.8358,50.3092],[-96.7856,50.3911]]},"properties":{"name":"Red","scalerank":7,"min_zoom":6}},
{"type":"Feature","geometry":{"type":"LineString","coordinates":[[96.9413,31.9655],[96.9949,31.9137],[97.0176,31.7671],[97.0868,31.6752],[97.0932,31.6007],[97.1801,31.541],[97.2195,31.3397],[97.1611,31.2892],[97.2002,31.1964],[97.2154,31.0477],[97.377,30.9431],[97.356,30.8571],[97.3785,30.7319],[97.5576,30.5818],[97.6294,30.4524],[97.8795,30.2395],[97.9369,30.2055],[98.0157,30.0413],[98.1442,29.8122],[98.2101,29.8043],[98.3393,29.6389],[98.3614,29.5138],[98.4732,29.3426],[98.6316,29.1595],[98.583,29.024],[98.6381,28.9305],[98.6802,28.7244],[98.7749,28.5721],[98.8506,28.4015],[98.8579,28.201],[98.9126,28.1196],[98.8984,28.034],[98.9325,27.9613],[99.019,27.8838],[99.0549,27.7594],[99.0075,27.6876],[99.0418,27.4685],[99.1085,27.3303],[99.0982,27.2249],[99.1721,27.1327],[99.1515,27.0098],[99.1856,26.8863],[99.138,26.7559],[99.1596,26.7193],[99.1039,26.5471],[99.1448,26.4822],[99.1294,26.3841],[99.1306,26.0734],[99.1528,25.9083],[99.2546,25.7349],[99.2813,25.6297],[99.3576,25.5704],[99.3513,25.4389],[99.2887,25.3817],[99.4135,25.2122],[99.4888,25.1395],[99.6353,25.0989],[99.7307,24.9776],[99.7656,24.8843],[99.8355,24.8498],[99.8926,24.7714],[100.0767,24.7334],[100.1162,24.671],[100.2102,24.7459],[100.3234,24.7691],[100.4171,24.7193],[100.4332,24.6555],[100.5007,24.5876],[100.5571,24.4653],[100.5168,24.4201],[100.5309,24.1627],[100.4939,24.092],[100.3818,24.0628],[100.4067,23.9356],[100.3234,23.8437],[100.1795,23.6314],[100.1386,23.4731],[100.0702,23.3468],[100.0833,23.2714],[100.043,23.2124],[100.12,23.1551],[100.143,23.0713],[100.2485,23.0076],[100.3618,22.7768],[100.3645,22.6718],[100.5127,22.5517],[100.5679,22.5269],[100.5641,22.4254],[100.6593,22.3149],[100.6995,22.2371],[100.7193,22.1174],[100.7959,22.0139],[100.8673,21.9835],[100.9179,21.8609],[101.0298,21.8494],[101.108,21.7914],[101.1736,21.6121],[101.1428,21.5136],[101.0032,21.4062],[100.7916,21.2976],[100.7251,21.3119],[100.6891,21.1595],[100.6372,21.0699],[100.5431,21.0276],[100.5152,20.8867],[100.5364,20.8079],[100.3834,20.8319],[100.2109,20.6976],[100.1489,20.5483],[100.0969,20.2834],[100.3061,20.3998],[100.3639,20.3692],[100.4607,20.1909],[100.5945,20.1284],[100.5842,20.0128],[100.593,19.8194],[100.6782,19.8188],[100.8059,19.892],[101.0596,19.8459],[101.1314,19.8887],[101.2579,19.8214],[101.5595,19.8235],[101.7076,19.9309],[101.8987,19.9794],[101.9922,20.0596],[102.1192,20.0885],[102.1907,20.0807],[102.2465,19.9881],[102.2223,19.9358],[102.1177,19.8641],[102.0454,19.852],[101.8243,19.6497],[101.8167,19.4815],[101.9063,19.4033],[101.8243,19.2791],[101.8306,19.201],[101.8032,18.8856],[101.8617,18.7934],[101.8106,18.6219],[101.7426,18.5023],[101.6598,18.471],[101.5299,18.3121],[101.4208,18.2147],[101.3991,18.1414],[101.427,18.084],[101.4236,17.9289],[101.5636,17.8205]]},"properties":{"name":"Lancang","scalerank":2,"min_zoom":2.1}},
{"type":"Feature","geometry":{"type":"MultiLineString","coordinates":[[[-69.3632,51.7955],[-69.1895,51.6463],[-69.0772,51.5878],[-69.066,51.5362],[-69.1334,51.431],[-69.1269,51.3471],[-69.0618,51.2609],[-68.7855,51.1008],[-68.6842,50.8971],[-68.7497,50.7735],[-68.743,50.6928]],[[-68.3624,49.3353],[-68.41,49.4443],[-68.4186,49.601],[-68.5477,49.6854]]]},"properties":{"name":"Manicouagan","scalerank":7,"min_zoom":6}},
{"type":"Feature","geometry":{"type":"MultiLineString","coordinates":[[[-69.4215,52.982],[-69.5082,52.8566],[-69.6061,52.7789],[-69.7826,52.5334],[-69.6965,52.3936],[-69.6877,52.2757],[-69.508,52.1408],[-69.4869,52.0694],[-69.3775,51.9805],[-69.3634,51.7957]],[[-68.743,50.6928],[-68.6234,50.6218],[-68.6713,50.4628],[-68.595,50.4191],[-68.552,50.2694],[-68.6412,50.1767],[-68.6754,50.0563],[-68.654,49.9222],[-68.6024,49.8151],[-68.6164,49.7564],[-68.5478,49.6854]],[[-68.3624,49.3353],[-68.3904,49.2557],[-68.3009,49.192]]]},"properties":{"name":"Manicouagan","scalerank":7,"min_zoom":6}},
{"type":"Feature","geometry":{"type":"LineString","coordinates":[[37.539,59.1894],[37.7158,59.1229],[37.7395,59.0795],[37.7833,59.0274],[38.0415,58.9182],[38.1619,58.7779],[38.3705,58.4352],[38.4077,58.2875]]},"properties":{"name":"Suda","scalerank":7,"min_zoom":6}},
{"type":"Feature","geometry":{"type":"LineString","coordinates":[[35.2127,60.3461],[35.365,60.2875],[35.2563,60.1861],[35.4485,60.1754],[35.5494,60.0643],[35.7244,60.0494],[35.919,59.9931],[36.0787,59.8662],[36.1088,59.804],[36.2978,59.6489],[36.4601,59.6177],[36.6292,59.4706],[36.8422,59.3423],[37.1807,59.2241],[37.4255,59.1822],[37.539,59.1894]]},"properties":{"name":"Suda","scalerank":7,"min_zoom":6}},
{"type":"Feature","geometry":{"type":"MultiLineString","coordinates":[[[-116.0071,62.7961],[-116.2095,62.9601],[-116.2968,63.0613]],[[-114.4918,61.4741],[-114.4909,61.4749],[-114.4122,61.6148],[-114.3994,61.8453],[-114.4317,61.9601],[-114.5746,62.1258],[-114.8614,62.2799],[-115.2379,62.5166],[-115.7464,62.6137],[-115.9918,62.7827]]]},"properties":{"name":null,"scalerank":7,"min_zoom":6}},
{"type":"Feature","geometry":{"type":"MultiLineString","coordinates":[[[-117.2564,63.1432],[-117.0823,63.0978],[-116.8653,63.1165],[-116.6922,63.2484],[-116.3604,63.1172],[-116.2968,63.0613]],[[-116.0071,62.7961],[-115.9918,62.7827]]]},"properties":{"name":null,"scalerank":7,"min_zoom":6}},
{"type":"Feature","geometry":{"type":"LineString","coordinates":[[-109.5139,41.3022],[-109.5686,41.247],[-109.5279,41.1572],[-109.547,41.0212],[-109.6022,40.9269]]},"properties":{"name":"Green","scalerank":7,"min_zoom":6}},
{"type":"Feature","geometry":{"type":"MultiLineString","coordinates":[[[-109.9077,43.3688],[-109.986,43.3857],[-110.0103,43.2048],[-110.1092,43.031],[-110.1298,42.9387],[-109.9555,42.885],[-109.9261,42.6163],[-110.0452,42.5377],[-110.0546,42.4796],[-110.1691,42.2925],[-110.1657,42.1882],[-110.1163,42.0912],[-110.0334,42.0032],[-109.8266,41.9269],[-109.7082,41.753],[-109.4847,41.554],[-109.369,41.4761],[-109.4643,41.3179],[-109.5127,41.3037]],[[-109.602,40.9269],[-109.4177,40.9412],[-109.1843,40.9207],[-109.0881,40.8586],[-108.9691,40.8413],[-108.8622,40.7624],[-108.9857,40.5436],[-109.1332,40.5418],[-109.1558,40.5028],[-109.3022,40.4192],[-109.3594,40.3174],[-109.4294,40.3232],[-109.6539,40.0812],[-109.7992,39.9882],[-109.8812,39.8719],[-109.9298,39.7429],[-110.0283,39.5602],[-109.9939,39.4376],[-110.0409,39.2342],[-110.0839,39.1846],[-110.1125,39.0628],[-110.1053,38.9545],[-110.1319,38.8587],[-110.0574,38.764],[-110.0829,38.7197],[-109.9659,38.5436],[-109.9897,38.3802],[-109.9447,38.3579],[-109.8758,38.2303],[-109.8696,38.1859]]]},"properties":{"name":"Green","scalerank":7,"min_zoom":6}},
{"type":"Feature","geometry":{"type":"LineString","coordinates":[[-96.541,33.8281],[-96.6009,33.9048],[-96.692,33.8545],[-96.8556,33.8747],[-96.9146,33.9559],[-96.9867,33.9025]]},"properties":{"name":"Red","scalerank":7,"min_zoom":6}},
{"type":"Feature","geometry":{"type":"MultiLineString","coordinates":[[[-100.8994,34.6368],[-100.7362,34.5711],[-100.6059,34.5624],[-100.5087,34.6021],[-100.3602,34.5399],[-100.2551,34.5748],[-99.986,34.5764]],[[-96.9866,33.9025],[-97.0784,33.8078],[-97.0939,33.7423],[-97.2007,33.7864],[-97.1777,33.869],[-97.2119,33.91],[-97.3719,33.8304],[-97.4525,33.8353],[-97.4693,33.8921],[-97.571,33.899],[-97.6029,33.9789],[-97.6801,33.9834],[-97.8009,33.8878],[-97.8841,33.8616],[-97.9591,33.8929],[-97.9467,33.9769],[-98.0885,34.0278],[-98.0908,34.1382],[-98.3434,34.1434],[-98.4166,34.0789],[-98.4908,34.0751],[-98.5748,34.1516],[-98.7202,34.1365],[-98.8778,34.1707],[-98.953,34.2117],[-99.0286,34.2042],[-99.1931,34.2321],[-99.1921,34.3221],[-99.2656,34.4115],[-99.3874,34.4514],[-99.4166,34.3802],[-99.5474,34.4124],[-99.6809,34.3946],[-99.8821,34.5648],[-99.9834,34.5766]],[[-96.5409,33.8281],[-96.4106,33.7864],[-96.3288,33.7018],[-96.2896,33.763],[-96.2028,33.7636],[-96.1565,33.8211],[-96.0403,33.8432],[-95.938,33.8955],[-95.8605,33.8538],[-95.7724,33.8618],[-95.5982,33.952],[-95.5372,33.8898],[-95.3572,33.8681],[-95.2687,33.9045],[-95.2204,33.9629],[-95.0475,33.8758],[-94.9818,33.8616],[-94.8729,33.7558],[-94.7556,33.7333],[-94.708,33.6915],[-94.4669,33.6439],[-94.3875,33.5617],[-94.3002,33.5947],[-94.1933,33.5938],[-93.9906,33.5482],[-93.8243,33.5973],[-93.7387,33.5028],[-93.7311,33.4166],[-93.6839,33.3824],[-93.7174,33.2241],[-93.8617,33.0956],[-93.7916,32.8594],[-93.8256,32.7373],[-93.759,32.6078],[-93.7515,32.5428],[-93.6704,32.4151],[-93.4716,32.2316],[-93.466,32.1067],[-93.4139,32.0789],[-93.3154,31.9559],[-93.1761,31.9089],[-93.0178,31.7867],[-92.8854,31.6275],[-92.7956,31.5943],[-92.7166,31.5153],[-92.6504,31.3952],[-92.463,31.3472],[-92.2712,31.148],[-92.1992,31.166],[-92.119,31.2321],[-92.057,31.2094],[-91.891,31.2969],[-91.7027,31.2069],[-91.7471,31.0321],[-91.6617,30.9971]]]},"properties":{"name":"Red","scalerank":7,"min_zoom":6}},
{"type":"Feature","geometry":{"type":"MultiLineString","coordinates":[[[-104.2937,32.7545],[-104.3329,32.6079]],[[-103.8825,31.9173],[-103.983,32.0467]]]},"properties":{"name":"Pecos","scalerank":7,"min_zoom":6}},
{"type":"Feature","geometry":{"type":"MultiLineString","coordinates":[[[-105.6355,35.8497],[-105.6881,35.8135],[-105.7186,35.6811],[-105.6637,35.638],[-105.6315,35.516],[-105.4733,35.4164],[-105.4731,35.3516],[-105.3376,35.2712],[-105.1542,35.2512],[-105.0457,35.1821],[-104.9714,35.2034],[-104.692,35.0682],[-104.6659,34.9489],[-104.531,34.7945],[-104.473,34.7017],[-104.3736,34.629],[-104.3944,34.5748],[-104.2504,34.5133],[-104.1563,34.3546],[-104.2008,34.2534],[-104.2845,34.1707],[-104.2982,34.0301],[-104.2567,33.9894],[-104.2712,33.812],[-104.346,33.6325],[-104.3392,33.5674],[-104.3801,33.3824],[-104.3375,33.3482],[-104.3314,33.2552],[-104.2641,33.1149],[-104.2703,33.0193],[-104.3392,32.9883],[-104.2974,32.8684],[-104.2937,32.7545]],[[-104.3332,32.6072],[-104.3258,32.5118],[-104.2293,32.5054],[-104.1492,32.4089],[-104.0315,32.3408],[-103.9549,32.1969],[-104.0035,32.1577],[-103.983,32.0467]],[[-103.8805,31.9163],[-103.8065,31.8926],[-103.7986,31.827],[-103.6813,31.7587],[-103.5106,31.6213],[-103.5023,31.5562],[-103.4332,31.4468],[-103.2396,31.4366],[-103.1907,31.3832],[-103.0242,31.3963],[-102.9004,31.3472],[-102.811,31.2783],[-102.6818,31.3281],[-102.4801,31.2593],[-102.4268,31.2168],[-102.4001,31.1104],[-102.2669,31.0457],[-102.0902,31.0004],[-101.9913,31.0052],[-101.9053,30.9488],[-101.8293,30.7992],[-101.8214,30.7171],[-101.7079,30.6815],[-101.6573,30.561],[-101.7248,30.4794],[-101.6733,30.3594],[-101.7089,30.274],[-101.4917,30.1212],[-101.5057,30.0211],[-101.4669,29.9887],[-101.5017,29.8892],[-101.3717,29.8569],[-101.3341,29.7276],[-101.3454,29.6995],[-101.3564,29.6903],[-101.3717,29.6887]]]},"properties":{"name":"Pecos","scalerank":7,"min_zoom":6}},
{"type":"Feature","geometry":{"type":"LineString","coordinates":[[-62.9971,7.774],[-62.8758,7.5787],[-62.8241,7.5385],[-62.7811,7.326],[-62.8054,7.2283],[-62.9218,7.0776],[-62.9447,7.013],[-62.9376,6.9066],[-62.8559,6.8153]]},"properties":{"name":"Caroní","scalerank":7,"min_zoom":6}},
{"type":"Feature","geometry":{"type":"MultiLineString","coordinates":[[[-62.9971,7.774],[-63.0224,7.8846],[-63.0128,7.9816],[-62.956,8.053],[-62.8221,8.1524],[-62.6509,8.3072],[-62.696,8.376]],[[-60.8114,5.0843],[-60.8172,4.9606],[-60.8866,4.765],[-61.047,4.7274],[-61.234,4.9269],[-61.3418,4.9716],[-61.3911,4.8586],[-61.4449,4.8458],[-61.5443,4.7083],[-61.6198,4.7792],[-61.7369,4.8453],[-61.7762,4.8952],[-61.8337,4.8313],[-61.9427,4.784],[-62.0344,4.6769],[-62.1405,4.7041],[-62.2054,4.6837],[-62.3491,4.711],[-62.3802,4.7792],[-62.4832,4.8959],[-62.52,4.9921],[-62.5106,5.0889],[-62.4621,5.1901],[-62.5333,5.2465],[-62.5583,5.3074],[-62.842,5.3863],[-62.8941,5.4849],[-62.92,5.59],[-62.8941,5.6631],[-62.9204,5.8134],[-62.8562,5.9785],[-62.8728,6.1201],[-62.9375,6.2852],[-62.9835,6.3489],[-62.9396,6.4741],[-62.8863,6.5181],[-62.8221,6.6431],[-62.8556,6.8143]]]},"properties":{"name":"Caroní","scalerank":7,"min_zoom":6}},
{"type":"Feature","geometry":{"type":"MultiLineString","coordinates":[[[-5.4861,7.0133],[-5.4974,7.1402],[-5.5697,7.1409],[-5.6599,7.2049],[-5.6673,7.2809],[-5.7142,7.3215],[-5.7423,7.4947],[-5.6693,7.5769],[-5.6549,7.817],[-5.6119,7.864],[-5.5647,8.0184],[-5.4748,8.0955]],[[-5.0797,6.2136],[-5.0801,6.2142],[-5.1671,6.2776],[-5.2147,6.3688]]]},"properties":{"name":"Bandama","scalerank":7,"min_zoom":6}},
{"type":"Feature","geometry":{"type":"MultiLineString","coordinates":[[[-5.4861,7.0133],[-5.5289,6.8779],[-5.4372,6.7667],[-5.3983,6.607],[-5.3087,6.5891],[-5.3245,6.461],[-5.2867,6.3657],[-5.2147,6.3688]],[[-5.0801,6.2142],[-5.0241,6.2128],[-4.9615,6.1292],[-4.9021,5.9979],[-4.8199,5.9359],[-4.8448,5.8344],[-4.7947,5.6566],[-4.8833,5.607],[-4.8419,5.4034],[-4.9141,5.3414],[-4.9666,5.2559],[-4.969,5.1424]]]},"properties":{"name":"Bandama","scalerank":7,"min_zoom":6}},
{"type":"Feature","geometry":{"type":"MultiLineString","coordinates":[[[28.1812,59.3561],[28.1455,59.314],[27.8953,59.255],[27.8707,59.173]],[[27.734,58.9935],[27.561,58.9127],[27.4483,58.8282],[27.4185,58.7363],[27.5462,58.4129],[27.4936,58.3199],[27.4947,58.2217],[27.6661,58.0804],[27.8991,58.0526],[28.1416,57.8692]]]},"properties":{"name":"Narva","scalerank":7,"min_zoom":6}},
{"type":"Feature","geometry":{"type":"MultiLineString","coordinates":[[[28.1812,59.3564],[28.0203,59.4796]],[[27.734,58.9935],[27.8707,59.173]]]},"properties":{"name":"Narva","scalerank":7,"min_zoom":6}},
{"type":"Feature","geometry":{"type":"MultiLineString","coordinates":[[[118.7418,33.0948],[118.7115,33.202],[118.5903,33.2428],[118.5234,33.1682],[118.4988,33.0738],[118.4284,32.992],[118.351,32.9681],[118.2481,33.0133],[118.2178,33.1798],[117.898,33.1466],[117.8889,33.0498],[117.7636,33.0541],[117.7626,33.0533]],[[119.2842,32.7183],[119.2778,32.7794],[119.3257,32.8701],[119.2888,32.9938],[119.3355,33.0343],[119.3087,33.1188],[119.2307,33.1898],[119.1554,33.1468],[119.1411,33.0751],[119.0382,33.0371],[118.9171,33.0554],[118.8459,33.095]]]},"properties":{"name":"Hudi","scalerank":7,"min_zoom":6}},
{"type":"Feature","geometry":{"type":"MultiLineString","coordinates":[[[118.7437,33.095],[118.8459,33.095]],[[116.5214,32.5012],[116.6347,32.5418],[116.7361,32.6154],[116.7599,32.7077],[116.8828,32.6327],[117.0783,32.6991],[117.1162,32.8378],[117.1734,32.9247],[117.5085,32.9716],[117.6475,32.9033],[117.6885,32.9852],[117.7636,33.0541]],[[119.6162,32.3539],[119.5338,32.3476],[119.4236,32.6284],[119.301,32.6673],[119.2842,32.7183]]]},"properties":{"name":"Hudi","scalerank":7,"min_zoom":6}},
{"type":"Feature","geometry":{"type":"LineString","coordinates":[[26.4413,-8.272],[26.4653,-8.2611],[26.5396,-8.2751],[26.7254,-8.2069],[26.8325,-8.0099],[26.9107,-7.9465],[26.9624,-7.8363],[26.8279,-7.7353],[26.7935,-7.6786],[26.855,-7.5693],[26.8637,-7.461],[26.9317,-7.458],[26.9588,-7.3485],[27.0195,-7.2643],[27.081,-7.0794],[27.0307,-6.9439],[27.0121,-6.8364],[26.9607,-6.7739],[26.9519,-6.7271],[26.9898,-6.4732],[26.9791,-6.3559],[26.9121,-6.2503],[26.9177,-6.1307],[26.8927,-5.8641],[26.9116,-5.8011],[26.9146,-5.6582],[26.9304,-5.6103]]},"properties":{"name":"Congo","scalerank":2,"min_zoom":2.1}},
{"type":"Feature","geometry":{"type":"LineString","coordinates":[[98.8956,17.3873],[98.9585,17.2377],[98.9588,17.2377]]},"properties":{"name":"Ping","scalerank":7,"min_zoom":6}},
{"type":"Feature","geometry":{"type":"MultiLineString","coordinates":[[[98.8643,19.7801],[98.8926,19.7532],[98.9233,19.6158],[98.988,19.4662],[98.9629,19.3123],[99.0043,19.1297],[98.9505,19.0878],[99,18.7867],[98.9659,18.6013],[98.9263,18.529],[98.7749,18.4431],[98.7156,18.4308],[98.6406,18.2269],[98.6377,18.1297],[98.5967,18.0738],[98.6741,17.9707],[98.6458,17.9208],[98.7407,17.7106],[98.7048,17.6639],[98.7156,17.4197],[98.8538,17.4693],[98.8956,17.3873]],[[98.9585,17.2377],[99.061,17.2055],[99.0903,17.1341],[99.0527,17.0904],[99.1072,17.0047],[99.1209,16.8914],[99.157,16.8135],[99.2862,16.6953],[99.3918,16.6282],[99.4295,16.6344],[99.5914,16.3706],[99.6553,16.3541],[99.8804,16.0417],[99.8716,16.0037],[100.0632,15.8814],[100.09,15.7676],[100.1179,15.7391],[100.1589,15.7164]]]},"properties":{"name":"Ping","scalerank":7,"min_zoom":6}},
{"type":"Feature","geometry":{"type":"LineString","coordinates":[[77.1339,43.9081],[77.2691,43.8677],[77.4044,43.8653],[77.6738,43.8279],[77.9443,43.8193],[78.176,43.8671]]},"properties":{"name":"Ile","scalerank":7,"min_zoom":6}},
{"type":"Feature","geometry":{"type":"MultiLineString","coordinates":[[[77.1339,43.9081],[77.0523,43.9533],[77.0077,44.1213],[76.8975,44.2438],[76.7442,44.2727],[76.6604,44.3605],[76.7205,44.4451],[76.5929,44.6179],[76.3803,44.7018],[76.2568,44.8113],[76.1126,44.8131],[75.6973,45.0091],[75.5033,45.0379],[75.4482,45.0731],[75.2564,45.0836],[75.1504,45.1663],[74.7834,45.2315],[74.6469,45.2996],[74.5027,45.4212],[74.17,45.4226],[74.0752,45.3448]],[[81.7525,43.6207],[81.6497,43.6746],[81.5852,43.7545],[81.4529,43.8409],[81.2359,43.9154],[81.0313,43.9111],[80.8419,43.9422],[80.7895,43.9007],[80.5462,43.8211],[80.3528,43.7734],[80.212,43.7624],[80.0483,43.8158],[79.8574,43.8303],[79.7241,43.9291],[79.53,43.9682],[79.0457,43.8255],[78.8721,43.8431],[78.604,43.8225],[78.4414,43.8631],[78.2551,43.8819],[78.176,43.8671]]]},"properties":{"name":"Ile","scalerank":7,"min_zoom":6}},
{"type":"Feature","geometry":{"type":"LineString","coordinates":[[115.5741,40.2967],[115.5742,40.2963],[115.5891,40.2404]]},"properties":{"name":"Sanggan","scalerank":7,"min_zoom":6}},
{"type":"Feature","geometry":{"type":"MultiLineString","coordinates":[[[112.59,39.3436],[112.7136,39.3771],[112.7964,39.4602],[113.0234,39.5579],[113.1884,39.7039],[113.2326,39.7796],[113.4589,39.8664],[113.6676,39.9796],[113.9301,40.0054],[114.0619,40.0032],[114.384,40.1433],[114.5751,40.2131],[114.6918,40.2783],[114.8145,40.2769],[114.9937,40.3549],[115.1355,40.3672],[115.5161,40.3572],[115.5742,40.2963]],[[112.3369,39.166],[112.3805,39.2749],[112.59,39.3379]]]},"properties":{"name":"Sanggan","scalerank":7,"min_zoom":6}},
{"type":"Feature","geometry":{"type":"MultiLineString","coordinates":[[[-79.7723,37.2338],[-79.624,37.1154],[-79.5117,37.0489],[-79.5088,37.0472]],[[-78.2846,36.6051],[-78.2854,36.6044],[-78.4713,36.5953],[-78.6359,36.6868],[-78.6752,36.7993],[-78.6758,36.7998]],[[-78.1431,36.5865],[-77.9126,36.513],[-77.6546,36.4871]]]},"properties":{"name":"Roanoke","scalerank":7,"min_zoom":6}},
{"type":"Feature","geometry":{"type":"MultiLineString","coordinates":[[[-80.2044,37.0864],[-80.2664,37.1292],[-80.2305,37.2315],[-80.1063,37.2815],[-80.0106,37.2918],[-79.7724,37.2338]],[[-79.5117,37.0489],[-79.3875,37.0834],[-79.3415,37.1419],[-79.2292,37.1334],[-79.1748,37.0702],[-79.1008,37.0898],[-79.0425,37.042],[-78.9154,37.0361],[-78.8879,36.997],[-78.7325,37.0032],[-78.7416,36.9217],[-78.6694,36.8656],[-78.6752,36.7993]],[[-78.2854,36.6044],[-78.1439,36.587]],[[-77.6546,36.4871],[-77.5503,36.3859],[-77.5499,36.3088],[-77.4459,36.3149],[-77.3785,36.2107],[-77.2363,36.1097],[-77.2981,36.0484],[-77.2111,36.0135],[-77.1665,35.9458],[-77.038,35.9384],[-76.8465,35.836],[-76.7657,35.8692],[-76.6957,35.9453]]]},"properties":{"name":"Roanoke","scalerank":7,"min_zoom":6}},
{"type":"Feature","geometry":{"type":"MultiLineString","coordinates":[[[15.4387,64.9668],[15.204,65.017],[15.1514,65.0903]],[[16.7688,64.4802],[16.5935,64.6251],[16.3113,64.7092],[15.9873,64.8445],[15.898,64.9395]]]},"properties":{"name":"ngermanlven","scalerank":7,"min_zoom":6}},
{"type":"Feature","geometry":{"type":"MultiLineString","coordinates":[[[15.4387,64.9668],[15.4833,64.9178],[15.898,64.9395]],[[16.7688,64.4802],[16.9399,64.3535],[17.2517,64.293],[17.3163,64.158],[17.257,63.9555],[17.1293,63.815],[17.0458,63.7766],[17.0168,63.6836],[16.7727,63.6896],[16.8303,63.6096],[16.8303,63.4728],[17.2061,63.293],[17.2546,63.1798],[17.5708,63.1942],[17.7824,63.0941],[17.7985,62.9936]]]},"properties":{"name":"ngermanlven","scalerank":7,"min_zoom":6}},
{"type":"Feature","geometry":{"type":"LineString","coordinates":[[30.5407,68.7001],[30.7107,68.697],[31.1742,68.6033],[31.7589,68.624]]},"properties":{"name":"Lotta","scalerank":7,"min_zoom":6}},
{"type":"Feature","geometry":{"type":"LineString","coordinates":[[27.5635,68.3781],[27.7924,68.3926],[27.9819,68.5213],[28.3053,68.4691],[28.5951,68.5236],[28.9707,68.5677],[29.0794,68.5374],[29.7891,68.6605],[29.905,68.653],[30.3092,68.7014],[30.5407,68.7001]]},"properties":{"name":"Lotta","scalerank":7,"min_zoom":6}},
{"type":"Feature","geometry":{"type":"MultiLineString","coordinates":[[[108.8633,40.914],[108.8615,40.9487]],[[108.8451,40.9025],[108.7109,40.8038]]]},"properties":{"name":"Wujia","scalerank":7,"min_zoom":6}},
{"type":"Feature","geometry":{"type":"MultiLineString","coordinates":[[[108.1917,41.2037],[108.3545,41.1745],[108.5523,41.1623],[108.6371,41.0848],[108.7456,41.0572],[108.7843,41.0003]],[[107.9528,41.172],[108.1442,41.232],[108.1917,41.2037]],[[107.9528,41.172],[107.9533,41.1715]],[[108.7843,41.0003],[108.8615,40.9487]],[[108.8633,40.914],[108.8451,40.9025]],[[107.8412,40.8996],[108.0708,40.9338],[108.1627,41.0429],[108.1422,41.1227],[108.1917,41.2037]],[[107.8412,40.8996],[107.9719,40.8752],[108.2623,40.9306],[108.384,41.0631],[108.5259,41.0709],[108.7843,41.0003]],[[107.6829,40.8586],[107.7588,41.0095],[107.7505,41.1182],[107.9528,41.172]],[[108.7109,40.8038],[108.6504,40.6988],[108.6773,40.6395]],[[107.3017,40.6818],[107.4324,40.8465],[107.4844,40.9685],[107.5469,41.2167],[107.7041,41.2428],[107.7695,41.2012],[107.7898,41.195],[107.8079,41.1928],[107.8477,41.183],[107.872,41.1807],[107.9353,41.1914],[107.9528,41.172]],[[107.3017,40.6818],[107.7578,40.8925],[107.8412,40.8996]],[[107.3001,40.6805],[107.3017,40.6818]],[[107.1188,40.522],[107.0623,40.6656],[106.9619,40.7996],[106.9514,41.0135],[107.0588,41.0474],[107.2043,41.1827],[107.4585,41.255],[107.6664,41.2709],[107.711,41.256],[107.7505,41.2308],[107.7958,41.195]],[[107.1188,40.522],[107.1417,40.5781],[107.3017,40.6818]],[[107.1417,40.4539],[107.1188,40.522]],[[107.0318,40.3105],[107.1188,40.522]]]},"properties":{"name":"Wujia","scalerank":7,"min_zoom":6}},
{"type":"Feature","geometry":{"type":"LineString","coordinates":[[-55.8772,-1.779],[-55.9691,-1.6462],[-56.0151,-1.5456],[-56.2733,-1.5394],[-56.3131,-1.4699],[-56.4695,-1.3954],[-56.5761,-1.4017]]},"properties":{"name":"Trombetas","scalerank":7,"min_zoom":6}},
{"type":"Feature","geometry":{"type":"MultiLineString","coordinates":[[[-58.409,1.4356],[-58.3512,1.4623],[-58.2115,1.4344],[-58.0497,1.4575],[-57.9366,1.5436],[-57.6788,1.524],[-57.5685,1.4541],[-57.4215,1.5012],[-57.316,1.3741],[-57.2333,1.3297],[-57.1521,1.2432],[-57.234,1.106],[-57.0937,0.9527],[-57.0492,0.938],[-56.9678,0.8362],[-56.8948,0.6952],[-56.889,0.6331],[-56.8362,0.5682],[-56.8293,0.4828],[-56.9081,0.285],[-56.8976,0.1436],[-56.946,-0.0932],[-56.9439,-0.1644],[-56.8798,-0.2289],[-56.8693,-0.3457],[-56.8951,-0.4897],[-56.8482,-0.64],[-56.8945,-0.7368],[-56.9989,-0.8334],[-57.0082,-0.9183],[-57.0641,-1.0127],[-57.0468,-1.0786],[-56.9804,-1.1708],[-56.7915,-1.2954],[-56.7284,-1.3827],[-56.5761,-1.4017]],[[-55.8772,-1.779],[-55.8093,-1.8442],[-55.6603,-1.8721],[-55.6361,-1.9081]]]},"properties":{"name":"Trombetas","scalerank":7,"min_zoom":6}},
{"type":"Feature","geometry":{"type":"LineString","coordinates":[[99.7817,74.3063],[100.144,74.3708],[100.6197,74.5485],[100.6313,74.6332],[100.3574,74.8698],[100.5933,75.0014],[100.5151,75.0797],[100.2073,75.1032],[100.1957,75.1686]]},"properties":{"name":"Nizhnyaya Taymyra","scalerank":7,"min_zoom":6}},
{"type":"Feature","geometry":{"type":"LineString","coordinates":[[99.4239,75.7935],[99.1782,75.6494],[99.1533,75.565],[99.7517,75.4781],[99.7864,75.3714],[99.995,75.3143],[100.1957,75.1686]]},"properties":{"name":"Nizhnyaya Taymyra","scalerank":7,"min_zoom":6}},
{"type":"Feature","geometry":{"type":"LineString","coordinates":[[30.5152,51.1377],[30.46,51.1788]]},"properties":{"name":"Pripyat","scalerank":7,"min_zoom":6}},
{"type":"Feature","geometry":{"type":"LineString","coordinates":[[25.5466,52.0285],[25.7044,52.0694],[25.8906,52.0693],[25.9982,52.1005],[26.4369,52.1224],[26.729,52.1179],[26.9794,52.1609],[27.0713,52.1452],[27.3609,52.1531],[27.8735,52.0592],[28.0507,52.0661],[28.1951,52.1142],[28.3565,52.0694],[28.5657,52.1309],[28.7537,52.1043],[28.8618,52.1354],[29.1215,52.1146],[29.4824,51.9381],[29.5229,51.7889],[29.6543,51.764],[29.7229,51.6489],[29.9106,51.5441],[29.9394,51.4737],[30.0833,51.4252],[30.2302,51.275],[30.46,51.1788]]},"properties":{"name":"Pripyat","scalerank":7,"min_zoom":6}},
{"type":"Feature","geometry":{"type":"LineString","coordinates":[[87.6602,29.1516],[87.6838,29.2377],[87.7763,29.3338],[87.985,29.399],[88.1052,29.3782],[88.149,29.3404],[88.2343,29.378],[88.3626,29.3313],[88.4956,29.3643],[88.5579,29.3526],[88.873,29.3444],[88.9794,29.3812],[89.1228,29.3429],[89.2805,29.378],[89.4309,29.348],[89.6612,29.3712],[89.7644,29.3257],[89.928,29.3401],[90.0139,29.3675],[90.2861,29.3362],[90.4273,29.2531],[90.5824,29.2848],[90.7005,29.3489],[90.7647,29.2957],[90.8496,29.3444],[90.9597,29.3165],[91.1386,29.3184],[91.3217,29.2852],[91.5701,29.3052],[91.6499,29.2885],[91.8369,29.3054],[92.0112,29.2621],[92.1456,29.3034],[92.3451,29.2374],[92.4737,29.2544],[92.5297,29.1568],[92.6884,29.1361],[92.7364,29.096],[92.8704,29.097],[92.9387,29.0596],[93.0426,29.0646],[93.0889,29.118],[93.149,29.0377],[93.2833,29.0042],[93.3477,29.0299],[93.4745,29.1859],[93.6213,29.1822],[93.731,29.1556],[93.8794,29.1655],[94.016,29.2237],[94.1948,29.2219],[94.356,29.3095]]},"properties":{"name":"Yarlung","scalerank":2,"min_zoom":2.1}},
{"type":"Feature","geometry":{"type":"LineString","coordinates":[[17.3781,67.6389],[17.3784,67.6395],[17.611,67.6487],[18.1646,67.5445],[18.4778,67.4129],[18.8127,67.3782],[19.0894,67.2764],[19.3166,67.1539],[19.7437,67.0641],[19.7966,67.0014]]},"properties":{"name":"Stora Lule lv","scalerank":7,"min_zoom":6}},
{"type":"Feature","geometry":{"type":"MultiLineString","coordinates":[[[17.1797,67.5637],[17.3784,67.6395]],[[19.7966,67.0014],[19.862,66.8272],[19.9963,66.7688],[20.3377,66.6868],[20.5378,66.5154],[20.9145,66.241],[20.9119,66.1389],[20.9821,66.0646]]]},"properties":{"name":"Stora Lule lv","scalerank":7,"min_zoom":6}},
{"type":"Feature","geometry":{"type":"MultiLineString","coordinates":[[[-13.6232,13.2429],[-13.7617,13.3741],[-13.7262,13.4683],[-13.9038,13.4819],[-14.0118,13.4586],[-14.0205,13.4068],[-14.3856,13.3386],[-14.4439,13.4039],[-14.582,13.4962],[-14.6508,13.4455],[-14.7405,13.5303],[-14.8382,13.5703],[-14.8913,13.5485],[-14.9921,13.601],[-14.9288,13.6979],[-15.1308,13.6948],[-15.2327,13.6543],[-15.3192,13.692],[-15.3711,13.6123],[-15.361,13.5379],[-15.3004,13.4949]],[[-12.3148,11.433],[-12.2384,11.4125],[-12.1002,11.4869],[-11.8491,11.7318],[-11.8351,11.8453],[-11.7585,11.9482],[-11.9527,12.041],[-12.0541,12.1462],[-12.0758,12.2415],[-12.1402,12.3062],[-12.2506,12.462],[-12.2276,12.5362],[-12.1224,12.5838],[-12.1429,12.7079],[-12.3605,12.843],[-12.4728,12.8066],[-12.5077,12.7112],[-12.6085,12.7117],[-12.6412,12.7475],[-12.7394,12.7011],[-12.8629,12.7823],[-12.9417,12.77],[-12.9945,12.8299],[-13.0402,12.7972],[-13.1387,12.8273],[-13.1714,12.9617],[-13.3284,13.0437],[-13.3284,13.2286],[-13.3557,13.3249],[-13.4761,13.3385],[-13.5995,13.3133],[-13.6232,13.2491]]]},"properties":{"name":"Gambia","scalerank":7,"min_zoom":6}},
{"type":"Feature","geometry":{"type":"LineString","coordinates":[[-72.1762,7.8867],[-72.2435,7.7799],[-72.2452,7.6985],[-72.1683,7.6053],[-71.9918,7.5079],[-71.9053,7.5134],[-71.7489,7.4782],[-71.6397,7.4323],[-71.4723,7.4627],[-71.249,7.4545],[-71.1893,7.4041],[-71.0201,7.3618],[-70.9469,7.3079],[-70.8566,7.29],[-70.7955,7.3148],[-70.631,7.2943],[-70.548,7.3337],[-70.4603,7.423],[-70.3685,7.4504],[-70.2996,7.5904],[-70.1337,7.6293],[-70.0867,7.7107],[-69.9488,7.7542],[-69.8777,7.8039],[-69.7338,7.8443],[-69.5771,7.951],[-69.4411,8.0716],[-69.2127,8.0757],[-69.0544,7.9801],[-68.9704,7.9993],[-68.8868,7.9112],[-68.73,7.9158],[-68.6504,7.9658],[-68.4614,7.9473],[-68.3863,7.9915],[-68.2567,7.9564],[-68.0545,8.0484],[-67.9546,8.0546],[-67.885,8.0267],[-67.7207,8.0175],[-67.6293,7.9932]]},"properties":{"name":"Apure","scalerank":7,"min_zoom":6}},
{"type":"Feature","geometry":{"type":"LineString","coordinates":[[-54.7327,2.2369],[-54.7899,2.1727],[-54.7541,2.0927],[-54.7957,2.0191],[-54.76,1.9796],[-54.7468,1.7862],[-54.5773,1.7803],[-54.4894,1.7503],[-54.335,1.7522],[-54.1467,1.6445],[-54.0815,1.5448],[-53.9574,1.4958],[-53.8315,1.39],[-53.7389,1.4213],[-53.6434,1.3667],[-53.5529,1.362],[-53.5222,1.2476],[-53.4374,1.2633],[-53.4578,1.1749],[-53.4169,0.9398],[-53.2797,0.7913],[-53.135,0.7554],[-53.1081,0.7225],[-53.1431,0.5443],[-53.1288,0.4139],[-53.0949,0.3057],[-53.0469,0.2569],[-53.0059,0.1297],[-53.0094,0.013],[-52.9783,-0.0049],[-52.9386,-0.153],[-52.8756,-0.2025],[-52.8102,-0.176],[-52.6285,-0.3908],[-52.6391,-0.5383],[-52.6103,-0.6084],[-52.5357,-0.6303],[-52.5056,-0.7573],[-52.5177,-0.8652],[-52.4141,-0.8554],[-52.3635,-1.0527],[-52.2689,-1.1317],[-52.043,-1.169],[-51.9083,-1.1581]]},"properties":{"name":"Jari","scalerank":7,"min_zoom":6}},
{"type":"Feature","geometry":{"type":"LineString","coordinates":[[-78.0879,-0.7451],[-78.0415,-0.79],[-78.0191,-1.0199],[-77.9241,-1.0796],[-77.8346,-1.0656],[-77.7593,-1.0171],[-77.5579,-1.0478],[-77.4498,-0.9224],[-77.2472,-0.8296],[-77.1386,-0.7075],[-77.1482,-0.6413],[-77.109,-0.5537],[-77.0205,-0.4799],[-76.8118,-0.4284],[-76.681,-0.4426],[-76.5759,-0.4052],[-76.4835,-0.4829],[-76.4103,-0.5103],[-76.2745,-0.4432],[-76.103,-0.4419],[-76.0836,-0.4948],[-75.9945,-0.5534],[-75.9148,-0.5707],[-75.7157,-0.6528],[-75.6114,-0.7199],[-75.5476,-0.8141],[-75.3495,-0.9748],[-75.2369,-0.9702],[-75.1529,-1.0005],[-75.0406,-1.1005],[-74.9389,-1.2432],[-74.6553,-1.429],[-74.6351,-1.4833],[-74.6388,-1.6432],[-74.6974,-1.765],[-74.6778,-1.8682],[-74.5478,-2.0296],[-74.4483,-2.1157],[-74.3118,-2.189],[-74.1274,-2.2443],[-74.064,-2.409],[-74.0036,-2.4619],[-73.835,-2.4354],[-73.7251,-2.5121],[-73.6388,-2.5121],[-73.564,-2.621],[-73.5509,-2.7104],[-73.4972,-2.7341],[-73.5274,-2.8325],[-73.4203,-2.9577],[-73.3528,-2.9858],[-73.2621,-2.9706],[-73.1501,-3.044],[-73.2043,-3.1024],[-73.187,-3.1625],[-73.2261,-3.2272],[-73.2006,-3.3344],[-73.0963,-3.4181],[-73.0356,-3.4296],[-72.9779,-3.3229],[-72.9952,-3.2863],[-72.8817,-3.1911],[-72.7638,-3.2707],[-72.7214,-3.2389],[-72.6579,-3.2897],[-72.7065,-3.3371],[-72.6715,-3.4129],[-72.6657,-3.4487]]},"properties":{"name":"Napo","scalerank":7,"min_zoom":6}},
{"type":"Feature","geometry":{"type":"LineString","coordinates":[[-72.4018,-10.0878],[-72.4949,-10.0776],[-72.5495,-9.9267],[-72.6451,-9.903],[-72.7043,-9.7863],[-72.7976,-9.6579],[-72.817,-9.55],[-72.7413,-9.4613],[-72.7177,-9.3544],[-72.6695,-9.3014],[-72.7187,-9.1967],[-72.6841,-9.0601],[-72.7214,-8.9777],[-72.7897,-8.9467],[-72.8044,-8.8329],[-72.8595,-8.7778],[-72.8451,-8.6563],[-72.883,-8.5051],[-72.8437,-8.3918],[-72.755,-8.2888],[-72.8341,-8.1395],[-72.7624,-8.0212],[-72.7897,-7.9564],[-72.7686,-7.8574],[-72.6662,-7.8164],[-72.6466,-7.7284],[-72.7007,-7.648],[-72.5843,-7.5004],[-72.4968,-7.4504],[-72.3714,-7.2919],[-72.3472,-7.2336],[-72.1792,-7.1982],[-72.1244,-7.1585],[-71.9878,-7.1852],[-71.8507,-7.1449],[-71.7606,-7.0731],[-71.6508,-7.0513],[-71.4791,-6.9557],[-71.3844,-6.9592],[-71.3032,-6.9018],[-71.1462,-6.8485],[-71.0687,-6.7585],[-70.8933,-6.769],[-70.7812,-6.8268],[-70.671,-6.8168],[-70.4906,-6.7631],[-70.4591,-6.7197],[-70.3735,-6.6994],[-70.2331,-6.747],[-70.0874,-6.7294],[-69.9355,-6.7372],[-69.8905,-6.6787],[-69.8086,-6.6992],[-69.8215,-6.6162],[-69.7847,-6.5477],[-69.5267,-6.5834],[-69.4796,-6.5347],[-69.352,-6.6003],[-69.1714,-6.5838],[-69.0481,-6.5064],[-68.9446,-6.5439],[-68.7788,-6.4536],[-68.6944,-6.4863],[-68.5823,-6.4902],[-68.4613,-6.4653],[-68.3593,-6.5043],[-68.2532,-6.4325],[-68.2258,-6.3559],[-68.1764,-6.3255],[-68.1859,-6.2372],[-68.0183,-6.2116],[-67.8994,-6.0887],[-67.8261,-5.9706],[-67.8478,-5.8052],[-67.6852,-5.5566],[-67.6626,-5.4824],[-67.4342,-5.3729],[-67.3558,-5.3771],[-67.2674,-5.3234],[-67.2167,-5.1548],[-67.1579,-5.0726],[-66.9728,-5.1073],[-66.8902,-5.0601],[-66.8555,-4.9955],[-66.8201,-4.8344],[-66.7635,-4.7941],[-66.7388,-4.7111],[-66.6731,-4.646],[-66.64,-4.5505],[-66.5546,-4.45],[-66.6005,-4.4069],[-66.5725,-4.2934],[-66.5699,-4.1852],[-66.4861,-4.0042],[-66.4293,-3.9448],[-66.3548,-3.8051],[-66.3285,-3.6904],[-66.2789,-3.6558],[-66.2461,-3.5175],[-66.2851,-3.4616],[-66.231,-3.4118],[-66.146,-3.4089],[-66.0972,-3.2818],[-66.0223,-3.2621],[-65.9852,-3.1724],[-66.0176,-3.0683],[-65.9977,-3.0273],[-65.8722,-2.9452],[-65.9165,-2.8792],[-65.863,-2.7987],[-65.7835,-2.7402],[-65.7905,-2.6771],[-65.7405,-2.6103]]},"properties":{"name":"Juruá","scalerank":7,"min_zoom":6}},
{"type":"Feature","geometry":{"type":"LineString","coordinates":[[-45.9542,-10.18],[-45.8603,-10.0012],[-45.8582,-9.8316],[-45.8372,-9.5335],[-45.7966,-9.4613],[-45.8281,-9.3762],[-45.896,-9.3285],[-45.9059,-9.1794],[-45.942,-9.0136],[-45.9816,-8.9296],[-45.9285,-8.7889],[-45.8208,-8.6994],[-45.7665,-8.6059],[-45.7352,-8.4328],[-45.6594,-8.3093],[-45.6553,-8.2557],[-45.5775,-8.1515],[-45.5507,-7.9302],[-45.4726,-7.6742],[-45.2986,-7.5578],[-45.0252,-7.4929],[-44.9083,-7.4445],[-44.8165,-7.3639],[-44.7141,-7.398],[-44.6559,-7.3203],[-44.4507,-7.1478],[-44.2884,-7.0874],[-44.2582,-7.0059],[-44.1617,-6.8867],[-44.063,-6.8295],[-44.0382,-6.7676],[-43.9021,-6.7529],[-43.8157,-6.7101],[-43.6749,-6.7011],[-43.4614,-6.8417],[-43.3012,-6.801],[-43.1986,-6.7546],[-43.1345,-6.7803],[-43.0181,-6.7674],[-42.9265,-6.6864],[-42.8791,-6.5612],[-42.8502,-6.2541],[-42.9643,-6.1874],[-43.0762,-6.0549],[-43.1081,-5.771],[-43.083,-5.7123],[-43.102,-5.6234],[-43.0233,-5.5667],[-42.9797,-5.4804],[-42.8324,-5.3135],[-42.8052,-5.1608],[-42.8341,-5.0982],[-42.8534,-4.9365],[-42.9049,-4.8278],[-42.9467,-4.7944],[-42.9134,-4.6391],[-42.8631,-4.4987],[-42.898,-4.4038],[-42.9659,-4.3726],[-42.9908,-4.2402],[-42.8912,-4.1425],[-42.8502,-4.0407],[-42.7335,-3.9234],[-42.6652,-3.787],[-42.6754,-3.6989],[-42.5725,-3.5707],[-42.5007,-3.4511],[-42.4555,-3.4784],[-42.2167,-3.4339],[-42.1001,-3.3032],[-42.1059,-3.2624],[-42.0046,-3.2332],[-41.9227,-3.1084],[-41.8429,-3.0341],[-41.8155,-2.9365],[-41.868,-2.8537],[-41.8428,-2.7653]]},"properties":{"name":"Parnaíba","scalerank":7,"min_zoom":6}},
{"type":"Feature","geometry":{"type":"LineString","coordinates":[[-82.9999,47.8209],[-82.8128,47.91],[-82.8003,47.9667],[-82.5712,48.1043],[-82.5091,48.2131],[-82.4339,48.2596],[-82.4582,48.3406],[-82.4016,48.5867],[-82.2873,48.6017],[-82.2131,48.656]]},"properties":{"name":"Ivanhoe","scalerank":7,"min_zoom":6}},
{"type":"Feature","geometry":{"type":"LineString","coordinates":[[-160.1141,68.7731],[-160.361,68.8784],[-160.2645,68.9622],[-159.5497,69.0304],[-159.3282,69.0172],[-159.1407,69.0587],[-158.7981,69.0049],[-158.4811,69.0455],[-158.1225,68.9838],[-157.5676,68.9683],[-157.4873,68.9221],[-157.1461,68.8858],[-156.5298,68.8841],[-156.2904,68.9518],[-155.8516,68.9603],[-155.5774,69.0409],[-155.3443,69.0782],[-155.1639,69.0661],[-154.8099,69.0919],[-154.356,69.0959],[-153.9425,69.0004],[-153.908,69.0425],[-153.4047,69.1192],[-152.9385,69.2427],[-152.5549,69.2768],[-152.4897,69.3092],[-151.5632,69.4445],[-151.4787,69.517],[-151.475,69.6231],[-151.637,69.9348],[-151.586,70.0755],[-151.3082,70.0445],[-151.1315,70.0684],[-150.8766,70.2023],[-150.7063,70.3469],[-150.4167,70.4146]]},"properties":{"name":"Colville","scalerank":7,"min_zoom":6}},
{"type":"Feature","geometry":{"type":"LineString","coordinates":[[-74.8824,42.8185],[-74.9647,42.6769],[-74.9416,42.5792],[-75.0053,42.4752],[-75.1461,42.4354],[-75.2811,42.3494],[-75.4901,42.3006],[-75.6435,42.1382],[-75.6027,41.9841],[-75.7572,41.9827],[-75.8472,42.1158],[-75.9954,42.1199],[-76.1014,42.0811],[-76.2878,42.1022],[-76.3738,42.0465],[-76.4455,42.0516],[-76.4971,41.9888],[-76.4834,41.8188],[-76.3251,41.7499],[-76.2677,41.6784],[-76.1029,41.6196],[-76.0167,41.5528],[-75.911,41.5148],[-75.8043,41.3936],[-75.7836,41.3308],[-75.8787,41.2626],[-76.0919,41.1863],[-76.1451,41.0772],[-76.3393,41.0463],[-76.5516,40.9269],[-76.6336,40.9564],[-76.7537,40.9063],[-76.8488,40.798],[-76.839,40.7289],[-76.97,40.5781],[-76.9447,40.4585],[-77.0135,40.3953],[-76.9044,40.3364],[-76.8937,40.2764],[-76.7594,40.1965],[-76.6581,40.0877],[-76.5299,40.0615],[-76.4569,39.9395],[-76.3832,39.9046],[-76.3251,39.8102],[-76.2364,39.7614],[-76.1885,39.6707],[-76.077,39.5601]]},"properties":{"name":"Susquehanna","scalerank":7,"min_zoom":6}},
{"type":"Feature","geometry":{"type":"MultiLineString","coordinates":[[[25.8762,-2.7523],[25.8168,-2.6499],[25.8141,-2.5803],[25.7589,-2.3581],[25.7709,-2.2289],[25.7613,-2.0532],[25.8442,-1.7787],[25.8633,-1.6054],[25.8632,-1.3778],[25.7831,-1.2266],[25.711,-1.1347],[25.6816,-1.0124],[25.5807,-0.8535],[25.504,-0.7829],[25.4367,-0.6201],[25.4026,-0.4767],[25.4058,-0.4057],[25.5405,-0.2372],[25.5608,-0.0727],[25.5192,0.0136],[25.5161,0.1988],[25.4545,0.3003],[25.204,0.4971],[25.0333,0.5585],[24.9513,0.5389],[24.7432,0.5895],[24.6049,0.6727],[24.5314,0.7432],[24.3447,0.7425],[24.2922,0.7817]],[[26.9304,-5.6103],[26.9597,-5.5689],[26.9761,-5.4427],[27.0269,-5.3007],[26.9746,-5.2414],[26.9933,-5.1773],[26.9246,-4.924],[26.927,-4.8016],[26.8404,-4.723],[26.8079,-4.6496],[26.7178,-4.59],[26.575,-4.5267],[26.4746,-4.419],[26.3035,-4.3488],[26.2354,-4.2494],[26.1304,-4.1815],[26.0126,-4.068],[25.9928,-4.0064],[26.0537,-3.7147],[25.9976,-3.6008],[25.9036,-3.4915],[25.8831,-3.3207],[25.9497,-3.1068],[25.926,-3.0268],[25.9439,-2.8239],[25.8762,-2.7448]]]},"properties":{"name":"Lualaba","scalerank":2,"min_zoom":2.1}},
{"type":"Feature","geometry":{"type":"LineString","coordinates":[[-102.5504,34.8081],[-102.4579,34.8007],[-102.1361,34.8627],[-102.0121,34.9655],[-101.8801,34.9683],[-101.8612,35.0404],[-101.7096,35.0734],[-101.631,34.9579],[-101.5543,34.8975],[-101.3937,34.8734],[-101.3296,34.79],[-101.1895,34.678],[-101.0837,34.63],[-100.8994,34.6368]]},"properties":{"name":"Prairie Dog Town Fork Red","scalerank":7,"min_zoom":6}},
{"type":"Feature","geometry":{"type":"LineString","coordinates":[[21.346,42.2417],[21.3661,42.3818],[21.5996,42.4653],[21.8198,42.4851],[22.0154,42.6195],[22.1253,42.8461],[22.0558,42.9344],[22.0298,43.0216],[21.8488,43.2159],[21.7915,43.3122],[21.7509,43.5072],[21.6228,43.5871],[21.4197,43.6591],[21.339,43.8056],[21.3743,43.9497],[21.2775,44.0521],[21.1951,44.0794],[21.1336,44.2097],[21.1682,44.2507],[21.1101,44.371],[21.1608,44.5045],[21.0373,44.7217]]},"properties":{"name":"Morava","scalerank":7,"min_zoom":6}},
{"type":"Feature","geometry":{"type":"LineString","coordinates":[[23.676,42.2775],[23.7561,42.3254],[23.8742,42.3142],[24.0031,42.2254],[24.0942,42.2434],[24.2307,42.2254],[24.4047,42.1501],[24.5356,42.1595],[24.998,42.1608],[25.1152,42.1813],[25.1933,42.1246],[25.3085,42.1314],[25.5227,42.0653],[25.6343,42.0673],[25.739,42.0236],[25.8897,42.0168],[25.9718,41.9007],[26.0623,41.8876],[26.2734,41.7152],[26.3591,41.7152],[26.5343,41.6666],[26.5949,41.6127],[26.6362,41.3787],[26.5396,41.3521],[26.3945,41.2592],[26.3311,41.2544],[26.3219,41.0888],[26.3736,41.0314],[26.3585,40.9649],[26.2598,40.9207],[26.134,40.7674],[26.044,40.7385]]},"properties":{"name":"Evros","scalerank":7,"min_zoom":6}},
{"type":"Feature","geometry":{"type":"LineString","coordinates":[[12.052,43.7652],[12.0664,43.6138],[12.2112,43.4897],[12.2527,43.3668],[12.3626,43.2917],[12.4385,43.1741],[12.4309,43.0242],[12.3688,42.8324],[12.4036,42.7908],[12.2732,42.7362],[12.2104,42.6663],[12.28,42.5103],[12.4514,42.4208],[12.491,42.2983],[12.6022,42.2775],[12.6294,42.1207],[12.5154,42.0386],[12.4595,41.8361],[12.2974,41.799],[12.2322,41.7425]]},"properties":{"name":"Tevere","scalerank":7,"min_zoom":6}},
{"type":"Feature","geometry":{"type":"LineString","coordinates":[[-6.1055,9.4359],[-6.0849,9.535],[-6.0132,9.6269],[-5.9185,9.6402],[-5.7827,9.7313],[-5.7423,9.782],[-5.4586,9.7131],[-5.3724,9.6727],[-5.2988,9.578],[-5.3382,9.3847],[-5.4412,9.1986],[-5.4581,9.1],[-5.4374,9.0245],[-5.4654,8.965],[-5.4468,8.8294],[-5.5284,8.7109],[-5.5233,8.6375],[-5.5832,8.5276],[-5.5233,8.4661],[-5.5471,8.3836],[-5.4072,8.3228],[-5.3476,8.2115],[-5.4207,8.1031],[-5.4748,8.0955]]},"properties":{"name":"Bandama Blanc","scalerank":7,"min_zoom":6}},
{"type":"Feature","geometry":{"type":"LineString","coordinates":[[22.4221,4.135],[22.4921,4.1742],[22.5388,4.2783],[22.6088,4.3636],[22.5864,4.4495],[22.689,4.4918],[22.7856,4.7248],[22.8533,4.7115],[22.8979,4.8238],[22.9853,4.8266],[23.0169,4.7508],[23.0989,4.7118],[23.1681,4.7383],[23.2644,4.6352],[23.3879,4.5874],[23.4478,4.6596],[23.5661,4.7246],[23.7373,4.7792],[23.8162,4.8208],[23.9478,4.8179],[24.0891,4.9204],[24.1624,4.908],[24.3606,5.0631],[24.4592,5.1076],[24.6096,5.0169],[24.6638,4.9245],[24.7888,4.92],[24.9575,4.9915],[25.0842,4.9544],[25.1289,5.0188],[25.2271,5.0097],[25.3071,5.0325],[25.3486,5.1419],[25.3072,5.1855],[25.363,5.3107],[25.5807,5.3751],[25.7322,5.259],[25.872,5.2172],[25.9714,5.2279],[26.0265,5.1901],[26.1295,5.259],[26.2914,5.1512],[26.3901,5.1491],[26.4622,5.0598],[26.5192,5.0462],[26.5977,5.0808],[26.7602,5.0883],[26.8665,5.0377],[26.9612,5.1513],[27.1158,5.2005],[27.3606,5.0956]]},"properties":{"name":"Bomu","scalerank":7,"min_zoom":6}},
{"type":"Feature","geometry":{"type":"LineString","coordinates":[[11.9853,7.1025],[11.986,6.8843],[12.0261,6.647],[12.1454,6.5406],[12.0632,6.3478],[12.0056,6.2769],[11.8486,6.1975],[11.7883,6.193],[11.6159,6.0695],[11.3893,6.0194],[11.2752,5.9813],[11.259,5.9238],[11.3103,5.8042],[11.2106,5.6836],[11.1977,5.4303],[11.0771,5.3023],[11.0761,5.216],[11.1355,5.0635],[11.1082,4.9164],[11.1908,4.8242],[11.3093,4.797],[11.3784,4.7482],[11.4074,4.6308],[11.2983,4.4697],[11.28,4.4025]]},"properties":{"name":"Mbam","scalerank":7,"min_zoom":6}},
{"type":"Feature","geometry":{"type":"LineString","coordinates":[[12.5339,2.0451],[12.5015,2.1561],[12.5058,2.2303],[12.5742,2.2779],[12.7493,2.2369],[12.8076,2.2642],[13.083,2.2496],[13.1328,2.2847],[13.2424,2.2717],[13.2979,2.2159],[13.2805,2.0451],[13.2063,1.9937],[13.1616,1.9],[13.1919,1.8448],[13.1292,1.5926],[13.239,1.4281],[13.2331,1.309],[13.1292,1.1783]]},"properties":{"name":"Aïna","scalerank":7,"min_zoom":6}},
{"type":"Feature","geometry":{"type":"MultiLineString","coordinates":[[[17.4417,-13.2048],[17.458,-13.0976],[17.6658,-12.7775],[17.642,-12.7048],[17.642,-12.4556],[17.6958,-12.2914],[17.6104,-12.1581],[17.6111,-12.0576],[17.6782,-11.934],[17.6589,-11.8187],[17.5993,-11.7889],[17.572,-11.7188],[17.5046,-11.6872],[17.4814,-11.5628],[17.5148,-11.3786],[17.4584,-11.289],[17.4541,-11.1225],[17.3784,-10.9955],[17.3769,-10.9435],[17.281,-10.8578],[17.1607,-10.8168],[17.0925,-10.8333],[16.8882,-10.75],[16.7861,-10.769],[16.6106,-10.6188],[16.5964,-10.5622],[16.4946,-10.4338],[16.4461,-10.3446],[16.3359,-10.2494],[16.3362,-10.1686],[16.3779,-10.139],[16.3078,-9.8991],[16.2324,-9.8433],[16.1633,-9.7433],[16.0143,-9.7191],[15.8989,-9.7349],[15.8088,-9.7162],[15.7581,-9.7827],[15.5207,-9.7896],[15.3637,-9.8168],[15.2029,-9.7964],[15.1091,-9.7238],[14.9483,-9.6735],[14.7399,-9.7588],[14.5381,-9.7818],[14.4111,-9.6875],[14.2846,-9.6797],[14.2682,-9.6426],[14.2493,-9.6289],[14.2395,-9.625],[14.1614,-9.6283],[14.0917,-9.5226],[14.0114,-9.5383],[13.9291,-9.475],[13.7986,-9.3024],[13.7282,-9.2819],[13.579,-9.1865],[13.4106,-9.1562],[13.3051,-9.1618],[13.245,-9.2035],[13.1843,-9.3097],[13.1435,-9.3303]],[[17.351,-13.5379],[17.425,-13.4676],[17.4646,-13.2516],[17.4417,-13.2048]]]},"properties":{"name":"Cuanza","scalerank":7,"min_zoom":6}},
{"type":"Feature","geometry":{"type":"MultiLineString","coordinates":[[[19.2048,-13.0444],[19.3544,-13.0982],[19.4687,-13.2254],[19.475,-13.2909],[19.5361,-13.3936],[19.522,-13.5811],[19.6066,-13.7411],[19.6677,-13.9022],[19.729,-14.2027],[19.79,-14.2978],[19.9299,-14.414],[20.0818,-14.4881],[20.1882,-14.6546],[20.1951,-14.7507],[20.3075,-14.926],[20.3936,-14.9911]],[[20.3999,-14.9911],[20.554,-14.987],[20.6825,-14.9604],[20.8046,-15.0046],[20.9275,-15.0046],[21.167,-15.2614],[21.2106,-15.2497],[21.2644,-15.3609],[21.3772,-15.4229],[21.4216,-15.5594],[21.4797,-15.5938],[21.6221,-15.8454],[21.7095,-15.8543],[21.8535,-16.0829],[21.9668,-16.1457],[22.0447,-16.2521],[22.0794,-16.4577],[22.1511,-16.5976],[22.2372,-16.6654],[22.333,-16.6735],[22.4162,-16.7543],[22.5222,-16.9145],[22.71,-17.0554],[22.7554,-17.1547],[22.8757,-17.248],[22.9981,-17.2938],[23.0725,-17.405],[23.1755,-17.478],[23.2065,-17.541],[23.2905,-17.5353],[23.3816,-17.6009],[23.3606,-17.7524],[23.33,-17.8156],[23.2922,-17.9989],[23.3591,-18.1191],[23.501,-18.2373],[23.5916,-18.478]]]},"properties":{"name":"Cuando","scalerank":7,"min_zoom":6}},
{"type":"Feature","geometry":{"type":"MultiLineString","coordinates":[[[68.8613,61.1245],[69.017,61.0035],[69.2219,60.9564],[69.4742,60.9413],[69.6913,60.6822],[69.8718,60.6508],[69.7625,60.5532],[69.8447,60.3365],[69.8057,60.2412],[69.6943,60.1546],[69.9126,60.0386],[69.86,59.8957],[69.7173,59.7376],[69.5873,59.7572],[69.44,59.6624],[69.2945,59.6298],[69.2188,59.5413],[69.0862,59.5025],[68.7939,59.2611],[68.8923,59.0195],[68.6135,58.7886],[68.5543,58.6302],[68.6222,58.5246],[68.4352,58.5172],[68.3428,58.4658],[68.2388,58.2611],[68.2222,58.1661]],[[73.7219,54.6938],[73.6084,54.732],[73.5205,54.8253],[73.3034,54.8524],[73.3603,54.9952],[73.187,55.0234],[73.1414,55.1149],[73.1952,55.2066],[73.0162,55.3113],[73.1547,55.3553],[73.2297,55.4147],[73.4573,55.4994],[73.5537,55.5832],[73.824,55.6501],[73.9324,55.7105],[74.3672,55.7442],[74.4468,55.8386],[74.6172,55.9309],[74.7765,56.1096],[74.666,56.217],[74.7871,56.3153],[74.7724,56.3831],[74.6774,56.4351],[74.6768,56.5892],[74.5713,56.6317],[74.603,56.7493],[74.5102,56.9029],[74.4099,56.9737],[74.105,57.0313],[74.1431,57.1312],[74.0138,57.178],[73.8206,57.1626],[73.6865,57.2662],[73.4224,57.2872],[73.2605,57.3614],[72.9092,57.4728],[72.8062,57.4627],[72.5427,57.5006],[72.381,57.5703],[71.8106,57.5814],[71.6479,57.6604],[71.3639,57.7296],[71.1921,57.6932],[71.0698,57.7506],[70.8555,57.7511],[70.5922,57.8095],[70.5551,57.8648],[70.4255,57.8741],[70.2932,57.9425],[70.0928,58.0054],[69.6582,57.9649],[69.4954,57.9859],[69.4084,58.0336],[69.2359,57.9958],[69.1755,58.0485],[69.0237,57.9829],[68.7919,58.0019],[68.7112,58.085],[68.5029,58.1479],[68.2258,58.1684]],[[73.7219,54.6938],[73.7283,54.6938]],[[74.9936,53.9856],[74.9348,54.0848],[74.8324,54.13],[74.6819,54.2569],[74.5728,54.4009],[74.4474,54.4144],[74.2575,54.5506],[74.0298,54.5777],[73.8744,54.6626],[73.7219,54.6938]]]},"properties":{"name":"Irtysh","scalerank":2,"min_zoom":2.1}},
{"type":"Feature","geometry":{"type":"LineString","coordinates":[[26.4311,-24.9823],[26.4584,-24.8451],[26.4038,-24.7147],[26.4038,-24.6327],[26.469,-24.5712],[26.5056,-24.4887],[26.7135,-24.3159],[26.8492,-24.248],[26.8704,-24.1157],[26.9615,-23.7373]]},"properties":{"name":"Marico","scalerank":7,"min_zoom":6}},
{"type":"Feature","geometry":{"type":"LineString","coordinates":[[36.0175,-10.4442],[36.1038,-10.221],[36.1925,-10.0705],[36.1821,-10.0261],[36.2295,-9.8456],[36.2732,-9.7822],[36.3541,-9.7349],[36.4404,-9.634],[36.4522,-9.5512],[36.5579,-9.4932],[36.688,-9.4701],[36.7983,-9.4251],[37.0278,-9.2201],[37.2177,-9.138],[37.2721,-9.09]]},"properties":{"name":"Luwegu","scalerank":7,"min_zoom":6}},
{"type":"Feature","geometry":{"type":"LineString","coordinates":[[35.8531,6.7393],[35.7949,6.6788],[35.6477,6.6227],[35.5386,6.7564],[35.4005,6.7133],[35.2778,6.5203],[35.1304,6.5066],[35.0752,6.4673],[34.8982,6.5589],[34.8632,6.6054],[34.7741,6.6155],[34.6349,6.73],[34.5241,6.753],[34.5032,6.8902],[34.4387,6.935],[34.297,6.9687],[34.1978,7.0645],[34.1953,7.1292],[34.0307,7.2555],[34.006,7.4101],[33.8818,7.5362],[33.811,7.5611],[33.7154,7.6573],[33.5718,7.6854],[33.4618,7.7496],[33.3593,7.7194],[33.242,7.7809],[33.0508,7.8013],[32.9893,7.9174]]},"properties":{"name":"Akobo","scalerank":7,"min_zoom":6}},
{"type":"Feature","geometry":{"type":"LineString","coordinates":[[80.9233,30.5521],[81.0251,30.5418],[81.0987,30.4636],[81.1225,30.3603],[81.1699,30.319],[81.1975,30.2237],[81.3257,30.1558],[81.4408,30.1753],[81.5413,30.0715],[81.7463,30.0369],[81.86,29.9269],[81.9155,29.7788],[81.9861,29.704],[81.7871,29.6204],[81.7808,29.5345],[81.7084,29.468],[81.7388,29.3529],[81.7239,29.2807],[81.6159,29.2232],[81.5401,29.1195],[81.4098,29.024],[81.4255,28.9036],[81.2075,28.9079],[81.054,28.9761],[80.9921,28.9352],[81.0947,28.8539],[81.2105,28.8116],[81.2778,28.6585],[81.1975,28.3393],[81.0992,28.3394],[81.0667,28.2449],[81.1147,28.192],[81.1638,28.0204],[81.2385,27.9483],[81.2812,27.7828],[81.2522,27.7149],[81.3141,27.6435],[81.3066,27.5387],[81.3963,27.4139],[81.4036,27.3279],[81.4547,27.2834],[81.449,27.1424],[81.5009,27.0587],[81.6069,27.0471],[81.7871,26.8966],[81.8295,26.8207],[81.9858,26.7938],[82.0945,26.8531],[82.2295,26.8164],[82.2254,26.7696],[82.4185,26.6483],[82.649,26.6136],[82.7031,26.5611],[82.8145,26.5778],[83.0043,26.4761],[83.0766,26.3995],[83.3228,26.3519],[83.4286,26.2711],[83.7075,26.268],[83.7747,26.2488],[83.915,26.1216],[83.988,26.1182],[84.1504,26.066],[84.2615,25.9313],[84.3743,25.9404],[84.4195,25.8896],[84.5317,25.8621],[84.658,25.7281],[84.7131,25.7418]]},"properties":{"name":"Ghäghara","scalerank":7,"min_zoom":6}},
{"type":"Feature","geometry":{"type":"LineString","coordinates":[[96.9034,25.6319],[96.88,25.6922],[96.9078,25.8316],[97.0171,26.0117],[97.0617,26.1772],[96.9575,26.2931],[96.8045,26.3785],[96.6987,26.3724],[96.5684,26.4195],[96.4869,26.5098],[96.4038,26.512],[96.3032,26.6175],[96.2509,26.5884],[96.2315,26.4204],[96.1573,26.3587],[96.1301,26.28],[96.044,26.2753],[96.0203,26.2123],[95.8906,26.0872],[95.884,26.0372],[95.7192,26.0311],[95.6359,25.954],[95.5161,25.7852],[95.4451,25.7464],[95.4401,25.6294],[95.3825,25.5255],[95.3615,25.3854],[95.2005,25.2536],[95.0774,25.2203],[95.0302,25.0864],[94.9871,25.0609],[94.8757,24.8778],[94.936,24.8443],[94.8456,24.7594],[94.7385,24.7269],[94.6851,24.6055],[94.6913,24.553],[94.8227,24.3253],[94.734,24.2718],[94.6975,24.1931],[94.6117,24.1292],[94.5613,24.0019],[94.5933,23.9127],[94.5064,23.877],[94.54,23.8232],[94.4443,23.7469],[94.4185,23.6737],[94.4214,23.5269],[94.3481,23.4669],[94.3208,23.3912],[94.3697,23.3138],[94.3071,23.2124],[94.3473,23.1148],[94.4408,23.0291],[94.5281,22.8884],[94.6549,22.9077],[94.6657,22.9696],[94.7402,22.9663],[94.7454,22.8431],[94.69,22.7947],[94.78,22.6787],[94.7607,22.6206],[94.8194,22.4703],[94.9756,22.3968],[95.0304,22.3107],[95.1352,22.0734],[95.1469,21.8396],[95.2426,21.7119],[95.273,21.5992],[95.273,21.4447]]},"properties":{"name":"Chindwin","scalerank":7,"min_zoom":6}},
{"type":"Feature","geometry":{"type":"LineString","coordinates":[[108.0665,11.8854],[108.0876,11.9401],[107.9844,12.0673],[107.9982,12.1257],[108.1138,12.1434],[108.1287,12.2008],[108.0296,12.2983],[107.9788,12.3071],[107.9299,12.41],[108.0059,12.4868],[107.9225,12.5297],[107.9475,12.6023],[107.9163,12.7321],[107.8676,12.7642],[107.793,12.9024],[107.6931,12.9373],[107.6465,12.9852],[107.5533,12.9783],[107.4225,13.0749],[107.3774,13.2371]]},"properties":{"name":"Krong","scalerank":7,"min_zoom":6}},
{"type":"Feature","geometry":{"type":"MultiLineString","coordinates":[[[106.7309,27.3177],[106.8367,27.3245],[106.9177,27.2745],[107.0181,27.3595],[107.1832,27.3251],[107.2385,27.2516],[107.3887,27.3245],[107.426,27.4033],[107.5168,27.4549],[107.5617,27.3958],[107.667,27.3828],[107.7451,27.4896],[107.8823,27.5579],[107.8884,27.6367],[108.1389,27.7944],[108.2159,27.8012],[108.2465,27.9535],[108.1907,28.079],[108.2361,28.1553],[108.2105,28.2363],[108.304,28.3389],[108.3315,28.4071],[108.4583,28.5032],[108.485,28.6402],[108.3301,28.6891],[108.3671,28.7769],[108.3403,28.9195],[108.3013,29.0059],[108.2905,29.1365],[108.1975,29.2089],[108.1083,29.3868],[107.9521,29.3848],[107.8823,29.2574],[107.824,29.3155],[107.5157,29.4422],[107.4707,29.518],[107.4749,29.5838],[107.398,29.6229],[107.4024,29.7303]],[[106.7309,27.3177],[106.7241,27.3177]],[[104.5925,26.8083],[104.7571,26.699],[104.86,26.7059],[105.0003,26.6464],[105.0515,26.6922],[105.1275,26.6423],[105.1847,26.6644],[105.231,26.5519],[105.3397,26.5529],[105.3877,26.4134],[105.4716,26.3405],[105.5457,26.3376],[105.6751,26.3928],[105.7542,26.386],[106.0757,26.481],[106.1349,26.5362],[106.1707,26.6905],[106.145,26.8536],[106.2706,26.8687],[106.44,27.0116],[106.405,27.1414],[106.4502,27.1942],[106.6428,27.2985],[106.7309,27.3177]]]},"properties":{"name":"Wu","scalerank":7,"min_zoom":6}},
{"type":"Feature","geometry":{"type":"LineString","coordinates":[[110.617,25.4879],[110.688,25.5363],[110.6788,25.628],[110.7537,25.7269],[110.8269,25.7551],[110.8933,25.8438],[111.0339,25.8986],[111.0973,25.9888],[111.1608,26.0211],[111.2737,26.3035],[111.332,26.3239],[111.5224,26.3023],[111.5883,26.2687],[111.6041,26.4079],[111.5821,26.4338],[111.6984,26.5719],[111.7755,26.5996],[111.8671,26.5884],[111.9518,26.4651],[112.1331,26.5011],[112.2769,26.4803],[112.3027,26.5642],[112.3969,26.5935],[112.4487,26.5623],[112.6199,26.6142],[112.6773,26.7514],[112.5916,26.8089],[112.6657,26.8583],[112.6161,26.9226],[112.7283,27.083],[112.8079,27.1019],[112.8611,27.2352],[112.9321,27.3245],[112.9135,27.4234],[113.0352,27.4549],[113.1382,27.5172],[113.1034,27.6367],[113.1309,27.8411],[113.0166,27.8514],[112.9253,27.7974],[112.8843,27.8489],[112.9879,27.9654],[112.9321,28.0445],[112.9595,28.2015],[112.9369,28.3074],[112.844,28.3857],[112.7661,28.5075],[112.7957,28.6397],[112.7112,28.6744],[112.8736,28.7769],[112.8965,28.9715],[113.0109,29.0687],[112.9936,29.1475]]},"properties":{"name":"Xiang","scalerank":7,"min_zoom":6}},
{"type":"Feature","geometry":{"type":"MultiLineString","coordinates":[[[113.7205,32.416],[113.8563,32.4029],[113.8993,32.2767],[114.004,32.2416],[114.0624,32.3102],[114.1304,32.4498],[114.3257,32.3484],[114.3648,32.2862],[114.7173,32.3198],[114.9308,32.2708],[115.2885,32.3513],[115.4263,32.4344],[115.5645,32.4098]],[[115.5645,32.4024],[115.6464,32.4024],[115.6936,32.4918],[115.7898,32.4706],[115.8432,32.5424],[115.9893,32.6106],[116.1072,32.5244],[116.151,32.4387],[116.2429,32.4607],[116.2895,32.5191],[116.4409,32.4365],[116.4813,32.4451],[116.5054,32.475],[116.5214,32.5012]]]},"properties":{"name":"Huai","scalerank":7,"min_zoom":6}},
{"type":"Feature","geometry":{"type":"LineString","coordinates":[[111.0278,49.7958],[111.1699,49.9307],[111.1455,50.1129],[111.2129,50.2989],[111.3115,50.3168],[111.488,50.5032],[111.4795,50.5755],[111.2599,50.6763],[111.2267,50.7356],[111.3015,50.8134],[111.4456,50.855],[111.5545,50.8482],[111.7991,50.9869],[112.124,51.0758],[112.3225,51.2106],[112.4201,51.2524],[112.5349,51.3956],[112.769,51.4716],[112.9404,51.5877],[113.0796,51.7349],[113.0816,51.7984],[113.2177,51.944],[113.3599,52.005],[113.5081,52.0195],[113.7457,51.8359],[113.7408,51.7867],[113.9265,51.7526],[113.9832,51.672],[114.1282,51.6079],[114.3267,51.6042],[114.5755,51.6391],[114.7465,51.7044],[114.7966,51.7526],[115.0462,51.746],[115.3751,51.7922],[115.7717,51.7437],[115.8286,51.7224]]},"properties":{"name":"Ingoda","scalerank":7,"min_zoom":6}},
{"type":"Feature","geometry":{"type":"LineString","coordinates":[[24.2922,0.7817],[24.2028,0.9236],[24.1401,0.9711],[23.9099,1.0745],[23.7847,1.0828],[23.6767,1.1223],[23.5923,1.1798],[23.5454,1.2386],[23.5124,1.2999],[23.4379,1.3913],[23.3235,1.4878],[23.1843,1.643],[23.0513,1.8409],[22.9424,1.9078],[22.842,1.9147],[22.7146,1.9589],[22.6011,2.0822],[22.5148,2.1456],[22.2834,2.1818],[22.0928,2.1874],[21.5967,2.1481],[21.5178,2.1168],[21.3444,2.0915],[21.2068,2.0058],[21.1005,1.9955],[20.9075,2.0169],[20.6431,1.9905],[20.4473,1.9928],[20.3032,1.9542],[20.155,1.9614],[19.9184,1.8933],[19.8469,1.86],[19.7559,1.8298],[19.6953,1.789],[19.5457,1.7489],[19.341,1.67],[19.1233,1.563],[18.9098,1.3758],[18.7778,1.2911],[18.6397,1.1485],[18.4677,1.0052],[18.3813,0.8726],[18.3491,0.7685],[18.3054,0.4924],[18.2825,0.4202],[18.2568,0.2164],[18.1992,0.0998],[18.1438,-0.1016],[18.07,-0.2085],[17.863,-0.4027],[17.7415,-0.5332],[17.6637,-0.6126],[17.4109,-0.9181],[17.2971,-1.0209],[17.0281,-1.0943],[16.8391,-1.2622],[16.725,-1.4798],[16.6358,-1.6206],[16.6166,-1.7285],[16.522,-1.8615],[16.3821,-2.002],[16.2307,-2.1288],[16.1869,-2.2044],[16.1764,-2.2866],[16.2251,-2.6351],[16.1765,-2.8823],[16.1929,-3.2382],[16.227,-3.2897],[16.207,-3.3617],[16.115,-3.5441],[16.0527,-3.62],[15.8825,-3.9452],[15.5662,-4.0379],[15.5205,-4.0767],[15.4584,-4.2137],[15.2034,-4.3388],[15.0974,-4.4999],[15.0222,-4.5468],[14.9304,-4.6467],[14.8307,-4.8149],[14.7018,-4.8895],[14.634,-4.9035],[14.5193,-4.8412],[14.3725,-4.9084],[14.2094,-4.9165],[14.1465,-4.9377],[14.0784,-5.0109],[13.98,-5.0649],[13.9755,-5.1679],[13.8757,-5.2339],[13.8252,-5.315],[13.7395,-5.2699],[13.6882,-5.307],[13.6228,-5.2797],[13.5344,-5.3457],[13.6172,-5.5155],[13.5479,-5.5366],[13.5823,-5.6434],[13.5689,-5.6943],[13.4877,-5.7826],[13.3421,-5.8905],[13.1843,-5.8563]]},"properties":{"name":"Congo","scalerank":2,"min_zoom":2.1}},
{"type":"Feature","geometry":{"type":"MultiLineString","coordinates":[[[120.6538,60.4067],[120.6861,60.291],[120.7792,60.2867],[120.8782,60.3598],[121.0325,60.3406],[121.2107,60.1916],[121.1384,60.079]],[[117.3899,53.8856],[117.7258,53.9263],[118.0068,54.1395],[118.1134,54.2559],[118.3303,54.2847],[118.6304,54.3583],[118.8088,54.3586],[119.0515,54.492],[119.1204,54.6466],[119.2276,54.6752],[119.2901,54.8417],[119.4512,54.8624],[119.4492,54.9158],[119.6331,55.0032],[119.6784,55.0899],[119.8171,55.1395],[119.915,55.2766],[120.0127,55.3112],[120.179,55.4274],[120.3506,55.441],[120.4988,55.3865],[120.6178,55.4759],[120.7509,55.5168],[120.8317,55.5971],[120.9927,55.5971],[121.2033,55.6949],[121.5293,55.7007],[121.6074,55.8301],[121.5305,55.8546],[121.5117,55.9388],[121.6082,56.0785],[121.6347,56.2237],[121.5468,56.3529],[121.5671,56.4425],[121.4864,56.5715],[121.274,56.6943],[121.1079,56.9692],[121.0191,57.0313],[120.942,57.1702],[121.0149,57.2469],[121.3027,57.354],[121.3262,57.2707],[121.4844,57.2826],[121.5717,57.5119],[121.6982,57.6082],[121.7431,57.7609],[121.6897,57.9116],[121.6701,58.0933],[121.5847,58.2241],[121.5676,58.3107],[121.6365,58.4593],[121.5409,58.5487],[121.463,58.7355],[121.5486,58.8431],[121.6753,58.9232],[121.8102,59.0498],[121.7387,59.2183],[121.543,59.3404],[121.3705,59.3121],[121.1285,59.2203],[121.0396,59.2807],[121.2813,59.4325],[121.4401,59.5637],[121.4905,59.7722],[121.3271,59.8542],[121.315,59.9121],[121.1865,59.9811],[121.1352,60.0739]]]},"properties":{"name":"Olëkma","scalerank":7,"min_zoom":6}},
{"type":"Feature","geometry":{"type":"LineString","coordinates":[[84.9596,43.3668],[84.865,43.296],[84.7208,43.2418],[84.4607,43.2709],[84.3613,43.2572],[84.1465,43.3115],[84.0281,43.3211],[83.8445,43.3818],[83.7481,43.4476],[83.5564,43.4666],[83.416,43.5117],[83.1602,43.5372],[82.832,43.5211],[82.4172,43.6138],[82.2012,43.5963],[81.9869,43.6565],[81.7525,43.6207]]},"properties":{"name":"Künes","scalerank":7,"min_zoom":6}},
{"type":"Feature","geometry":{"type":"LineString","coordinates":[[133.4291,64.3698],[133.367,64.5253],[133.192,64.7291],[133.1449,64.7447],[132.9084,64.9741],[132.9897,65.0856],[132.9781,65.2291],[132.7507,65.4186],[132.6818,65.59],[132.6682,65.7551],[132.7281,65.9809],[132.8596,66.1195],[133.0108,66.225],[133.0115,66.3319],[132.822,66.6872],[132.6682,66.714],[132.4968,66.8028],[132.297,66.8261],[132.2276,66.8994],[132.3536,67.0028],[132.6907,66.9843],[132.9688,67.0109],[132.7713,67.1454],[133.2647,67.4539],[133.2486,67.5292],[133.5825,67.6022],[133.6707,67.5789],[134.1428,67.6037],[134.5449,67.671],[134.6817,67.7828],[134.7363,67.9116],[134.6583,68.1122],[134.8296,68.2752],[134.8379,68.3775],[134.676,68.4824],[134.5811,68.6741],[134.4993,68.7425],[134.4783,68.7547],[134.4561,68.7626],[134.4105,68.7727]]},"properties":{"name":"Sartang","scalerank":7,"min_zoom":6}},
{"type":"Feature","geometry":{"type":"MultiLineString","coordinates":[[[36.95,50.9802],[36.7315,50.8045],[36.6002,50.5762],[36.6765,50.4527],[36.7994,50.3733],[36.8473,50.2883],[36.8121,50.0411],[36.9669,49.8942],[36.8619,49.8131],[36.7451,49.8599],[36.5823,49.7889],[36.5177,49.7095],[36.3328,49.6044],[36.3827,49.5526],[36.8123,49.4092],[37.059,49.3767],[37.1461,49.3065],[37.0864,49.2739],[36.9561,49.3044],[36.9353,49.1712],[37.4018,49.1157],[37.4985,49.0299],[37.6218,49.0462],[37.6079,48.9654],[37.7136,48.9593],[37.8022,48.9015],[37.9225,48.8903],[38.046,48.9374],[38.2099,48.9239],[38.2415,49.0109],[38.3435,48.999],[38.6419,48.7674],[38.9708,48.7464],[39.0308,48.6516],[39.1087,48.6501],[39.3243,48.7674],[39.3756,48.6849],[39.5268,48.6071],[39.8086,48.584],[39.9236,48.3764]],[[39.9236,48.369],[40.198,48.3553],[40.5059,48.2327],[40.6137,48.2145],[40.7537,48.2405],[40.7359,48.1551],[40.8467,48.0238],[40.9168,48.012],[40.9966,47.9276],[41.0401,47.7731],[40.9545,47.709],[40.9248,47.5881]]]},"properties":{"name":"Donets","scalerank":7,"min_zoom":6}},
{"type":"Feature","geometry":{"type":"MultiLineString","coordinates":[[[37.072,54.5361],[37.2075,54.6878],[37.2284,54.8082],[37.3147,54.8682],[37.4693,54.8661],[37.7444,54.8179],[37.8438,54.8383],[38.0825,54.83],[38.1866,54.8725],[38.6078,54.8446],[38.7511,54.9408],[38.7579,55.0368],[38.8691,55.0692],[38.9916,55.0887],[39.2247,54.9923],[39.35,54.8614],[39.5496,54.8953],[39.7595,54.8134],[39.6697,54.7353],[39.7715,54.6339],[40.0334,54.5646],[40.1153,54.502]],[[40.1153,54.5094],[40.2309,54.4736],[40.2595,54.3774],[40.4098,54.3749],[40.5056,54.4534],[40.5874,54.3787],[40.8787,54.3474],[40.8536,54.4067],[41.0339,54.4973],[41.0513,54.5646],[40.9993,54.6876],[41.0064,54.7817],[41.1296,54.8247],[41.0986,54.9071],[41.1646,54.9685],[41.2754,54.9168],[41.3893,54.9307],[41.4087,54.8535],[41.5938,54.7863],[41.7363,54.7974],[41.8633,54.7422],[41.8967,54.7805],[41.7719,54.8663],[41.75,55.1434],[41.933,55.3299],[42.1171,55.4218],[42.0684,55.4813],[42.0557,55.613],[42.281,55.77],[42.3803,55.7769],[42.4864,55.852],[42.4939,55.9072],[42.7549,55.9722],[42.9185,55.9556],[43.0559,55.9866],[43.0785,56.0996],[43.1895,56.1857],[43.4247,56.2044],[43.5164,56.2408],[43.7754,56.201],[43.919,56.2476],[43.979,56.3373]],[[36.2482,52.3922],[36.0746,52.4136],[36.0278,52.5269],[35.9228,52.5493],[35.9093,52.6469],[35.8391,52.7274],[35.8569,52.8032],[36.0518,52.9403],[36.0791,53.0502],[36.2306,53.0911],[36.2969,53.1436],[36.3193,53.283],[36.3709,53.2997],[36.3882,53.4337],[36.189,53.5908],[36.2306,53.687],[36.1602,53.7978],[36.189,54.0023],[36.3261,54.057],[36.2709,54.1047],[36.3042,54.2072],[36.1773,54.2423],[36.1689,54.3569],[36.0927,54.4268],[36.1352,54.5157],[36.5999,54.4224],[36.8604,54.4268],[37.0134,54.4793],[37.0733,54.5367]]]},"properties":{"name":"Oka","scalerank":7,"min_zoom":6}},
{"type":"Feature","geometry":{"type":"MultiLineString","coordinates":[[[33.9414,54.3723],[34.106,54.3381],[34.0772,54.2713],[34.156,54.1957],[34.3362,54.1578],[34.4038,54.0401],[34.3787,53.912],[34.4273,53.8515],[34.4063,53.7255],[34.5372,53.5982],[34.4521,53.564],[34.4386,53.4746],[34.3313,53.3096],[34.3749,53.2388],[34.1366,53.1253],[33.9788,52.8697],[34.0144,52.7728],[34.0066,52.6505],[33.7705,52.5787],[33.6162,52.4879],[33.4839,52.4441],[33.4138,52.3643]],[[33.4207,52.3643],[33.3176,52.2097],[33.3049,52.0853],[33.2625,52.0353],[33.3661,51.9466],[33.1606,51.9041],[33.0619,51.7928],[33.1333,51.6654],[33.0092,51.6108],[32.8847,51.6092],[32.5574,51.5084],[32.56,51.4732],[32.0922,51.4075],[31.9164,51.3501],[31.7223,51.4491],[31.6925,51.4989],[31.5493,51.522],[31.3609,51.502],[31.2369,51.4175],[31.0303,51.2281],[30.9482,51.1953],[30.855,51.0538],[30.8789,50.9631],[30.8123,50.8737],[30.6944,50.7824],[30.7063,50.6102],[30.5817,50.5844],[30.5554,50.5256],[30.5649,50.4383]]]},"properties":{"name":"Desna","scalerank":7,"min_zoom":6}},
{"type":"Feature","geometry":{"type":"LineString","coordinates":[[157.6257,62.7311],[157.8091,62.7461],[158.0645,62.9022],[158.1147,63.0347],[158.1809,63.0755],[158.1003,63.2055],[158.2144,63.2744],[158.5652,63.3816],[159.1343,63.4723],[159.325,63.5989],[159.9972,63.8286],[160.2248,63.9188],[160.625,63.8445],[160.7874,63.9949],[160.9976,64.1262],[161.0602,64.3044],[161.0414,64.3926],[161.2164,64.6184],[161.1152,64.7569],[160.9917,64.7912],[160.8872,64.8911],[160.5308,65.1443],[160.4311,65.2462],[160.1997,65.3585],[160.1645,65.4577],[160.016,65.5209],[159.8351,65.5338],[159.3732,65.6651],[158.9277,65.7408],[158.9396,65.9073],[159.0733,66.0745],[159.2083,66.166],[159.1812,66.2842],[159.4093,66.4157],[159.3786,66.5246],[159.5146,66.6395],[159.5532,66.8303],[159.4246,66.9161],[159.3634,67.1691],[159.0562,67.3096],[158.7842,67.3394],[158.6806,67.447],[158.7564,67.5296],[158.7247,67.68],[158.7979,67.7556],[158.6298,67.8198],[158.5657,68.0158],[158.4702,68.1031],[158.6681,68.3719],[158.5925,68.4612],[158.671,68.5189],[158.5447,68.7151],[158.6806,68.7294]]},"properties":{"name":"Omolon","scalerank":7,"min_zoom":6}},
{"type":"Feature","geometry":{"type":"LineString","coordinates":[[85.7546,28.5516],[85.7267,28.6335],[85.7887,28.6874],[86.0115,28.6519],[86.1218,28.6753],[86.2134,28.7906],[86.3287,28.803],[86.3989,28.7769],[86.4273,28.6695],[86.5199,28.6053],[86.5805,28.6267],[86.7515,28.6062],[86.8051,28.6186],[87.0084,28.5926],[87.1183,28.6205],[87.2734,28.6121],[87.3648,28.5851],[87.4644,28.5069],[87.6052,28.441],[87.4684,28.338],[87.4507,28.2738],[87.3805,28.2722],[87.3306,28.1844],[87.3858,28.0131],[87.3716,27.9141],[87.4439,27.7918],[87.3683,27.7547],[87.3306,27.5994],[87.2149,27.5371],[87.1404,27.4561],[87.2021,27.3509],[87.2141,27.2481],[87.2691,27.1429],[87.1973,27.0821],[87.1668,26.9819],[87.1538,26.8366],[87.0039,26.723],[86.926,26.4966],[86.7546,26.3649],[86.6373,26.3181],[86.5283,26.1542],[86.4463,26.0685],[86.4185,25.9896],[86.4531,25.8741],[86.4194,25.8106],[86.4672,25.7206],[86.5922,25.6295],[86.6597,25.6257],[86.7832,25.4824],[86.9288,25.4796],[87.0234,25.432],[87.1871,25.4612],[87.2598,25.4341],[87.3316,25.4557],[87.516,25.4115],[87.707,25.2999],[87.7583,25.2442]]},"properties":{"name":"Sapt","scalerank":7,"min_zoom":6}},
{"type":"Feature","geometry":{"type":"LineString","coordinates":[[50.7925,64.3566],[50.4439,64.1188],[50.325,64.1118],[50.2035,64.2338],[49.9304,64.3481],[49.7071,64.3511],[49.509,64.1868],[49.3593,64.1444],[49.1852,63.9039],[49.3258,63.6956],[49.4282,63.6367],[49.4419,63.4312],[49.1777,63.4309],[48.9306,63.4652],[48.712,63.4553],[48.6946,63.6006],[48.554,63.6635],[48.6269,63.733],[48.5046,63.8263],[48.5137,63.9973],[48.609,64.1014],[48.8394,64.123],[48.7603,64.4551],[48.4141,64.5484],[48.0426,64.5842],[47.6353,64.758],[47.5649,64.8322],[47.1159,64.9326],[46.8206,64.9254],[46.6681,64.8917],[46.3961,64.9668],[46.0481,65.0084],[45.6432,64.9416],[45.6211,65.1232],[45.4659,65.2099],[45.2966,65.2398],[45.0567,65.3851],[44.9985,65.4503],[44.4876,65.6091],[44.3032,65.6905],[44.1797,65.8643]]},"properties":{"name":"Mezen","scalerank":7,"min_zoom":6}},
{"type":"Feature","geometry":{"type":"LineString","coordinates":[[44.3709,53.0769],[44.6043,52.9744],[44.4622,52.8654],[44.4034,52.7398],[44.2822,52.6455],[44.123,52.6392],[43.8154,52.5513],[43.6795,52.4195],[43.532,52.4264],[43.405,52.399],[43.3709,52.2926],[43.2678,52.2068],[43.3022,52.1719],[43.2809,52.0081],[43.3794,51.9488],[43.4004,51.805],[43.1936,51.6984],[43.2263,51.5903],[42.9287,51.535],[42.7705,51.5933],[42.5928,51.5817],[42.5621,51.5146],[42.6241,51.4327],[42.5144,51.3985],[42.4939,51.3091],[42.3784,51.2564],[42.2284,51.2329],[42.0528,51.3303],[41.7466,51.275],[41.6422,51.1733],[41.646,51.0521],[41.9126,50.9407],[41.8496,50.8157],[41.8941,50.7577],[41.8477,50.6804],[41.9316,50.5482],[41.9091,50.406],[41.9589,50.2949],[42.0688,50.2117],[42.25,50.1893],[42.4387,50.0548],[42.322,49.9666],[42.3075,49.8741],[42.419,49.8201],[42.4213,49.699],[42.2903,49.6439],[42.3152,49.596]]},"properties":{"name":"Khopr","scalerank":7,"min_zoom":6}},
{"type":"Feature","geometry":{"type":"MultiLineString","coordinates":[[[103.0903,18.137],[103.1382,18.1669],[103.1848,18.2579],[103.273,18.2762],[103.2398,18.3362],[103.2605,18.4004],[103.3862,18.4417],[103.6066,18.4006],[103.7088,18.3499],[103.8317,18.3209],[103.8574,18.2866],[103.9509,18.3332],[103.9998,18.3187],[104.1106,18.1148],[104.2105,18.0089],[104.2872,17.8569],[104.3523,17.8195],[104.4219,17.7],[104.4809,17.6406],[104.7022,17.5275],[104.816,17.373],[104.8095,17.1718],[104.7449,17.025],[104.7566,16.7987],[104.7781,16.716],[104.7542,16.5291],[104.8686,16.4387],[104.9077,16.3536],[105.026,16.2578],[105.0323,16.1655],[105.0789,16.1057],[105.2371,16.051],[105.4046,16.019],[105.3622,15.955],[105.3721,15.8824],[105.4478,15.7651],[105.525,15.7637],[105.6126,15.7217],[105.6505,15.6348],[105.588,15.424],[105.4859,15.3751],[105.4988,15.3248],[105.6139,15.3294],[105.6755,15.2298],[105.7667,15.1329]],[[101.5636,17.8205],[101.6358,17.895],[101.7288,17.9124],[101.7901,18.0738],[101.9038,18.0373],[102.0781,18.2141],[102.1533,18.2103],[102.1912,18.1523],[102.3064,18.0516],[102.412,17.9944],[102.5673,17.971],[102.6119,17.9155],[102.5952,17.8503],[102.6602,17.8131],[102.7218,17.8819],[102.8523,17.9722],[102.9384,18.0091],[103.0376,17.9909],[103.0728,18.0358],[103.0645,18.0943],[103.0923,18.1414]],[[105.7817,15.1206],[105.8339,15.0919],[105.9031,14.9812],[105.9075,14.8138],[105.9337,14.7778],[105.8731,14.6595],[105.8513,14.4778],[105.8801,14.3222],[105.8164,14.1117],[105.8794,14.0139],[105.9461,13.9937],[106.0007,13.8859],[105.9813,13.7619],[106.0367,13.6863],[106.0068,13.5865],[105.9443,13.5139],[105.9077,13.4236],[105.961,13.2693],[106.0471,13.1445],[106.0442,13.0444],[105.9746,12.8804],[105.9658,12.7751],[106.0073,12.7136],[106,12.5095],[106.0375,12.4387],[106.0371,12.3012],[105.9833,12.2617],[105.8088,12.2549],[105.6041,12.3003],[105.5372,12.234],[105.5571,12.1526],[105.5237,12.0557],[105.4309,11.9146],[105.3466,11.9349],[105.1835,11.9403],[105.1217,11.8596],[104.9844,11.8304],[105.0147,11.7584],[104.9468,11.685],[104.9524,11.595]],[[104.95,11.5926],[104.9512,11.5905]],[[104.9512,11.5909],[104.9512,11.5905]],[[104.9512,11.5905],[105.1577,11.4795],[105.2504,11.4088],[105.2891,11.2605],[105.2363,11.1549],[105.194,10.9943],[105.2156,10.8453],[105.3243,10.7929],[105.3596,10.7415],[105.378,10.6121],[105.504,10.5375],[105.5663,10.4564],[105.6995,10.4078],[105.7997,10.3197],[105.8975,10.2902],[105.9547,10.2884],[105.9843,10.2841],[106.1187,10.2376]],[[104.9512,11.5905],[104.9635,11.4708],[105.0374,11.4595],[105.0156,11.3897],[105.0579,11.299],[105.0712,11.1766],[105.0651,10.9843],[105.1133,10.949],[105.0864,10.8138],[105.1353,10.7119],[105.2144,10.6743],[105.2666,10.5644],[105.3425,10.5296],[105.3575,10.4635],[105.4391,10.415],[105.6635,10.1477],[105.838,10.005]]]},"properties":{"name":"Mekong","scalerank":2,"min_zoom":2.1}},
{"type":"Feature","geometry":{"type":"LineString","coordinates":[[27.8836,54.68],[27.6797,54.6756],[27.543,54.6014],[27.2774,54.5467],[27.1021,54.4883],[26.9376,54.4957],[26.7457,54.4138],[26.5709,54.43],[26.4038,54.5237],[26.4448,54.5852],[26.4107,54.6596],[26.2869,54.6918],[26.2962,54.7455],[26.1338,54.8384],[25.9138,54.7868],[25.636,54.9073],[25.5125,54.8316],[25.3969,54.8606],[25.3652,54.7626],[25.204,54.6596],[25.1006,54.6793],[24.9058,54.79],[24.7726,54.9135],[24.4679,55.0118],[24.3339,55.0991],[24.12,55.0509],[24.0768,54.9923],[23.8366,54.9076]]},"properties":{"name":"Neris","scalerank":7,"min_zoom":6}},
{"type":"Feature","geometry":{"type":"LineString","coordinates":[[29.6376,56.6204],[29.5237,56.5613],[29.5884,56.4558],[29.5265,56.4003],[29.3298,56.4483],[29.0348,56.4143],[28.8289,56.4348],[28.71,56.4944],[28.6142,56.6057],[28.6513,56.7501],[28.7667,56.8668],[28.85,57.0313],[28.8425,57.1033],[28.7105,57.1787],[28.5339,57.1622],[28.4854,57.1993],[28.4542,57.3518],[28.1681,57.3902],[28.194,57.4888],[28.1777,57.6681],[28.3064,57.7081],[28.3297,57.8244],[28.1416,57.8692]]},"properties":{"name":"Velikaya","scalerank":7,"min_zoom":6}},
{"type":"Feature","geometry":{"type":"LineString","coordinates":[[-131.6807,64.4698],[-131.5965,64.5566],[-131.3507,64.6048],[-131.2851,64.6638],[-131.4325,64.8084],[-131.4257,64.966],[-131.2738,65.1299],[-131.2469,65.3467],[-131.0769,65.5694],[-131.0799,65.6614],[-131.1961,65.722],[-131.1241,65.8772],[-131.2671,65.8736],[-131.5467,65.9335],[-131.7923,66.0318],[-132.1476,66.1007],[-132.4147,66.2097],[-132.6647,66.2661],[-132.7379,66.4443],[-133.0454,66.5011],[-133.1012,66.7307],[-133.0362,66.818],[-133.1182,66.9362],[-133.3539,67.0225],[-133.6186,67.2278],[-133.7616,67.4277],[-133.7433,67.4638]]},"properties":{"name":"Arctic Red","scalerank":7,"min_zoom":6}},
{"type":"Feature","geometry":{"type":"LineString","coordinates":[[117.4892,27.8663],[117.4475,27.7244],[117.3434,27.6185],[117.3379,27.5386],[117.4458,27.3616],[117.5654,27.2803],[117.6109,27.1426],[117.75,26.9102],[117.8043,26.791],[117.9824,26.7559],[117.9622,26.6331],[118.0715,26.5869],[118.1577,26.6426],[118.2365,26.6256],[118.3706,26.5399],[118.4468,26.4027],[118.658,26.4179],[118.6685,26.3719],[118.8404,26.2835],[118.8491,26.232],[118.9937,26.1942],[119.0938,26.1458]]},"properties":{"name":"Min","scalerank":7,"min_zoom":6}},
{"type":"Feature","geometry":{"type":"LineString","coordinates":[[36.0171,-14.9911],[36.1741,-14.9313],[36.2442,-14.8812],[36.3403,-14.8596],[36.4312,-14.7967],[36.5947,-14.7905],[36.6421,-14.8138],[36.7849,-14.7555],[36.8901,-14.7751],[36.9977,-14.6961],[37.0961,-14.6548],[37.1704,-14.5946],[37.2395,-14.6037],[37.3417,-14.5488],[37.4949,-14.3945],[37.5737,-14.3945],[37.676,-14.2709],[37.7546,-14.2778],[37.856,-14.2304],[37.9361,-14.3051],[38.0011,-14.2617],[38.1694,-14.2308],[38.2636,-14.1615],[38.4814,-14.1259],[38.5579,-14.1508],[38.7071,-14.144],[38.8412,-14.1065],[38.9708,-14.0251],[39.0405,-14.0075],[39.1012,-13.9419],[39.2079,-13.9535],[39.3017,-13.8939],[39.4526,-13.8304],[39.4843,-13.7837],[39.7416,-13.6742],[39.8486,-13.6751],[40.0208,-13.5122],[40.1153,-13.456],[40.2522,-13.488],[40.4202,-13.4561],[40.4542,-13.5088],[40.5269,-13.5106]]},"properties":{"name":"Lúrio","scalerank":7,"min_zoom":6}},
{"type":"Feature","geometry":{"type":"LineString","coordinates":[[-66.9951,-17.079],[-67.0153,-17.0469],[-66.9783,-16.9147],[-66.9324,-16.8353],[-66.7983,-16.7953],[-66.7616,-16.7578],[-66.766,-16.5897],[-66.8164,-16.4831],[-66.7997,-16.2834],[-66.9457,-16.0754],[-66.9445,-15.9238],[-66.9201,-15.8573],[-66.9581,-15.7909],[-67.2181,-15.6139],[-67.319,-15.561],[-67.3788,-15.5606],[-67.474,-15.4974],[-67.5758,-15.3662],[-67.5178,-15.2425],[-67.6212,-15.1384],[-67.7581,-15.0275],[-67.6934,-14.9499],[-67.6108,-14.7319],[-67.4881,-14.5117],[-67.5608,-14.3692],[-67.508,-14.2748],[-67.5361,-13.9985],[-67.4828,-13.8368],[-67.4718,-13.7106],[-67.3697,-13.591],[-67.3957,-13.4027],[-67.3368,-13.3046],[-67.1592,-13.1076],[-67.1033,-13.0218],[-67.0524,-13.016],[-67.0042,-12.9012],[-66.9487,-12.6709],[-66.9668,-12.5816],[-66.9278,-12.5254],[-66.9358,-12.4004],[-66.8776,-12.0651],[-66.8971,-11.9662],[-66.9708,-11.8491],[-66.9177,-11.8418],[-66.7969,-11.6859],[-66.7154,-11.6557],[-66.721,-11.5835],[-66.6562,-11.4403],[-66.4972,-11.4424],[-66.4169,-11.4009],[-66.317,-11.3859],[-66.2547,-11.3317],[-66.2679,-11.2774],[-66.2117,-11.1747],[-66.2179,-11.0978],[-66.1473,-11.0806],[-66.1217,-10.9683]]},"properties":{"name":"Beni","scalerank":7,"min_zoom":6}},
{"type":"Feature","geometry":{"type":"LineString","coordinates":[[149.0485,-34.0038],[148.9638,-33.9797]]},"properties":{"name":"Lachlan","scalerank":7,"min_zoom":6}},
{"type":"Feature","geometry":{"type":"MultiLineString","coordinates":[[[148.9638,-33.9797],[148.831,-33.9506],[148.6329,-33.8005],[148.5064,-33.6294],[148.4088,-33.5956],[148.4107,-33.5379],[148.207,-33.458],[148.1519,-33.4052],[147.9405,-33.4045],[147.6956,-33.3805],[147.4701,-33.2411],[147.3744,-33.2363],[147.3056,-33.1675],[147.1463,-33.0954],[146.8471,-33.0943],[146.6956,-33.0334],[146.4981,-33.1245],[146.4623,-33.2118],[146.3539,-33.2067],[146.2125,-33.2392],[146.1257,-33.2845],[146.0919,-33.3793],[145.9765,-33.395],[145.8141,-33.3454],[145.605,-33.3872],[145.5279,-33.4931],[145.3531,-33.5609],[145.2205,-33.6913],[145.0447,-33.7326],[144.9649,-33.8198],[144.6406,-34.1066],[144.4859,-34.2261],[144.3357,-34.2562],[144.2105,-34.2544],[144.1199,-34.2056],[144.0606,-34.2797],[143.9446,-34.2891],[143.7568,-34.4047],[143.649,-34.5436],[143.6036,-34.6485],[143.3757,-34.7175],[143.2699,-34.6883],[143.2212,-34.7332]],[[149.2791,-34.7469],[149.1768,-34.6498],[149.1594,-34.5449],[149.0534,-34.4623],[149.1305,-34.2656],[149.0272,-34.1345],[149.0485,-34.0038]]]},"properties":{"name":"Lachlan","scalerank":7,"min_zoom":6}},
{"type":"Feature","geometry":{"type":"LineString","coordinates":[[30.131,2.0246],[30.0156,1.8256],[29.9867,1.7199],[29.905,1.6063],[29.8484,1.4786],[29.7495,1.4492],[29.6982,1.3052],[29.6445,1.2608],[29.4895,1.2333],[29.4179,1.1916],[29.3496,0.9961],[29.2428,0.982],[29.138,1.093],[29.0657,1.065],[28.9656,1.1959],[28.7879,1.1712],[28.7605,1.0855],[28.6577,1.0024],[28.4653,1.1197],[28.3323,1.2227],[28.2705,1.2252],[28.2192,1.3115],[27.9763,1.3536],[27.8716,1.3467],[27.8079,1.2916],[27.6712,1.3536],[27.5654,1.3462],[27.4932,1.4248],[27.4801,1.497],[27.4278,1.5721],[27.2907,1.5789],[27.1028,1.6141],[26.9314,1.6888],[26.8373,1.7083]]},"properties":{"name":"Ituri","scalerank":7,"min_zoom":6}},
{"type":"Feature","geometry":{"type":"LineString","coordinates":[[47.8386,-19.2464],[47.762,-19.1253],[47.7424,-19.0267],[47.5043,-18.9351],[47.4557,-18.8565],[47.3194,-18.8211],[47.2468,-18.7621],[47.1394,-18.7432],[47.0709,-18.6904],[46.975,-18.5409],[46.944,-18.4017],[46.9234,-18.2105],[46.9529,-18.1333],[46.867,-18.0516],[46.8623,-17.9516],[46.8211,-17.9264],[46.7903,-17.7461],[46.8517,-17.5947],[46.8766,-17.478],[46.8659,-17.3006],[46.7623,-17.0051],[46.8295,-16.9313],[46.8696,-16.8127],[46.694,-16.5731],[46.7065,-16.473],[46.5743,-16.3574],[46.537,-16.2386],[46.6043,-16.1181],[46.5507,-16.0052],[46.4741,-15.9531]]},"properties":{"name":"Betsiboka","scalerank":7,"min_zoom":6}},
{"type":"Feature","geometry":{"type":"LineString","coordinates":[[-56.8095,2.1959],[-56.8396,2.2813],[-56.8851,2.3039],[-56.931,2.4363],[-56.9949,2.505],[-57.0279,2.6484],[-57.1754,2.8191],[-57.2353,2.9705],[-57.2067,3.0283],[-57.2756,3.1344],[-57.2843,3.3439],[-57.3675,3.3658],[-57.5658,3.35],[-57.6589,3.3954],[-57.6525,3.4871]]},"properties":{"name":"Courantyne","scalerank":7,"min_zoom":6}},
{"type":"Feature","geometry":{"type":"LineString","coordinates":[[94.356,29.3095],[94.4826,29.4285],[94.5963,29.486],[94.7066,29.4641],[94.8069,29.4862],[94.9241,29.6096],[94.8917,29.6972],[94.9548,29.7569],[95.0925,29.8137],[95.151,29.889],[95.2758,29.8685],[95.2994,29.8051],[95.384,29.7711],[95.3882,29.5949],[95.4287,29.451],[95.2546,29.2884],[95.2018,29.2788],[95.0444,29.1765],[94.7832,28.924],[94.7935,28.8241],[94.9,28.8246],[94.9169,28.763],[94.9991,28.682],[95.098,28.5394],[95.0925,28.4058],[94.9998,28.3094],[95.032,28.1737],[95.1299,28.1481],[95.1908,28.1757],[95.2813,28.1494],[95.3965,28.003]]},"properties":{"name":"Dihang","scalerank":2,"min_zoom":2.1}},
{"type":"Feature","geometry":{"type":"LineString","coordinates":[[-79.9984,36.1718],[-79.9295,36.2239],[-79.7141,36.26],[-79.5773,36.2543],[-79.4603,36.1308],[-79.3578,36.0707],[-79.3402,35.9853],[-79.1667,35.8027],[-79.0611,35.6629],[-79.0431,35.6041]]},"properties":{"name":"Haw","scalerank":7,"min_zoom":6}},
{"type":"Feature","geometry":{"type":"LineString","coordinates":[[37.6608,39.8797],[37.4788,39.869],[37.0024,39.7526],[36.9185,39.7121],[36.8608,39.7377],[36.6353,39.6977],[36.464,39.6095],[36.3715,39.4947],[35.9512,39.2177],[35.9348,39.1658],[35.7986,39.0758],[35.6904,39.0345],[35.5606,39.0413],[35.4959,38.9715],[35.3565,38.9711],[35.2922,38.9022],[35.0479,38.7702],[34.9054,38.739],[34.7265,38.7807],[34.6343,38.7737],[34.5292,38.8281],[34.3687,38.8632],[34.1943,38.9693],[34.1784,39.0091],[33.9177,39.1014],[33.8095,39.1099],[33.6734,39.1704],[33.5046,39.3087],[33.3951,39.4258],[33.4331,39.6033],[33.4889,39.6588],[33.4822,39.8245],[33.4138,39.8928],[33.4776,40.0981],[33.5635,40.1531],[33.6602,40.331],[33.9888,40.3583],[34.1128,40.4819],[34.2409,40.4862],[34.5449,40.6369],[34.6171,40.6368],[34.8556,40.8318],[34.8328,40.9753],[34.7273,40.9855],[34.4627,41.1005],[34.4924,41.1474],[34.7424,41.1446],[34.8761,41.2331],[34.9537,41.3299],[35.1025,41.3853],[35.1406,41.3415],[35.2963,41.2583],[35.3831,41.2602],[35.4519,41.3249],[35.5195,41.3098],[35.6262,41.3643],[35.7732,41.3769],[35.8469,41.4409],[35.8459,41.5139],[35.9153,41.6463]]},"properties":{"name":"Kiz?lirmak","scalerank":7,"min_zoom":6}},
{"type":"Feature","geometry":{"type":"LineString","coordinates":[[31.7105,-18.0322],[31.6968,-17.8849],[31.594,-17.7133],[31.5927,-17.5471],[31.6272,-17.4308],[31.7545,-17.2816],[31.7584,-17.1865],[31.8803,-17.0795],[31.9424,-16.9499],[32.0039,-16.9046],[32.0418,-16.8154],[32.3132,-16.7582],[32.4376,-16.7096],[32.665,-16.7453],[32.7394,-16.7031],[32.9091,-16.708],[33.062,-16.6763],[33.1489,-16.6112],[33.292,-16.5468],[33.4008,-16.5434],[33.5048,-16.4471],[33.5899,-16.4172],[33.6905,-16.4257],[33.8018,-16.4057]]},"properties":{"name":"Mazoe","scalerank":7,"min_zoom":6}},
{"type":"Feature","geometry":{"type":"LineString","coordinates":[[104.2649,14.2601],[104.1553,14.2799],[103.8502,14.1484],[103.6865,13.9952],[103.5546,13.9229],[103.4203,13.8719],[103.4297,13.6971],[103.4033,13.6483],[103.4053,13.4282],[103.4219,13.3824],[103.5061,13.3625],[103.5569,13.278],[103.6874,13.2247]]},"properties":{"name":"Sreng","scalerank":7,"min_zoom":6}},
{"type":"Feature","geometry":{"type":"LineString","coordinates":[[-79.2382,-4.3467],[-79.3579,-4.1408],[-79.3627,-4.0335],[-79.4247,-4.0062],[-79.5331,-4.0536],[-79.6042,-4.159],[-79.8395,-4.2175],[-79.931,-4.1875],[-80.0851,-4.2652],[-80.1846,-4.2892],[-80.2405,-4.3696],[-80.4782,-4.561],[-80.5746,-4.7603],[-80.7194,-4.8641],[-80.8345,-4.8483],[-81.0058,-4.8625],[-81.096,-4.8429],[-81.1907,-4.8898]]},"properties":{"name":"Tumbes","scalerank":7,"min_zoom":6}},
{"type":"Feature","geometry":{"type":"LineString","coordinates":[[91.7765,28.2919],[91.7759,28.0977],[91.8281,27.9398],[91.7413,27.7799],[91.7532,27.7262],[91.6734,27.4956],[91.5581,27.3994],[91.5292,27.3218],[91.3918,27.243],[91.3449,27.0878],[91.2577,27.0463],[91.145,26.884],[91.0254,26.8791],[90.9452,26.8383],[90.9081,26.7281],[90.915,26.6539],[90.8408,26.4827],[90.8565,26.4195],[90.7898,26.3239],[90.7123,26.2587],[90.6606,26.2431],[90.6536,26.2265],[90.6547,26.1989],[90.6487,26.193]]},"properties":{"name":"Mamas","scalerank":7,"min_zoom":6}},
{"type":"Feature","geometry":{"type":"LineString","coordinates":[[101.7593,22.4341],[101.7589,22.3581],[101.819,22.2101],[101.7788,22.0708],[101.8336,22.0548],[102.0906,22.0894],[102.1826,22.1241],[102.2539,22.08],[102.3115,21.9448],[102.2866,21.8718],[102.1869,21.777],[102.2192,21.6852],[102.3325,21.5516],[102.3399,21.3785],[102.3906,21.2888],[102.4588,21.2656],[102.4978,21.0853],[102.6616,21.0745],[102.7478,20.9999],[102.7683,20.8911],[102.6528,20.7921],[102.6701,20.7061],[102.6456,20.6085],[102.5767,20.5719],[102.5572,20.4702],[102.4661,20.409],[102.4213,20.2928],[102.36,20.2506],[102.319,20.1463],[102.2242,20.0487]]},"properties":{"name":"Ou","scalerank":7,"min_zoom":6}},
{"type":"Feature","geometry":{"type":"MultiLineString","coordinates":[[[141.7551,-5.3554],[141.7566,-5.6017],[141.7413,-5.7396],[141.6111,-5.7738],[141.5498,-5.8281],[141.5234,-5.9232],[141.4552,-5.9511],[141.3884,-6.1034],[141.2207,-6.1784],[141.1282,-6.1647],[141.0955,-6.2726],[140.9636,-6.348],[140.9308,-6.4313],[140.9527,-6.4804],[140.9047,-6.5893],[140.8589,-6.6083],[140.8491,-6.7027],[140.9157,-6.8626],[141.0078,-6.891]],[[141.0146,-6.891],[141.0742,-6.9257],[141.0554,-6.9818],[141.1139,-7.0851],[141.1797,-7.1305],[141.2179,-7.347],[141.259,-7.3656],[141.248,-7.4663],[141.3219,-7.5584],[141.3609,-7.5557],[141.4238,-7.6957],[141.5279,-7.7407],[141.5216,-7.7922],[141.7209,-7.7959],[141.7988,-7.8307],[141.899,-7.9797],[141.9408,-7.9767]],[[141.9387,-7.9735],[141.9408,-7.9767]],[[141.9408,-7.9767],[141.9468,-7.9735]],[[141.9408,-7.9767],[142.0083,-7.994],[142.0361,-8.0833],[142.0015,-8.1857],[142.1387,-8.2274]]]},"properties":{"name":"Fly","scalerank":7,"min_zoom":6}},
{"type":"Feature","geometry":{"type":"LineString","coordinates":[[23.422,9.1241],[23.4265,9.0833],[23.3527,8.8671],[23.278,8.7193],[23.278,8.5828],[23.3068,8.5059],[23.3879,8.391],[23.4833,8.221],[23.5598,8.147],[23.5598,8.0382],[23.4924,7.8788],[23.3122,7.7263],[23.2681,7.7434],[23.0326,7.6336],[22.936,7.5071],[22.9326,7.4488],[22.7956,7.4321],[22.7504,7.3209],[22.7743,7.2747],[22.7404,7.1456],[22.5596,7.0223],[22.532,6.9448],[22.4699,6.938],[22.2593,6.7874],[22.1304,6.7357],[22.0481,6.5985],[21.9902,6.5612],[22.0402,6.4982],[22.0004,6.4495],[22.0138,6.3206],[21.988,6.2245],[22.059,6.1224],[22.0711,6.0154],[22.1167,5.9628],[22.0725,5.8732],[22.0515,5.7081],[22.0857,5.6426],[21.9014,5.4883],[21.9055,5.3629],[21.8752,5.1568],[21.7983,5.0981],[21.8324,5.0262],[21.7817,4.9293],[21.7424,4.6979],[21.874,4.6632],[22.0007,4.5193],[22.1315,4.5342],[22.1335,4.4714],[22.0686,4.3714],[22.0679,4.301],[22.0379,4.2311]]},"properties":{"name":"Kotto","scalerank":7,"min_zoom":6}},
{"type":"Feature","geometry":{"type":"LineString","coordinates":[[22.6387,-32.1672],[22.5728,-32.2626],[22.5683,-32.396],[22.3903,-32.4937],[22.0178,-32.749],[21.9631,-32.8505],[21.979,-33.0165],[21.9238,-33.1275],[21.8273,-33.2031],[21.6902,-33.2227]]},"properties":{"name":"Gamka","scalerank":7,"min_zoom":6}},
{"type":"Feature","geometry":{"type":"LineString","coordinates":[[29.6587,45.2165],[29.6497,45.3464],[29.5693,45.3952],[29.3217,45.4441],[29.069,45.3611],[28.9293,45.2794],[28.8157,45.3264],[28.747,45.2307],[28.8831,45.18]]},"properties":{"name":"Bratul Chillia","scalerank":2,"min_zoom":2.1}},
{"type":"Feature","geometry":{"type":"LineString","coordinates":[[58.9093,37.124],[58.8504,37.1724],[58.7209,37.1885],[58.6228,37.1272],[58.5385,37.1237],[58.3779,37.1649],[58.0462,37.3797],[57.5527,37.4864],[57.3863,37.6233],[57.2129,37.6785],[57.032,37.6651],[56.9044,37.7167],[56.6891,37.7201],[56.5898,37.7545],[56.523,37.817],[56.3886,37.8489],[56.2512,37.9332],[56.1459,37.9339],[55.7466,37.894],[55.6439,37.9423],[55.4973,37.9577],[55.3663,38.0152],[55.1299,37.9525],[55.0064,37.8433],[54.856,37.7613],[54.7869,37.6521],[54.7832,37.5176],[54.6978,37.4666],[54.5619,37.4674],[54.3726,37.4182],[54.1988,37.4064],[54.1226,37.4666],[54.0074,37.4576],[53.905,37.4063]]},"properties":{"name":"Atrek","scalerank":7,"min_zoom":6}},
{"type":"Feature","geometry":{"type":"LineString","coordinates":[[98.8643,38.1587],[98.7975,37.991],[98.8071,37.8984],[98.6417,37.642],[98.7029,37.4458],[98.7954,37.3977],[98.9659,37.3636],[99.1402,37.2681],[99.5657,37.1324],[99.7843,37.0045],[99.8388,37.0003]]},"properties":{"name":"Buh","scalerank":7,"min_zoom":6}},
{"type":"Feature","geometry":{"type":"MultiLineString","coordinates":[[[36.1001,67.7897],[35.9291,67.7846],[35.9659,67.6932],[36.248,67.4983],[36.4941,67.5257],[36.655,67.4221],[37.1752,67.3719],[37.3559,67.3341],[37.4666,67.1767],[37.3513,67.1307],[37.294,67.0279],[37.4269,66.9282],[37.4295,66.8719],[37.1108,66.8358],[36.783,66.9095],[36.4698,66.9393],[36.3743,66.9711],[35.9541,66.9537],[35.9038,66.8821],[36.0077,66.7803],[36.0123,66.6793],[36.1709,66.5614],[36.3762,66.5317],[36.7213,66.3314],[36.8873,66.2852]],[[41.2798,67.0021],[41.0579,67.1373],[40.7066,67.1695],[40.5542,67.1497],[40.4473,67.0225],[40.2452,67.0321],[40.1389,67.1063],[39.9168,67.1719],[39.7512,67.145],[39.5908,67.2845],[39.2857,67.4202],[38.9972,67.4191]]]},"properties":{"name":null,"scalerank":7,"min_zoom":6}},
{"type":"Feature","geometry":{"type":"MultiLineString","coordinates":[[[102.9743,71.5394],[102.6299,71.6131],[102.4058,71.7093],[102.3615,71.7789],[102.1838,71.8062],[102.0806,71.9433]],[[95.4374,68.9593],[95.5723,68.9174],[96.2524,68.8016],[96.397,68.7439],[96.5967,68.727],[96.9241,68.7851],[97.3536,68.7911],[97.5698,68.6738],[97.8774,68.4249],[97.9378,68.3255],[98.1069,68.2894],[98.3261,68.1898],[98.4607,68.095],[98.8354,68.0341]],[[98.2677,68.2058],[98.3054,68.1352],[98.4688,68.057],[98.8354,68.0341]],[[98.8354,68.0341],[98.8369,68.0345]],[[98.8354,68.0341],[99.1052,67.9182],[99.0075,67.7601],[99.0903,67.7334],[99.1788,67.5956],[99.3355,67.5586],[99.4609,67.4326],[99.6777,67.3516],[99.9031,67.329],[100.0488,67.2562],[100.2526,67.2171],[100.3344,67.0412],[100.6134,66.989],[100.7685,67.0839],[100.7207,67.119],[100.9628,67.2179],[101.1111,67.2414],[101.2551,67.4129],[101.1875,67.4576],[101.3787,67.5495],[101.7045,67.6075],[101.7354,67.7282],[101.9373,67.8791],[102.083,67.8707],[102.3451,68.0162],[102.5645,68.0026],[103.0986,68.1484],[103.2722,68.2108],[103.1482,68.2593],[103.0986,68.406],[103.1096,68.5357],[103.2454,68.6271],[103.5542,68.7],[103.4723,68.8693],[103.5842,69.0052],[103.7677,69.0515],[104.0451,69.0391],[104.0973,69.0753],[103.7114,69.2957],[103.5367,69.3662],[103.4329,69.4632],[103.4009,69.5751],[103.0371,69.6468],[103.0711,69.7171],[102.8776,69.7989],[103.0508,69.9279],[102.9941,69.9609],[103.2542,70.1215],[103.7266,70.2635],[103.5671,70.2888],[103.5115,70.3935],[103.3262,70.4957],[103.3948,70.621],[103.1243,70.6411],[103.0068,70.6932],[103.0728,70.769],[102.9204,70.846],[102.891,70.9183],[102.7293,70.9831],[102.4944,71.012],[102.3566,71.1208],[102.7417,71.2495],[102.9949,71.2946],[103.2276,71.4552],[103.1697,71.5325],[102.9688,71.5386]]]},"properties":{"name":"Kotuy","scalerank":7,"min_zoom":6}},
{"type":"Feature","geometry":{"type":"LineString","coordinates":[[15.2295,46.0458],[15.4353,46.0178],[15.5,45.9569],[15.5971,45.9368],[15.6875,45.87],[15.81,45.8409],[15.867,45.7916],[16.0488,45.7652],[16.145,45.7924],[16.2085,45.7545],[16.4058,45.5733],[16.3909,45.4755],[16.5114,45.4135],[16.5951,45.4132],[16.7893,45.3406],[16.803,45.2791],[16.9321,45.279],[17.0139,45.22],[17.1865,45.1488],[17.2686,45.1898],[17.382,45.1398],[17.572,45.1207],[17.6843,45.1643],[17.8352,45.0648],[17.988,45.1441],[18.1919,45.1088],[18.2373,45.1577],[18.3923,45.1188],[18.4655,45.0743],[18.6161,45.098],[18.7885,45.006],[18.7721,44.9427],[18.8892,44.8614],[19.2013,44.9086],[19.3589,44.9012],[19.4631,44.9804],[19.6567,44.9598],[19.7568,44.9154],[19.7007,44.8076],[19.7966,44.7516],[19.9897,44.6786],[20.1413,44.7161],[20.2743,44.6647],[20.3613,44.7841],[20.4551,44.8403]]},"properties":{"name":"Sava","scalerank":7,"min_zoom":6}},
{"type":"Feature","geometry":{"type":"LineString","coordinates":[[73.0743,50.6302],[72.94,50.6302],[72.698,50.7032],[72.3919,50.7269],[72.1641,50.862],[72.1284,50.9832],[71.9092,51.0764],[71.8081,51.04],[71.6855,51.1174],[71.4807,51.1099],[71.4356,51.152],[71.0419,51.2736],[70.9804,51.3091],[70.8145,51.294],[70.6304,51.3365],[70.3989,51.2676],[70.2246,51.2791],[70.0022,51.3366],[69.7334,51.522],[69.4015,51.5904],[69.1321,51.7197],[68.9786,51.7469],[68.7632,51.7075],[68.6123,51.7348],[68.2258,51.6592],[68.0557,51.583],[67.9341,51.5903],[67.8108,51.5443],[67.5846,51.5903],[67.3887,51.5684],[67.2564,51.5296],[67.252,51.4749],[67.1495,51.3876],[67.2246,51.3433],[67.1192,51.2359],[66.7885,51.2025],[66.6261,51.1321],[66.4717,51.0354],[66.3398,51.0714],[66.3618,51.203],[66.4439,51.2408],[66.5509,51.3503],[66.4233,51.4854],[66.4624,51.6385],[66.4208,51.7323],[66.3301,51.7507],[66.2515,51.9081],[66.3277,51.9534],[66.2384,52.1043],[66.2896,52.1809],[66.4063,52.2482],[66.5173,52.2546],[66.6226,52.3096],[66.7525,52.441],[66.7468,52.5021],[66.5574,52.5516],[66.6007,52.6389],[66.5986,52.7684],[66.5059,52.7957],[66.6646,52.9195],[66.6442,52.9676],[66.7657,53.0823],[66.7942,53.1839],[67.0078,53.2918],[67.013,53.3376]]},"properties":{"name":"Esil","scalerank":7,"min_zoom":6}},
{"type":"Feature","geometry":{"type":"MultiLineString","coordinates":[[[77.415,64.8228],[77.6345,64.9451],[77.8019,64.9576],[78.0689,65.2525],[78.0273,65.3448],[77.9148,65.3981],[77.9649,65.4671],[78.1919,65.5965],[78.2858,65.7134],[78.198,65.8028],[78.3175,66.014],[78.2102,66.1554],[78.2231,66.2274],[77.9972,66.3301],[78.1104,66.4299],[78.0524,66.57],[77.913,66.666],[77.9374,66.7877],[77.823,66.8641],[78.1972,67.0265],[78.0556,67.1918],[77.8386,67.3154],[77.9011,67.3856],[77.819,67.5296],[77.8881,67.5637]],[[73.7698,63.8091],[73.7429,63.7423],[73.5831,63.6517],[73.61,63.6072],[73.831,63.5279],[74.3069,63.5102],[74.3489,63.4883],[74.9255,63.5328],[75.0175,63.5125],[75.1943,63.5956],[75.1635,63.7161],[75.5011,63.8562],[75.5519,63.9603],[75.7012,64.0314],[76.0371,64.1128],[76.0713,64.2361],[76.2842,64.2604],[76.2429,64.3531],[76.5718,64.4444],[76.6841,64.4147],[76.9678,64.4354],[77.1117,64.492],[77.394,64.6583],[77.4213,64.8228]]]},"properties":{"name":"Pur","scalerank":7,"min_zoom":6}},
{"type":"Feature","geometry":{"type":"MultiLineString","coordinates":[[[85.7758,51.6956],[85.7416,51.7604],[85.8765,51.9195],[85.8342,51.9714],[85.9228,52.0897],[85.7649,52.423],[85.53,52.4419],[85.3164,52.4907],[85.0562,52.4336]],[[86.3027,49.6404],[86.1524,49.6404],[86.0019,49.6103]],[[85.9961,49.6103],[85.7524,49.6206],[85.7032,49.6783],[85.4956,49.8322],[85.4889,49.9421],[85.4336,50.0414],[85.5093,50.2295],[85.6477,50.2926],[86.0203,50.2015],[86.0903,50.1463],[86.2344,50.1489],[86.3178,50.1817],[86.5629,50.17],[86.7203,50.2795],[86.6426,50.5098],[86.521,50.6116],[86.4922,50.7038],[86.5366,50.759],[86.4127,50.8761],[86.3501,50.8872],[86.1084,51.1776],[85.9978,51.3897],[85.9971,51.4793],[85.77,51.6956]]]},"properties":{"name":"Katun","scalerank":7,"min_zoom":6}},
{"type":"Feature","geometry":{"type":"LineString","coordinates":[[-91.6965,15.0646],[-91.6992,15.1223],[-91.6214,15.2342],[-91.7631,15.4049],[-92.0678,15.4138],[-92.1614,15.6058],[-92.1552,15.6822],[-92.2325,15.7874],[-92.2024,15.8262]]},"properties":{"name":"Cuilco","scalerank":7,"min_zoom":6}},
{"type":"Feature","geometry":{"type":"MultiLineString","coordinates":[[[-7.106,12.0084],[-7.0938,12.0266],[-7.1457,12.0584],[-7.106,12.0909],[-7.1231,12.1485],[-7.1045,12.284],[-7.1339,12.3343],[-7.1339,12.4472],[-7.0342,12.5436],[-6.9181,12.5626],[-6.8669,12.5269],[-6.719,12.5155],[-6.6029,12.5537],[-6.5967,12.5931],[-6.5587,12.6109],[-6.5176,12.6738]],[[-7.4629,9.5486],[-7.5347,9.5836],[-7.6131,9.7308],[-7.5504,9.8562],[-7.5864,9.9669],[-7.5789,10.0591],[-7.6161,10.1118],[-7.6099,10.1988],[-7.7161,10.2959],[-7.723,10.3846],[-7.8379,10.5892],[-7.7366,10.7477],[-7.6835,10.7636],[-7.6478,10.8341],[-7.6375,10.9327],[-7.687,10.9831],[-7.6444,11.2506],[-7.5643,11.3005],[-7.4746,11.4033],[-7.4134,11.3895],[-7.3581,11.4345],[-7.3712,11.5885],[-7.2698,11.7072],[-7.1971,11.7416],[-7.1407,11.7179],[-7.1538,11.8961],[-7.1467,11.9553],[-7.1107,11.9727],[-7.106,12.0158]]]},"properties":{"name":"Baoulé","scalerank":7,"min_zoom":6}},
{"type":"Feature","geometry":{"type":"LineString","coordinates":[[28.8831,45.18],[28.8909,45.1755],[28.9312,45.1591],[28.9628,45.1406],[29.2046,45.0919],[29.3071,44.99],[29.4561,44.9703],[29.6109,44.8881]]},"properties":{"name":"Bratul Sfintu Gheorghe","scalerank":2,"min_zoom":2.1}},
{"type":"Feature","geometry":{"type":"LineString","coordinates":[[32.8794,23.9877],[32.8633,23.8938],[32.9185,23.7852],[32.8564,23.5389],[32.9428,23.3067],[32.8414,23.205],[32.8009,23.1966],[32.6834,22.9946],[32.582,22.8885],[32.5708,22.7718],[32.438,22.6961],[32.3942,22.6265],[32.2915,22.6341],[32.2734,22.6827],[32.1847,22.7507],[31.9941,22.6819],[31.8963,22.5729],[31.8608,22.4738],[31.7573,22.4285],[31.6023,22.3126],[31.4189,22.1498],[31.3754,22.0753],[31.3434,21.9231],[31.2954,21.8499],[31.2009,21.7667],[31.1764,21.6728],[31.0906,21.6092]]},"properties":{"name":"Nile","scalerank":1,"min_zoom":2}},
{"type":"Feature","geometry":{"type":"MultiLineString","coordinates":[[[32.8794,23.9877],[32.8705,24.199],[32.9087,24.3237],[32.8779,24.4899],[32.9204,24.6109],[32.9273,24.7691],[32.8648,24.9276],[32.8857,24.9776],[32.8362,25.1049],[32.5834,25.2534],[32.5505,25.324],[32.5537,25.4241],[32.4978,25.5087],[32.4879,25.586],[32.5955,25.6364],[32.6821,25.7754],[32.7488,25.7893],[32.7316,25.9063],[32.7858,26.0066],[32.7507,26.1251],[32.6491,26.1805],[32.5523,26.1211],[32.4522,26.1171],[32.3746,26.0683],[32.235,26.0912],[32.1321,26.2079],[32.0605,26.2215],[31.8242,26.4134],[31.8084,26.5413],[31.7039,26.5436],[31.7144,26.6256],[31.5452,26.7688],[31.4679,26.9252],[31.3816,26.9919],[31.2798,27.1579],[31.1145,27.2016],[31.1111,27.2699],[31.023,27.2932],[30.9739,27.3723],[30.8782,27.4208],[30.8511,27.5777],[30.8963,27.6682],[30.8858,27.8011],[30.8416,27.8705],[30.8374,28.0377],[30.7617,28.1059],[30.7412,28.3223],[30.8169,28.4153],[30.8374,28.6267],[30.8994,28.7434],[30.9063,28.8151],[31.0105,28.942],[31.053,29.0288],[31.1179,29.0723],[31.2209,29.2331],[31.2153,29.4371],[31.283,29.5589],[31.3036,29.6688],[31.2686,29.7334],[31.2887,29.885],[31.2209,30.0078],[31.2369,30.1238]],[[33.693,18.489],[33.7014,18.5943],[33.6602,18.7242],[33.5632,18.7492],[33.5532,18.9067],[33.5798,18.9766],[33.5772,19.1414],[33.5339,19.207],[33.4248,19.2691],[33.3796,19.4232],[33.2843,19.4762],[33.085,19.5268],[32.9697,19.4612],[32.8696,19.4361],[32.7969,19.3343],[32.7208,19.2854],[32.6831,19.1889],[32.62,19.1525],[32.5087,19.1475],[32.4617,19.0327],[32.358,18.9234],[32.192,18.8917],[32.0367,18.7848],[32.0639,18.7106],[32.0465,18.6192],[31.9683,18.5734],[31.888,18.5716],[31.8198,18.4867],[31.7783,18.3662],[31.5288,18.0806],[31.4507,18.0442],[31.3252,18.0426],[31.2073,17.9844],[31.0634,18.039],[30.9615,18.0538],[30.8931,18.1304],[30.7691,18.1693],[30.7061,18.3061],[30.7094,18.4497],[30.5767,18.6156],[30.5592,18.7092],[30.4916,18.8418],[30.4668,18.9713],[30.4879,19.0498],[30.49,19.3523],[30.4668,19.4783],[30.3985,19.5842],[30.3657,19.7727],[30.3074,19.8068],[30.312,19.8672],[30.5872,19.9724],[30.604,20.0401],[30.5624,20.1701],[30.5868,20.2722],[30.5232,20.3473],[30.4019,20.3499],[30.2988,20.5821],[30.4097,20.8146],[30.5426,20.8383],[30.604,21.0276],[30.7144,21.0925],[30.679,21.173],[30.8091,21.2857],[30.9059,21.3174],[30.9874,21.3963],[30.9619,21.4537],[31.0696,21.5604],[31.0906,21.6092]],[[33.693,18.489],[33.6933,18.4898]],[[33.7905,18.3524],[33.7122,18.4247],[33.693,18.489]],[[32.4902,15.6345],[32.5499,15.8828],[32.5369,15.9901],[32.5473,16.1664],[32.6079,16.251],[32.8626,16.499],[32.9952,16.5479],[33.0689,16.5231],[33.1539,16.5526],[33.2786,16.6596],[33.392,16.6864],[33.4972,16.7469],[33.5987,16.7647],[33.7295,16.9636],[33.707,17.1297],[33.749,17.1824],[33.7529,17.2935],[33.8723,17.4419],[33.9024,17.5565],[33.9824,17.6349],[33.9893,17.8062],[33.9741,18.0235],[33.928,18.2647],[33.8972,18.3171],[33.8175,18.3181],[33.7564,18.4515],[33.693,18.489]]]},"properties":{"name":"Nile","scalerank":1,"min_zoom":2}},
{"type":"Feature","geometry":{"type":"LineString","coordinates":[[13.5034,7.4417],[13.5546,7.4115],[13.8305,7.5018],[13.897,7.4997],[13.9551,7.5435],[14.2498,7.6164],[14.4146,7.6164],[14.5149,7.5855],[14.6069,7.6123],[14.8941,7.7706],[15.0756,7.7809],[15.1377,7.7194],[15.2681,7.7467],[15.3735,7.7399],[15.4961,7.7695]]},"properties":{"name":"Vina","scalerank":7,"min_zoom":6}},
{"type":"Feature","geometry":{"type":"MultiLineString","coordinates":[[[24.2844,0.7768],[24.2844,0.7767]],[[24.7249,-8.7407],[24.5803,-8.6587],[24.5872,-8.5688],[24.6961,-8.4004],[24.7619,-8.3594],[24.8141,-8.0759],[24.8716,-7.9974],[24.9434,-7.9797],[24.9849,-7.8437],[25.0592,-7.7465],[25.2581,-7.5843],[25.2656,-7.5278],[25.2185,-7.4599],[25.2109,-7.3747],[25.3302,-7.1869],[25.4031,-7.144],[25.6045,-7.0727],[25.6497,-7.0145],[25.6435,-6.9525],[25.5608,-6.8295],[25.4435,-6.7026],[25.4536,-6.5794],[25.3604,-6.5252],[25.2593,-6.4037],[25.1035,-6.2904],[25.1238,-6.2575],[25.3456,-6.2017],[25.4089,-6.1356],[25.5537,-6.1142],[25.9581,-5.9518],[25.938,-5.8259],[25.8583,-5.7807],[25.8526,-5.6205],[25.711,-5.5341],[25.624,-5.4555],[25.6253,-5.4017],[25.5571,-5.3182],[25.3544,-5.2469],[25.3002,-5.2529],[25.1221,-5.0475],[25.0637,-5.0065],[25.0025,-4.8469],[24.9024,-4.751],[24.8539,-4.6496],[24.8753,-4.5933],[25.0122,-4.4448],[24.9746,-4.3902],[25.0097,-4.279],[24.996,-4.1047],[24.9501,-4.0264],[24.8341,-3.9172],[24.8033,-3.8346],[24.7433,-3.7982],[24.7959,-3.686],[24.7722,-3.5439],[24.8642,-3.3766],[24.9063,-3.3517],[24.9002,-3.2715],[24.9607,-3.2555],[25.0352,-3.0551],[25.0333,-2.9577],[25.1059,-2.7909],[25.0772,-2.5879],[25.1077,-2.4118],[25.1909,-2.2241],[25.1563,-2.1523],[25.0532,-2.0633],[25.0674,-1.9838],[25.0113,-1.8416],[25.052,-1.6762],[25.0113,-1.5898],[25.0455,-1.5098],[24.9805,-1.3763],[24.9973,-1.3202],[24.9589,-1.2402],[24.7864,-1.1284],[24.7502,-1.027],[24.615,-0.9355],[24.5324,-0.8125],[24.4673,-0.7884],[24.4225,-0.6896],[24.4362,-0.6413],[24.3339,-0.5996],[24.309,-0.4487],[24.3203,-0.3935],[24.1663,-0.1137],[24.0353,-0.1138],[23.9924,-0.011],[24.0464,0.1846],[24.0332,0.2337],[24.1191,0.2634],[24.1557,0.4419],[24.1952,0.5337],[24.1973,0.6331],[24.238,0.747],[24.2844,0.7768]]]},"properties":{"name":"Lomami","scalerank":7,"min_zoom":6}},
{"type":"Feature","geometry":{"type":"LineString","coordinates":[[-13.2082,11.057],[-13.2459,11.1424],[-13.2773,11.4634],[-13.28,11.5895],[-13.2068,11.7827],[-13.158,11.8091],[-13.1527,11.8919],[-13.203,11.9273],[-13.2768,12.0885],[-13.3418,12.1049],[-13.3323,12.1704],[-13.3797,12.2433],[-13.4447,12.2774],[-13.5622,12.2828],[-13.655,12.2347],[-13.8406,12.2774],[-13.9445,12.2188],[-14.0161,12.0554],[-14.0959,11.9248],[-14.1898,11.9318],[-14.3373,11.9024],[-14.2897,11.7964],[-14.3306,11.68],[-14.4045,11.623],[-14.53,11.6429],[-14.6835,11.6317],[-14.7341,11.5975],[-14.8032,11.6527],[-14.8378,11.7298],[-14.9254,11.7694]]},"properties":{"name":"Gêba","scalerank":7,"min_zoom":6}},
{"type":"Feature","geometry":{"type":"LineString","coordinates":[[47.6672,-20.1889],[47.6238,-20.2583],[47.5406,-20.3084],[47.4827,-20.2895],[47.3657,-20.329],[47.2771,-20.3324],[47.2369,-20.3941],[47.0782,-20.376],[47.0025,-20.404],[46.8449,-20.2606],[46.6858,-20.2681],[46.6191,-20.236],[46.5671,-20.2715],[46.447,-20.227],[46.3862,-20.2469],[46.3037,-20.206],[46.2895,-20.0477],[46.1082,-20.0243],[46.0948,-19.9733],[45.8787,-19.9074],[45.8313,-19.9179],[45.7283,-19.8388],[45.5358,-19.808],[45.3993,-19.7225]]},"properties":{"name":"Mania","scalerank":7,"min_zoom":6}},
{"type":"Feature","geometry":{"type":"LineString","coordinates":[[25.2593,-11.5096],[25.2805,-11.5936],[25.3721,-11.7116],[25.3481,-11.7982],[25.2026,-12.0002],[25.1699,-12.0855],[25.1953,-12.1947],[25.0595,-12.39],[24.9312,-12.4606],[24.875,-12.5169],[24.875,-12.6576],[24.9297,-12.7497],[24.9976,-12.9352],[24.9917,-13.0165],[24.8738,-13.0326],[24.6777,-13.0947],[24.5308,-13.2245],[24.434,-13.2708],[24.3718,-13.3818],[24.3748,-13.4387],[24.2551,-13.5866],[24.1347,-13.6474],[24.1426,-13.6955],[24.07,-13.7502],[24.0347,-13.8233],[23.9258,-13.9649],[23.7331,-14.0124],[23.6834,-13.9904],[23.5393,-14.0593],[23.4365,-14.0856],[23.2644,-14.1685],[23.2234,-14.1685],[23.2234,-14.1406],[23.1824,-14.155]]},"properties":{"name":"Kabompo","scalerank":7,"min_zoom":6}},
{"type":"Feature","geometry":{"type":"LineString","coordinates":[[31.1248,-18.5469],[31.1795,-18.5888],[31.339,-18.6415],[31.3785,-18.6909],[31.5288,-18.787],[31.6387,-18.8075],[31.7027,-19.0068],[31.8298,-19.0978],[31.985,-19.1323],[32.0949,-19.3749],[32.2207,-19.5417],[32.2796,-19.6952],[32.3906,-19.7665],[32.3753,-19.9165],[32.3377,-19.9555],[32.336,-20.1232],[32.2864,-20.4045],[32.2813,-20.5453],[32.2481,-20.6722],[32.1348,-20.9199],[32.1799,-21.0557],[32.25,-21.0888],[32.3126,-21.2328],[32.5606,-21.384],[32.6843,-21.3998],[32.797,-21.4811],[32.9204,-21.4872],[32.9854,-21.5688],[33.0698,-21.5964],[33.1013,-21.5434],[33.2,-21.4901],[33.304,-21.507],[33.4028,-21.4746],[33.4922,-21.4116],[33.5671,-21.396],[33.8899,-21.4082],[33.9653,-21.3158],[34.1301,-21.3021],[34.2436,-21.2685],[34.3624,-21.2914],[34.4629,-21.1712],[34.6751,-21.0929],[34.729,-21.1308],[34.8748,-21.0238],[35.1065,-20.9527]]},"properties":{"name":"Save","scalerank":7,"min_zoom":6}},
{"type":"Feature","geometry":{"type":"LineString","coordinates":[[7.2305,11.5859],[7.1235,11.6134],[6.896,11.7975],[6.7919,11.9918],[6.693,12.1218],[6.5596,12.2533],[6.4977,12.2782],[6.249,12.4285],[6.0737,12.659],[5.8794,12.7086],[5.8411,12.82],[5.709,12.9508],[5.6226,12.9875],[5.5122,13.1016],[5.3161,13.0638],[5.2143,13.0856],[5.0866,13.0235],[4.9614,13.0078],[4.7319,13.0397],[4.6274,12.8558],[4.5696,12.7828],[4.4833,12.7264],[4.2575,12.5293],[4.0715,12.4577],[4.0012,12.3832],[3.987,12.2742],[4.0095,12.1571],[4.1262,11.8562],[4.1559,11.7413],[4.1404,11.6567],[4.2422,11.5253],[4.1223,11.3865]]},"properties":{"name":"Sokoto","scalerank":7,"min_zoom":6}},
{"type":"Feature","geometry":{"type":"LineString","coordinates":[[6.9035,11.4925],[6.8657,11.3362],[6.7747,11.2732],[6.7246,11.1278],[6.6686,11.0657],[6.4741,11.0095],[6.3427,11.0397],[6.228,10.9302],[6.2078,10.878],[6.1137,10.8062],[6.126,10.6472],[6.0856,10.4906]]},"properties":{"name":"Mariga","scalerank":7,"min_zoom":6}},
{"type":"Feature","geometry":{"type":"LineString","coordinates":[[-54.0884,-14.4224],[-54.1676,-14.4565],[-54.3359,-14.4279],[-54.481,-14.4767],[-54.5613,-14.4492],[-54.5963,-14.3875],[-54.6535,-14.3991],[-54.7784,-14.332],[-54.8975,-14.2206],[-54.9654,-14.0763],[-54.9586,-13.9774],[-55.0411,-13.8737],[-55.0123,-13.8348],[-55.0718,-13.682],[-55.2678,-13.5871],[-55.3824,-13.5585],[-55.4618,-13.46],[-55.5831,-13.3742],[-55.6164,-13.2583],[-55.6801,-13.2355],[-55.7831,-13.0093],[-55.9045,-12.8874],[-55.9494,-12.8017],[-55.9029,-12.6729],[-55.9599,-12.522],[-55.8999,-12.4662],[-55.8314,-12.4875],[-55.6985,-12.435],[-55.7394,-12.3493],[-55.7316,-12.2901],[-55.7846,-12.0946],[-55.7489,-12.009],[-55.8164,-11.8574],[-55.7406,-11.6825],[-55.6405,-11.4921],[-55.6165,-11.4064],[-55.4725,-11.3451],[-55.4547,-11.2923],[-55.3407,-11.21],[-55.3712,-11.1332],[-55.5282,-11.1196],[-55.5796,-11.0793],[-55.6985,-11.1054],[-55.8493,-11.1122],[-55.9678,-10.8882],[-55.9101,-10.7004],[-55.8456,-10.6345],[-55.85,-10.5654],[-55.9079,-10.4839],[-55.9027,-10.3771],[-55.826,-10.2695],[-55.6389,-10.2442],[-55.5943,-10.1972],[-55.5456,-10.0521],[-55.5749,-9.9394],[-55.6997,-9.8172],[-55.7755,-9.7807],[-55.9295,-9.6498],[-56.18,-9.6284],[-56.3235,-9.5607],[-56.4212,-9.4811],[-56.6907,-9.3813],[-56.7854,-9.3921],[-56.8439,-9.2606],[-56.9074,-9.2289],[-57.0602,-9.204],[-57.0923,-9.0656],[-57.1776,-8.98],[-57.3022,-8.9492],[-57.4426,-8.8112],[-57.5959,-8.7292],[-57.6427,-8.5877],[-57.672,-8.4071],[-57.666,-8.2949],[-57.6341,-8.2368],[-57.7861,-8.0302],[-57.8378,-7.91],[-57.92,-7.6547],[-57.9697,-7.6013],[-57.9871,-7.5219],[-58.058,-7.4043],[-58.1362,-7.3402]]},"properties":{"name":"Jamanxim","scalerank":7,"min_zoom":6}},
{"type":"Feature","geometry":{"type":"LineString","coordinates":[[-60.4041,-14.683],[-60.35,-14.591],[-60.3446,-14.4909],[-60.4007,-14.3407],[-60.4651,-14.2783],[-60.4796,-14.1625],[-60.3973,-14.0083]]},"properties":{"name":null,"scalerank":7,"min_zoom":6}},
{"type":"Feature","geometry":{"type":"LineString","coordinates":[[28.8827,45.1798],[28.8909,45.1823],[28.9458,45.1953],[29.011,45.1755],[29.4837,45.1693],[29.5253,45.1886],[29.6821,45.1488]]},"properties":{"name":"Bratul Sulina","scalerank":2,"min_zoom":2.1}},
{"type":"Feature","geometry":{"type":"LineString","coordinates":[[-76.3736,5.7972],[-76.4663,5.5983],[-76.5412,5.5136],[-76.6752,5.5433],[-76.6802,5.7724],[-76.7185,5.8391],[-76.6933,5.918],[-76.7677,5.9714],[-76.7724,6.0675],[-76.7018,6.1276],[-76.7266,6.2109],[-76.8016,6.3167],[-76.7882,6.4834],[-76.8983,6.5946],[-76.9831,6.8282],[-76.9206,6.8646],[-76.9155,6.9414],[-76.9553,7.0307],[-76.9217,7.126],[-76.9767,7.1997],[-77.0204,7.1704],[-77.059,7.2875],[-77.1072,7.3625],[-77.1124,7.4462],[-77.0725,7.486],[-77.1318,7.6871],[-77.1203,7.8423],[-77.0218,7.8984],[-77.0036,7.9993],[-76.8391,8.1365]]},"properties":{"name":"Atrato","scalerank":7,"min_zoom":6}},
{"type":"Feature","geometry":{"type":"MultiLineString","coordinates":[[[-54.6712,-9.2757],[-54.6849,-9.3725],[-54.6501,-9.4196],[-54.5644,-9.4439],[-54.5438,-9.5059],[-54.4475,-9.5405],[-54.2552,-9.6802],[-54.1171,-9.6812],[-54.0218,-9.6452],[-53.9836,-9.5481]],[[-53.9836,-9.5481],[-53.9407,-9.3696],[-53.8133,-9.2731],[-53.7274,-9.2308],[-53.6154,-9.0695],[-53.6233,-9.02],[-53.4311,-8.8647],[-53.3666,-8.778],[-53.4267,-8.6542],[-53.4441,-8.5624],[-53.5245,-8.4063],[-53.4857,-8.1515],[-53.4062,-8.1175],[-53.2692,-7.9276],[-53.2535,-7.8607],[-53.3269,-7.7564],[-53.4115,-7.518],[-53.5054,-7.3924],[-53.5515,-7.373],[-53.6664,-7.2421],[-53.6907,-7.162],[-53.8384,-7.0663],[-53.8119,-6.8879],[-53.8612,-6.7523],[-53.9354,-6.6423],[-54.0393,-6.3056],[-54.0751,-6.0552],[-54.1722,-5.9696],[-54.1901,-5.7978],[-54.2384,-5.6799],[-54.3055,-5.443],[-54.366,-5.3467],[-54.4443,-5.1169],[-54.5715,-4.9365],[-54.5382,-4.8652],[-54.3129,-4.7149],[-54.1778,-4.7459],[-54.0986,-4.6361],[-54.0388,-4.6131],[-53.9117,-4.5122],[-53.8127,-4.4567],[-53.6809,-4.4795],[-53.6148,-4.4291],[-53.4816,-4.3906],[-53.3487,-4.1126],[-53.2535,-4.0243],[-53.193,-3.9977],[-52.9726,-3.9789],[-52.8368,-3.8796],[-52.7695,-3.8996],[-52.6087,-3.8552]]]},"properties":{"name":"Iriri","scalerank":7,"min_zoom":6}},
{"type":"Feature","geometry":{"type":"LineString","coordinates":[[-62.0785,8.1092],[-62.0766,8.0012],[-62.202,7.8492],[-62.074,7.5782],[-62.0666,7.5106],[-62.0102,7.4041],[-61.8805,7.4103],[-61.8492,7.3557],[-61.7632,7.3625],[-61.6984,7.3321],[-61.6155,7.2139],[-61.5925,7.0643],[-61.6396,6.9039],[-61.6105,6.8104],[-61.6728,6.7491],[-61.5338,6.7103],[-61.3387,6.8492],[-61.2318,6.8142],[-61.1493,6.715],[-60.9346,6.732],[-60.8503,6.7901],[-60.7223,6.7598],[-60.6214,6.8461],[-60.5494,6.8632],[-60.3949,6.9487],[-60.2469,6.8617],[-60.1702,6.8798],[-60.0197,6.794],[-59.8905,6.8528],[-59.704,6.8083],[-59.6488,6.8387],[-59.587,6.7875],[-59.581,6.6972],[-59.4938,6.6871],[-59.4235,6.638],[-59.3451,6.7064],[-59.2877,6.8089],[-59.197,6.7926],[-59.1048,6.732],[-59.0388,6.7259],[-58.9879,6.6529],[-58.9806,6.5828],[-58.8695,6.5063],[-58.7899,6.4199],[-58.6778,6.3968]]},"properties":{"name":"Cuyuni","scalerank":7,"min_zoom":6}},
{"type":"Feature","geometry":{"type":"LineString","coordinates":[[-47.3179,-5.2051],[-47.4305,-5.0656],[-47.3708,-4.961],[-47.423,-4.8034],[-47.3721,-4.6395],[-47.3719,-4.5635],[-47.4127,-4.3941],[-47.4141,-4.294],[-47.3652,-4.2538],[-47.3111,-4.0668],[-47.2633,-4.0532],[-47.066,-3.8417],[-47.0504,-3.6733],[-47.0231,-3.5597],[-46.9685,-3.5256],[-46.9447,-3.3983],[-46.8182,-3.3192],[-46.6668,-3.0942],[-46.6371,-2.9873],[-46.6461,-2.8923],[-46.5985,-2.8342],[-46.6668,-2.7386],[-46.602,-2.6649],[-46.5091,-2.6151],[-46.4853,-2.5462],[-46.427,-2.5106],[-46.4477,-2.3613],[-46.2804,-2.1408],[-46.2143,-1.9291],[-46.2155,-1.8067],[-46.3038,-1.8026],[-46.3142,-1.7319],[-46.2013,-1.6794],[-46.1793,-1.5734],[-46.2013,-1.4842],[-46.1256,-1.3464],[-46.1409,-1.2412],[-46.0846,-1.2104]]},"properties":{"name":"Gurupi","scalerank":7,"min_zoom":6}},
{"type":"Feature","geometry":{"type":"LineString","coordinates":[[-52.1971,2.4429],[-52.2161,2.3773],[-52.1199,2.1282],[-52.1084,2.0035],[-52.1289,1.8772],[-52.0571,1.7701],[-52.0259,1.624],[-51.9917,1.555],[-51.9934,1.3997],[-52.0383,1.3175],[-52.0024,1.1981],[-51.9985,1.0998],[-51.9271,1.1058],[-51.8476,1.0718],[-51.8096,1.0047],[-51.7039,1.016],[-51.5906,0.9346],[-51.618,0.8912],[-51.5592,0.747],[-51.3765,0.7359],[-51.2329,0.8726],[-51.2,0.8322],[-51.1073,0.8079],[-51.0221,0.8489],[-50.9642,0.9658],[-50.8242,0.9926],[-50.6379,1.0786],[-50.5395,1.0924],[-50.4679,1.145],[-50.3673,1.1333],[-50.3127,1.26],[-50.1717,1.2866],[-50.128,1.2003],[-49.9974,1.2091],[-49.9155,1.25]]},"properties":{"name":"Amapari","scalerank":7,"min_zoom":6}},
{"type":"Feature","geometry":{"type":"LineString","coordinates":[[-43.7067,-20.8496],[-43.5832,-20.8221],[-43.5118,-20.7558],[-43.3572,-20.6641],[-43.244,-20.6903],[-43.1802,-20.7549],[-43.0862,-20.7432],[-43.0716,-20.6547],[-43.0071,-20.5192],[-42.9803,-20.4092],[-42.9174,-20.3443],[-42.8809,-20.2028],[-42.7716,-20.1024],[-42.7515,-19.9999],[-42.666,-19.9756],[-42.5212,-19.8422],[-42.4735,-19.7774],[-42.4936,-19.6867],[-42.4803,-19.5856],[-42.5144,-19.486],[-42.4325,-19.4518],[-42.4114,-19.3283],[-42.2242,-19.1411],[-42.1616,-19.1003],[-42.0841,-18.9894],[-41.9933,-18.9177],[-41.9557,-18.8373],[-41.8663,-18.8148],[-41.7515,-18.8524],[-41.6869,-18.9457],[-41.5421,-19.0122],[-41.4647,-19.1504],[-41.3115,-19.2376],[-41.0135,-19.4929],[-40.8946,-19.4919],[-40.8368,-19.5171],[-40.7514,-19.4963],[-40.6787,-19.5302],[-40.5679,-19.5064],[-40.4034,-19.5344],[-40.0956,-19.4177],[-39.9516,-19.432],[-39.807,-19.6362]]},"properties":{"name":"Doce","scalerank":7,"min_zoom":6}},
{"type":"Feature","geometry":{"type":"LineString","coordinates":[[-54.9449,2.5795],[-54.7851,2.5175],[-54.4862,2.4287],[-54.4242,2.4361],[-54.3602,2.5082],[-54.286,2.6782],[-54.2132,2.7766],[-54.1641,2.9699],[-54.1912,3.1782],[-54.0037,3.4556],[-53.9896,3.6112],[-54.0509,3.6346]]},"properties":{"name":"Litani","scalerank":7,"min_zoom":6}},
{"type":"Feature","geometry":{"type":"LineString","coordinates":[[-76.8664,1.3052],[-76.8768,1.2092],[-76.9608,1.169],[-76.9333,1.082],[-76.8616,0.9728],[-76.7122,0.8039],[-76.6352,0.7484],[-76.5694,0.6636],[-76.5375,0.5163],[-76.4377,0.4616],[-76.4077,0.4002],[-76.3124,0.4586],[-76.1204,0.3519],[-76.0543,0.3638],[-75.9279,0.1811],[-75.7905,0.0845],[-75.6474,0.0856],[-75.4222,-0.062],[-75.2691,-0.1016],[-75.2228,-0.0322],[-75.1424,-0.0433],[-75.0515,-0.1342],[-74.9342,-0.2093],[-74.8735,-0.2219],[-74.8254,-0.1703],[-74.756,-0.2782],[-74.7738,-0.3185],[-74.6335,-0.3472],[-74.5371,-0.4598],[-74.4134,-0.5729],[-74.3656,-0.6761],[-74.379,-0.7363],[-74.3114,-0.8013],[-74.2899,-0.9429],[-74.241,-0.9867],[-74.1204,-1.0208],[-74.0428,-1.071],[-73.9206,-1.1136],[-73.8815,-1.1908],[-73.8033,-1.2235],[-73.7331,-1.2163],[-73.6374,-1.2551],[-73.4979,-1.4779],[-73.4853,-1.5723],[-73.5317,-1.6737],[-73.3411,-1.7919],[-73.2685,-1.7721],[-73.187,-1.7995],[-73.1695,-1.9592],[-73.1119,-2.0732],[-73.196,-2.187],[-73.1597,-2.2929],[-73.0572,-2.2997],[-72.9705,-2.3559],[-72.944,-2.4189],[-72.8054,-2.3776],[-72.7191,-2.4198],[-72.6451,-2.3339],[-72.5638,-2.3828],[-72.4424,-2.405],[-72.3973,-2.4463],[-72.2846,-2.433],[-72.2417,-2.3954],[-72.1622,-2.4056],[-72.0902,-2.3307],[-71.967,-2.3285],[-71.8418,-2.19],[-71.7687,-2.1421],[-71.4573,-2.2549],[-71.3878,-2.3687],[-71.3162,-2.3339],[-71.2206,-2.3412],[-71.1435,-2.2627],[-70.9935,-2.1973],[-70.875,-2.2294],[-70.7886,-2.3071],[-70.7074,-2.3281],[-70.6483,-2.4505],[-70.5793,-2.4053],[-70.4578,-2.4926],[-70.3583,-2.4867],[-70.2369,-2.6249],[-70.1426,-2.6668],[-70.0957,-2.6323],[-70.0413,-2.7175],[-69.9389,-2.669],[-69.9215,-2.7236],[-69.7635,-2.7183],[-69.7421,-2.8599],[-69.5926,-2.9577],[-69.5018,-2.8481],[-69.3772,-2.903],[-69.1276,-2.9653],[-69.051,-3.0054],[-68.8248,-2.9577],[-68.8011,-2.8962],[-68.7047,-2.8582],[-68.5818,-2.9045],[-68.4551,-2.8825],[-68.3624,-2.8887],[-68.2828,-3.023],[-68.1653,-3.0142],[-68.1644,-3.0737],[-67.9879,-3.1213],[-67.9318,-3.0939]]},"properties":{"name":"Putumayo","scalerank":7,"min_zoom":6}},
{"type":"Feature","geometry":{"type":"MultiLineString","coordinates":[[[-76.72,-7.493],[-76.6539,-7.4362],[-76.6752,-7.3298],[-76.7209,-7.2656],[-76.7271,-7.1777],[-76.693,-7.124],[-76.6034,-7.068],[-76.4449,-7.0178],[-76.323,-6.8967],[-76.2978,-6.7612],[-76.3009,-6.611],[-76.1659,-6.6192],[-76.0665,-6.5433],[-75.9303,-6.5448],[-75.904,-6.4648],[-75.7634,-6.3975],[-75.7088,-6.2979],[-75.7948,-6.2083],[-75.928,-6.1275],[-75.89,-6.0456],[-75.9939,-6.0273],[-76.0411,-5.9914],[-76.0604,-5.9092],[-76.1732,-5.8446],[-76.1681,-5.7601],[-76.0727,-5.7822],[-75.9962,-5.6167],[-75.9416,-5.572],[-75.9351,-5.4904],[-75.8333,-5.3913],[-75.8597,-5.315],[-75.7653,-5.2892],[-75.756,-5.2433],[-75.614,-5.0749]],[[-76.5943,-10.57],[-76.5737,-10.5042],[-76.4858,-10.4575],[-76.3973,-10.3342],[-76.2682,-10.2249],[-76.1832,-10.1082],[-76.2332,-9.9191],[-76.1791,-9.8434],[-76.0697,-9.805],[-75.9181,-9.7255],[-75.8249,-9.6489],[-75.8602,-9.5702],[-75.9465,-9.4924],[-75.9495,-9.367],[-75.9826,-9.2194],[-76.0375,-9.1305],[-76.1166,-9.0707],[-76.1378,-9.0003],[-76.1152,-8.8353],[-76.1604,-8.7669],[-76.2616,-8.7389],[-76.2689,-8.6298],[-76.3631,-8.3852],[-76.3706,-8.308],[-76.5348,-8.2365],[-76.5342,-8.1297],[-76.6869,-7.9838],[-76.7335,-7.9061],[-76.7572,-7.7134],[-76.7982,-7.6045],[-76.7275,-7.498]]]},"properties":{"name":"Huallaga","scalerank":7,"min_zoom":6}},
{"type":"Feature","geometry":{"type":"LineString","coordinates":[[-58.7929,1.3084],[-58.8047,1.4425],[-58.7306,1.531],[-58.644,1.5582],[-58.6102,1.6798],[-58.5431,1.7782],[-58.522,1.9427],[-58.3981,2.1048],[-58.359,2.194],[-58.337,2.4082],[-58.3649,2.4634],[-58.287,2.49],[-58.2654,2.6691],[-58.1678,2.763],[-58.2141,2.8191],[-58.1689,2.8856],[-58.1885,2.9374],[-58.1493,3.003],[-58.3057,3.1361],[-58.2755,3.1859],[-58.2362,3.3702],[-58.2668,3.4188],[-58.2923,3.5726],[-58.3301,3.6688],[-58.4039,3.7454],[-58.3575,3.8196],[-58.4381,4.0103],[-58.5889,4.0521],[-58.4946,4.1287],[-58.4674,4.207],[-58.4914,4.2684],[-58.4605,4.3441],[-58.4859,4.4958],[-58.5704,4.5465],[-58.6722,4.657],[-58.7352,4.7622],[-58.7944,4.7658],[-58.8461,5.0127],[-58.8207,5.2291],[-58.8851,5.3267],[-58.8591,5.4086],[-58.6758,5.4554],[-58.6173,5.6234],[-58.6114,5.8419],[-58.5734,5.9136],[-58.5846,6.0748],[-58.5738,6.2936],[-58.6022,6.4166]]},"properties":{"name":"Essequibo","scalerank":7,"min_zoom":6}},
{"type":"Feature","geometry":{"type":"MultiLineString","coordinates":[[[95.3965,28.003],[95.4615,27.8968],[95.4595,27.8439],[95.2935,27.7428],[95.1494,27.7012],[95.1025,27.6099],[94.9166,27.5716],[94.8176,27.4995],[94.7578,27.4193],[94.6498,27.3518],[94.6843,27.2949],[94.5711,27.2181],[94.5548,27.1014],[94.4484,27.0594],[94.4407,27.0167],[94.2866,26.9204],[94.2075,26.9273],[94.1436,26.8624],[94.0635,26.8795],[93.9456,26.8416],[93.8634,26.7659],[93.8411,26.7559],[93.7638,26.7395],[93.7516,26.732],[93.6567,26.715],[93.568,26.752],[93.44,26.7681],[93.3576,26.7185],[93.2481,26.7244],[93.1192,26.6475],[92.8984,26.6535],[92.8338,26.6083],[92.6572,26.5908],[92.5947,26.5175],[92.4015,26.5362],[92.1728,26.4429],[92.0758,26.3802],[92.0658,26.3096],[91.6924,26.1719],[91.4981,26.1398],[91.3909,26.1704],[91.3028,26.1627],[91.1197,26.2119],[90.8311,26.1347],[90.6821,26.19],[90.583,26.2051],[90.5068,26.2287],[90.294,26.1197],[89.9366,25.9943],[89.8364,25.8714],[89.7449,25.7095],[89.6978,25.5729],[89.7076,25.4833],[89.6973,25.3993],[89.6709,25.3243],[89.7008,25.2657],[89.6262,25.0748],[89.6127,24.9598],[89.7158,24.7264],[89.7673,24.5112],[89.7332,24.2237],[89.7397,24.123],[89.7017,24.0355],[89.7261,23.8845],[89.7857,23.7967],[89.9086,23.6741],[89.985,23.6444],[90.1426,23.5445],[90.2501,23.462]],[[89.7555,24.2744],[89.9614,24.0396],[90.0947,24.006],[90.1033,23.9677],[90.2122,23.9156],[90.3027,23.7567],[90.4669,23.6439],[90.4763,23.583]]]},"properties":{"name":"Brahmaputra","scalerank":2,"min_zoom":2.1}},
{"type":"Feature","geometry":{"type":"LineString","coordinates":[[-61.5395,-34.0744],[-61.5347,-34.1323],[-61.4225,-34.2253],[-61.3693,-34.3307],[-61.1582,-34.4838],[-61.1204,-34.6082],[-61.0375,-34.6525],[-60.8749,-34.5925],[-60.7862,-34.6089],[-60.6658,-34.7054],[-60.5823,-34.8063],[-60.4706,-34.8543],[-60.457,-34.978],[-60.406,-35.0492],[-60.2708,-35.0783],[-60.2216,-35.0596],[-59.9314,-35.1288],[-59.788,-35.2015],[-59.6761,-35.2289],[-59.5732,-35.217],[-59.5262,-35.2959],[-59.049,-35.4679],[-59.043,-35.5946],[-58.8956,-35.6275],[-58.8461,-35.6987],[-58.7428,-35.7518],[-58.6981,-35.7319],[-58.4986,-35.7429],[-58.3509,-35.8564],[-58.202,-35.8408],[-58.0809,-35.9566],[-57.9777,-36.0153],[-57.7315,-35.9281],[-57.6991,-35.8542],[-57.5408,-35.8561],[-57.3579,-35.7538]]},"properties":{"name":"Salado","scalerank":7,"min_zoom":6}},
{"type":"Feature","geometry":{"type":"MultiLineString","coordinates":[[[-74.4072,3.7315],[-74.2421,3.7923],[-74.078,3.7232],[-74.0113,3.8004],[-73.9503,3.8153],[-73.8312,3.7582],[-73.7912,3.6905],[-73.7493,3.5096],[-73.5688,3.3902],[-73.4942,3.3781],[-73.4023,3.2984],[-73.3517,3.2223],[-73.2826,3.189],[-73.2372,3.096],[-73.2529,3.0335],[-73.2246,2.8948],[-73.1193,2.8389],[-72.9474,2.8328],[-72.871,2.7831],[-72.796,2.7822],[-72.7624,2.6621],[-72.7624,2.5721]],[[-72.7624,2.5659],[-72.7035,2.6074],[-72.6246,2.6074],[-72.3666,2.7381],[-72.1944,2.7734],[-72.1387,2.7098],[-72.0697,2.703],[-72.0237,2.7902],[-71.9211,2.767],[-71.836,2.8053],[-71.6719,2.7788],[-71.5039,2.7828],[-71.2952,2.7371],[-71.1859,2.6962],[-71.0605,2.6812],[-70.9246,2.7097],[-70.7822,2.8132],[-70.7538,2.9959],[-70.6245,3.0795],[-70.6453,3.1927],[-70.59,3.2517],[-70.5148,3.233],[-70.2843,3.3876],[-70.0687,3.4246],[-70.011,3.5286],[-69.9631,3.505],[-69.8942,3.5664],[-69.7059,3.5681],[-69.6293,3.6046],[-69.4839,3.5665],[-69.4079,3.5232],[-69.2705,3.5391],[-69.2542,3.5909],[-69.1466,3.5562],[-69.1327,3.6175],[-69.0526,3.6457],[-68.9626,3.6409],[-68.6473,3.8358],[-68.569,3.9265],[-68.4806,3.9676],[-68.3515,3.9685],[-68.2681,4.0026],[-68.2525,3.9432],[-68.1695,3.9197],[-68.0929,4.0054],[-67.9877,3.9348],[-67.8771,3.9227],[-67.7972,3.9537],[-67.7323,4.0865]]]},"properties":{"name":"Guainía","scalerank":7,"min_zoom":6}},
{"type":"Feature","geometry":{"type":"LineString","coordinates":[[-43.8001,-20.0947],[-43.8269,-20.0075],[-43.8231,-19.9072],[-43.8837,-19.8101],[-43.8844,-19.7453],[-43.7955,-19.6572],[-43.8644,-19.5617],[-43.9259,-19.5207],[-43.9868,-19.3902],[-43.9866,-19.2563],[-44.0763,-19.1547],[-44.0226,-19.1022],[-44.0702,-19.0044],[-44.1039,-18.8364],[-44.1927,-18.6703],[-44.1797,-18.486],[-44.1968,-18.4047],[-44.2568,-18.3348],[-44.2435,-18.2705],[-44.3842,-18.1879],[-44.4435,-18.1981],[-44.4571,-18.1188],[-44.5292,-18.0466],[-44.5293,-17.9027],[-44.5583,-17.8146],[-44.6422,-17.7524],[-44.6448,-17.6948],[-44.7551,-17.4924],[-44.7511,-17.4213],[-44.837,-17.1908]]},"properties":{"name":"Velhas","scalerank":7,"min_zoom":6}},
{"type":"Feature","geometry":{"type":"LineString","coordinates":[[-86.056,12.8572],[-86.1598,12.8351],[-86.1523,12.764],[-86.0098,12.6512],[-85.9031,12.6313],[-85.8236,12.6738],[-85.7954,12.7413],[-85.5728,12.8341],[-85.2296,12.6275],[-85.1624,12.6549],[-85.1178,12.7762],[-85.0321,12.762],[-84.9186,12.9003],[-84.8401,12.9413],[-84.7483,12.9503],[-84.7336,13.0263],[-84.6517,13.071],[-84.6095,13.0294],[-84.4854,13.0534],[-84.3769,12.9874],[-84.2656,13.088],[-84.1537,13.1175],[-84.1234,13.2014],[-84.0279,13.2355],[-83.9318,13.215],[-83.8695,13.117],[-83.8306,13.0045],[-83.6785,12.9099],[-83.5077,12.9028]]},"properties":{"name":"Ro Grande de Matagalpa","scalerank":7,"min_zoom":6}},
{"type":"Feature","geometry":{"type":"LineString","coordinates":[[-71.1796,45.1618],[-71.325,45.0567],[-71.4174,45.0613],[-71.5217,45.0096],[-71.5148,44.895],[-71.6351,44.7403],[-71.5501,44.5963],[-71.6781,44.446],[-71.8406,44.3571],[-71.9835,44.3391],[-72.0423,44.2816],[-72.0494,44.1428],[-72.1809,43.8846],[-72.2137,43.7845],[-72.3065,43.72],[-72.3249,43.6331],[-72.398,43.5313],[-72.4038,43.3001],[-72.4338,43.263],[-72.4806,42.9891],[-72.5556,42.8779],[-72.4735,42.7584],[-72.4787,42.6636],[-72.5768,42.5915],[-72.5636,42.5106],[-72.6255,42.2496],[-72.6046,42.0653],[-72.6556,41.7727],[-72.629,41.6128],[-72.3788,41.3663]]},"properties":{"name":"Connecticut","scalerank":7,"min_zoom":6}},
{"type":"Feature","geometry":{"type":"LineString","coordinates":[[-116.1896,48.1552],[-116.3013,48.1815],[-116.3599,48.2586],[-116.5052,48.2929],[-116.5681,48.2505]]},"properties":{"name":"Clark Fork","scalerank":7,"min_zoom":6}},
{"type":"Feature","geometry":{"type":"LineString","coordinates":[[-112.5143,45.8061],[-112.5084,45.9857],[-112.7906,46.0109],[-112.7969,46.1672],[-112.7062,46.2996],[-112.747,46.3946],[-112.7136,46.4675],[-112.9333,46.5943],[-113.032,46.5943],[-113.3043,46.7284],[-113.5083,46.6949],[-113.7115,46.7367],[-113.901,46.8815],[-114.0909,46.8756],[-114.1888,46.9339],[-114.2342,47.0053],[-114.3308,47.0332],[-114.4308,47.0012],[-114.5052,47.0264],[-114.7247,47.0394],[-114.7639,47.13],[-114.9591,47.2518],[-115.043,47.266],[-115.0467,47.3349],[-114.9543,47.3553],[-114.8065,47.3203],[-114.8118,47.4163],[-114.9308,47.505],[-115.208,47.5938],[-115.3455,47.5988],[-115.4163,47.7386],[-115.4893,47.8152],[-115.6855,47.8965],[-115.701,47.9553],[-115.8501,48.0564],[-116.1105,48.119],[-116.1894,48.1552]]},"properties":{"name":"Clark Fork","scalerank":7,"min_zoom":6}},
{"type":"Feature","geometry":{"type":"LineString","coordinates":[[-87.3243,53.0284],[-87.3143,53.2893],[-87.2628,53.4747],[-87.194,53.5982],[-86.9643,53.7587],[-87.1024,53.9177],[-87.0657,54.0314],[-87.1387,54.1457],[-87.1234,54.3812],[-87.2028,54.4781],[-87.2145,54.5708],[-87.293,54.7241],[-87.2716,54.7532],[-86.9196,54.7422],[-86.6522,54.7899],[-86.4796,54.7093],[-86.1813,54.6921],[-85.9332,54.7433],[-85.5358,54.8469],[-85.4173,54.9992]]},"properties":{"name":"Winisk","scalerank":7,"min_zoom":6}},
{"type":"Feature","geometry":{"type":"LineString","coordinates":[[-63.3124,52.4674],[-63.199,52.4163],[-62.7123,52.3565],[-62.5434,52.2676],[-62.1995,52.1495],[-62.1016,51.9275],[-62.0184,51.8715],[-62.0001,51.7835],[-61.9062,51.7455],[-61.834,51.6241],[-61.8416,51.5532],[-61.7765,51.4716],[-61.7598,51.3487],[-61.6727,51.2925],[-61.6986,51.2303],[-61.5878,51.1565],[-61.5235,51.0519],[-61.6495,50.8939],[-61.7153,50.8908],[-61.6164,50.7306],[-61.6603,50.6609],[-61.6859,50.4583],[-61.643,50.3296],[-61.5727,50.2526],[-61.5815,50.1888]]},"properties":{"name":"Natashquan","scalerank":7,"min_zoom":6}},
{"type":"Feature","geometry":{"type":"MultiLineString","coordinates":[[[-90.1737,31.94],[-90.2338,32.0362],[-90.2428,32.1628],[-90.1889,32.2038],[-90.181,32.2766],[-90.0294,32.4883],[-89.8424,32.5948],[-89.6812,32.6643],[-89.462,32.7381],[-89.2777,32.8242],[-89.1193,32.8359],[-88.9822,32.9163],[-88.9723,32.954],[-89.0709,33.0398],[-89.1398,33.1702]],[[-90.1737,31.94],[-90.1531,31.9024]],[[-90.1531,31.9024],[-90.1737,31.94]],[[-90.1531,31.9024],[-90.1404,31.8741]],[[-90.1404,31.8741],[-90.1531,31.9024]],[[-90.0063,31.4333],[-90.0469,31.4508],[-90.1024,31.7155],[-90.1472,31.803],[-90.1404,31.8741]],[[-90.0063,31.4333],[-89.8578,31.2656],[-89.7323,30.9851],[-89.8462,30.6824],[-89.7841,30.5521]],[[-89.9821,31.4086],[-90.0063,31.4333]],[[-89.7841,30.5521],[-89.6777,30.4568],[-89.6364,30.3023],[-89.588,30.212],[-89.5261,30.1927]],[[-89.7841,30.5521],[-89.7311,30.4493]],[[-89.7311,30.4493],[-89.6725,30.4087]],[[-89.7311,30.4493],[-89.6142,30.184]]]},"properties":{"name":"Pearl","scalerank":7,"min_zoom":6}},
{"type":"Feature","geometry":{"type":"LineString","coordinates":[[-83.709,34.0613],[-83.5713,34.043],[-83.3104,33.8433],[-83.267,33.5674],[-83.2826,33.5042],[-83.2328,33.4035],[-83.1663,33.3863],[-83.1595,33.3127],[-83.2347,33.2703],[-83.2601,33.1872],[-83.1993,33.1258],[-83.1714,33.0125],[-83.127,33.0091],[-83.0211,32.8633],[-82.9659,32.8343],[-82.9263,32.6305],[-82.8838,32.5924],[-82.8737,32.4982],[-82.8039,32.3856],[-82.6639,32.2925],[-82.6255,32.226],[-82.596,32.0222],[-82.5744,31.9947]]},"properties":{"name":"Oconee","scalerank":7,"min_zoom":6}},
{"type":"Feature","geometry":{"type":"LineString","coordinates":[[27.2922,44.1514],[27.3491,44.1954],[27.6534,44.2753],[27.698,44.3264],[27.8062,44.3428],[27.9389,44.4527],[27.8959,44.5023],[27.9381,44.5933],[27.8767,44.7441]]},"properties":{"name":"Borcea","scalerank":2,"min_zoom":2.1}},
{"type":"Feature","geometry":{"type":"LineString","coordinates":[[-87.9073,14.1853],[-87.868,14.2844],[-87.9382,14.3774],[-88.0511,14.5768],[-88.1224,14.7307],[-88.2668,14.8412],[-88.2491,14.9798],[-88.2011,15.1192],[-88.0306,15.2252],[-87.8202,15.4162],[-87.831,15.5084],[-87.7623,15.6101],[-87.8199,15.6716],[-87.758,15.751],[-87.7948,15.7933],[-87.7286,15.9218]]},"properties":{"name":"Ula","scalerank":7,"min_zoom":6}},
{"type":"Feature","geometry":{"type":"LineString","coordinates":[[-66.0534,58.3328],[-65.8113,58.2286],[-65.7843,58.1136],[-65.6535,58.1129],[-65.5645,58.0602],[-65.5122,57.893],[-65.6118,57.7979],[-65.456,57.7069],[-65.5285,57.6043],[-65.3268,57.5329],[-65.2904,57.483],[-65.3157,57.3601],[-65.2637,57.2755],[-65.3458,57.1828],[-65.3455,57.0839],[-65.1258,56.9762],[-65.0076,56.9527],[-64.9663,56.8326],[-64.845,56.8083],[-64.7496,56.6172],[-64.7824,56.4731],[-64.7269,56.4078],[-64.7127,56.1953],[-64.7406,56.0622],[-64.729,55.9699],[-64.7659,55.8955],[-65.0503,55.8233],[-65.0809,55.5052],[-65.2462,55.4104],[-65.2551,55.1149],[-65.319,54.9298]]},"properties":{"name":"George","scalerank":7,"min_zoom":6}},
{"type":"Feature","geometry":{"type":"MultiLineString","coordinates":[[[-131.5799,64.2362],[-131.7441,64.2152],[-131.7635,64.1337],[-131.9489,64.0748]],[[-131.9538,64.0773],[-132.1129,64.0555],[-132.533,64.0717],[-133.0528,64.0276],[-133.2992,63.9583],[-133.5578,63.9476],[-133.6482,63.973],[-133.9535,63.9667],[-134.025,63.8955],[-133.7569,63.8207],[-133.4845,63.8022],[-133.6054,63.6942],[-133.8074,63.6492],[-134.1896,63.5169],[-134.4342,63.474],[-134.7168,63.5018],[-135.1097,63.4653],[-135.1455,63.5339],[-135.4093,63.6279],[-135.8805,63.5993],[-136.0122,63.6063],[-136.2854,63.4974],[-136.3968,63.4886],[-136.6162,63.3949],[-136.8666,63.4241],[-136.9995,63.5047],[-137.3092,63.5339],[-137.6299,63.6168],[-137.7381,63.6114],[-137.8376,63.5056],[-138.1608,63.446],[-138.3194,63.3358],[-138.6031,63.3132],[-139.0035,63.2032],[-139.3699,63.3298],[-139.4386,63.3214]]]},"properties":{"name":"Stewart","scalerank":7,"min_zoom":6}},
{"type":"Feature","geometry":{"type":"LineString","coordinates":[[39.823,62.4387],[39.7546,62.5013],[39.9031,62.7019],[39.8486,62.7944],[39.7299,62.8837],[39.5418,62.9612],[39.2834,63.0184],[39.2666,63.1015],[38.968,63.5622],[39.0125,63.6577],[38.8457,63.7169],[38.6992,63.6763],[38.5391,63.7148],[38.4413,63.8477],[38.2862,63.8359],[37.9915,63.9457]]},"properties":{"name":"Onega","scalerank":7,"min_zoom":6}},
{"type":"Feature","geometry":{"type":"LineString","coordinates":[[6.922,48.0154],[6.8169,47.9632],[6.5942,48.0453],[6.6057,48.089],[6.4761,48.1436],[6.393,48.3058],[6.2568,48.4037],[6.2951,48.5044],[6.2197,48.5669],[6.0176,48.6506],[6.02,48.7531],[6.1357,48.7722],[6.054,48.8968],[6.0304,48.9927],[6.085,49.0821],[6.2056,49.1772],[6.1533,49.3558],[6.346,49.4521],[6.3508,49.5666],[6.4182,49.6699],[6.589,49.7083],[6.7221,49.8249],[6.8042,49.7946],[6.8943,49.8706],[7.0601,49.9215],[7.1286,50.0975],[7.2195,50.1511],[7.4492,50.2329],[7.4628,50.3092],[7.5213,50.3155],[7.5562,50.3384],[7.5686,50.3707],[7.5786,50.3701],[7.6064,50.3638]]},"properties":{"name":"Mosel","scalerank":7,"min_zoom":6}},
{"type":"Feature","geometry":{"type":"LineString","coordinates":[[73.694,19.0054],[73.7808,18.952],[73.8775,18.8488],[73.9883,18.6833],[74.1359,18.6048],[74.2463,18.6655],[74.3242,18.5798],[74.3914,18.577],[74.4674,18.5256],[74.7778,18.4007],[74.8406,18.3133],[74.8385,18.2587],[74.9615,18.2513],[75.0332,18.1966],[75.089,18.2161],[75.0881,18.0632],[75.1881,17.9434],[75.1633,17.7872],[75.2689,17.7612],[75.3622,17.68],[75.4477,17.6666],[75.5698,17.5582],[75.678,17.4253],[75.7839,17.3748],[75.87,17.4162],[75.9365,17.326],[76.0582,17.3333],[76.0824,17.2569],[76.2544,17.161],[76.3449,17.1815],[76.3619,17.1192],[76.5586,17.1822],[76.5265,17.0917],[76.69,17.0776],[76.7647,17.1341],[76.8067,17.0436],[76.9059,17.043],[76.9304,16.9916],[76.9402,16.8325],[77.1033,16.7481],[77.1414,16.7095],[77.1672,16.5766],[77.2847,16.4153]]},"properties":{"name":"Bhima","scalerank":7,"min_zoom":6}},
{"type":"Feature","geometry":{"type":"LineString","coordinates":[[88.5918,27.6951],[88.6599,27.6058],[88.647,27.5499],[88.544,27.5237],[88.5206,27.4016],[88.4404,27.2699],[88.5332,27.1543],[88.4347,27.0666],[88.4424,26.9633],[88.5093,26.8583],[88.7392,26.5952],[88.7751,26.4601],[89.1331,26.0707],[89.1672,25.954],[89.318,25.8305],[89.468,25.7734],[89.5379,25.6744],[89.5701,25.5459],[89.6661,25.5191],[89.697,25.4326]]},"properties":{"name":"Tista","scalerank":7,"min_zoom":6}},
{"type":"Feature","geometry":{"type":"LineString","coordinates":[[107.3677,16.1074],[107.3198,16.1819],[107.2485,16.2303],[107.1541,16.2039],[107.0872,16.1484],[107.0361,16.047],[106.9658,15.9996],[106.8743,15.8604],[106.7803,15.8485],[106.7571,15.7411],[106.8121,15.7198],[106.7855,15.5482],[106.7309,15.4488],[106.7793,15.3753],[106.7115,15.3306],[106.7804,15.2493],[106.8696,15.0521],[106.8816,14.9486],[106.8445,14.9283],[106.7969,14.8208],[106.6725,14.7028],[106.6079,14.6811],[106.5459,14.5991],[106.4719,14.5643],[106.4188,14.4667],[106.333,14.4483],[106.3484,14.246],[106.4292,14.1814],[106.3723,14.0592],[106.3072,13.9838],[106.3125,13.9344],[106.1624,13.6805],[106.0772,13.5865],[106.0318,13.5712]]},"properties":{"name":"Kong","scalerank":7,"min_zoom":6}},
{"type":"Feature","geometry":{"type":"LineString","coordinates":[[106.8816,34.208],[106.7579,34.147],[106.6421,33.9652],[106.5109,33.9247],[106.4241,33.8349],[106.3126,33.7958],[106.2239,33.6726],[106.0701,33.5734],[106.0222,33.515],[106.0678,33.379],[106.1363,33.3358],[106.1282,33.275],[106.0524,33.2049],[106.0455,33.1292],[106.1008,33.0808],[106.0593,32.9852],[105.9146,32.881],[105.9269,32.7711],[105.8533,32.5498],[105.8526,32.4704],[105.8054,32.3955],[105.7091,32.3198],[105.7236,32.2237],[105.7019,32.0455],[105.7577,31.9501],[105.8533,31.9089],[105.8334,31.8475],[105.9338,31.7491],[105.9631,31.5868],[106.0524,31.5799],[106.0206,31.4003],[106.1199,31.3587],[106.197,31.3614],[106.2709,31.2817],[106.2612,31.166],[106.3462,31.1203],[106.3782,31.0335],[106.3125,31.025],[106.1808,30.9128],[106.0797,30.7613],[106.063,30.621],[106.1485,30.4497],[106.2107,30.436],[106.2686,30.3054],[106.2032,30.2032],[106.3096,30.0856],[106.333,29.963],[106.5094,29.7823],[106.4564,29.7043],[106.4592,29.5956],[106.4978,29.5771],[106.5868,29.5856]]},"properties":{"name":"Jialing","scalerank":7,"min_zoom":6}},
{"type":"Feature","geometry":{"type":"MultiLineString","coordinates":[[[115.7079,25.0565],[115.7398,24.9649],[115.7009,24.933],[115.6653,24.8108],[115.5693,24.6629],[115.5059,24.6284],[115.4743,24.4942],[115.3174,24.3985],[115.3287,24.3694],[115.197,24.2904],[115.2354,24.2211],[115.2325,24.1097],[115.1074,24.0313],[114.9763,23.8903],[114.7805,23.8212],[114.7202,23.7691],[114.6506,23.5542],[114.6867,23.4731],[114.5022,23.3334],[114.5943,23.1927],[114.5147,23.1561],[114.4573,23.179],[114.4089,23.1086],[114.2964,23.1578],[114.1115,23.0577],[114.0581,23.0939],[113.8435,23.1103]],[[114.6365,23.7359],[114.7073,23.7469]],[[113.844,23.1107],[113.8435,23.1103]],[[113.8435,23.1103],[113.8303,23.1175]],[[113.8435,23.1103],[113.7568,23.0716],[113.6178,22.9493]]]},"properties":{"name":"Dong","scalerank":7,"min_zoom":6}},
{"type":"Feature","geometry":{"type":"MultiLineString","coordinates":[[[-145.8254,66.6109],[-145.8271,66.6108]],[[-145.8271,66.6108],[-145.8329,66.6109]],[[-145.8271,66.6108],[-146.0388,66.5729],[-146.7349,66.5127],[-146.9687,66.4659],[-147.2301,66.3568],[-147.429,66.3714],[-147.6023,66.3395],[-147.5836,66.2833],[-148.2262,66.2595],[-148.4858,66.2075],[-148.6123,66.1251],[-148.917,66.0664],[-149.0571,66.0021],[-149.235,65.9824],[-149.3551,65.8746],[-149.5493,65.9161],[-149.787,65.9208],[-150.1271,65.7998],[-150.0232,65.7646],[-149.7961,65.7769],[-149.8623,65.6477],[-150.0962,65.6783],[-150.1852,65.5408],[-150.3093,65.5153],[-150.6607,65.498],[-151.0395,65.3688],[-151.1503,65.3052],[-151.2984,65.3055],[-151.5091,65.232],[-151.7134,65.2497],[-152.0463,65.1658]],[[-152.0463,65.1658],[-152.2089,65.1784],[-152.4235,65.1153],[-152.6947,65.1512],[-152.7601,65.2055],[-153.0824,65.1866],[-153.2587,65.103],[-153.5644,65.1351],[-153.7805,65.0714],[-154.1514,64.9941],[-154.3134,64.9228],[-154.6697,64.9398],[-155.1931,64.8605],[-155.4919,64.7504],[-155.7204,64.7675],[-155.937,64.7249],[-156.2062,64.7224],[-156.4149,64.6653],[-156.6943,64.644],[-156.7552,64.7129],[-156.9375,64.7297],[-157.0575,64.8149],[-157.4164,64.8063],[-157.5309,64.8624],[-157.9134,64.8575],[-157.9833,64.7828],[-158.2771,64.6604],[-158.3476,64.5646],[-158.5044,64.4413],[-158.6944,64.3608],[-158.6335,64.2128],[-158.7643,64.0172],[-159.0295,63.9064],[-159.2096,63.8574],[-159.232,63.7755],[-159.3344,63.746],[-159.4964,63.5143],[-159.4325,63.4081],[-159.6001,63.3546],[-159.7274,63.2334],[-159.7615,63.068],[-159.9496,63.0002],[-160.0468,62.8997],[-160.0954,62.7279],[-160.1813,62.6694],[-160.1731,62.5584],[-160.0358,62.4577],[-159.9636,62.3586],[-159.9455,62.2499],[-159.7241,62.2054],[-159.7614,62.1163],[-159.9609,62.0775],[-160.0861,61.9593],[-160.1643,61.9356],[-160.5283,61.9218],[-160.9539,61.9377],[-161.292,61.8531],[-161.3592,61.8059],[-161.3286,61.7285],[-161.4283,61.6492],[-161.9752,61.5861],[-161.9666,61.6856],[-162.1203,61.8196],[-162.1908,61.9227],[-162.4252,61.9249],[-162.527,62.0153],[-162.6565,61.9737],[-162.7023,61.9063],[-162.8794,61.9487],[-162.9985,61.8998],[-163.1959,61.9427],[-163.257,62.0306],[-163.2863,62.0446],[-163.4064,62.0574],[-163.4693,62.0823],[-163.8493,62.0975],[-163.9713,62.2246],[-163.8529,62.378],[-163.8516,62.4628],[-163.9484,62.5638],[-164.1781,62.7123],[-164.4817,62.7453]],[[-152.0463,65.1658],[-152.0478,65.1654]],[[-152.041,65.1654],[-152.0463,65.1658]],[[-138.4319,62.811],[-138.6505,62.8767],[-139.0205,62.9232],[-139.4958,63.0144],[-139.5806,63.2063],[-139.4318,63.294],[-139.4595,63.3331],[-139.7154,63.4642],[-139.7651,63.6804],[-139.7377,63.8987],[-139.6893,63.9851],[-139.4844,64.0346],[-139.4523,64.0897],[-139.6099,64.2542],[-139.7604,64.267],[-139.9599,64.3294],[-140.1686,64.3395],[-140.5194,64.4029],[-140.4385,64.5072],[-140.5934,64.518],[-140.7016,64.6176],[-140.8204,64.6164],[-140.9192,64.6903],[-141.0675,64.7137],[-141.1867,64.7928],[-141.2035,64.8985],[-141.3835,64.9678],[-141.4164,65.1011],[-141.7749,65.2141],[-141.8845,65.2108],[-142.0124,65.3219],[-142.4818,65.3555],[-142.6132,65.4064],[-142.8299,65.35],[-143.1653,65.3846],[-143.3766,65.3614],[-143.6597,65.4486],[-143.8107,65.59],[-143.9789,65.59],[-144.0905,65.6472],[-144.1188,65.7232],[-144.0185,65.7899],[-144.0054,65.8738],[-144.1941,66.0244],[-144.3422,66.0462],[-144.4276,66.1243],[-144.8113,66.3094],[-144.8948,66.4117],[-145.0602,66.4489],[-145.3586,66.5841],[-145.5105,66.5797],[-145.8271,66.6108]],[[-138.4319,62.811],[-138.4324,62.8112]],[[-138.4017,62.8007],[-138.4319,62.811]],[[-138.4017,62.8007],[-138.4319,62.811]],[[-138.3982,62.8006],[-138.4017,62.8007]],[[-163.3094,62.044],[-163.286,61.9788],[-163.2176,61.9047],[-163.303,61.8338],[-163.6633,61.7816],[-163.9071,61.8287],[-164.0895,61.8875],[-164.2308,61.7848],[-164.393,61.7955],[-164.5611,61.7672],[-164.8073,61.7597],[-164.9035,61.6771],[-164.7663,61.6287]],[[-134.9155,61.5679],[-134.8552,61.6485],[-134.984,61.8276],[-135.0146,61.9328],[-135.2323,61.9487],[-135.5048,62.0062],[-135.6147,62.0629],[-135.7796,62.0266],[-135.985,62.0613],[-136.3898,62.1575],[-136.3418,62.3147],[-136.4989,62.3624],[-136.7328,62.4734],[-136.9037,62.6094],[-137.2423,62.7064],[-137.4845,62.8185],[-137.7217,62.829],[-137.8171,62.8058],[-138.1477,62.8297],[-138.4017,62.8007]]]},"properties":{"name":"Yukon","scalerank":3,"min_zoom":3}},
{"type":"Feature","geometry":{"type":"LineString","coordinates":[[97.6166,34.0642],[97.5913,34.0337],[97.3457,33.9421],[97.2358,33.842],[97.1593,33.8096],[97.2173,33.5541],[97.2516,33.4583],[97.3317,33.3732],[97.4317,33.3414],[97.5186,33.3701],[97.6954,33.3619],[97.7681,33.4097],[97.84,33.3766],[97.9513,33.2286],[98.1578,33.1702],[98.3198,33.0456],[98.3916,32.905],[98.6038,32.8465],[98.6646,32.8834],[98.8624,32.7529],[99.0039,32.7623],[99.0959,32.6505],[99.0645,32.5396],[99.0768,32.4373],[98.9382,32.3612],[98.9766,32.3055],[99.0623,32.28],[99.142,32.3082],[99.282,32.2652],[99.3451,32.1507],[99.4553,32.103],[99.4805,32.0074],[99.5762,31.9163],[99.6358,31.8968],[99.6821,31.7909],[99.7376,31.7622],[99.7817,31.6761],[99.8413,31.6409],[100.0606,31.5956],[100.1023,31.5006],[100.2262,31.3921],[100.2689,31.2988],[100.3098,31.128],[100.3088,30.9593],[100.2662,30.896],[100.1638,30.8567],[100.1522,30.7799],[100.2177,30.6263],[100.3328,30.525],[100.4094,30.5049],[100.4631,30.444],[100.594,30.4198],[100.691,30.3306],[100.7503,30.2259],[100.8662,30.187],[100.9957,30.2032],[101.003,29.9811],[101.0903,29.8392],[101.0724,29.7123],[101.0867,29.6174],[101.1323,29.5658],[101.1397,29.4286],[101.043,29.332],[101.0546,29.2029],[101.0938,29.1608],[101.1807,28.9488],[101.1751,28.7965],[101.2421,28.4952],[101.293,28.3837],[101.3499,28.3658],[101.3855,28.2807],[101.3789,28.1661],[101.4873,28.0631],[101.5405,28.0737],[101.6254,28.1804],[101.6665,28.3629],[101.7212,28.407],[101.7628,28.5653],[101.8496,28.6121],[101.938,28.6068],[101.8643,28.4427],[101.8858,28.3256],[101.772,28.0775],[101.8721,27.9449],[101.8823,27.8765],[101.9546,27.7149],[102.0108,27.7076],[101.9609,27.3655],[101.8891,27.2576],[101.7737,27.0118],[101.6871,26.9478],[101.7252,26.8485],[101.7965,26.8177],[101.8652,26.7429],[101.7964,26.6051]]},"properties":{"name":"Yalong","scalerank":7,"min_zoom":6}},
{"type":"Feature","geometry":{"type":"LineString","coordinates":[[80.9407,31.3915],[80.7359,31.3821],[80.6318,31.4721],[80.4519,31.4864],[80.3893,31.6209],[80.293,31.7702],[80.1855,31.8698],[80.1325,31.9957],[80.0427,32.1457],[79.9373,32.2384],[79.8108,32.3941],[79.7009,32.4496],[79.6831,32.4979]]},"properties":{"name":null,"scalerank":7,"min_zoom":6}},
{"type":"Feature","geometry":{"type":"MultiLineString","coordinates":[[[113.7974,2.7086],[113.6533,2.5392],[113.2171,2.317],[113.1314,2.1822],[113.0713,2.1935],[113.0608,2.0613],[112.9912,2.0207],[112.5243,2.0172],[112.1871,2.0753],[112.1445,2.127],[111.96,2.1506],[111.838,2.242],[111.815,2.2915],[111.8067,2.2403],[111.6773,2.2894]],[[111.6783,2.2915],[111.6773,2.2894]],[[111.6773,2.2894],[111.6426,2.3677],[111.5759,2.3262],[111.4933,2.3536]],[[111.6773,2.2894],[111.5913,2.2005],[111.4524,2.1392],[111.3779,2.1618]]]},"properties":{"name":"Bajang","scalerank":7,"min_zoom":6}},
{"type":"Feature","geometry":{"type":"MultiLineString","coordinates":[[[73.5227,64.5826],[73.5235,64.6782],[73.7065,64.7832],[73.8175,64.9085],[74.0029,64.9584],[73.9635,65.1143],[73.8745,65.1622],[73.3224,65.2635],[73.2211,65.3299],[72.8345,65.4489],[72.5154,65.6942],[72.4675,65.8227],[72.0549,65.9488],[72.0567,66.1312],[71.9917,66.2299]],[[71.5632,63.541],[71.8267,63.6252],[71.9207,63.6973],[72.2144,63.7813],[72.4124,63.8694],[72.8131,63.9658],[73.0908,64.1034],[73.1272,64.1917],[73.2605,64.2571],[73.516,64.5826]]]},"properties":{"name":"Nadym","scalerank":7,"min_zoom":6}},
{"type":"Feature","geometry":{"type":"LineString","coordinates":[[114.3648,1.3598],[114.3101,1.3084],[114.3032,1.2227],[114.2057,1.0245],[114.1138,0.9333],[114.1228,0.8093],[114.2555,0.805],[114.351,0.7429],[114.4624,0.7386],[114.608,0.8301],[114.7324,0.8807],[114.9024,0.9006],[115.026,0.8767],[115.0296,0.7634],[115.1256,0.7019],[115.2358,0.6735],[115.2433,0.584],[115.3154,0.5781],[115.3687,0.5033],[115.4609,0.4971],[115.4258,0.4244],[115.4439,0.326],[115.5571,0.2191],[115.5484,0.1005],[115.6126,0.0508],[115.6314,-0.0726],[115.7761,-0.0895],[115.7898,-0.2093],[115.8859,-0.2987],[116.0703,-0.3114],[116.2207,-0.3781],[116.4348,-0.355],[116.5455,-0.288],[116.6875,-0.1563],[116.7751,-0.1841],[116.8589,-0.332],[116.9999,-0.2881],[117.0787,-0.3329],[117.0025,-0.4085],[117.0325,-0.5873],[117.1602,-0.5178],[117.2739,-0.5866],[117.3595,-0.5866],[117.4414,-0.5178]]},"properties":{"name":"Mahakam","scalerank":7,"min_zoom":6}},
{"type":"Feature","geometry":{"type":"LineString","coordinates":[[138.2197,-3.8891],[138.3844,-3.9232],[138.4739,-3.9155],[138.5835,-3.9551],[138.7143,-3.8825],[138.7881,-3.8732],[138.8662,-3.9203],[138.9253,-4.0207],[138.9788,-4.061],[139.0807,-4.3769],[139.2283,-4.4221],[139.3774,-4.5991],[139.3046,-4.6909],[139.3406,-4.809],[139.288,-5.0322],[139.2263,-5.1232],[139.1587,-5.1507],[138.877,-5.3554],[138.8565,-5.572],[138.7293,-5.6303],[138.5005,-5.5985],[138.3629,-5.6787]]},"properties":{"name":"Baliem","scalerank":7,"min_zoom":6}},
{"type":"Feature","geometry":{"type":"LineString","coordinates":[[95.7869,20.2182],[95.9308,20.2046],[96.121,20.156],[96.2408,20.069],[96.2319,19.7869],[96.294,19.7111],[96.2783,19.6229],[96.3076,19.5361],[96.2799,19.4776],[96.3098,19.3235],[96.4112,19.197],[96.438,19.0327],[96.5006,18.8568],[96.4482,18.816],[96.4548,18.6929],[96.605,18.5203],[96.6782,18.3612],[96.6988,18.1962],[96.7564,18.0772],[96.804,18.054],[96.8632,17.8819],[96.9022,17.6568],[96.8831,17.4574]]},"properties":{"name":"Sittong","scalerank":7,"min_zoom":6}},
{"type":"Feature","geometry":{"type":"LineString","coordinates":[[102.7906,4.44],[102.6671,4.4571],[102.5798,4.5123],[102.4788,4.5015],[102.4688,4.4486],[102.3969,4.3744],[102.3582,4.1629],[102.3173,4.0963],[102.3615,3.9693],[102.4176,3.9451],[102.4199,3.8028],[102.3726,3.7456],[102.4331,3.4999],[102.427,3.3671],[102.5261,3.3832],[102.5933,3.4455],[102.608,3.5067],[102.6918,3.5204],[102.881,3.4595],[102.9097,3.4821],[103.051,3.4472],[103.2546,3.5435],[103.448,3.505]]},"properties":{"name":"Pahang","scalerank":7,"min_zoom":6}},
{"type":"Feature","geometry":{"type":"MultiLineString","coordinates":[[[105.2573,24.4481],[105.4082,24.3758],[105.5733,24.3275],[105.7551,24.3006],[105.8362,24.3568],[105.8914,24.3126],[105.888,24.2347],[105.959,24.1924],[106.0209,24.1109],[106.0149,24.0594],[106.1392,23.942],[106.2446,23.9753],[106.2999,23.9512],[106.4116,23.9811],[106.4566,23.9461]],[[106.4566,23.9461],[106.5459,23.8915],[106.6135,23.8975],[106.6738,23.7931],[106.9092,23.7606],[106.9669,23.6575],[107.0498,23.6148],[107.2442,23.5843],[107.4093,23.4527],[107.5401,23.3245],[107.6353,23.2762],[107.6432,23.2297],[107.7681,23.1466],[107.8806,23.0345],[108.0403,22.9617],[108.0923,22.8443]],[[106.4566,23.9393],[106.4566,23.9461]]]},"properties":{"name":"You","scalerank":7,"min_zoom":6}},
{"type":"Feature","geometry":{"type":"LineString","coordinates":[[72.9073,22.2786],[72.989,22.2615],[73.0398,22.3072],[73.0898,22.4908],[73.2449,22.6633],[73.2437,22.7591],[73.3705,22.8299],[73.3738,22.9061],[73.4304,22.9708],[73.4358,23.0331],[73.5364,23.0988],[73.5755,23.1813],[73.6918,23.2603],[73.7924,23.2683],[73.8512,23.3297],[73.9132,23.3347],[73.99,23.4145],[74.0099,23.4912],[74.1041,23.619],[74.1368,23.774],[74.2566,23.8239],[74.352,23.8889],[74.4531,23.9145],[74.519,23.8665],[74.5497,23.7566],[74.52,23.6404],[74.5265,23.5385],[74.6055,23.4077],[74.6983,23.3486],[74.7773,23.2325],[74.8123,23.1346],[74.9649,23.1424],[75.0054,23.1024],[75.0083,22.9241],[74.9585,22.7954],[74.9734,22.7298]]},"properties":{"name":"Mahi","scalerank":7,"min_zoom":6}},
{"type":"Feature","geometry":{"type":"LineString","coordinates":[[141.9263,-34.1169],[141.7481,-34.1032],[141.6655,-34.127],[141.5676,-34.2139],[141.3916,-34.1337],[141.3306,-34.1449],[141.2415,-34.0761],[141.0453,-34.0622],[140.9418,-33.9892],[140.8296,-34.069],[140.7266,-34.2559],[140.6093,-34.2975],[140.5734,-34.452],[140.4117,-34.3749],[140.3633,-34.1939],[140.1826,-34.1613],[140.1132,-34.1906],[139.8785,-34.1076],[139.8533,-34.0449],[139.7002,-34.0226],[139.638,-34.2124],[139.6089,-34.4428],[139.5826,-34.5004],[139.61,-34.6341],[139.5489,-34.8049],[139.6409,-34.8622],[139.5969,-34.9113],[139.446,-34.8566],[139.3314,-34.9019],[139.2605,-34.9658],[139.3752,-35.0258],[139.293,-35.1151],[139.3151,-35.1856],[139.4408,-35.238],[139.3629,-35.3769]]},"properties":{"name":"Murray","scalerank":3,"min_zoom":3}},
{"type":"Feature","geometry":{"type":"LineString","coordinates":[[78.1308,21.7008],[77.9971,21.6842],[77.9243,21.7251],[77.8075,21.7334],[77.7289,21.8214],[77.3123,21.8081],[77.1777,21.7291],[77.0288,21.6937],[76.9174,21.6182],[76.8437,21.6134],[76.7711,21.5127],[76.6734,21.4532],[76.4926,21.4513],[76.3434,21.3998],[76.0004,21.1024],[75.8677,21.0609],[75.7715,21.0629],[75.4402,21.17],[75.2398,21.1498],[75.0141,21.1863],[74.9026,21.264],[74.8279,21.281],[74.7622,21.3605],[74.6812,21.3998],[74.4049,21.4441],[74.3139,21.5172],[74.134,21.5159],[73.941,21.4737],[73.8477,21.4248],[73.7275,21.3248],[73.6795,21.2455],[73.3884,21.2804],[73.1977,21.2281],[73.0711,21.2938],[72.9819,21.3053],[72.7286,21.1481]]},"properties":{"name":"Tapi","scalerank":7,"min_zoom":6}},
{"type":"Feature","geometry":{"type":"LineString","coordinates":[[83.9034,23.1981],[83.9439,23.1783],[83.9877,23.0563],[84.073,22.9945],[84.176,22.9996],[84.2173,23.1128],[84.3811,22.9798],[84.4145,22.6274],[84.3189,22.5565],[84.3399,22.4539],[84.512,22.3254],[84.6221,22.3144],[84.6681,22.2652]]},"properties":{"name":"Sankh","scalerank":7,"min_zoom":6}},
{"type":"Feature","geometry":{"type":"LineString","coordinates":[[112.5288,25.3172],[112.7216,25.3671],[112.8697,25.3061],[113.0168,25.2816],[113.1827,25.2226],[113.283,25.2262],[113.2924,25.1622],[113.4142,25.0301],[113.4264,24.9667],[113.5418,24.8779],[113.5707,24.7729],[113.5181,24.7279],[113.5234,24.6316],[113.5806,24.5434],[113.5613,24.495],[113.4145,24.3004],[113.4517,24.2386],[113.3997,24.1136],[113.292,24.033],[113.2442,23.808],[113.2033,23.7366],[113.0948,23.6918],[113.0006,23.6872],[112.9816,23.5767],[112.8954,23.4578],[112.8652,23.3141],[112.8106,23.2263],[112.8193,23.1529]]},"properties":{"name":"Bei","scalerank":7,"min_zoom":6}},
{"type":"Feature","geometry":{"type":"LineString","coordinates":[[134.316,43.6488],[134.2796,43.6063],[134.155,43.598],[133.8468,43.7466],[133.8803,43.8732],[133.9317,43.9156],[133.9087,44.0266],[133.8315,44.0878],[133.8286,44.2414],[133.9252,44.3522],[134.0625,44.4309],[134.0598,44.5318],[134.1314,44.5965],[133.9674,44.6823],[133.9257,44.6553],[133.7717,44.6752],[133.5862,44.8472],[133.5798,44.9331],[133.5109,45.0799],[133.5908,45.1118],[133.5864,45.2268],[133.5003,45.2837],[133.3882,45.4709],[133.4148,45.5733]]},"properties":{"name":"Ussuri","scalerank":7,"min_zoom":6}},
{"type":"Feature","geometry":{"type":"LineString","coordinates":[[24.584,48.2918],[24.5534,48.4444],[24.6406,48.5424],[24.8274,48.5803],[24.9287,48.5777],[25.0492,48.494],[25.1221,48.4993],[25.3428,48.4536],[25.5509,48.4492],[25.6736,48.3643],[25.7783,48.3802],[25.9791,48.3076],[26.0745,48.2504],[26.3298,48.2088],[26.6653,48.2745],[26.8045,48.2586],[26.9376,48.2051],[27.0475,48.1225],[27.2715,47.7152],[27.4278,47.5812],[27.4727,47.492],[27.5626,47.4686],[27.5718,47.3754],[27.6365,47.307],[27.7223,47.2836],[27.8059,47.1448],[28.0366,47.0167],[28.1018,46.9354],[28.1211,46.8345],[28.2335,46.6627],[28.2185,46.504],[28.2455,46.4281],[28.1773,46.2873],[28.0857,46.0008],[28.1245,45.9186],[28.1128,45.8255],[28.1546,45.762],[28.1675,45.6327],[28.1404,45.5605],[28.2124,45.4505]]},"properties":{"name":"Prut","scalerank":7,"min_zoom":6}},
{"type":"Feature","geometry":{"type":"LineString","coordinates":[[128.8789,37.4051],[128.7991,37.4901],[128.6827,37.4639],[128.6192,37.3829],[128.5951,37.2674],[128.4712,37.1722],[128.5294,37.1136],[128.3246,36.9695],[128.2373,36.9561],[128.1777,37.0073],[128.0474,36.9527],[127.9473,37.0215],[127.895,36.9873],[127.834,37.0864],[127.6899,37.2379],[127.6724,37.2865],[127.5536,37.3616],[127.4876,37.482],[127.1831,37.5803]]},"properties":{"name":"Namhan","scalerank":7,"min_zoom":6}},
{"type":"Feature","geometry":{"type":"LineString","coordinates":[[106.4601,69.3613],[106.7749,69.3079],[107.0331,69.426],[107.3419,69.4706],[107.4915,69.4414],[108.3347,69.4078],[108.5953,69.3671],[108.6972,69.4283],[109.0405,69.4481],[109.8507,69.5653],[110.4263,69.7088],[110.9043,69.7839],[110.7529,69.8454],[110.9601,69.9313],[111.4766,70.0241],[111.9263,69.9848],[112.2341,69.9007],[112.7571,69.9095],[112.5154,70.2015],[112.5115,70.3138],[112.4216,70.3422],[112.3321,70.5145],[112.5143,70.552],[112.4269,70.6695],[112.5479,70.7386]]},"properties":{"name":"Bol’shaya Kuonamka","scalerank":7,"min_zoom":6}},
{"type":"Feature","geometry":{"type":"LineString","coordinates":[[42.0725,43.2425],[42.0171,43.2687],[41.9982,43.41],[42.0857,43.4745],[42.1331,43.5821],[42.1183,43.6337],[41.9185,43.6964],[41.9316,43.7845],[41.9057,43.9833],[42.0469,44.2313],[42.038,44.364],[41.9446,44.4029],[41.9212,44.463],[41.9361,44.603],[41.8291,44.6964],[41.8117,44.792],[41.7369,44.853],[41.4212,44.8421],[41.2942,44.894],[41.1629,44.9929],[41.1075,45.0961],[41.0154,45.1979],[41.0081,45.3849],[40.9033,45.4337],[40.6637,45.431],[40.4707,45.3773],[40.3117,45.3773],[40.273,45.3474],[40.0396,45.3264],[39.9057,45.2308],[39.7156,45.1835],[39.6121,45.193],[39.3242,45.0013],[39.0422,44.966],[38.9209,45.0165],[38.8064,44.9837],[38.7239,45.047],[38.3582,45.125],[38.2254,45.1744],[38.019,45.1315],[37.8351,45.1234],[37.7654,45.1476],[37.5845,45.1321],[37.4212,45.1854],[37.3821,45.308]]},"properties":{"name":"Kuban","scalerank":7,"min_zoom":6}},
{"type":"Feature","geometry":{"type":"LineString","coordinates":[[28.1311,-28.7292],[28.0182,-28.8568],[27.9111,-28.8607],[27.8608,-28.9154],[27.747,-28.9086],[27.6645,-29.0656],[27.4527,-29.2915],[27.4172,-29.3965],[27.3443,-29.4844],[27.2412,-29.5488],[27.0144,-29.6254],[26.9219,-29.7665],[26.9255,-29.8344],[26.8559,-29.8676],[26.8499,-30.006],[26.69,-30.1947],[26.7515,-30.2328],[26.4722,-30.3679],[26.4073,-30.4159],[26.2833,-30.4157],[26.2503,-30.4509],[26.128,-30.4458],[26.0597,-30.5138]]},"properties":{"name":"Caledon","scalerank":7,"min_zoom":6}},
{"type":"Feature","geometry":{"type":"LineString","coordinates":[[38.803,6.9414],[38.8889,6.9312],[39.0192,7.0199],[39.2057,7.0714],[39.4042,7.1613],[39.4884,7.2824],[39.4954,7.3352],[39.5795,7.4331],[39.6499,7.4724],[39.7467,7.4304],[39.9168,7.4935],[40.0092,7.4591],[40.0745,7.4656],[40.1231,7.4212],[40.3767,7.5816],[40.5269,7.6636],[40.6846,7.8076],[40.7669,7.9288],[40.8297,7.9583],[40.959,7.9658],[41.188,8.1269],[41.3141,8.1574],[41.4041,8.1235],[41.483,8.1365],[41.5274,8.0757],[41.5278,8.0015],[41.6173,7.8877],[41.6235,7.7498],[41.6838,7.702],[41.7481,7.5874],[41.9129,7.524],[42.0364,7.5692],[42.0551,7.5134],[42.1758,7.4078],[42.1786,7.3389],[42.2271,7.2227],[42.178,7.0338],[42.0756,6.8592],[42.0791,6.7958],[42.0142,6.6431],[42.1126,6.5352],[42.123,6.4644],[42.191,6.43],[42.281,6.3278],[42.4223,6.2856],[42.7226,6.2664],[42.818,6.1619],[42.9457,6.0951],[43.0624,6.0567],[43.1929,5.9784],[43.2729,5.9551],[43.4763,5.9652],[43.6051,5.8781],[43.6885,5.8663],[43.9182,5.6944],[44.0344,5.678],[44.1853,5.5906],[44.2634,5.5978],[44.4218,5.4739],[44.5291,5.4645],[44.6111,5.3267],[44.6679,5.2661],[44.7346,5.2447],[44.8546,5.0734],[44.9531,5.0499],[45.0083,4.9642]]},"properties":{"name":"Shebele","scalerank":7,"min_zoom":6}},
{"type":"Feature","geometry":{"type":"MultiLineString","coordinates":[[[79.8408,30.8885],[79.8137,30.8402],[79.8749,30.6892],[79.7383,30.5241],[79.6547,30.5017],[79.5226,30.564],[79.3889,30.4224],[79.3213,30.3981],[79.2689,30.3045],[79.0007,30.306],[78.8032,30.2359],[78.6871,30.24],[78.5789,30.0976],[78.4634,30.0729],[78.405,30.1324],[78.3201,30.1406],[78.28,30.0716],[78.1641,29.9499],[78.1891,29.7067],[78.0189,29.6192],[77.9918,29.5311],[78.0524,29.4348],[78.0524,29.374],[78.1172,29.2514],[78.0798,29.1407],[78.0724,28.9693],[78.106,28.9136],[78.0959,28.8285],[78.1827,28.6929],[78.1953,28.5703],[78.2647,28.4888],[78.2901,28.307],[78.3827,28.222],[78.4634,28.1059],[78.6143,27.996],[78.877,27.9222],[78.9567,27.8384],[79.1555,27.8179],[79.2036,27.6914],[79.332,27.6368],[79.4099,27.6466],[79.5579,27.5308],[79.6225,27.4175],[79.6284,27.3518],[79.6978,27.2415],[79.819,27.1569],[79.9116,27.1484],[80.0125,27.0171],[80.0199,26.9572],[80.1078,26.8737],[80.1282,26.7622],[80.2451,26.682],[80.2969,26.5487],[80.4033,26.4416],[80.5099,26.381],[80.5977,26.1746],[80.6731,26.1148],[80.7429,26.1102],[80.8534,26.0582],[80.9619,26.077],[81.0652,26.0003],[81.2041,25.9393],[81.2245,25.8685],[81.3928,25.7722],[81.3828,25.6821],[81.539,25.5911],[81.6301,25.5865],[81.7047,25.4947],[81.7783,25.478],[81.8858,25.5129],[81.9375,25.3445],[82.043,25.3356],[82.0884,25.2789],[82.1814,25.3166],[82.3124,25.2631],[82.3831,25.262],[82.5272,25.1595],[82.637,25.2203],[82.7786,25.1249],[82.8355,25.1186],[82.9204,25.1946],[83.0199,25.2278],[83.0415,25.3231],[83.1349,25.3264],[83.1778,25.4103],[83.1231,25.4522],[83.2126,25.5352],[83.3117,25.4791],[83.4909,25.5171],[83.6171,25.5977],[83.693,25.6147],[83.772,25.5173],[83.8977,25.524],[84.1435,25.7363],[84.2725,25.6929],[84.3727,25.7652],[84.4988,25.6991],[84.6682,25.7059],[84.7285,25.7497],[84.8531,25.7124],[84.9963,25.7349],[85.0859,25.7211],[85.1827,25.6376],[85.3881,25.5084],[85.5151,25.5847],[85.6519,25.4634],[85.7217,25.5042],[85.8307,25.505],[85.997,25.3803],[86.0392,25.3304],[86.2412,25.3302],[86.3062,25.2927],[86.4461,25.3619],[86.5068,25.4627],[86.5908,25.4612],[86.5796,25.3751],[86.6113,25.3035],[86.6939,25.2564],[86.7825,25.2756],[86.8899,25.35],[86.9742,25.2893],[87.1599,25.2278],[87.2177,25.2484],[87.2822,25.3561],[87.3511,25.3985],[87.512,25.3819],[87.5986,25.2667],[87.7261,25.2517],[87.7837,25.2142],[87.7809,25.0899],[87.9543,24.9876],[87.9067,24.8609],[87.9475,24.7958],[87.9595,24.7172],[88.0847,24.5941],[88.1334,24.4825],[88.2251,24.4606],[88.3079,24.4862],[88.4444,24.3508],[88.5161,24.3675],[88.6814,24.3341],[88.7371,24.2873],[88.7515,24.1527],[88.8428,24.1232],[88.9307,24.1716],[89.0366,24.0953],[89.0887,23.9772]],[[87.9381,24.8057],[87.9204,24.7266],[87.9409,24.6195],[88.0281,24.5479],[88.0779,24.4562],[88.1563,24.3717],[88.2525,24.3119],[88.2566,24.1413],[88.1946,24.0013],[88.2281,23.7565],[88.1598,23.6997],[88.1632,23.624],[88.2947,23.5364],[88.3679,23.5118],[88.3427,23.3406],[88.3823,23.2253],[88.4443,23.2174],[88.4922,23.119],[88.4951,23.0493],[88.4069,22.9455]],[[88.4291,24.3558],[88.4533,24.2834],[88.5371,24.2299],[88.5287,24.152],[88.6485,24.0666],[88.6328,23.9877],[88.7872,23.9617],[88.853,23.9254],[88.8696,23.6997],[88.7359,23.5799],[88.8347,23.43],[88.933,23.3563],[89.0232,23.357],[89.0413,23.1735],[89.1194,23.0759],[89.0781,22.999],[89.1303,22.9302],[89.1285,22.8378],[89.2013,22.7469],[89.2561,22.7368],[89.2931,22.6001]],[[89.0883,23.9783],[89.0887,23.9772]],[[89.0887,23.9772],[89.1592,23.9335],[89.3214,23.9299],[89.5557,23.8148],[89.6196,23.8437],[89.7493,23.848]],[[89.0887,23.9772],[89.1138,23.9261],[89.2555,23.8067],[89.262,23.7518],[89.3525,23.6717],[89.421,23.6744],[89.5481,23.5057],[89.5986,23.4731],[89.6376,23.2882],[89.6809,23.227],[89.6978,23.097],[89.8281,22.9391],[89.9429,22.8573],[89.9988,22.7689],[90.0244,22.6513],[90.0102,22.4903]],[[90.0875,23.5786],[90.0713,23.5039],[90.1124,23.439],[90.1454,23.2366],[90.2126,23.1913]],[[90.2126,23.1913],[90.2429,23.1243],[90.3186,23.106],[90.322,22.997],[90.3848,22.9338],[90.3653,22.8457],[90.3942,22.7748]],[[88.4069,22.9455],[88.4854,22.9319],[88.5366,22.9803],[88.6228,22.9445],[88.7393,22.9353],[88.7563,22.8704],[88.8486,22.8299],[88.8383,22.7394],[88.8682,22.6636],[88.9296,22.6588],[89.0022,22.4282],[88.9893,22.387],[89.0619,22.2117],[89.0603,22.1306]],[[88.4069,22.9455],[88.3482,22.7882],[88.364,22.6561],[88.3423,22.5763],[88.1257,22.4558],[88.0709,22.2349]],[[88.4063,22.9455],[88.4069,22.9455]],[[89.2931,22.6001],[89.251,22.5534],[89.2906,22.4658],[89.2551,22.4243],[89.2753,22.3127],[89.3423,22.1306],[89.3873,22.0867],[89.3521,21.9723]],[[89.2931,22.6001],[89.2931,22.598]],[[89.4757,22.295],[89.4443,22.3341],[89.4255,22.5338],[89.3453,22.6029],[89.2931,22.6001]]]},"properties":{"name":"Ganges","scalerank":3,"min_zoom":3}},
{"type":"Feature","geometry":{"type":"LineString","coordinates":[[31.4815,-29.2171],[31.4399,-29.1769],[31.288,-29.1504],[31.1733,-29.0595],[31.1282,-28.9667],[31.038,-28.9264],[31.0354,-28.874],[30.9522,-28.7957],[30.7608,-28.7292],[30.6438,-28.7236],[30.5258,-28.7577],[30.3706,-28.7516],[30.3339,-28.7028],[30.1716,-28.7474],[29.9908,-28.6434],[29.88,-28.6551],[29.8263,-28.715],[29.6782,-28.7492],[29.5969,-28.6591],[29.4452,-28.661],[29.3359,-28.7438],[29.2654,-28.7631],[29.1231,-28.6425],[29.0048,-28.6594]]},"properties":{"name":"Tugela","scalerank":7,"min_zoom":6}},
{"type":"Feature","geometry":{"type":"LineString","coordinates":[[77.5728,13.4068],[77.5899,13.5114],[77.5222,13.5711],[77.4871,13.6634],[77.4629,13.8245],[77.4944,13.8848],[77.4153,14.027],[77.4335,14.0836],[77.3652,14.2117],[77.3389,14.3502],[77.2805,14.465],[77.3126,14.4957],[77.266,14.6694],[77.3282,14.8666],[77.4487,14.888],[77.6197,14.9522],[77.7812,14.8985],[77.867,14.9554],[77.9309,14.964],[78.0742,14.8715],[78.2407,14.804],[78.3449,14.8618],[78.3775,14.8231],[78.5385,14.7364],[78.6895,14.6128],[78.8473,14.5555],[78.929,14.4688],[79.0422,14.4483],[79.1051,14.4733],[79.1501,14.4261],[79.2511,14.462],[79.4505,14.5677],[79.5821,14.5502],[79.7353,14.5877],[79.8482,14.493],[80.0159,14.4783],[80.1491,14.565]]},"properties":{"name":"Penner","scalerank":7,"min_zoom":6}},
{"type":"Feature","geometry":{"type":"LineString","coordinates":[[-2.3857,40.0401],[-2.4626,40.0159],[-2.5694,39.8277],[-2.6246,39.7693],[-2.5631,39.6458],[-2.5769,39.3714],[-2.668,39.3333],[-2.7676,39.3326],[-2.8238,39.3789],[-3.0302,39.3538],[-3.1646,39.3166]]},"properties":{"name":"Zncara","scalerank":7,"min_zoom":6}},
{"type":"Feature","geometry":{"type":"LineString","coordinates":[[10.978,50.4871],[10.8755,50.4116],[10.6458,50.4526],[10.6086,50.5072],[10.4177,50.5432],[10.3677,50.6239],[10.3495,50.7488],[10.2896,50.8033],[9.9756,50.8641],[10.1099,51.0113],[10.1975,50.9997],[10.2898,51.0969],[10.1945,51.1263],[10.152,51.1904],[9.9928,51.2266],[9.95,51.3228],[9.6421,51.4252],[9.5872,51.5892],[9.4036,51.6373],[9.3823,51.7758],[9.4429,51.8299],[9.5151,51.9829],[9.4429,51.9944],[9.3745,52.09],[9.2639,52.1605],[9.0637,52.1976],[8.8982,52.1719],[8.9291,52.3274],[9.0137,52.4573],[9.1941,52.6455],[9.1897,52.9503],[9.063,52.9993],[8.8728,53.0358],[8.4839,53.2451],[8.5044,53.358]]},"properties":{"name":"Weser","scalerank":7,"min_zoom":6}},
{"type":"Feature","geometry":{"type":"MultiLineString","coordinates":[[[-122.1652,43.0826],[-122.2728,43.1005],[-122.3717,43.0434],[-122.3905,42.968],[-122.4828,42.8821],[-122.4975,42.7553],[-122.8043,42.6379],[-122.878,42.4571],[-123.015,42.446],[-123.4332,42.4479],[-123.4722,42.5346],[-123.5779,42.5807],[-123.5869,42.6666],[-123.6899,42.6662],[-123.8538,42.7466],[-124.0326,42.6525],[-124.0411,42.5763],[-124.1312,42.5574]],[[-124.1312,42.5573],[-124.1978,42.5108],[-124.2834,42.5135],[-124.4226,42.4276]]]},"properties":{"name":"Rogue","scalerank":7,"min_zoom":6}},
{"type":"Feature","geometry":{"type":"MultiLineString","coordinates":[[[-124.0692,40.4794],[-124.1442,40.5305],[-124.1759,40.6248],[-124.3058,40.6373]],[[-122.8546,39.3336],[-122.9603,39.4239],[-123.1061,39.4001],[-123.1408,39.4904],[-123.2602,39.5601],[-123.3304,39.6446],[-123.3428,39.7204],[-123.4568,39.9327],[-123.5067,40.109],[-123.6249,40.1918],[-123.63,40.2449],[-123.7175,40.3121],[-123.9005,40.3603],[-123.9233,40.4374],[-124.0692,40.4795]]]},"properties":{"name":"Eel","scalerank":7,"min_zoom":6}},
{"type":"Feature","geometry":{"type":"LineString","coordinates":[[-119.668,38.3777],[-119.7272,38.4415],[-119.9164,38.3717],[-120.0081,38.3101],[-120.0542,38.2235],[-120.2948,38.1946],[-120.4605,38.0641],[-120.5643,37.9116],[-120.6447,37.8455],[-120.7982,37.8067],[-121.09,37.757],[-121.1521,37.7196],[-121.1972,37.7062],[-121.2335,37.6798]]},"properties":{"name":"Stanislaus","scalerank":7,"min_zoom":6}},
{"type":"Feature","geometry":{"type":"MultiLineString","coordinates":[[[16.0762,66.8096],[16.0625,66.773],[16.3027,66.6253]],[[21.1199,64.7259],[20.9355,64.7598],[20.6628,64.7349],[20.2524,64.814],[20.0964,64.9205],[19.729,65.0077],[19.3818,65.1458],[19.231,65.2618],[18.8202,65.3746],[18.7009,65.4414],[18.5617,65.4439],[18.2503,65.5314],[18.1187,65.6315],[18.1348,65.7244],[18.0108,65.855],[17.8704,65.9456],[17.8565,66.1031],[17.4744,66.2808],[17.0171,66.4278],[16.6887,66.4471],[16.4391,66.4819],[16.3423,66.5303],[16.3029,66.6249]]]},"properties":{"name":"Skelleftelven","scalerank":7,"min_zoom":6}},
{"type":"Feature","geometry":{"type":"LineString","coordinates":[[-71.1993,-46.5693],[-71.0344,-46.5431],[-70.8329,-46.5908],[-70.7043,-46.5973],[-70.5334,-46.5189],[-70.3669,-46.5371],[-70.2615,-46.582],[-70.156,-46.5263],[-70.0217,-46.528],[-69.7539,-46.6566],[-69.6843,-46.6654],[-69.5342,-46.7597],[-69.1993,-46.7376],[-68.9648,-46.6786],[-68.8035,-46.6999],[-68.569,-46.7027],[-68.4192,-46.7746],[-68.2161,-46.8036],[-67.9757,-47.0409],[-67.8083,-47.1014],[-67.6974,-47.0943],[-67.3702,-47.1268],[-67.1843,-47.2463],[-67.1511,-47.3386],[-67.0648,-47.4499],[-67.0748,-47.5705],[-67.0162,-47.6388],[-66.8783,-47.6914],[-66.7117,-47.7007],[-66.6088,-47.8246],[-66.4707,-47.8708],[-66.3843,-47.8651]]},"properties":{"name":"Deseado","scalerank":7,"min_zoom":6}},
{"type":"Feature","geometry":{"type":"LineString","coordinates":[[-96.7872,45.535],[-96.7084,45.4215],[-96.5666,45.3934],[-96.4589,45.2996],[-96.1089,45.1823],[-95.8072,44.9564],[-95.7344,44.9388],[-95.5192,44.7988],[-95.5323,44.7665],[-95.1485,44.6035],[-94.8696,44.5037],[-94.6276,44.3937],[-94.5069,44.3675],[-94.423,44.2854],[-94.0728,44.1621],[-93.9507,44.3605],[-93.9091,44.5899],[-93.6409,44.7103],[-93.5968,44.7911],[-93.439,44.8155],[-93.3223,44.7976],[-93.174,44.9007]]},"properties":{"name":"Minnesota","scalerank":7,"min_zoom":6}},
{"type":"Feature","geometry":{"type":"LineString","coordinates":[[72.7817,34.6225],[72.7887,34.5142],[72.8367,34.481],[72.8525,34.2878],[72.8331,34.1683],[72.707,34.0856]]},"properties":{"name":"Indus","scalerank":3,"min_zoom":3}},
{"type":"Feature","geometry":{"type":"MultiLineString","coordinates":[[[72.707,34.0855],[72.6332,34.0138],[72.4307,34.0113],[72.3484,33.961],[72.2403,33.9379],[72.2341,33.766],[72.0874,33.7899],[72.0219,33.7462],[71.9741,33.65],[71.9531,33.5264],[71.8418,33.4022],[71.7407,33.3756],[71.7032,33.2565],[71.7511,33.2054],[71.7109,33.0943],[71.7184,33.0294],[71.4619,32.898],[71.405,32.8089],[71.4141,32.7344],[71.3315,32.6561],[71.3466,32.4323],[71.2834,32.3399],[71.2288,32.1817],[71.1172,32.0811],[71.1069,32.0305],[70.9928,31.8979],[70.8993,31.7096],[70.9033,31.6637],[70.7914,31.4263],[70.7675,31.264],[70.8359,30.9776],[70.8193,30.8839],[70.7517,30.789],[70.7657,30.6951],[70.8303,30.5994],[70.8491,30.503],[70.8152,30.364],[70.774,30.3159],[70.8164,30.2025],[70.8062,30.0935],[70.8351,30.0534],[70.8442,29.9],[70.813,29.8294],[70.6587,29.6612],[70.6445,29.546],[70.6929,29.5212],[70.7203,29.3996],[70.6482,29.2151],[70.6602,29.0588],[70.5553,29.0154],[70.476,28.9227],[70.3736,28.9146],[70.2524,28.7776],[70.1567,28.7454],[70.0374,28.6503],[70.0286,28.5979],[69.781,28.5205],[69.7247,28.4161],[69.5854,28.2586],[69.4739,28.2154],[69.4106,28.2258],[69.3659,28.1463],[69.2881,28.1697],[69.1692,28.1102],[69.1448,28.0628],[69.0349,28.0627],[69.0161,27.9841],[68.9175,27.9742],[68.95,27.8683],[68.863,27.795],[68.9326,27.7103],[68.791,27.6669],[68.6992,27.7849],[68.6466,27.711],[68.4497,27.6766],[68.2911,27.5569],[68.3315,27.4776],[68.3267,27.3741],[68.2099,27.3631],[68.1533,27.3007],[68.1824,27.2023],[68.0942,27.1757],[68.1133,27.0941],[68.0409,27.0134],[67.9081,26.9471],[67.8917,26.8328],[67.9006,26.7111],[67.8809,26.6335],[67.926,26.5737],[67.8899,26.3857],[67.9391,26.2691],[68.1241,26.1524],[68.1272,26.0793],[68.233,25.9849],[68.2711,25.9033],[68.3914,25.8269],[68.3227,25.7329],[68.4264,25.6612],[68.3823,25.6212],[68.3804,25.5353],[68.3259,25.5129],[68.3106,25.4093],[68.3491,25.2793],[68.3043,25.2281],[68.3067,25.1356],[68.2737,24.9927],[68.1806,24.9982],[68.115,24.8658],[68.0533,24.8095],[67.9703,24.6563],[68.0068,24.5699],[67.9741,24.4643],[67.8495,24.4166],[67.8679,24.366],[67.8066,24.2524],[67.6636,24.1064]],[[79.4373,32.7381],[79.3086,32.9282],[79.1819,32.9893],[79.1008,33.0808],[78.9553,33.2012],[78.7978,33.1531],[78.7109,33.1654],[78.4335,33.2824],[78.291,33.3655],[78.1523,33.4689],[78.1498,33.5665],[77.8584,33.7804],[77.6604,34.0293],[77.4889,34.1369],[77.4213,34.1291],[77.0434,34.262],[76.99,34.3079],[76.8428,34.3303],[76.6845,34.4478],[76.5844,34.5633],[76.3009,34.6809],[76.1899,34.8299],[76.2249,34.9314],[75.9216,35.1656],[75.8433,35.3414],[75.7681,35.3145],[75.6359,35.3142],[75.3798,35.4723],[75.3233,35.5856],[75.1055,35.6026],[74.9673,35.6443],[74.8725,35.7117],[74.7398,35.7283],[74.7246,35.8416],[74.6305,35.8209],[74.6499,35.7019],[74.6113,35.6715],[74.6325,35.5275],[74.4749,35.4661],[74.4257,35.4235],[74.2467,35.4267],[74.207,35.4049],[74.0298,35.4343],[73.9108,35.4941],[73.6272,35.5435],[73.5024,35.5344],[73.44,35.5622],[73.3234,35.548],[73.2627,35.404],[73.2695,35.26],[73.1187,35.1849],[72.928,35.0349],[72.8723,34.892],[72.9863,34.8401],[72.9194,34.7808],[72.8245,34.7608],[72.7817,34.6225]],[[79.7346,32.4439],[79.6763,32.5116],[79.4298,32.745]],[[67.6636,24.1064],[67.6614,24.1081]],[[67.6636,24.1064],[67.6165,24.0652],[67.5323,24.0605]],[[67.7134,24.0664],[67.6636,24.1064]],[[67.7134,24.0664],[67.7602,24.0528]],[[67.9259,23.9824],[67.9326,24.0455],[67.8111,24.0628],[67.8152,23.9947],[67.9259,23.9824]],[[67.9259,23.9824],[67.9268,23.9849]],[[68.0245,23.9337],[67.9564,23.9995]],[[67.6509,23.9312],[67.7314,23.9652],[67.7134,24.0664]],[[67.8575,23.9095],[67.9259,23.9824]]]},"properties":{"name":"Indus","scalerank":3,"min_zoom":3}},
{"type":"Feature","geometry":{"type":"LineString","coordinates":[[-81.9515,49.7189],[-82.0546,49.8977],[-82.1375,49.909],[-82.1481,50.052],[-82.1899,50.155],[-82.171,50.2358],[-82.0591,50.2714],[-81.95,50.3615],[-81.7567,50.4248],[-81.7255,50.4715],[-81.54,50.5693],[-81.4755,50.7269]]},"properties":{"name":"Mattagami","scalerank":7,"min_zoom":6}},
{"type":"Feature","geometry":{"type":"LineString","coordinates":[[-82.2131,48.656],[-82.125,48.8088],[-82.2306,48.8465],[-82.212,48.9251],[-82.1152,49.0701],[-82.0269,49.1434],[-82.0481,49.2982],[-81.9344,49.553],[-81.9515,49.7264]]},"properties":{"name":"Groundhog","scalerank":7,"min_zoom":6}},
{"type":"Feature","geometry":{"type":"LineString","coordinates":[[-88.2349,49.4383],[-88.359,49.2546],[-88.3516,49.1374],[-88.2628,48.9927]]},"properties":{"name":null,"scalerank":7,"min_zoom":6}},
{"type":"Feature","geometry":{"type":"LineString","coordinates":[[13.1292,1.1783],[13.1193,1.1146],[13.0593,1.0435],[12.9795,1.0445],[13.0042,0.8911],[12.8342,0.4674],[12.6946,0.3556],[12.5293,0.2455],[12.4365,0.258],[12.4026,0.1478],[12.3316,0.0887],[12.2487,-0.0771],[12.1554,-0.1249]]},"properties":{"name":"Ivindo","scalerank":7,"min_zoom":6}},
{"type":"Feature","geometry":{"type":"LineString","coordinates":[[37.2721,-9.09],[37.3193,-8.933],[37.3056,-8.8091],[37.3552,-8.6922],[37.3819,-8.5721],[37.3687,-8.4994],[37.5068,-8.3332],[37.5806,-8.2069],[37.6284,-8.1874],[37.7171,-8.0278],[37.8092,-7.9335],[37.8257,-7.8569],[37.8868,-7.8054],[38.0528,-7.7959],[38.1996,-7.8045],[38.2545,-7.7778],[38.4057,-7.8477],[38.5772,-7.8779],[38.6875,-7.9614],[38.8098,-7.9975],[39.0071,-8.0013],[39.0746,-8.0417],[39.211,-8.0492],[39.282,-8.0171],[39.3096,-7.9517],[39.2451,-7.871],[39.2525,-7.8233]]},"properties":{"name":"Rufiji","scalerank":7,"min_zoom":6}},
{"type":"Feature","geometry":{"type":"LineString","coordinates":[[115.8286,51.7224],[115.8508,51.7182],[115.8709,51.7215],[115.8891,51.7349],[115.9097,51.795],[115.9778,51.8256],[116.2247,51.8796],[116.4734,51.8706],[116.9382,51.996],[117.107,52.0784],[117.2428,52.0883],[117.7158,52.258],[117.8296,52.2407],[118.0723,52.3244],[118.5361,52.3819],[118.6762,52.465],[118.658,52.5501],[118.7796,52.6989],[118.9168,52.7644],[118.9702,52.8834],[119.0807,52.9411],[119.1682,53.0691],[119.388,53.1914],[119.4773,53.1914],[119.7891,53.4191],[119.9638,53.4172],[120.0783,53.4893],[120.3491,53.4422],[120.6063,53.4932],[120.7117,53.4793],[120.8882,53.5133],[121.082,53.4922],[121.1153,53.4287],[121.2858,53.4883],[121.3774,53.4161],[121.4019,53.3518],[121.4434,53.346],[121.4609,53.3379],[121.4778,53.3239]]},"properties":{"name":"Shilka","scalerank":7,"min_zoom":6}},
{"type":"Feature","geometry":{"type":"LineString","coordinates":[[20.8115,67.7897],[21.0138,67.7309],[21.3803,67.6915],[21.7642,67.6736],[22.0188,67.6085],[22.2849,67.4948],[22.5862,67.4095],[22.7319,67.2674],[23.2966,67.2486],[23.5735,67.1733],[23.6834,67.0498],[23.9329,66.889],[24.0007,66.8127],[23.8919,66.7512],[23.8814,66.5638],[23.6418,66.4366],[23.7236,66.2069],[23.8888,66.1613],[24.0192,66.0493],[24.0542,65.9482],[24.1631,65.8227]]},"properties":{"name":"Tornelven","scalerank":7,"min_zoom":6}},
{"type":"Feature","geometry":{"type":"LineString","coordinates":[[-74.1459,56.8258],[-73.9205,56.8054],[-73.7945,56.763],[-73.6488,56.7576],[-73.1152,56.8321],[-72.9808,56.8258],[-72.8437,56.8798],[-72.1472,57.0123],[-72.0488,57.1352],[-71.8884,57.17],[-71.7672,57.234],[-71.475,57.2072],[-71.2017,57.2392],[-70.9002,57.3555],[-70.551,57.4523],[-70.4436,57.5826],[-70.2942,57.6575],[-70.1843,57.5889],[-69.8897,57.5736],[-69.6672,57.6799],[-69.4754,57.683]]},"properties":{"name":"Mlzes","scalerank":7,"min_zoom":6}},
{"type":"Feature","geometry":{"type":"LineString","coordinates":[[-55.0021,4.9779],[-54.9833,5.1095],[-55.0833,5.1662],[-55.0411,5.3204],[-55.0028,5.3797],[-55.0482,5.6041],[-55.1572,5.8013],[-55.1251,5.8245]]},"properties":{"name":"Suriname","scalerank":7,"min_zoom":6}},
{"type":"Feature","geometry":{"type":"LineString","coordinates":[[-57.6525,3.4871],[-57.7269,3.6074],[-57.8305,3.6626],[-57.8546,3.7668],[-57.9429,3.9056],[-58.0328,3.9879],[-58.0685,4.1513],[-57.9657,4.2823],[-57.9534,4.4099],[-57.8381,4.6511],[-57.9192,4.8299],[-57.8511,4.923],[-57.7631,4.9357],[-57.7213,4.99],[-57.491,4.9915],[-57.316,5.0262],[-57.2897,5.1712],[-57.234,5.1424],[-57.1857,5.1833],[-57.2384,5.2689],[-57.3248,5.3387],[-57.2659,5.4035],[-57.2477,5.4849]]},"properties":{"name":"Corantijn","scalerank":7,"min_zoom":6}},
{"type":"Feature","geometry":{"type":"LineString","coordinates":[[-79.0431,35.6041],[-78.9364,35.4866],[-78.7725,35.3892],[-78.6757,35.2805],[-78.7412,35.178],[-78.8444,35.1212],[-78.8334,34.9617],[-78.7781,34.9447],[-78.814,34.8558],[-78.7928,34.7661],[-78.6444,34.6508],[-78.4398,34.5499],[-78.4122,34.4915],[-78.3126,34.4103],[-78.2041,34.3552],[-78.0452,34.3273],[-77.9626,34.1844]]},"properties":{"name":"Cape Fear","scalerank":7,"min_zoom":6}},
{"type":"Feature","geometry":{"type":"LineString","coordinates":[[37.6822,-0.7783],[37.7398,-0.7858]]},"properties":{"name":null,"scalerank":7,"min_zoom":6}},
{"type":"Feature","geometry":{"type":"LineString","coordinates":[[120.587,31.128],[120.6358,31.1901],[120.7254,31.212],[120.8787,31.3174],[120.949,31.3277],[121.0327,31.2783],[121.1523,31.2783],[121.3845,31.2188],[121.5308,31.2537],[121.5557,31.3085],[121.5118,31.3881]]},"properties":{"name":null,"scalerank":7,"min_zoom":6}},
{"type":"Feature","geometry":{"type":"LineString","coordinates":[[21.6902,-33.2227],[21.6596,-33.2466],[21.6288,-33.45],[21.6044,-33.4948],[21.6843,-33.5713],[21.7128,-33.6691],[21.6955,-33.7448],[21.7453,-33.7831],[21.6621,-33.9037],[21.6381,-34.002],[21.7781,-34.2577],[21.8782,-34.3438]]},"properties":{"name":"Gourits","scalerank":7,"min_zoom":6}},
{"type":"Feature","geometry":{"type":"LineString","coordinates":[[-67.2252,-18.1291],[-67.2955,-18.077],[-67.3752,-17.9238],[-67.4404,-17.8505],[-67.5306,-17.6069],[-67.6225,-17.5606],[-67.8757,-17.5463],[-68.1501,-17.457],[-68.2224,-17.4924],[-68.3937,-17.478],[-68.4959,-17.4872],[-68.6255,-17.3055],[-68.6373,-17.2328],[-68.746,-17.1839],[-68.827,-17.0929],[-68.8524,-17.0114],[-68.7733,-16.9574],[-68.861,-16.8486],[-68.9652,-16.8054],[-68.9657,-16.7382],[-69.0384,-16.5501]]},"properties":{"name":null,"scalerank":7,"min_zoom":6}},
{"type":"Feature","geometry":{"type":"MultiLineString","coordinates":[[[-124.5892,54.0848],[-124.3473,54.1351],[-124.2842,54.0712],[-124.1846,54.0848],[-124.0644,54.0302],[-123.8841,54.0218],[-123.8205,53.979],[-123.6433,53.975]],[[-123.6433,53.975],[-123.491,53.9981],[-123.3668,53.9711],[-123.0652,53.8607],[-122.9569,53.9],[-122.8778,53.9742],[-122.7096,53.9284]],[[-123.6433,53.975],[-123.6365,53.9676]],[[-124.8909,53.5629],[-124.9254,53.6465],[-124.6047,53.7883],[-124.5599,53.8914],[-124.4699,53.916],[-124.4725,54.0228],[-124.6029,54.0848]]]},"properties":{"name":"Nechako","scalerank":7,"min_zoom":6}},
{"type":"Feature","geometry":{"type":"LineString","coordinates":[[88.0159,70.0879],[88.2846,70.1182],[88.0984,70.2388],[88.45,70.2766],[88.5878,70.3998],[88.8936,70.4789],[88.9268,70.5542],[89.2975,70.648],[89.5138,70.7486],[89.7206,70.7925],[89.873,70.8944],[89.7741,70.9726],[89.7288,71.1195],[89.2149,71.2028],[89.1114,71.3627],[89.2035,71.4839],[89.5596,71.6766],[89.7724,71.6766],[90.0053,71.7242],[89.9487,71.826],[90.1111,72.015],[90.4786,72.1837],[90.6065,72.2853],[91.0859,72.4322],[90.9213,72.5106],[91.0514,72.5639],[91.5144,72.5044],[91.6482,72.5758],[91.36,72.6968],[91.4382,72.7611],[91.2344,72.8914],[90.9767,73.2277],[90.7236,73.28],[90.2267,73.1924],[90.0167,73.1837],[89.5458,73.2437],[89.2737,73.2381],[88.9518,73.1828],[88.6676,73.2122],[88.4229,73.1931],[88.2907,73.1071],[87.8154,73.0634],[87.6392,73.0054],[86.9059,72.9501],[86.7825,72.9985]]},"properties":{"name":"Pyasina","scalerank":7,"min_zoom":6}},
{"type":"Feature","geometry":{"type":"LineString","coordinates":[[-71.4761,66.5948],[-72.077,66.6907],[-72.706,66.7042],[-72.9489,66.7346]]},"properties":{"name":null,"scalerank":7,"min_zoom":6}},
{"type":"Feature","geometry":{"type":"LineString","coordinates":[[15.4961,7.7695],[15.6414,7.7542],[15.7505,7.8328],[15.7683,7.9317],[15.844,8.0546],[15.8579,8.1395],[15.8678,8.4134],[16.145,8.5974],[16.3648,8.6485],[16.4094,8.7066],[16.5132,8.7531],[16.5969,8.881],[16.4604,9.0694],[16.4203,9.1807],[16.3068,9.324],[16.2632,9.4586],[16.2192,9.5285],[16.0319,9.6281],[15.912,9.7311],[15.823,9.7547],[15.8034,9.877],[15.7153,9.9296],[15.6374,10.0301],[15.5356,10.0808],[15.301,10.312],[15.2778,10.3944],[15.2177,10.4874],[15.1377,10.5218],[15.1494,10.6233],[15.0654,10.7933],[15.0786,10.8983],[15.0347,10.9948],[15.0208,11.1827],[15.0559,11.2936],[15.0601,11.4163],[15.1352,11.531],[15.0847,11.616],[15.0678,11.7003],[15.1104,11.7831],[15.0415,11.9025],[15.0628,11.9274],[15.049,12.0847]]},"properties":{"name":"Logone","scalerank":7,"min_zoom":6}},
{"type":"Feature","geometry":{"type":"LineString","coordinates":[[11.908,1.5767],[11.728,1.4643],[11.6582,1.4559],[11.5099,1.4843],[11.3884,1.4644],[11.2879,1.4781],[11.1228,1.5336],[11.0366,1.526],[10.9763,1.57],[10.7543,1.5882],[10.666,1.56],[10.5747,1.5872],[10.5762,1.7101],[10.6103,1.8302],[10.5117,1.9214],[10.3667,1.9339],[10.2573,1.8581],[10.2293,1.7917],[10.1074,1.6783],[9.9048,1.5159],[9.7446,1.6]]},"properties":{"name":"Mbini","scalerank":7,"min_zoom":6}},
{"type":"Feature","geometry":{"type":"LineString","coordinates":[[-54.0509,3.6346],[-54.1263,3.7889],[-54.1881,3.8148],[-54.3559,4.0667],[-54.3393,4.1525],[-54.4112,4.2088],[-54.4037,4.3131],[-54.4515,4.4844],[-54.4242,4.5635],[-54.4361,4.7095],[-54.4794,4.7553],[-54.4829,4.913],[-54.431,5.0535],[-54.2699,5.2692],[-54.171,5.3478]]},"properties":{"name":"Maroni","scalerank":7,"min_zoom":6}},
{"type":"Feature","geometry":{"type":"LineString","coordinates":[[-73.6598,54.9346],[-73.9748,54.8691],[-74.3586,54.8998],[-74.6119,54.893],[-75.06,55.0247],[-75.1247,55.0983],[-75.271,55.1309],[-75.704,55.0454],[-75.8989,55.0637],[-76.1872,55.0644],[-76.366,55.1013],[-76.4236,55.1573],[-76.8209,55.346],[-76.9153,55.2902],[-77.1886,55.1839],[-77.3648,55.166],[-77.4038,55.2204],[-77.6073,55.2971],[-77.7816,55.2735]]},"properties":{"name":"Grande Rivire de la Baleine","scalerank":7,"min_zoom":6}},
{"type":"Feature","geometry":{"type":"LineString","coordinates":[[-72.2333,52.5262],[-72.4568,52.5192],[-72.8312,52.3189],[-72.9058,52.2271],[-73.0845,52.1589],[-73.1772,52.095],[-73.3391,52.0896],[-73.3616,52.0351],[-73.5132,51.9805],[-73.7767,51.9244],[-74.1711,51.9715],[-74.2899,51.9596],[-74.6037,52.1883],[-74.7075,52.188],[-74.8966,52.1416],[-74.9962,52.1657],[-75.3539,52.15],[-75.702,52.0769],[-75.8422,52.0651],[-75.9486,52.1],[-75.8983,52.2015],[-76.0522,52.1996],[-76.2022,52.2681],[-76.2923,52.2725],[-76.7754,52.2183],[-76.8916,52.293],[-77.1119,52.3353],[-77.5369,52.2424],[-77.8407,52.1968],[-78.0461,52.2517],[-78.4058,52.2445]]},"properties":{"name":"Eastmain","scalerank":7,"min_zoom":6}},
{"type":"Feature","geometry":{"type":"LineString","coordinates":[[-82.5744,31.9947],[-82.3791,31.9405],[-82.1435,31.9021],[-82.0736,31.8373],[-81.9202,31.7498],[-81.8697,31.6944],[-81.7257,31.6004],[-81.6159,31.4775],[-81.603,31.4237],[-81.4924,31.3677]]},"properties":{"name":"Altamaha","scalerank":7,"min_zoom":6}},
{"type":"Feature","geometry":{"type":"LineString","coordinates":[[-96.3989,18.2353],[-96.3468,18.2869],[-96.2781,18.2711],[-96.1702,18.1604],[-96.1094,18.1428],[-95.9967,18.1861],[-95.9801,18.2375],[-95.8921,18.2731],[-95.7143,18.3796],[-95.732,18.4598],[-95.6395,18.7033]]},"properties":{"name":"Papaloapan","scalerank":7,"min_zoom":6}},
{"type":"Feature","geometry":{"type":"LineString","coordinates":[[-64.7293,55.9938],[-64.6277,56.0307]]},"properties":{"name":null,"scalerank":7,"min_zoom":6}},
{"type":"Feature","geometry":{"type":"LineString","coordinates":[[-140.0052,62.6192],[-139.8696,62.6216],[-139.7075,62.5656],[-139.5915,62.6097],[-139.4834,62.5616],[-139.4948,62.4353],[-139.4435,62.321],[-139.8396,62.2334],[-139.9184,62.159],[-139.8495,61.9477],[-139.7276,61.8932],[-139.524,61.8819],[-139.3033,61.557],[-139.0067,61.4145]]},"properties":{"name":"Donjek","scalerank":7,"min_zoom":6}},
{"type":"Feature","geometry":{"type":"LineString","coordinates":[[10.6904,45.4505],[10.7153,45.2934],[10.6904,45.1724],[10.7793,45.1685],[10.8649,45.1147],[10.9272,45.1037],[10.9563,45.0907],[10.978,45.0731]]},"properties":{"name":"Mincio","scalerank":7,"min_zoom":6}},
{"type":"Feature","geometry":{"type":"MultiLineString","coordinates":[[[90.6401,22.953],[90.5888,22.962]],[[90.4626,22.8226],[90.5444,22.7817]],[[90.6624,22.804],[90.5816,22.7879]],[[90.6697,22.4726],[90.6834,22.3919]],[[90.7158,22.4521],[90.8596,22.3422]]]},"properties":{"name":null,"scalerank":7,"min_zoom":6}},
{"type":"Feature","geometry":{"type":"LineString","coordinates":[[108.0923,22.8443],[108.1629,22.7729],[108.2324,22.833],[108.3961,22.7817],[108.4848,22.7818],[108.5681,22.8472],[108.6289,22.8431],[108.8735,22.8809],[108.9282,22.8015],[108.8976,22.7333]]},"properties":{"name":"Yong","scalerank":7,"min_zoom":6}},
{"type":"Feature","geometry":{"type":"MultiLineString","coordinates":[[[-3.9796,15.2813],[-4.2286,15.393],[-4.3039,15.5069]],[[4.6257,9.8645],[4.5898,9.9122],[4.5913,10.0076],[4.5276,10.1411],[4.554,10.243],[4.5025,10.3347],[4.5136,10.4314],[4.5696,10.533],[4.6567,10.6092]]]},"properties":{"name":"Niger","scalerank":3,"min_zoom":3}},
{"type":"Feature","geometry":{"type":"MultiLineString","coordinates":[[[-3.2225,16.4003],[-3.1195,16.4637],[-3.1087,16.6044],[-3.0452,16.6606],[-2.9087,16.6392],[-2.8467,16.6932],[-2.6794,16.7339],[-2.5433,16.7423],[-2.4859,16.7776],[-2.3021,16.7948],[-2.2351,16.8423],[-2.0528,16.8206],[-2.0129,16.8784],[-1.7994,16.9366],[-1.7508,16.9745],[-1.5476,17.0248],[-1.3886,17.0093],[-1.0993,17.0645],[-1.0349,16.9942],[-0.9363,17.0106],[-0.8677,16.9881],[-0.803,17.0139],[-0.7051,16.9422],[-0.6373,16.9249],[-0.5427,16.9744],[-0.3845,16.9639],[-0.3457,16.8395],[-0.2877,16.7977],[-0.2816,16.7196],[-0.2094,16.5776],[-0.1317,16.5231],[-0.1065,16.4169],[-0.064,16.3662],[-0.0538,16.2496],[0.0727,16.118],[0.1904,15.9207],[0.3647,15.7562],[0.4665,15.7263],[0.5065,15.6186],[0.4858,15.5376],[0.6804,15.4646],[0.7339,15.429],[0.6948,15.1911],[0.6487,15.075],[0.6838,14.9584],[0.7534,14.9549],[0.8559,14.8943],[0.9096,14.6964],[1.07,14.5375],[1.1314,14.4318],[1.3019,14.277],[1.4391,14.2292],[1.485,14.147],[1.5415,13.8872],[1.6001,13.8388],[1.7295,13.6828],[1.7954,13.6737],[1.9128,13.5986],[2.0795,13.5232],[2.1985,13.3658],[2.3242,13.298],[2.361,13.2459],[2.3782,12.8755],[2.4622,12.7953],[2.4738,12.6738],[2.5269,12.6462],[2.5017,12.5707],[2.6838,12.511],[2.7424,12.443],[2.8437,12.3994],[2.9363,12.3011],[3.0088,12.2765],[3.0628,12.194],[3.2546,12.0189],[3.2922,11.9189],[3.5029,11.8301],[3.6425,11.6367],[3.7124,11.6],[3.8374,11.5759],[3.9092,11.5122],[3.9646,11.5136],[4.0793,11.4553],[4.1243,11.3746],[4.1772,11.345],[4.2946,11.1966],[4.4716,11.1673],[4.5739,11.1002],[4.656,10.968],[4.7214,10.9136],[4.6891,10.6459],[4.6562,10.6072]],[[-3.2225,16.4003],[-3.2041,16.2523],[-3.2825,16.1912],[-3.3421,16.0704],[-3.4662,16.0741]],[[-3.4662,16.0741],[-3.4567,16.1612]],[[-3.4662,16.0741],[-3.5836,16.0069],[-3.6111,15.9056],[-3.7056,15.8612],[-3.7166,15.6889],[-3.878,15.5288],[-3.8037,15.4128],[-3.8722,15.3167],[-3.9833,15.3111]],[[-3.4661,16.0735],[-3.4662,16.0741]],[[-4.3039,15.507],[-4.3507,15.6322],[-4.275,15.7383],[-4.2188,15.7565],[-4.1739,15.9017],[-4.0296,15.8635],[-3.9622,15.9451],[-3.877,15.9775],[-3.7561,16.1076],[-3.4892,16.1284],[-3.4527,16.17],[-3.3989,16.2008],[-3.4021,16.2589],[-3.3253,16.2572],[-3.3235,16.34],[-3.2225,16.4003]],[[-4.2334,15.2333],[-4.3248,15.1968],[-4.3358,15.1293],[-4.4691,14.9478],[-4.613,14.9116],[-4.6111,14.8055],[-4.6833,14.739],[-4.6944,14.6223],[-4.6719,14.5669],[-4.7722,14.3945],[-4.8057,14.3896],[-4.9,14.2445],[-4.9222,14.1722]],[[-9.3818,11.003],[-9.3678,11.0773],[-9.2235,11.0728],[-9.0957,11.1993],[-9.1326,11.2666],[-9.1524,11.409],[-9.0985,11.4295],[-8.9863,11.4186],[-8.8868,11.4558],[-8.7986,11.536],[-8.7061,11.6838],[-8.5594,11.8013],[-8.4949,11.8161],[-8.3358,12.023],[-8.3046,12.1251],[-8.1707,12.2088],[-8.1191,12.3015],[-8.111,12.4176],[-8.0726,12.4619],[-8.0379,12.6058],[-7.88,12.657],[-7.7731,12.6408],[-7.6805,12.7836],[-7.569,12.8416],[-7.493,12.94],[-7.4114,12.9714],[-7.3608,13.0507],[-7.0153,13.2569],[-6.9063,13.3585],[-6.834,13.3438],[-6.6178,13.3923],[-6.4324,13.3714],[-6.1721,13.5219],[-6.1306,13.5709],[-6.0792,13.7095],[-6.0278,13.7284],[-5.8933,13.6719],[-5.7669,13.7466],[-5.7025,13.8231],[-5.5655,13.8897],[-5.486,13.9615],[-5.2777,13.9851],[-5.2192,14.0181],[-5.1383,14.1138],[-4.9418,14.1681],[-4.8845,14.1682],[-4.7054,14.2379],[-4.5498,14.2726],[-4.4858,14.2342],[-4.3477,14.4246],[-4.2774,14.4364],[-4.2222,14.49],[-4.1614,14.6894],[-4.0948,14.7394],[-4.0963,14.8333],[-4.0037,14.9075],[-3.9337,14.9324],[-3.8995,15.0616],[-3.9746,15.137],[-3.9795,15.2812]],[[4.6257,9.8645],[4.6503,9.7187],[4.5724,9.5856],[4.6215,9.3414],[4.7426,9.275],[4.7525,9.1683],[4.7986,9.1399],[4.9792,9.1998],[5.1502,9.1133],[5.1974,9.0167],[5.3865,8.9924],[5.538,8.9295],[5.6501,8.8238],[5.746,8.8112],[5.7588,8.7901],[5.7905,8.7458],[5.9265,8.7381],[6.0925,8.7586],[6.1607,8.7193],[6.2774,8.7368],[6.3705,8.681],[6.4653,8.4317],[6.5723,8.3536],[6.6885,8.2136],[6.7763,8.0628],[6.7981,7.9366],[6.725,7.6481],[6.6965,7.2393],[6.7194,7.149],[6.6874,6.9552],[6.6492,6.8439],[6.6506,6.6633],[6.6809,6.4741],[6.7367,6.2333],[6.7468,6.1016],[6.7038,6.076],[6.6853,5.9058],[6.626,5.8185],[6.5519,5.5139],[6.4761,5.4366],[6.4792,5.3621],[6.3496,5.3427],[6.2886,5.2637],[6.2095,5.2527],[6.2153,5.1939],[6.0234,5.1082],[5.9155,5.1878],[5.8093,5.2059],[5.7498,5.1702],[5.4959,5.1424]],[[-10.7321,9.0899],[-10.6426,9.175],[-10.5557,9.4414],[-10.6501,9.5502],[-10.6658,9.7139],[-10.6352,9.7956],[-10.6827,9.8679],[-10.7041,9.9601],[-10.7584,10.0042],[-10.8256,10.2247],[-10.7786,10.2823],[-10.6284,10.3362],[-10.6007,10.4123],[-10.508,10.4274],[-10.4093,10.5293],[-10.2377,10.5125],[-10.1897,10.4571],[-10.142,10.5329],[-10.017,10.6032],[-9.9521,10.5901],[-9.8729,10.6545],[-9.7277,10.645],[-9.6803,10.6858],[-9.6053,10.6756],[-9.4913,10.8167],[-9.4606,10.9636],[-9.3818,11.003]],[[6.5647,5.5401],[6.6077,5.5052],[6.617,5.3287],[6.49,5.2023],[6.4321,5.0644],[6.4343,4.9969],[6.5286,4.9873],[6.5921,4.8959],[6.612,4.7696],[6.6746,4.7451],[6.7361,4.6079]],[[6.5027,5.3819],[6.3213,5.2032],[6.3047,5.0946],[6.2533,5.0958],[6.257,4.9498]],[[6.2568,4.9505],[6.257,4.9498]],[[6.257,4.9498],[6.2774,4.8959],[6.2295,4.6544],[6.2615,4.5655],[6.2363,4.4981]],[[6.257,4.9498],[6.2029,4.8859],[6.1087,4.8421],[6.0925,4.6079],[6.0398,4.505],[6.0554,4.4199]]]},"properties":{"name":"Niger","scalerank":3,"min_zoom":3}},
{"type":"Feature","geometry":{"type":"MultiLineString","coordinates":[[[32.241,1.6658],[32.4754,1.5516]],[[32.5447,1.5218],[32.6235,1.4407],[32.8261,1.41],[32.8931,1.3115]],[[33.1873,0.4282],[33.2827,0.3621],[33.1925,0.2987],[33.1741,0.2215],[33.0783,0.091],[33.0138,-0.147],[32.8367,-0.4805],[32.4674,-0.7404],[31.999,-0.8861],[31.7676,-0.9357]]]},"properties":{"name":"Victoria Nile","scalerank":1,"min_zoom":2}},
{"type":"Feature","geometry":{"type":"MultiLineString","coordinates":[[[31.3657,2.1929],[31.5459,2.2779],[31.6611,2.2666],[31.7877,2.3343],[31.9199,2.3598],[32.0161,2.2915],[32.1799,2.2307],[32.2765,2.2491],[32.3103,2.1959],[32.3518,2.0314],[32.3315,1.9796],[32.3416,1.8679],[32.2705,1.8096],[32.1629,1.7783],[32.1043,1.7155],[32.241,1.6658]],[[32.4754,1.5516],[32.5447,1.5218]],[[32.8931,1.3115],[32.9614,1.1817],[32.936,1.0826],[32.9664,0.9114],[33.0462,0.7559],[33.0507,0.642],[33.0849,0.5616],[33.1808,0.4653],[33.1873,0.4282]]]},"properties":{"name":"Victoria Nile","scalerank":1,"min_zoom":2}},
{"type":"Feature","geometry":{"type":"LineString","coordinates":[[84.6681,22.2652],[84.7729,22.2525],[84.8173,22.2098],[84.8633,22.0983],[84.8717,21.8692],[84.9701,21.8326],[84.9952,21.7413],[84.9043,21.7129],[84.9255,21.6553],[85.0103,21.6035],[85.0012,21.5349],[84.9401,21.4396],[84.9626,21.3564],[85.0575,21.2317],[85.1358,21.1876],[85.1276,21.1079],[85.23,21.0299],[85.2449,20.9067],[85.3545,20.796],[85.5524,20.7412],[85.6414,20.8065],[85.812,20.8872],[85.9209,20.8684],[86.1314,20.8737],[86.1974,20.8476],[86.444,20.6833],[86.5576,20.7005],[86.7107,20.6782],[86.7493,20.6114],[86.9401,20.698]]},"properties":{"name":"Brahmani","scalerank":7,"min_zoom":6}},
{"type":"Feature","geometry":{"type":"MultiLineString","coordinates":[[[144.4161,-3.9018],[144.2973,-3.8024]],[[144.4161,-3.9018],[144.4799,-3.8346],[144.5376,-3.8483]],[[141.8459,-5.2057],[141.7861,-5.2188],[141.5957,-5.162],[141.5317,-5.0893],[141.4813,-4.9189],[141.3875,-4.8555],[141.2089,-4.8078],[141.1558,-4.7608],[141.146,-4.6844],[141.0669,-4.6572],[140.9438,-4.516],[140.9161,-4.4169],[140.9639,-4.3145],[141.0125,-4.2705],[141.0074,-4.155],[141.0698,-4.0947],[141.1588,-4.0937],[141.2207,-3.9787],[141.334,-3.9614],[141.3942,-3.9221],[141.5973,-4.0067],[141.6856,-3.9891],[141.7957,-4.0467],[142.0182,-4.2943],[142.1079,-4.294],[142.228,-4.2251],[142.3721,-4.294],[142.398,-4.2586],[142.5427,-4.2251],[142.6418,-4.165],[142.6843,-4.2228],[142.7726,-4.2608],[142.8907,-4.2087],[142.9219,-4.1265],[143.0288,-4.0684],[143.2254,-4.1265],[143.3515,-4.2803],[143.5268,-4.2012],[143.5786,-4.2353],[143.6751,-4.1934],[143.7623,-4.2319],[143.7828,-4.1875],[143.9518,-4.1215],[144.0247,-4.1323],[144.0579,-4.0668],[144.1363,-4.0879],[144.2149,-4.0532],[144.2505,-3.9745],[144.3792,-3.9867],[144.4161,-3.9018]]]},"properties":{"name":"Sepik","scalerank":7,"min_zoom":6}},
{"type":"Feature","geometry":{"type":"LineString","coordinates":[[18.0432,46.9165],[18.2341,46.864],[18.3986,46.7639],[18.5964,46.7474],[18.6323,46.6959],[18.5989,46.5452],[18.6484,46.4888],[18.6328,46.406],[18.7693,46.361],[18.8315,46.361],[18.852,46.3411],[18.8779,46.3477],[18.9065,46.348]]},"properties":{"name":"Sio","scalerank":7,"min_zoom":6}},
{"type":"Feature","geometry":{"type":"LineString","coordinates":[[-100.3097,41.0059],[-100.1812,40.9289],[-99.7894,40.7589],[-99.5489,40.7038],[-99.3871,40.7],[-99.0275,40.6633],[-98.9286,40.6707],[-98.5658,40.7547],[-98.3639,40.8245],[-97.6848,41.2838],[-97.5321,41.3591],[-97.3497,41.3936],[-97.1044,41.399],[-96.9003,41.4619],[-96.616,41.4483],[-96.5025,41.4189],[-96.3622,41.2974],[-96.3029,41.1595],[-96.2851,41.0406],[-96.212,41.0095],[-96.0886,41.0567],[-95.87,41.0504]]},"properties":{"name":"Platte","scalerank":7,"min_zoom":6}},
{"type":"Feature","geometry":{"type":"LineString","coordinates":[[-81.4755,50.7269],[-81.3293,50.7938],[-81.1661,50.8988],[-81.0126,51.0354]]},"properties":{"name":"Moose","scalerank":7,"min_zoom":6}},
{"type":"Feature","geometry":{"type":"LineString","coordinates":[[26.8373,1.7083],[26.7466,1.7213],[26.6334,1.6902],[26.5037,1.8334],[26.4584,1.8117],[26.2944,1.9186],[26.1949,1.9327],[26.0683,1.9783],[25.9172,1.8738],[25.7452,1.8738],[25.6368,1.8914],[25.5186,1.825],[25.5094,1.7622],[25.3989,1.7335],[25.3707,1.6173],[25.273,1.5032],[25.2109,1.4707],[25.1106,1.4673],[25.0554,1.5079],[24.9075,1.4696],[24.8787,1.3836],[24.811,1.3159],[24.6882,1.2872],[24.632,1.3052],[24.5605,1.2612],[24.478,1.2719],[24.3954,1.327],[24.2253,1.3384],[24.121,1.3131],[23.9639,1.3115],[23.9277,1.2516],[23.8269,1.2908],[23.7056,1.2454],[23.5519,1.2268]]},"properties":{"name":"Aruwimi","scalerank":7,"min_zoom":6}},
{"type":"Feature","geometry":{"type":"LineString","coordinates":[[23.5916,-18.478],[23.7153,-18.419],[23.8093,-18.3216],[24.0564,-18.1188],[24.1345,-18.0853],[24.2178,-18.0124],[24.2959,-18.0262],[24.3989,-17.9522]]},"properties":{"name":"Linyanti","scalerank":7,"min_zoom":6}},
{"type":"Feature","geometry":{"type":"MultiLineString","coordinates":[[[33.2078,8.4382],[33.147,8.4456],[33.0464,8.623],[32.965,8.6064],[32.7753,8.6356],[32.6725,8.6797],[32.7197,8.7563],[32.6929,8.7979],[32.502,8.881],[32.4146,8.9364],[32.4062,9.0527],[32.3518,9.1104],[32.2206,9.0987],[32.2004,9.1514],[32.0745,9.2459],[32.0334,9.3022],[31.8877,9.3343],[31.851,9.3636],[31.7786,9.3011],[31.5913,9.3281],[31.5362,9.3773]],[[32.9893,7.9174],[33.2063,8.2409],[33.1607,8.3048],[33.2009,8.4382]]]},"properties":{"name":"Sobat","scalerank":7,"min_zoom":6}},
{"type":"Feature","geometry":{"type":"LineString","coordinates":[[107.3774,13.2371],[107.2537,13.37],[107.2022,13.3153],[107.1076,13.3106],[106.9705,13.5167],[106.8799,13.4425],[106.7446,13.4819],[106.62,13.4503],[106.5574,13.5551],[106.436,13.4683],[106.2793,13.5577],[106.19,13.5857],[105.9703,13.5414]]},"properties":{"name":"Srepok","scalerank":7,"min_zoom":6}},
{"type":"Feature","geometry":{"type":"LineString","coordinates":[[115.5891,40.2404],[115.6666,40.1568],[115.7009,40.0635],[115.8723,40.0225],[115.9815,39.9713],[116.0654,39.9909],[116.1119,39.9064],[116.2293,39.8034],[116.2081,39.5769],[116.3174,39.4608],[116.4334,39.4422],[116.502,39.4645],[116.7637,39.3789],[116.8796,39.3851],[117.0336,39.3304]]},"properties":{"name":"Yongding","scalerank":7,"min_zoom":6}},
{"type":"Feature","geometry":{"type":"LineString","coordinates":[[18.5967,3.6787],[18.626,3.4633],[18.634,3.4494],[18.6419,3.324],[18.6126,3.1283],[18.528,3.065],[18.3928,2.7138],[18.3162,2.5845],[18.2246,2.4866],[18.1633,2.3212],[18.1106,2.2654],[18.072,2.1602],[18.0811,1.9426],[18.0656,1.8592],[18.0708,1.5516],[18.0117,1.4221],[17.9629,1.1916],[17.866,1.0167],[17.8774,0.868],[17.9072,0.7405],[17.8989,0.5834],[17.9516,0.4746],[17.9395,0.3614],[17.8535,0.2413],[17.7566,-0.0093],[17.7158,-0.1957],[17.7402,-0.346],[17.749,-0.5233]]},"properties":{"name":"Ubangi","scalerank":3,"min_zoom":3}},
{"type":"Feature","geometry":{"type":"LineString","coordinates":[[132.8394,45.0594],[132.9531,45.0247],[133.1152,45.1233],[133.0973,45.2438],[133.1399,45.4357],[133.2018,45.5115],[133.4132,45.5736]]},"properties":{"name":"Song’acha","scalerank":7,"min_zoom":6}},
{"type":"Feature","geometry":{"type":"LineString","coordinates":[[133.4132,45.5736],[133.4876,45.687],[133.4771,45.8203],[133.5141,45.8795],[133.6578,45.9348],[133.719,46.0795],[133.687,46.142],[133.9022,46.2592],[133.8633,46.3395],[133.9212,46.4104],[133.8491,46.4805],[133.9022,46.5739],[133.9877,46.6254],[134.0444,46.7723],[134.0203,46.8343],[134.124,47.0707],[134.2267,47.118],[134.1539,47.2581],[134.1834,47.3277],[134.2925,47.41],[134.4844,47.4305],[134.6824,47.5881],[134.7722,47.711],[134.6454,47.8966],[134.5989,47.911],[134.5669,48.0406],[134.6826,48.1358],[134.7029,48.2529],[134.8406,48.3279],[135.052,48.3926],[135.0857,48.4585],[135.0434,48.4838]]},"properties":{"name":"Ussuri","scalerank":7,"min_zoom":6}},
{"type":"Feature","geometry":{"type":"LineString","coordinates":[[23.8366,54.9076],[23.6309,54.9443],[23.551,55.05],[23.0015,55.1053],[22.6616,55.0643],[22.2507,55.0711],[22.0994,55.0302],[21.7502,55.1282],[21.6047,55.1927],[21.5034,55.1946],[21.405,55.2727],[21.2676,55.2486]]},"properties":{"name":"Neman","scalerank":7,"min_zoom":6}},
{"type":"Feature","geometry":{"type":"LineString","coordinates":[[67.0055,53.3376],[67.107,53.4826],[67.106,53.5535],[67.2041,53.6079],[67.2232,53.6729],[67.3624,53.7416],[67.4614,53.9116],[67.6225,53.975],[67.6493,54.0781],[67.7504,54.1617],[67.9083,54.1823],[68.0273,54.2351],[68.2945,54.2819],[68.5755,54.4169],[68.8342,54.6356],[68.9737,54.6849],[68.9929,54.79],[69.0982,54.9],[69.1308,55.0581],[69.3941,55.1892],[69.4776,55.2864],[69.3287,55.4312],[69.3287,55.654],[69.2532,55.7448],[69.3423,55.852],[69.4542,55.9029],[69.4242,56.0144],[69.5205,56.1026],[69.7112,56.1467],[69.8282,56.1253],[70.1272,56.1415],[70.3809,56.202],[70.4869,56.3045],[70.6974,56.358],[70.6272,56.4453],[70.7291,56.5053],[70.7556,56.5743],[70.5825,56.7222],[70.5791,56.8088],[70.6582,56.922],[70.6186,56.9471],[70.7603,57.117],[70.6987,57.202],[70.8228,57.3841],[70.8051,57.4483],[71.1744,57.5932],[71.2337,57.696]]},"properties":{"name":"Ishim","scalerank":7,"min_zoom":6}},
{"type":"Feature","geometry":{"type":"LineString","coordinates":[[-69.4754,57.683],[-69.3697,57.7705]]},"properties":{"name":"Koksoak","scalerank":7,"min_zoom":6}},
{"type":"Feature","geometry":{"type":"MultiLineString","coordinates":[[[-5.5437,13.2082],[-5.4322,13.2213],[-5.3574,13.2806],[-5.2358,13.2764],[-5.1567,13.3348],[-5.0571,13.3658],[-4.9464,13.3668],[-4.8482,13.4031],[-4.7872,13.503],[-4.6787,13.6195],[-4.5909,13.647],[-4.5422,13.7064],[-4.5173,13.8846],[-4.4554,13.9427],[-4.2715,13.9822],[-4.2601,14.0666],[-4.1588,14.2071],[-4.2148,14.3081],[-4.2617,14.3312],[-4.2031,14.4222],[-4.2113,14.5116]],[[-6.5176,12.6738],[-6.4792,12.7235],[-6.4002,12.7352],[-6.3144,12.7971],[-6.3457,12.9099],[-6.332,12.9885],[-6.2804,13.0254],[-6.1228,13.0511],[-5.949,13.2014],[-5.8306,13.2084],[-5.7597,13.1877],[-5.6667,13.2327],[-5.5437,13.2014]]]},"properties":{"name":"Bani","scalerank":7,"min_zoom":6}},
{"type":"Feature","geometry":{"type":"LineString","coordinates":[[45.3993,-19.7225],[45.3136,-19.6846],[45.125,-19.7808],[45.022,-19.7016],[44.8445,-19.7534],[44.7747,-19.6735],[44.6831,-19.7157],[44.5322,-19.7131],[44.4117,-19.6442]]},"properties":{"name":"Tsiribihina","scalerank":7,"min_zoom":6}},
{"type":"Feature","geometry":{"type":"LineString","coordinates":[[-139.5806,63.2063],[-139.8236,63.2421],[-140.1959,63.2381],[-140.3591,63.15],[-140.1789,62.9086],[-140.0553,62.8386],[-140.0434,62.6662],[-140.0052,62.6192]]},"properties":{"name":"White","scalerank":7,"min_zoom":6}},
{"type":"Feature","geometry":{"type":"LineString","coordinates":[[20.9821,66.0646],[21.0967,65.9972],[21.2482,65.9785],[21.4426,65.8569],[21.6513,65.8174],[21.7642,65.7277]]},"properties":{"name":"Lule lv","scalerank":7,"min_zoom":6}},
{"type":"Feature","geometry":{"type":"LineString","coordinates":[[44.3539,32.241],[44.3849,32.1417],[44.531,32.0531],[44.5838,31.9778],[44.6109,31.7618],[44.5723,31.7248],[44.5626,31.675],[44.5632,31.6147]]},"properties":{"name":"Hindiyah Channel","scalerank":7,"min_zoom":6}},
{"type":"Feature","geometry":{"type":"LineString","coordinates":[[-132.0954,59.6071],[-132.1492,59.6292],[-132.2323,59.7923],[-132.4384,60.0252],[-132.8655,60.2001],[-133.2449,60.4486]]},"properties":{"name":"Teslin","scalerank":3,"min_zoom":3}},
{"type":"Feature","geometry":{"type":"MultiLineString","coordinates":[[[-133.2449,60.4486],[-133.4203,60.5784],[-133.7032,60.7485],[-133.9864,60.8969],[-134.4961,61.2479],[-134.6361,61.3024],[-134.6779,61.4993],[-134.9133,61.5697]],[[-131.2082,59.087],[-131.4547,59.0665],[-131.6886,59.1348],[-131.8085,59.1348],[-131.9643,59.2824],[-131.9879,59.3946],[-132.0569,59.4538],[-132.0954,59.6071]]]},"properties":{"name":"Teslin","scalerank":3,"min_zoom":3}},
{"type":"Feature","geometry":{"type":"LineString","coordinates":[[44.2685,32.7313],[44.4014,32.6132],[44.438,32.4846],[44.5291,32.4098],[44.666,32.3944],[44.7153,32.4139],[44.8054,32.2611],[44.8097,32.07],[44.8961,32.0302],[44.981,31.9294],[44.9407,31.849],[44.9879,31.7274],[45.1802,31.5458],[45.2747,31.4864],[45.3168,31.4024],[45.2622,31.3813],[45.2237,31.3953],[45.207,31.3881]]},"properties":{"name":"Shatt al Hillah","scalerank":7,"min_zoom":6}},
{"type":"Feature","geometry":{"type":"LineString","coordinates":[[111.815,2.2915],[111.7879,2.3814],[111.8448,2.4229],[111.8486,2.5044],[111.8117,2.6056],[111.8526,2.6827],[111.7677,2.8054],[111.6578,2.8402]]},"properties":{"name":"Igan","scalerank":7,"min_zoom":6}},
{"type":"Feature","geometry":{"type":"LineString","coordinates":[[31.7589,68.624],[32.5891,68.8226],[32.6905,68.8223],[33.0401,68.9001]]},"properties":{"name":"Tuloma","scalerank":7,"min_zoom":6}},
{"type":"Feature","geometry":{"type":"LineString","coordinates":[[108.8976,22.7333],[108.9716,22.6377],[109.2426,22.6563],[109.3262,22.7263],[109.4102,22.7469],[109.4102,22.8021],[109.5528,22.8723],[109.6021,22.9769],[109.5611,23.0213],[109.5919,23.0924],[109.7219,23.1175],[109.7964,23.0848],[109.8827,23.1245],[109.8821,23.1729],[109.9624,23.2136],[110.0894,23.4049]]},"properties":{"name":"Yu","scalerank":7,"min_zoom":6}},
{"type":"Feature","geometry":{"type":"LineString","coordinates":[[27.9865,45.2922],[28.1305,45.2376],[28.0976,45.184],[28.1313,45.0889],[28.1248,44.8915],[28.0344,44.7631],[27.8836,44.7578]]},"properties":{"name":null,"scalerank":7,"min_zoom":6}},
{"type":"Feature","geometry":{"type":"LineString","coordinates":[[102.2359,60.1012],[102.3859,60.2514],[102.3111,60.3067],[102.1822,60.2742],[101.9602,60.3614],[101.8272,60.3362],[101.7101,60.3968],[101.6084,60.3588],[101.2964,60.3209],[101.1084,60.3414],[100.9541,60.3135],[100.7439,60.2316],[100.5693,60.2286],[100.4117,60.2731],[100.1416,60.2657],[100.0385,60.3263],[99.8683,60.3478],[99.5469,60.3369],[99.3713,60.3017],[99.1041,60.3407],[98.9941,60.293],[98.8069,60.2681],[98.4165,60.2954],[98.149,60.4842],[98.0798,60.4768],[97.8538,60.5874],[97.624,60.6151],[97.4574,60.76],[97.4112,60.8581],[97.2379,60.8529],[96.8069,61.022],[96.7021,61.1116],[96.7061,61.2681],[96.5547,61.2873],[96.5513,61.3724],[96.4105,61.4143],[96.5,61.5195],[96.5005,61.5847],[96.3486,61.6567],[96.1748,61.6109],[96.0239,61.6362],[95.9105,61.7386],[95.9234,61.807],[95.7255,61.8695],[95.4993,61.8379],[95.3173,61.8541],[94.8005,61.9925],[94.6846,61.9829],[94.5587,61.8399],[94.3193,61.8529],[94.183,61.8279],[93.7599,61.8922],[93.7032,61.8033],[93.5305,61.8412],[93.293,61.8485],[93.0501,61.8019],[92.7926,61.859],[92.6414,61.9346],[92.4775,61.9524],[92.3892,62.0742],[92.1376,62.1907],[92.142,62.2816],[92.0665,62.3413],[91.8604,62.3009],[91.7812,62.1618],[91.5524,62.1092],[91.4011,61.8354],[91.5183,61.6709],[91.0973,61.5857],[90.8125,61.6555],[90.7227,61.7186],[90.5606,61.6806],[90.2251,61.6658],[90.12,61.589]]},"properties":{"name":"Podkamennaya Tunguska","scalerank":7,"min_zoom":6}},
{"type":"Feature","geometry":{"type":"LineString","coordinates":[[127.1831,37.5803],[127.088,37.5057],[126.9819,37.5108],[126.8672,37.559],[126.7555,37.6379]]},"properties":{"name":"Han","scalerank":7,"min_zoom":6}},
{"type":"Feature","geometry":{"type":"LineString","coordinates":[[112.5479,70.7386],[112.8702,70.7266],[113.3521,70.8061],[113.5588,70.9705],[113.7463,71.0457],[113.6972,71.1145],[113.8098,71.3733],[113.9742,71.5281],[113.9408,71.569],[114.1366,71.7665],[114.0645,71.9864],[113.958,72.0602],[113.6487,72.1345],[113.4708,72.2349],[113.4844,72.3518],[114.2354,72.5416],[114.0903,72.6007]]},"properties":{"name":"Anabar","scalerank":7,"min_zoom":6}},
{"type":"Feature","geometry":{"type":"LineString","coordinates":[[45.0083,4.9642],[45.0305,4.8881],[45.1598,4.8538],[45.2957,4.4466],[45.384,4.3336],[45.4062,4.2206],[45.5154,4.1046],[45.5154,3.9575],[45.5603,3.9241],[45.5748,3.8209],[45.6619,3.7086],[45.643,3.4652],[45.5823,3.3746],[45.532,3.2045],[45.5564,3.1207],[45.5151,3.0437],[45.5496,2.9051],[45.4946,2.5646],[45.5037,2.53],[45.3655,2.3185],[45.2411,2.2915],[45.2325,2.2508],[45.1135,2.1533],[44.9209,2.1179],[44.8171,1.929],[44.7281,1.877],[44.6216,1.7514],[44.5352,1.7729],[44.4643,1.7508],[44.3779,1.6468],[44.2643,1.6516],[44.1143,1.5381],[43.9755,1.4886],[43.8917,1.3598],[43.7579,1.2261],[43.7076,1.1346],[43.6248,1.0998],[43.4869,1.106],[43.3635,1.0377],[43.2839,0.9232],[43.2765,0.8222],[43.2332,0.7982]]},"properties":{"name":"Shabeelle","scalerank":7,"min_zoom":6}},
{"type":"Feature","geometry":{"type":"MultiLineString","coordinates":[[[-97.5558,57.3944],[-97.1164,57.3323]],[[-99.634,56.6461],[-99.5954,56.7263],[-99.3453,56.8321],[-99.068,56.9006],[-98.9055,56.8802],[-98.8131,56.9147],[-98.8014,57.0039],[-98.7196,57.0206],[-98.6288,57.1066],[-98.373,57.1134],[-98.296,57.1383],[-98.2428,57.3214],[-97.9884,57.3768]],[[-100.3782,56.178],[-100.4685,56.2798],[-100.2893,56.3876],[-100.024,56.4958],[-100.0228,56.4959]],[[-107.7041,55.9556],[-107.6694,55.9913],[-107.6688,55.9918]],[[-106.9465,55.8199],[-107.0666,55.8663]],[[-100.7349,55.7639],[-100.4919,55.788],[-100.4127,55.9362],[-100.4827,56.0123],[-100.4873,56.1387]],[[-106.1486,55.7639],[-106.1485,55.7639],[-105.9841,55.7086]],[[-102.0614,55.7175],[-101.619,55.7769]],[[-106.553,55.6998],[-106.5193,55.6782],[-106.2723,55.77]],[[-104.5433,55.4272],[-104.5447,55.4274],[-104.4781,55.5076],[-104.5311,55.5706],[-104.7006,55.6346]],[[-104.4866,55.4263],[-104.4833,55.4274],[-104.2943,55.4299],[-104.1066,55.4001]],[[-107.7383,55.4073],[-107.7404,55.4083],[-107.7462,55.5059],[-107.6999,55.7415],[-107.7384,55.9222],[-107.7381,55.9226]],[[-103.8355,55.3741],[-103.8321,55.3728],[-103.6703,55.3687],[-103.551,55.4069],[-103.5509,55.4069]]]},"properties":{"name":"Churchill","scalerank":7,"min_zoom":6}},
{"type":"Feature","geometry":{"type":"MultiLineString","coordinates":[[[-97.9865,57.3763],[-97.9159,57.3616],[-97.6671,57.4202],[-97.5558,57.3944]],[[-97.1163,57.3323],[-97.0426,57.3298],[-96.932,57.2094],[-96.7839,57.2394],[-96.6305,57.1609],[-96.4613,57.1951],[-96.2994,57.1341],[-95.9816,57.155],[-95.9845,57.2307],[-95.8904,57.3078],[-95.7018,57.3651],[-95.7316,57.4132],[-95.5579,57.4595],[-95.3347,57.5549],[-95.4553,57.5945],[-95.4237,57.6994],[-95.4775,57.7379],[-95.3823,57.8223],[-95.2711,57.8336],[-94.9841,57.9703],[-94.7994,58.0878],[-94.3758,58.1949],[-94.3617,58.223]],[[-100.024,56.4958],[-99.7412,56.6265],[-99.634,56.6461]],[[-100.4873,56.1387],[-100.3782,56.178]],[[-107.6694,55.9913],[-107.5308,56.0382],[-107.4379,55.9602],[-107.2891,55.9632],[-107.0666,55.8663]],[[-107.7041,55.9556],[-107.7384,55.9222]],[[-106.9465,55.8199],[-106.8204,55.8588],[-106.7559,55.8134],[-106.8453,55.7447],[-106.553,55.6998]],[[-101.6188,55.7769],[-101.389,55.809],[-101.2557,55.7055],[-100.9288,55.7001],[-100.7349,55.7639]],[[-106.2721,55.77],[-106.1485,55.7639]],[[-102.0614,55.7175],[-102.1636,55.7115]],[[-102.1636,55.7115],[-102.1259,55.7564]],[[-102.1636,55.7115],[-102.1641,55.7112]],[[-105.9841,55.7086],[-105.8957,55.7499],[-105.6879,55.6258],[-105.4656,55.6336],[-105.3258,55.5782],[-105.2169,55.6768],[-105.1204,55.6506],[-104.8976,55.7011],[-104.7781,55.6881],[-104.7015,55.6351]],[[-104.5447,55.4274],[-104.4833,55.4274]],[[-103.551,55.4069],[-103.4077,55.4549],[-103.3061,55.5345],[-103.131,55.5849],[-103.078,55.5646],[-102.8679,55.5943],[-102.5912,55.5921],[-102.5701,55.5202],[-102.4225,55.5105],[-102.2706,55.5665],[-102.1636,55.7115]],[[-104.1065,55.4001],[-103.9657,55.4128],[-103.8321,55.3728]]]},"properties":{"name":"Churchill","scalerank":7,"min_zoom":6}},
{"type":"Feature","geometry":{"type":"MultiLineString","coordinates":[[[40.9926,34.4285],[41.1057,34.3693],[41.1918,34.3823],[41.2395,34.4512],[41.4649,34.4222],[41.582,34.4395],[41.6113,34.4795],[41.7134,34.4565],[41.8341,34.4782],[41.9678,34.4717],[42.1445,34.2792],[42.2969,34.347],[42.384,34.3209],[42.3152,34.2259],[42.3821,34.182],[42.412,34.0329],[42.4939,34.0472],[42.561,33.9477],[42.5206,33.8963],[42.5991,33.8566],[42.6795,33.8956],[42.7621,33.7045],[42.8639,33.6226],[42.9321,33.5299],[43.0657,33.4938],[43.1689,33.519],[43.2647,33.4492],[43.3566,33.4718],[43.4839,33.407],[43.6446,33.3967],[43.9068,33.2122],[43.9889,33.1695],[44.1586,33.0323],[44.1753,32.9344],[44.253,32.8795],[44.2896,32.7996],[44.2203,32.6077],[44.2954,32.4666],[44.288,32.4101],[44.3543,32.2746],[44.3435,32.2037],[44.3572,32.118],[44.4778,31.9357],[44.5042,31.7659],[44.4942,31.6592],[44.5497,31.6209],[44.614,31.6001],[44.6928,31.5162],[44.7861,31.4639],[44.864,31.4859],[44.9195,31.4366],[45.2003,31.4018],[45.2105,31.3764],[45.2376,31.3277]],[[45.2376,31.3277],[45.4669,31.3052]],[[45.2376,31.3277],[45.2349,31.3267],[45.2376,31.3277]],[[45.4631,31.3052],[45.532,31.2878],[45.5938,31.2138],[45.8837,31.1306],[46.0405,31.1263],[46.1044,31.0719],[46.252,31.0445],[46.363,30.9654],[46.4272,30.95],[46.5115,30.8837],[46.7482,30.9618],[46.9504,30.9598],[47.3147,30.9727],[47.4532,31.015],[47.4685,30.9685]]]},"properties":{"name":"Euphrates","scalerank":3,"min_zoom":3}},
{"type":"Feature","geometry":{"type":"LineString","coordinates":[[24.3989,-17.9522],[24.5051,-18.0602],[24.5772,-18.0444],[24.7249,-17.8958],[24.8202,-17.8392],[24.9575,-17.8008],[25.0564,-17.8277],[25.1534,-17.7817],[25.2593,-17.794]]},"properties":{"name":"Chobe","scalerank":7,"min_zoom":6}},
{"type":"Feature","geometry":{"type":"LineString","coordinates":[[117.0336,39.3304],[117.0781,39.2418],[117.2322,39.0932],[117.371,39.0328],[117.5786,38.9879],[117.709,38.981]]},"properties":{"name":"Hai","scalerank":7,"min_zoom":6}},
{"type":"Feature","geometry":{"type":"MultiLineString","coordinates":[[[135.9741,71.159],[136.127,71.2164],[135.9701,71.2879],[136.0933,71.3388],[136.1087,71.4356],[136.5195,71.5175]],[[135.9741,71.159],[135.605,71.307],[135.4996,71.374],[135.2442,71.3673],[134.7722,71.4288]],[[135.9751,71.1581],[135.9741,71.159]],[[134.4105,68.7727],[134.3534,68.8944],[134.4303,68.9293],[134.3931,69.0621],[134.457,69.113],[134.4054,69.2462],[134.6358,69.4597],[134.8783,69.5653],[135.1475,69.775],[135.2309,69.913],[135.3828,69.892],[135.5532,69.9832],[135.2584,70.1525],[134.9325,70.1959],[135.1764,70.3121],[134.9505,70.3531],[134.7858,70.463],[134.8511,70.4944],[134.7554,70.5971],[135.005,70.5927],[135.3461,70.7315],[135.4311,70.6802],[135.8355,70.6822],[136.1528,70.7968],[136.1547,70.868],[136.3408,70.9193],[136.15,71.0583],[135.9552,71.0881],[135.9741,71.159]]]},"properties":{"name":"Yana","scalerank":7,"min_zoom":6}},
{"type":"Feature","geometry":{"type":"LineString","coordinates":[[65.0465,63.0069],[64.9005,63.134],[64.9975,63.1949],[64.9634,63.3151],[65.2498,63.4654],[65.162,63.6745],[65.315,63.707],[65.3528,63.8656],[65.5122,63.9301],[65.6057,64.0417],[65.5361,64.1809],[65.4575,64.2058],[65.4978,64.2884],[65.344,64.4147],[65.4091,64.5006],[65.2153,64.6593],[65.231,64.8842],[64.9765,64.9851],[64.8088,65.2382],[64.7252,65.3017],[64.7285,65.4333],[64.6531,65.5188],[64.7546,65.5521],[64.8735,65.6785],[65.1632,65.8624],[65.3965,65.8981],[65.4602,65.9901],[65.7035,66.136]]},"properties":{"name":"Malaya Ob","scalerank":7,"min_zoom":6}},
{"type":"Feature","geometry":{"type":"LineString","coordinates":[[30.7549,30.7644],[30.685,30.8736],[30.4094,31.0995],[30.1684,31.1378],[30.0457,31.1876],[29.9583,31.2494]]},"properties":{"name":null,"scalerank":7,"min_zoom":6}},
{"type":"Feature","geometry":{"type":"MultiLineString","coordinates":[[[66.5343,62.2904],[66.2368,62.2987],[66.0192,62.3419],[65.8753,62.4517],[65.6593,62.4992],[65.6767,62.5684],[65.5206,62.718]],[[73.9609,61.1824],[73.9604,61.1568],[73.9644,61.1486],[74.0176,61.1129],[73.8585,61.0588],[73.5732,61.1258],[73.314,61.0883],[73.3745,61.0305],[73.0868,60.951],[72.9478,60.9425],[72.7501,60.9732],[72.5043,60.9556],[72.4464,60.9919],[71.8914,61.0154],[71.5943,61.0991],[71.3596,61.1053],[71.2703,61.1461],[71.0868,61.0943],[70.8917,61.1155],[70.7197,61.1632],[70.0171,61.1516],[69.939,61.1774],[69.6835,61.1695],[69.6275,61.1412],[69.3019,61.1512],[68.9108,61.1018]],[[68.5484,61.0931],[68.2299,61.0252],[67.9684,61.1053],[67.9242,61.1911],[67.7857,61.2679],[67.6935,61.4027],[67.4988,61.4905],[67.4786,61.5976],[67.3174,61.6567],[67.29,61.7468],[67.1741,61.8035],[67.2649,61.8914],[67.256,61.9643],[67.1358,61.9819],[66.8842,62.155],[66.7797,62.1575],[66.6832,62.2755]]]},"properties":{"name":null,"scalerank":7,"min_zoom":6}},
{"type":"Feature","geometry":{"type":"MultiLineString","coordinates":[[[100.1407,15.7066],[100.0969,15.6543],[100.1106,15.4632],[100.0584,15.2872],[100.1158,15.187],[100.2422,15.1695],[100.303,15.0789],[100.3787,14.9138],[100.4401,14.8524],[100.4644,14.6697],[100.447,14.5445],[100.4595,14.4661],[100.4265,14.3763],[100.4905,14.2882],[100.5152,14.1541],[100.5431,14.1231],[100.5411,14.0082],[100.574,13.9779],[100.5425,13.8378],[100.4981,13.7674],[100.5977,13.6123]],[[100.0833,15.2372],[100.0142,15.1307],[100.0156,14.9902],[100.0619,14.9591],[100.0969,14.709],[100.1471,14.6506],[100.1249,14.4483],[100.1621,14.4012],[100.1174,14.1746],[100.1675,14.0989],[100.2141,13.9269],[100.2432,13.689],[100.2299,13.5924],[100.275,13.5167]]]},"properties":{"name":"Chao Phraya","scalerank":7,"min_zoom":6}},
{"type":"Feature","geometry":{"type":"LineString","coordinates":[[-54.6431,-25.4057],[-54.7804,-25.3939],[-54.844,-25.3587],[-54.9574,-25.3527]]},"properties":{"name":null,"scalerank":8,"min_zoom":7}},
{"type":"Feature","geometry":{"type":"LineString","coordinates":[[-155.8855,59.3443],[-156.0933,59.3116],[-156.2087,59.2332],[-156.3977,59.2556],[-156.5705,59.2247],[-156.645,59.166],[-156.7831,59.1552]]},"properties":{"name":"Iliamna Lake Outlet","scalerank":8,"min_zoom":7}},
{"type":"Feature","geometry":{"type":"LineString","coordinates":[[81.6397,31.4496],[81.5925,31.4039],[81.4771,31.4019],[81.3975,31.481],[81.3338,31.4915],[81.2178,31.6007],[81.1661,31.7506],[81.2052,31.8408],[81.2802,31.9163],[81.3941,31.9863],[81.2813,32.0489],[81.2833,32.1734],[81.2444,32.2014],[81.212,32.3211],[81.1559,32.375],[81.054,32.4018],[80.9908,32.453],[80.8653,32.4754],[80.7359,32.5385],[80.6476,32.5534],[80.1957,32.5517],[80.0051,32.482],[79.8889,32.4794],[79.7346,32.4439]]},"properties":{"name":"Shiquan","scalerank":3,"min_zoom":3}},
{"type":"Feature","geometry":{"type":"LineString","coordinates":[[-108.1421,55.6538],[-108.066,55.5838],[-107.793,55.4448]]},"properties":{"name":null,"scalerank":8,"min_zoom":7}},
{"type":"Feature","geometry":{"type":"LineString","coordinates":[[-108.3677,55.811],[-108.1422,55.654]]},"properties":{"name":null,"scalerank":8,"min_zoom":7}},
{"type":"Feature","geometry":{"type":"LineString","coordinates":[[-52.6558,-32.1772],[-52.7353,-32.2725],[-52.722,-32.4496],[-52.7773,-32.5788],[-52.8787,-32.6444],[-53.0854,-32.706],[-53.1541,-32.7455],[-53.291,-32.9965],[-53.4384,-33.059],[-53.4827,-33.105],[-53.6132,-33.1431]]},"properties":{"name":null,"scalerank":8,"min_zoom":7}},
{"type":"Feature","geometry":{"type":"MultiLineString","coordinates":[[[-52.6558,-32.1772],[-52.6224,-32.1393],[-52.4759,-32.1045],[-52.394,-32.0277],[-52.2456,-31.9819]],[[-54.9474,-33.7824],[-54.7867,-33.8291],[-54.4443,-33.7438],[-54.348,-33.6165],[-54.2301,-33.549],[-54.2086,-33.4872],[-54.057,-33.4389],[-53.9635,-33.3461],[-53.7978,-33.2378],[-53.7687,-33.1894],[-53.6163,-33.1437]]]},"properties":{"name":null,"scalerank":8,"min_zoom":7}},
{"type":"Feature","geometry":{"type":"LineString","coordinates":[[-73.7931,-7.05],[-73.7663,-6.9041],[-73.6859,-6.8119],[-73.514,-6.6977],[-73.3715,-6.5837],[-73.1998,-6.5456],[-73.1326,-6.4351],[-73.1785,-6.2022],[-73.2268,-6.1479],[-73.2356,-6.0775],[-73.1409,-5.8784],[-73.0022,-5.7087],[-72.9613,-5.5591],[-72.9743,-5.466],[-72.8974,-5.2715],[-72.9187,-5.1318],[-72.7484,-5.055],[-72.655,-5.063],[-72.628,-5.0223],[-72.4049,-4.86],[-72.3976,-4.8055],[-72.3206,-4.7599],[-72.2519,-4.7587],[-72.1279,-4.6799],[-72.0719,-4.605],[-71.9811,-4.5822],[-71.891,-4.5135],[-71.7752,-4.4814],[-71.666,-4.5073],[-71.5069,-4.4484],[-71.1293,-4.4017],[-71.0824,-4.3639],[-70.9695,-4.3852],[-70.8436,-4.238],[-70.8331,-4.1792],[-70.7129,-4.1717],[-70.6728,-4.1332],[-70.586,-4.1943],[-70.4307,-4.134],[-70.3119,-4.1707],[-70.3077,-4.2601],[-70.2322,-4.3034],[-70.0973,-4.2656],[-70.0642,-4.3283],[-69.9902,-4.3144],[-69.9634,-4.2641],[-69.9657,-4.2363]]},"properties":{"name":"Javari","scalerank":8,"min_zoom":7}},
{"type":"Feature","geometry":{"type":"MultiLineString","coordinates":[[[2.7549,45.5939],[2.5888,45.6102],[2.5234,45.5638],[2.496,45.4055],[2.3837,45.419],[2.3052,45.2965],[2.2168,45.2376],[2.0383,45.2213],[1.9924,45.1437],[1.8293,45.0274],[1.809,44.9154]],[[1.809,44.9086],[1.6514,44.9291],[1.5513,44.8606],[1.4043,44.8813],[1.1918,44.8128],[1.0439,44.8582],[0.9592,44.8335],[0.8721,44.87],[0.7519,44.8434],[0.3703,44.8614],[0.2512,44.8792],[0.1745,44.8267],[0.0007,44.863],[-0.1321,44.8262],[-0.212,44.8915],[-0.4937,44.998]]]},"properties":{"name":"Dordogne","scalerank":8,"min_zoom":7}},
{"type":"Feature","geometry":{"type":"MultiLineString","coordinates":[[[-66.9462,9.8084],[-67.0916,9.8499],[-67.1006,9.886]],[[-67.4023,8.9614],[-67.3601,9.0881],[-67.3928,9.1581]]]},"properties":{"name":"Guárico","scalerank":8,"min_zoom":7}},
{"type":"Feature","geometry":{"type":"MultiLineString","coordinates":[[[-67.3358,10.06],[-67.4278,10.0817],[-67.4748,10.0211],[-67.3407,9.9263],[-67.212,9.9243],[-67.1006,9.886]],[[-66.9459,9.8084],[-66.8739,9.7294],[-66.8573,9.599],[-66.8873,9.546],[-66.9806,9.5093],[-67.0204,9.4153],[-67.0827,9.3489],[-67.2884,9.3243],[-67.3746,9.2628],[-67.3928,9.1581]],[[-67.4023,8.9614],[-67.4527,8.9278],[-67.4341,8.6612],[-67.5058,8.5935],[-67.5107,8.4254],[-67.425,8.2971],[-67.4103,8.1963],[-67.4639,8.1162],[-67.4455,7.9945],[-67.4006,7.9112]]]},"properties":{"name":"Guárico","scalerank":8,"min_zoom":7}},
{"type":"Feature","geometry":{"type":"LineString","coordinates":[[-69.3128,-39.6561],[-69.2653,-39.5985],[-69.1099,-39.5267],[-68.9623,-39.4887],[-68.8353,-39.3744],[-68.7606,-39.2665]]},"properties":{"name":"Limay","scalerank":8,"min_zoom":7}},
{"type":"Feature","geometry":{"type":"MultiLineString","coordinates":[[[-68.0106,-38.9756],[-68.2585,-38.9964],[-68.321,-38.9618],[-68.4768,-39.0731],[-68.5746,-39.1078],[-68.6872,-39.2258],[-68.7606,-39.2665]],[[-70.8684,-40.611],[-70.7179,-40.5973],[-70.5762,-40.5236],[-70.4449,-40.5669],[-70.2143,-40.5383],[-70.1803,-40.4658],[-70.0848,-40.4206],[-70.077,-40.321],[-70.0181,-40.2142],[-69.9666,-39.9731],[-69.9225,-39.9339],[-69.6805,-39.8232],[-69.5404,-39.826],[-69.3641,-39.7172],[-69.3128,-39.6561]],[[-71.1722,-41.0624],[-71.0572,-40.9623],[-71.0329,-40.8862],[-71.1304,-40.7795],[-70.9716,-40.6405],[-70.8678,-40.6141]]]},"properties":{"name":"Limay","scalerank":8,"min_zoom":7}},
{"type":"Feature","geometry":{"type":"LineString","coordinates":[[126.905,43.5108],[126.9037,43.6238],[126.6797,43.7026],[126.6788,43.7038]]},"properties":{"name":"Di’er Songhua","scalerank":8,"min_zoom":7}},
{"type":"Feature","geometry":{"type":"MultiLineString","coordinates":[[[126.6797,43.7026],[126.5513,43.7786],[126.5811,43.8612],[126.501,43.9156],[126.4594,44.0452],[126.3942,44.1094],[126.4937,44.2308],[126.4253,44.4356],[126.4324,44.5081],[126.2683,44.6964],[126.1611,44.7208],[126.1358,44.7731],[125.9407,44.7735],[125.8056,44.8467],[125.7284,44.9346],[125.6581,44.9495],[125.5862,44.895],[125.4295,44.8998],[125.3102,44.8645],[125.1852,44.8676],[125.0462,45.0178],[124.8732,45.1454],[124.7413,45.2017],[124.7326,45.3264],[124.6513,45.4479]],[[127.3761,42.5675],[127.228,42.6747],[127.1795,42.8324],[127.2271,42.887],[127.0872,42.9586],[126.9907,43.0341],[126.9799,43.2128],[127.098,43.2425],[127.1115,43.3848],[127.0181,43.3941],[126.905,43.5108]]]},"properties":{"name":"Di’er Songhua","scalerank":8,"min_zoom":7}},
{"type":"Feature","geometry":{"type":"LineString","coordinates":[[9.9841,-0.7852],[10.0312,-0.8114]]},"properties":{"name":"Ogooué","scalerank":8,"min_zoom":7}},
{"type":"Feature","geometry":{"type":"MultiLineString","coordinates":[[[12.1554,-0.1249],[11.9618,-0.0952],[11.8894,-0.0317],[11.824,-0.0548],[11.6904,-0.0554],[11.6176,-0.026],[11.4807,-0.049],[11.4609,-0.0786],[11.3311,-0.0932],[11.1847,-0.0754],[11.0693,-0.1346],[10.9846,-0.0858],[10.7954,-0.1367],[10.766,-0.1797],[10.6504,-0.1748],[10.5806,-0.2638],[10.4946,-0.2997],[10.4367,-0.4357],[10.3393,-0.4795],[10.2533,-0.6464],[10.1416,-0.7114],[10.0026,-0.6572],[9.8635,-0.6585],[9.7241,-0.6896],[9.5949,-0.9012]],[[9.9841,-0.7852],[9.9098,-0.78],[9.7094,-0.8384],[9.6838,-0.8802],[9.5949,-0.9012]],[[10.0312,-0.8114],[10.1624,-0.7974],[10.2721,-0.6276]],[[9.5949,-0.9012],[9.5602,-0.9364],[9.3825,-0.9725],[9.2709,-1.0324],[8.9287,-0.9596]],[[9.5949,-0.9012],[9.5942,-0.9013]],[[13.9448,-3.0601],[13.9077,-2.8852],[13.778,-2.6454],[13.7262,-2.5052],[13.6648,-2.4164],[13.6437,-2.2148],[13.5276,-1.8814],[13.5598,-1.766],[13.5217,-1.5936],[13.4263,-1.5747],[13.3694,-1.5257],[13.3284,-1.3913],[13.372,-1.2572],[13.3352,-1.203],[13.1463,-1.1022],[13.082,-0.9907],[12.9645,-0.9263],[12.955,-0.8361],[12.7175,-0.7914],[12.6186,-0.8744],[12.5817,-0.8467],[12.5202,-0.6761],[12.4446,-0.5656],[12.424,-0.4904],[12.4446,-0.4085],[12.3871,-0.3226],[12.2974,-0.2748],[12.2829,-0.2118],[12.1651,-0.1629],[12.1565,-0.1274]]]},"properties":{"name":"Ogooué","scalerank":8,"min_zoom":7}},
{"type":"Feature","geometry":{"type":"LineString","coordinates":[[-135.0732,60.9373],[-135.0731,60.9373],[-135.0772,61.0161],[-135.2435,61.3215],[-135.235,61.3931]]},"properties":{"name":null,"scalerank":8,"min_zoom":7}},
{"type":"Feature","geometry":{"type":"MultiLineString","coordinates":[[[-135.2349,61.3935],[-135.1362,61.4891],[-135.1394,61.5779],[-134.9155,61.5679]],[[-134.495,60.5468],[-134.7995,60.6383],[-134.9363,60.6287],[-135.0254,60.6766],[-135.0663,60.7796],[-135.1655,60.8637],[-135.0731,60.9373]]]},"properties":{"name":null,"scalerank":8,"min_zoom":7}},
{"type":"Feature","geometry":{"type":"MultiLineString","coordinates":[[[-93.1476,50.6299],[-92.9772,50.562],[-92.8961,50.4606],[-92.7509,50.4183],[-92.711,50.3276],[-92.553,50.3096],[-92.4463,50.3394],[-92.2687,50.2974],[-92.1915,50.2213]],[[-94.9853,50.2645],[-94.9,50.3134],[-94.8149,50.2945],[-94.6244,50.3502]],[[-94.4626,50.2616],[-94.3493,50.1928],[-94.1085,50.1851]],[[-94.0264,50.254],[-93.9302,50.3502]],[[-91.9916,50.1168],[-91.9914,50.1168],[-91.8945,50.069]],[[-90.7519,50.024],[-90.8182,50.0752]],[[-90.9276,49.9083],[-90.7674,49.9788]],[[-90.9492,49.7539],[-90.9559,49.8362]]]},"properties":{"name":"English","scalerank":8,"min_zoom":7}},
{"type":"Feature","geometry":{"type":"MultiLineString","coordinates":[[[-93.1482,50.6302],[-93.2779,50.6243],[-93.6476,50.5727],[-93.8128,50.4842],[-93.838,50.3956],[-93.9302,50.3502]],[[-94.9853,50.2645],[-95.0216,50.2]],[[-94.4626,50.2616],[-94.5443,50.2774],[-94.6244,50.3502]],[[-94.0264,50.254],[-94.1084,50.1851]],[[-91.9914,50.1168],[-92.0899,50.1546],[-92.0074,50.2303],[-92.1914,50.2211]],[[-90.8182,50.0752],[-90.9145,50.077],[-91.2576,50.1509],[-91.3084,50.216],[-91.8945,50.069]],[[-90.7519,50.024],[-90.7674,49.9788]],[[-90.9559,49.8362],[-90.9288,49.9066]],[[-91.278,49.0821],[-91.2176,49.1546],[-91.0873,49.2112],[-90.9842,49.2169],[-90.9238,49.2696],[-90.9742,49.3556],[-90.9149,49.4248],[-90.9025,49.5273],[-90.9841,49.6603],[-90.9491,49.7537]]]},"properties":{"name":"English","scalerank":8,"min_zoom":7}},
{"type":"Feature","geometry":{"type":"MultiLineString","coordinates":[[[-118.5266,52.1021],[-118.3662,52.09]],[[-117.5171,51.6592],[-117.6322,51.7204],[-117.7257,51.8139],[-117.8727,51.8702]],[[-117.9057,50.682],[-117.9263,50.5848],[-117.9201,50.3924],[-117.8172,50.2067],[-117.8802,50.1031]],[[-118.0924,49.8015],[-118.1431,49.6219],[-118.1233,49.506],[-118.0273,49.4068],[-117.9072,49.3416]],[[-118.0722,48.6639],[-118.2086,48.4615],[-118.1682,48.2324]]]},"properties":{"name":"Columbia","scalerank":3,"min_zoom":3}},
{"type":"Feature","geometry":{"type":"MultiLineString","coordinates":[[[-118.5297,52.1018],[-118.5985,52.0353],[-118.5859,51.8883],[-118.6857,51.7657],[-118.6678,51.6722],[-118.5387,51.5425],[-118.4375,51.3865],[-118.2301,51.228],[-118.1886,51.0726],[-118.2228,51.0007],[-118.1197,50.8566],[-118.0079,50.8035],[-117.9822,50.7259],[-117.9064,50.6829]],[[-117.8727,51.8702],[-118.0656,51.9723],[-118.2597,52.0329],[-118.3662,52.09]],[[-115.8654,50.2875],[-115.8955,50.3683],[-115.9908,50.455],[-116.1534,50.6928],[-116.5141,51.0057],[-116.9017,51.2051],[-117.0789,51.4226],[-117.1555,51.4759],[-117.3942,51.5245],[-117.5171,51.6592]],[[-117.8802,50.1031],[-117.8996,50.0172],[-118.0846,49.8834],[-118.0924,49.8015]],[[-117.9071,49.3416],[-117.6593,49.3275],[-117.6626,49.2276],[-117.7158,49.1092],[-117.6285,49.0659],[-117.6285,49.0065],[-117.7392,48.9519],[-118.0613,48.7384],[-118.0736,48.6635]],[[-118.1682,48.2324],[-118.1886,48.1498],[-118.2781,48.0263],[-118.3582,48.037],[-118.3507,47.8522],[-118.5139,47.8755],[-118.5714,47.9252],[-118.6787,47.9382],[-118.7923,47.9073],[-118.9477,47.9321],[-118.976,48.0187],[-119.0625,48.1219],[-119.1408,48.1362],[-119.3446,48.0499],[-119.5035,48.07],[-119.628,48.0126],[-119.7694,48.0943],[-119.8958,48.056],[-119.8589,47.9477],[-119.9617,47.8135],[-120.1898,47.7526],[-120.1789,47.6878],[-120.286,47.472],[-120.2358,47.3994],[-120.0936,47.3615],[-120.0682,47.2576],[-120.0116,47.2386],[-120.017,47.1096],[-119.9403,46.9244],[-119.9322,46.7083],[-119.8431,46.6393],[-119.6119,46.6629],[-119.4707,46.7337],[-119.2579,46.5137],[-119.2416,46.2781],[-119.0521,46.2238]],[[-118.9194,46.0799],[-118.9521,46.0241],[-119.0934,45.9488],[-119.3414,45.9461],[-119.5918,45.9211],[-119.6625,45.8717],[-119.9342,45.8379],[-120.1273,45.789],[-120.23,45.7369],[-120.4703,45.71],[-120.621,45.7308],[-120.9002,45.6417],[-121.044,45.6529],[-121.133,45.6241],[-121.2719,45.7087],[-121.5703,45.7294],[-121.7927,45.7213],[-121.9712,45.6423],[-122.1499,45.5939]],[[-122.15,45.5938],[-122.2611,45.5661],[-122.5397,45.6216],[-122.6732,45.6256],[-122.7389,45.6627],[-122.8066,45.978],[-122.9103,46.1077],[-123.1119,46.1863],[-123.2064,46.1673]]]},"properties":{"name":"Columbia","scalerank":3,"min_zoom":3}},
{"type":"Feature","geometry":{"type":"LineString","coordinates":[[-121.2911,39.6234],[-121.4727,39.5567]]},"properties":{"name":"Feather","scalerank":8,"min_zoom":7}},
{"type":"Feature","geometry":{"type":"MultiLineString","coordinates":[[[-121.2911,39.6234],[-121.2936,39.685],[-121.1465,39.7954],[-120.9516,39.858],[-120.7083,39.8778],[-120.5743,39.7623],[-120.4925,39.8222],[-120.2219,39.8005],[-120.1556,39.8382]],[[-121.6082,38.7818],[-121.6221,38.8157],[-121.6266,38.8314],[-121.6106,38.8959],[-121.5676,38.9278],[-121.5978,39.0785],[-121.6256,39.4749],[-121.5399,39.5459],[-121.4727,39.5567]]]},"properties":{"name":"Feather","scalerank":8,"min_zoom":7}},
{"type":"Feature","geometry":{"type":"LineString","coordinates":[[-110.6538,37.224],[-110.7139,37.1829],[-110.796,37.1827],[-110.8716,37.1891],[-110.9029,37.1857]]},"properties":{"name":"San Juan","scalerank":8,"min_zoom":7}},
{"type":"Feature","geometry":{"type":"LineString","coordinates":[[-106.7955,37.4288],[-106.8678,37.4077],[-106.9827,37.286],[-107.0453,37.1351],[-107.1614,37.0327],[-107.3805,37.0252],[-107.4605,36.9037],[-107.5992,36.8375],[-107.7004,36.8248],[-107.8685,36.7128],[-108.0931,36.7093],[-108.2678,36.7515],[-108.3583,36.7427],[-108.4909,36.7788],[-108.5831,36.772],[-108.7259,36.8194],[-108.8009,36.8952],[-108.9228,36.9194],[-109.0805,37.0871],[-109.0936,37.1487],[-109.175,37.2331],[-109.4164,37.3138],[-109.5355,37.3064],[-109.782,37.2108],[-109.9291,37.1897],[-110.159,37.3299],[-110.3346,37.3177],[-110.4845,37.2791],[-110.5394,37.2307],[-110.6543,37.226]]},"properties":{"name":"San Juan","scalerank":8,"min_zoom":7}},
{"type":"Feature","geometry":{"type":"LineString","coordinates":[[-108.157,43.4173],[-108.1575,43.4164],[-108.1575,43.2177]]},"properties":{"name":"Wind","scalerank":8,"min_zoom":7}},
{"type":"Feature","geometry":{"type":"MultiLineString","coordinates":[[[-109.8843,43.6491],[-109.5274,43.5256],[-109.4116,43.4306],[-109.3422,43.442],[-109.1674,43.3585],[-109.0229,43.2627],[-108.7449,43.1897],[-108.6532,43.1216],[-108.4651,43.0499],[-108.3378,43.1287],[-108.2016,43.1304],[-108.1575,43.2177]],[[-108.1575,43.4164],[-108.1456,43.4971],[-108.1914,43.5882],[-108.1507,43.7106],[-108.1669,43.8439],[-108.0404,43.9194],[-107.9645,43.9985],[-107.8973,44.1627]],[[-109.7461,43.2365],[-109.9077,43.3688]]]},"properties":{"name":"Wind","scalerank":8,"min_zoom":7}},
{"type":"Feature","geometry":{"type":"LineString","coordinates":[[-75.9757,56.2225],[-76.0819,56.1922],[-76.509,56.1487],[-76.6188,56.1672]]},"properties":{"name":null,"scalerank":8,"min_zoom":7}},
{"type":"Feature","geometry":{"type":"LineString","coordinates":[[-74.8317,56.2163],[-75.3955,56.1855],[-75.6051,56.2147],[-75.7213,56.1994],[-75.9757,56.2225]]},"properties":{"name":null,"scalerank":8,"min_zoom":7}},
{"type":"Feature","geometry":{"type":"MultiLineString","coordinates":[[[-98.0555,63.9383],[-98.3572,63.8961],[-98.4383,63.8432]],[[-97.4296,63.8094],[-97.5398,63.8741],[-97.5851,63.9659],[-97.7056,64.0327],[-97.9096,64.025],[-98.0579,63.9798]],[[-98.8402,63.622],[-98.8091,63.7],[-98.8662,63.803],[-98.6649,63.7813]]]},"properties":{"name":null,"scalerank":8,"min_zoom":7}},
{"type":"Feature","geometry":{"type":"MultiLineString","coordinates":[[[-98.0555,63.9383],[-98.0568,63.9793]],[[-97.4296,63.8094],[-97.1935,63.7499],[-97.1488,63.7137],[-97.1055,63.6896],[-97.0858,63.6745],[-97.0548,63.6567],[-96.9519,63.6367]],[[-98.6649,63.7813],[-98.4389,63.8427]],[[-99.2615,63.1916],[-99.0853,63.3247],[-98.9088,63.3533],[-98.8319,63.5515],[-98.8402,63.622]]]},"properties":{"name":null,"scalerank":8,"min_zoom":7}},
{"type":"Feature","geometry":{"type":"MultiLineString","coordinates":[[[-98.7815,60.7796],[-99.1459,60.7762],[-99.3647,60.6494],[-99.3638,60.5624],[-99.6822,60.2792],[-99.7759,60.0416],[-99.9404,59.9708],[-100.023,59.824],[-100.0067,59.7469],[-100.105,59.692],[-100.1986,59.7412]],[[-97.0686,60.3681],[-97.1622,60.3294],[-97.4021,60.4437],[-97.4361,60.5047]],[[-101.2416,59.6551],[-101.1924,59.5924],[-101.0019,59.6214]]]},"properties":{"name":"Thlewiaza","scalerank":8,"min_zoom":7}},
{"type":"Feature","geometry":{"type":"MultiLineString","coordinates":[[[-98.7815,60.7796],[-98.5035,60.6033],[-98.3154,60.6083],[-98.1973,60.6595],[-97.9403,60.6678],[-97.8561,60.6356],[-97.8162,60.533],[-97.7027,60.5059],[-97.4361,60.5047]],[[-97.0686,60.3681],[-96.8743,60.4056],[-96.7212,60.4811],[-96.3877,60.5515],[-96.0062,60.4344],[-95.7498,60.3807],[-95.6601,60.4234],[-95.4273,60.4438],[-95.1604,60.4951],[-94.9354,60.5167],[-94.8006,60.4984]],[[-101.8828,59.9634],[-101.8262,59.8546],[-101.6535,59.7437],[-101.4565,59.7156],[-101.2419,59.6555]],[[-101.0019,59.6214],[-100.7485,59.6357],[-100.7016,59.5933],[-100.4714,59.6248],[-100.1986,59.7412]]]},"properties":{"name":"Thlewiaza","scalerank":8,"min_zoom":7}},
{"type":"Feature","geometry":{"type":"LineString","coordinates":[[-101.1599,62.2823],[-101.1627,62.3667]]},"properties":{"name":"Kazan","scalerank":8,"min_zoom":7}},
{"type":"Feature","geometry":{"type":"LineString","coordinates":[[-101.5128,61.1625],[-101.5704,61.2477],[-101.6964,61.2614],[-101.639,61.431],[-101.505,61.5044],[-101.5361,61.674],[-101.4132,61.777],[-101.3549,61.8764],[-101.3678,62.0366],[-101.2763,62.0487],[-101.1512,62.1939],[-101.1615,62.2823]]},"properties":{"name":"Kazan","scalerank":8,"min_zoom":7}},
{"type":"Feature","geometry":{"type":"LineString","coordinates":[[-118.3062,40.5147],[-118.3295,40.6238],[-118.233,40.699]]},"properties":{"name":"Humboldt","scalerank":8,"min_zoom":7}},
{"type":"Feature","geometry":{"type":"MultiLineString","coordinates":[[[-114.9202,41.2496],[-115.0375,41.1994],[-115.2547,41.066],[-115.4795,40.9471],[-115.5954,40.9693],[-115.6753,40.9451],[-115.7587,40.8497],[-115.9543,40.7215],[-116.11,40.712],[-116.2043,40.6064],[-116.2831,40.5881],[-116.4728,40.6082],[-116.4893,40.7078],[-116.5736,40.7194],[-116.826,40.6745],[-116.8966,40.69],[-117.0945,40.8609],[-117.154,40.8797],[-117.2541,40.9966],[-117.4141,40.9822],[-117.5621,41.0434],[-117.6954,41.0284],[-117.796,40.9417],[-117.9478,40.9019],[-118.0038,40.8518],[-118.0353,40.7393],[-118.0918,40.7073],[-118.233,40.699]],[[-118.3062,40.5147],[-118.2962,40.4326],[-118.4385,40.1816],[-118.4198,40.1031],[-118.5101,40.0379],[-118.6055,40.0104]]]},"properties":{"name":"Humboldt","scalerank":8,"min_zoom":7}},
{"type":"Feature","geometry":{"type":"MultiLineString","coordinates":[[[-109.3694,30.4422],[-109.362,30.562]],[[-109.3448,29.1772],[-109.4859,29.1207],[-109.5821,29.1595],[-109.6662,29.1351],[-109.6761,29.073],[-109.6227,28.909]],[[-109.8781,28.1297],[-109.8011,28.0501],[-109.8011,27.935],[-109.897,27.8394]]]},"properties":{"name":"Yaqui","scalerank":8,"min_zoom":7}},
{"type":"Feature","geometry":{"type":"MultiLineString","coordinates":[[[-109.2098,30.8311],[-109.2608,30.8088],[-109.3141,30.6961],[-109.3765,30.631],[-109.362,30.5626]],[[-109.3694,30.4422],[-109.3769,30.3405],[-109.3161,30.2176],[-109.3258,30.1159],[-109.2547,30.0748],[-109.3187,29.9424],[-109.2915,29.8032],[-109.3102,29.7115],[-109.2432,29.5801],[-109.2765,29.4979],[-109.2363,29.2497],[-109.3447,29.1773]],[[-109.6226,28.9079],[-109.6341,28.7413],[-109.5217,28.5391],[-109.5612,28.3735],[-109.6684,28.1928],[-109.8781,28.1297]],[[-109.8976,27.8384],[-109.9078,27.6914],[-109.941,27.6282],[-110.0377,27.5735],[-110.1659,27.5688],[-110.359,27.6409],[-110.4504,27.6004],[-110.6096,27.6665]]]},"properties":{"name":"Yaqui","scalerank":8,"min_zoom":7}},
{"type":"Feature","geometry":{"type":"MultiLineString","coordinates":[[[-101.5233,35.7261],[-101.5799,35.7132],[-101.8249,35.4866]],[[-104.2158,35.548],[-104.1706,35.4201],[-104.1705,35.4201]],[[-103.4139,35.3699],[-103.5934,35.3631]]]},"properties":{"name":"Canadian","scalerank":8,"min_zoom":7}},
{"type":"Feature","geometry":{"type":"MultiLineString","coordinates":[[[-104.5105,36.4182],[-104.4161,36.2276],[-104.3514,36.0423],[-104.307,35.9986],[-104.3992,35.7256],[-104.2296,35.5961],[-104.2158,35.548]],[[-101.5233,35.7261],[-101.2865,35.7866],[-101.1581,35.848],[-101.1109,35.9083],[-100.9988,35.9644],[-100.8572,35.989],[-100.5431,35.9862],[-100.2455,35.9195],[-100.1111,35.8558],[-99.9358,35.9007],[-99.8747,36.015],[-99.8037,35.9974],[-99.7884,35.9187],[-99.6728,35.8633],[-99.5848,35.8639],[-99.4582,36.0069],[-99.3287,36.0205],[-99.2545,35.9937],[-99.2169,35.9151],[-99.131,35.8776],[-99.054,35.9173],[-99.0084,36.0331],[-98.9076,36.0488],[-98.7815,35.8907],[-98.6102,35.7398],[-98.5548,35.6419],[-98.4525,35.5685],[-98.3227,35.5574],[-98.2345,35.4879],[-97.9802,35.3699],[-97.6231,35.3162],[-97.5519,35.3153],[-97.5277,35.2333],[-97.4223,35.1719],[-97.354,35.0936],[-97.3153,34.9661],[-97.0138,34.9173],[-96.9381,34.9788],[-96.8114,34.9447],[-96.7198,34.8782],[-96.575,34.9242],[-96.4242,34.9173],[-96.3518,35.0093],[-96.175,34.9811],[-96.104,35.0274],[-95.9818,35.157],[-95.8556,35.1979],[-95.7274,35.2031],[-95.4573,35.3094],[-95.223,35.2878],[-95.0552,35.4586]],[[-104.1706,35.4201],[-104.1001,35.4246],[-104.0348,35.3643],[-103.8658,35.3184],[-103.8155,35.3436],[-103.5934,35.3631]],[[-103.4137,35.3699],[-103.3328,35.4063],[-103.1466,35.4088],[-103.0636,35.3819],[-102.9439,35.4083],[-102.9003,35.4723],[-102.6887,35.5278],[-102.369,35.5616],[-102.1028,35.5113],[-102.0224,35.4587],[-101.8249,35.4866]]]},"properties":{"name":"Canadian","scalerank":8,"min_zoom":7}},
{"type":"Feature","geometry":{"type":"MultiLineString","coordinates":[[[38.7678,38.8128],[38.8126,38.875],[38.7395,39.0784]],[[38.4713,38.7408],[38.3489,38.5956],[38.3735,38.5366],[38.4816,38.476],[38.689,38.4208],[38.8105,38.4404],[38.8855,38.3641],[38.9922,38.3261],[39.0733,38.348]],[[38.9827,37.8994],[38.9539,37.8014],[38.8648,37.6993],[38.8683,37.6515],[38.6456,37.6242],[38.5154,37.5111],[38.3269,37.4903]]]},"properties":{"name":"Firat","scalerank":3,"min_zoom":3}},
{"type":"Feature","geometry":{"type":"MultiLineString","coordinates":[[[41.4555,40.1802],[41.3071,39.9937],[41.0265,39.961],[40.9107,39.9251],[40.7119,39.9195],[40.4685,39.9536],[40.303,39.9404],[40.1791,39.908],[40.1401,39.8557],[40.2511,39.7636],[40.172,39.5812],[40.0813,39.557],[39.9099,39.5843],[39.7493,39.645],[39.5357,39.7005],[39.4089,39.694],[39.3277,39.639],[39.2012,39.6116],[39.0479,39.6161],[38.8658,39.5822],[38.6399,39.5128],[38.3614,39.3994],[38.4251,39.3185],[38.5807,39.2249],[38.6199,39.1717],[38.7114,39.166],[38.7395,39.0785]],[[38.7678,38.8128],[38.6187,38.7483],[38.4713,38.7408]],[[39.0733,38.348],[39.1485,38.2842],[39.1148,38.1927],[39.2219,38.2051],[39.2564,38.1531],[39.2249,38.0638],[39.0603,37.9879],[38.9827,37.8994]],[[38.3269,37.4903],[38.1972,37.4237],[38.0945,37.4536],[37.9744,37.4355],[37.8855,37.3507],[37.8406,37.2679],[37.8682,37.0777],[38.0079,36.9571],[38.0258,36.8356]]]},"properties":{"name":"Firat","scalerank":3,"min_zoom":3}},
{"type":"Feature","geometry":{"type":"LineString","coordinates":[[-108.5259,26.7286],[-108.5389,26.5655],[-108.5745,26.5154]]},"properties":{"name":"Fuerte","scalerank":8,"min_zoom":7}},
{"type":"Feature","geometry":{"type":"MultiLineString","coordinates":[[[-107.9465,26.9449],[-108.0686,26.91],[-108.2707,26.904],[-108.331,26.9352],[-108.3751,26.8493],[-108.4355,26.8144],[-108.5377,26.8194],[-108.5259,26.7286]],[[-108.5743,26.5157],[-108.612,26.4466],[-108.7739,26.2867],[-108.7319,26.1458],[-108.7621,26.0904],[-108.8559,26.0467],[-108.9579,25.9261],[-109.0508,25.9578],[-109.2589,25.9462],[-109.3476,25.8531],[-109.4178,25.8721]]]},"properties":{"name":"Fuerte","scalerank":8,"min_zoom":7}},
{"type":"Feature","geometry":{"type":"MultiLineString","coordinates":[[[-100.488,20.0406],[-100.5185,20.0842],[-100.7003,20.0537]],[[-100.2279,20.0202],[-100.2305,20.0382],[-100.1856,20.0814]]]},"properties":{"name":"Lerma","scalerank":8,"min_zoom":7}},
{"type":"Feature","geometry":{"type":"MultiLineString","coordinates":[[[-100.7003,20.0537],[-100.8579,20.1152],[-100.924,20.2718],[-101.0137,20.2928],[-101.0162,20.3933],[-101.167,20.5609],[-101.2392,20.5873],[-101.335,20.5444],[-101.4298,20.3616],[-101.4612,20.3349],[-101.6078,20.3203],[-101.6384,20.2344],[-101.6896,20.2013],[-101.9051,20.2033],[-101.9493,20.3661],[-101.9956,20.4032],[-102.1185,20.3839],[-102.2427,20.3404],[-102.2972,20.3623],[-102.4213,20.3426],[-102.6278,20.2355],[-102.7696,20.1984]],[[-100.2279,20.0202],[-100.2808,19.9443],[-100.3719,19.9234],[-100.4879,20.0401]],[[-99.5079,19.2146],[-99.5361,19.3639],[-99.656,19.4588],[-99.7481,19.4988],[-99.772,19.5842],[-99.8661,19.6607],[-99.889,19.7903],[-99.9825,19.8702],[-100.0221,19.9764],[-100.1542,20.0817],[-100.1701,20.0904],[-100.1863,20.0811]]]},"properties":{"name":"Lerma","scalerank":8,"min_zoom":7}},
{"type":"Feature","geometry":{"type":"LineString","coordinates":[[-44.8609,-18.8403],[-44.9169,-18.8657],[-45.0348,-18.8023],[-45.1761,-18.8008]]},"properties":{"name":null,"scalerank":8,"min_zoom":7}},
{"type":"Feature","geometry":{"type":"LineString","coordinates":[[-44.001,-20.4491],[-44.0662,-20.3109],[-44.1214,-20.2848],[-44.1245,-20.1943],[-44.1865,-20.1376],[-44.2403,-20.0371],[-44.3299,-19.9384],[-44.4532,-19.7425],[-44.5012,-19.7194],[-44.5054,-19.617],[-44.5763,-19.4518],[-44.5318,-19.3722],[-44.5643,-19.3099],[-44.6905,-19.1987],[-44.694,-19.0565],[-44.7824,-18.9516],[-44.786,-18.8744],[-44.8609,-18.8403]]},"properties":{"name":null,"scalerank":8,"min_zoom":7}},
{"type":"Feature","geometry":{"type":"LineString","coordinates":[[-68.543,-45.5934],[-68.7079,-45.6123],[-68.7702,-45.6602]]},"properties":{"name":"Chico","scalerank":8,"min_zoom":7}},
{"type":"Feature","geometry":{"type":"MultiLineString","coordinates":[[[-71.364,-44.964],[-70.9252,-45.0335],[-70.629,-45.0278],[-70.4578,-44.9536],[-70.2995,-44.9325],[-70.1296,-44.9521],[-70.0386,-45.1215],[-70.0328,-45.2355],[-69.953,-45.3556],[-69.8519,-45.4564],[-69.7201,-45.6943],[-69.7598,-45.8644],[-69.5531,-45.995],[-69.4112,-45.951],[-69.3781,-45.8729],[-69.1731,-45.7519],[-68.8655,-45.7209],[-68.7702,-45.6602]],[[-68.543,-45.5934],[-68.397,-45.6213],[-68.3058,-45.6004],[-68.0409,-45.4357],[-67.8446,-45.3332],[-67.7529,-45.3164],[-67.6229,-45.1782],[-67.5151,-45.1385],[-67.3771,-44.9601],[-67.2602,-44.846],[-67.1202,-44.7743],[-66.9633,-44.5065],[-66.8575,-44.4106],[-66.8389,-44.3312],[-66.7239,-44.216],[-66.7068,-44.1196],[-66.6356,-44.0262],[-66.4884,-43.9481],[-66.4276,-43.8582],[-66.445,-43.7503],[-66.462,-43.7382]]]},"properties":{"name":"Chico","scalerank":8,"min_zoom":7}},
{"type":"Feature","geometry":{"type":"LineString","coordinates":[[31.8912,-27.3564],[31.9391,-27.3525],[31.9907,-27.4359],[32.0665,-27.4131]]},"properties":{"name":"Pongola","scalerank":8,"min_zoom":7}},
{"type":"Feature","geometry":{"type":"LineString","coordinates":[[30.3878,-27.331],[30.5864,-27.3593],[30.7021,-27.293],[30.833,-27.3344],[30.9014,-27.3114],[30.9535,-27.3513],[31.0606,-27.3354],[31.1303,-27.4048],[31.2329,-27.4432],[31.387,-27.4168],[31.6368,-27.4212],[31.7646,-27.3539],[31.8263,-27.3944],[31.8912,-27.3564]]},"properties":{"name":"Pongola","scalerank":8,"min_zoom":7}},
{"type":"Feature","geometry":{"type":"LineString","coordinates":[[26.9933,-10.9136],[27.2188,-10.81]]},"properties":{"name":"Lufira","scalerank":8,"min_zoom":7}},
{"type":"Feature","geometry":{"type":"MultiLineString","coordinates":[[[27.2188,-10.81],[27.2408,-10.7215],[27.3599,-10.6685],[27.4337,-10.5319],[27.4884,-10.5041],[27.4407,-10.4015],[27.3849,-10.34],[27.3969,-10.2557],[27.3272,-10.2067],[27.2921,-10.0065],[27.2439,-9.9086],[27.2647,-9.8355],[27.2257,-9.6887],[27.1352,-9.6432],[27.1021,-9.5512],[27.039,-9.53],[26.9615,-9.3998],[26.8012,-9.2874],[26.6774,-8.9541],[26.7254,-8.8198],[26.7192,-8.6891],[26.7754,-8.6305],[26.754,-8.528],[26.6856,-8.4662],[26.5847,-8.4948],[26.4263,-8.3193],[26.4516,-8.2689]],[[26.4722,-11.571],[26.5641,-11.5064],[26.727,-11.5226],[26.8095,-11.4797],[26.8237,-11.3461],[26.8042,-11.2298],[26.8565,-11.23],[26.8746,-11.1386],[26.9433,-11.0464],[26.9933,-10.9136]]]},"properties":{"name":"Lufira","scalerank":8,"min_zoom":7}},
{"type":"Feature","geometry":{"type":"LineString","coordinates":[[18.1803,-2.7106],[18.2488,-2.6386],[18.2608,-2.4639],[18.3246,-2.3579],[18.3583,-2.2484],[18.3527,-2.1108],[18.2685,-2.0181],[18.2319,-1.9423],[18.2376,-1.8358],[18.2825,-1.7402],[18.4118,-1.7347]]},"properties":{"name":"Lokoro","scalerank":8,"min_zoom":7}},
{"type":"Feature","geometry":{"type":"LineString","coordinates":[[21.0852,-2.7863],[21.0329,-2.8237],[20.8633,-2.8342],[20.7773,-2.8],[20.4347,-2.7653],[20.169,-2.6791],[19.927,-2.5718],[19.6791,-2.5589],[19.5066,-2.5098],[19.3501,-2.4281],[19.3401,-2.3491],[19.2592,-2.2],[19.1679,-2.1044],[19.1493,-2.0461],[19.0505,-1.9018],[18.8744,-1.8239],[18.7717,-1.8229],[18.6738,-1.7243],[18.5676,-1.7101],[18.446,-1.7487],[18.4118,-1.7347]]},"properties":{"name":"Lokoro","scalerank":8,"min_zoom":7}},
{"type":"Feature","geometry":{"type":"MultiLineString","coordinates":[[[41.6514,11.5226],[41.6231,11.5928],[41.6217,11.593]],[[41.5771,11.3673],[41.5953,11.4029]],[[39.0105,8.4003],[39.0713,8.3931],[39.1387,8.4701]]]},"properties":{"name":"Awash","scalerank":8,"min_zoom":7}},
{"type":"Feature","geometry":{"type":"MultiLineString","coordinates":[[[41.5953,11.4029],[41.6514,11.5224]],[[41.5768,11.367],[41.5276,11.3207],[41.5851,11.2181],[41.6838,11.1997]],[[38.0752,8.9706],[38.1279,9.0096],[38.212,8.9852],[38.2643,8.9281],[38.3818,8.8722],[38.4908,8.7106],[38.5867,8.7066],[38.6277,8.6651],[38.7325,8.6315],[38.7618,8.5862],[38.7376,8.4734],[38.7622,8.3848],[39.0105,8.4003]],[[39.1387,8.4701],[39.1921,8.4715],[39.2971,8.4038],[39.3681,8.3856],[39.4566,8.4263],[39.5281,8.4913],[39.7791,8.6546],[39.864,8.7383],[39.9225,8.8568],[40.0391,8.843],[40.1201,8.9044],[40.1827,9.0408],[40.0835,9.2801],[40.1504,9.3294],[40.1663,9.4424],[40.2699,9.5321],[40.2993,9.6383],[40.2485,9.6879],[40.2285,9.8004],[40.2563,9.8692],[40.3511,9.9653],[40.5015,9.9764],[40.6,10.0718],[40.5469,10.2089],[40.5728,10.2832],[40.5117,10.5907],[40.4643,10.6581],[40.4356,10.7778],[40.4544,10.9866],[40.5737,11.0948],[40.7533,11.1345],[40.8579,11.234],[40.8682,11.297],[40.947,11.3746],[40.9378,11.53],[40.9575,11.6975],[41.02,11.7408],[41.1494,11.6832],[41.1992,11.6268],[41.3417,11.6285],[41.477,11.5591],[41.6231,11.5928]]]},"properties":{"name":"Awash","scalerank":8,"min_zoom":7}},
{"type":"Feature","geometry":{"type":"MultiLineString","coordinates":[[[-7.94,53.8397],[-7.983,53.8794],[-7.983,53.8795]],[[-8.0041,53.6665],[-7.9578,53.4545]],[[-8.4491,52.8168],[-8.3969,52.9005],[-8.1986,53.0787]]]},"properties":{"name":"Shannon","scalerank":8,"min_zoom":7}},
{"type":"Feature","geometry":{"type":"MultiLineString","coordinates":[[[-8.0684,54.0639],[-8.0928,53.9204],[-7.983,53.8794]],[[-7.94,53.8397],[-7.929,53.7552],[-8.0041,53.6665]],[[-7.9578,53.4545],[-7.9331,53.3756],[-8.0447,53.2727],[-7.9768,53.2074],[-8.1377,53.1527],[-8.1986,53.0787]],[[-8.4491,52.8168],[-8.5075,52.7103],[-8.6826,52.6511],[-8.7385,52.6728]]]},"properties":{"name":"Shannon","scalerank":8,"min_zoom":7}},
{"type":"Feature","geometry":{"type":"LineString","coordinates":[[8.6205,45.7264],[8.5689,45.7658],[8.5776,45.9051],[8.73,46.036],[8.7376,46.1096],[8.8432,46.1717]]},"properties":{"name":"Ticino","scalerank":8,"min_zoom":7}},
{"type":"Feature","geometry":{"type":"LineString","coordinates":[[8.404,46.496],[8.614,46.543],[8.7097,46.5354],[8.8298,46.476],[8.9341,46.3912],[9.0481,46.2407],[8.9841,46.1892],[8.8432,46.1717]]},"properties":{"name":"Ticino","scalerank":8,"min_zoom":7}},
{"type":"Feature","geometry":{"type":"MultiLineString","coordinates":[[[97.7628,35.0881],[97.6973,34.9199],[97.5459,34.876]],[[97.2882,34.8355],[97.2343,34.9073],[97.072,34.9306]]]},"properties":{"name":"Huang","scalerank":3,"min_zoom":3}},
{"type":"Feature","geometry":{"type":"MultiLineString","coordinates":[[[96.1642,35.1297],[96.2493,35.1092],[96.4832,35.1057],[96.6549,35.0501],[96.8113,35.0613],[96.8899,35.0068],[96.9746,34.9916],[97.072,34.9306]],[[97.7628,35.0881],[97.8489,35.1123],[97.9916,35.0806],[98.1244,34.937],[98.1373,34.8934],[98.3779,34.8153],[98.4015,34.6493],[98.3267,34.5982],[98.4663,34.4922],[98.5147,34.4012],[98.7097,34.355],[98.734,34.4579],[98.8679,34.4787],[99.0532,34.411],[99.0367,34.2536],[99.0737,34.1462],[99.0486,34.0714],[99.1106,33.9134],[99.2481,33.7844],[99.3769,33.7528],[99.4221,33.8281],[99.542,33.7735],[99.6458,33.7657],[99.7715,33.8],[99.9991,33.6756],[100.0801,33.5879],[100.1487,33.5736],[100.2378,33.6325],[100.3167,33.7462],[100.565,33.8548],[100.6321,33.9105],[100.7822,33.9243],[100.9125,33.7591],[101.0165,33.7296],[101.0183,33.8719],[101.1118,33.8616],[101.2882,33.7114],[101.4543,33.6841],[101.5087,33.7048],[101.6189,33.6698],[101.7373,33.6835],[101.8376,33.606],[101.8892,33.4886],[102.0093,33.3763],[102.1655,33.3332],[102.2665,33.419],[102.3859,33.4097],[102.4816,33.465],[102.4816,33.5401],[102.3557,33.6093],[102.3429,33.7251],[102.1943,33.9193],[102.1328,33.9652],[102.0503,33.9578],[101.9131,33.9994],[101.6113,34.1912],[101.3233,34.2595],[101.234,34.3007],[101.1397,34.4996],[100.929,34.5518],[100.8706,34.7088],[100.6968,34.671],[100.6183,34.6915],[100.4946,34.8055],[100.3364,34.8338],[100.2546,35.0272],[100.2472,35.1736],[100.1912,35.4023],[100.1311,35.4666],[100.2076,35.574],[100.2962,35.7717],[100.4112,35.7957],[100.5909,35.889],[100.7275,36.0013],[100.7417,36.0709],[100.8159,36.1323],[101.0796,36.1397],[101.1912,36.0876],[101.392,36.0511],[101.4785,36.0659],[101.6972,36.1844],[101.8523,36.1343],[102.0161,35.9916],[102.0781,35.8474],[102.1215,35.8271],[102.2461,35.8747],[102.4174,35.8877],[102.6046,35.8421],[102.735,35.8303],[102.8373,35.8607],[103.0092,35.8258],[103.1165,35.7782],[103.3042,35.8639],[103.3593,35.9117],[103.2153,35.9575],[103.194,35.9993],[103.2613,36.0656],[103.3923,36.131],[103.4548,36.1889],[103.541,36.1342],[103.6343,36.1479],[103.6984,36.0989],[103.8765,36.0646],[104.0128,36.072],[104.0186,36.1822],[104.127,36.2435],[104.1915,36.3353],[104.3451,36.3903],[104.42,36.4505],[104.4939,36.4597],[104.7138,36.6208],[104.7192,36.6973],[104.6128,36.7726],[104.5278,36.8719],[104.3359,36.9008],[104.3375,37.0068],[104.2984,37.0672],[104.3059,37.157],[104.4927,37.2086],[104.5782,37.3241],[104.8569,37.4078],[104.9387,37.4085],[105.1021,37.475],[105.2747,37.4945],[105.5479,37.4976],[105.8891,37.5988],[105.9404,37.688],[105.9927,37.885],[106.1396,37.9825],[106.2206,38.0823],[106.2781,38.2333],[106.408,38.3623],[106.517,38.4269],[106.5728,38.5266],[106.5208,38.5844],[106.5942,38.6663],[106.5732,38.7104],[106.6655,38.8203],[106.8403,38.9876],[106.8816,39.1046],[106.808,39.1989],[106.8091,39.3093],[106.7525,39.4655],[106.7851,39.6746],[106.7091,40.0381],[106.8587,40.1798],[107.0147,40.2693],[107.0318,40.3105],[107.128,40.3515],[107.1417,40.4539],[107.2144,40.4992],[107.2118,40.5827],[107.2708,40.6378],[107.395,40.6606],[107.5139,40.7392],[107.7114,40.7869],[107.7584,40.8595],[108.0867,40.8477],[108.1733,40.8797],[108.2408,40.8139],[108.4378,40.817],[108.5908,40.6616],[108.83,40.5433],[109.0003,40.5263],[109.0366,40.5489],[109.2223,40.4921],[109.3966,40.4682],[109.447,40.5208],[109.6083,40.5507],[109.6651,40.4968],[109.9107,40.5228],[110.1099,40.5023],[110.2117,40.5371],[110.2461,40.4744],[110.3471,40.4532],[110.4303,40.3885],[110.5068,40.3814],[110.8799,40.2553],[111.061,40.2672],[111.3027,40.1561],[111.3974,40.0479],[111.4365,39.9173],[111.3652,39.7775],[111.4176,39.6837],[111.4209,39.522],[111.3424,39.4444],[111.1991,39.4271],[111.1099,39.3851],[111.2246,39.3105],[111.1177,39.0673],[110.9946,39.0038],[110.98,38.8165],[110.8715,38.6213],[110.899,38.5454],[110.8526,38.4571],[110.774,38.4261],[110.671,38.3169],[110.5793,38.2872],[110.5109,38.2021],[110.5149,37.9549],[110.589,37.919],[110.6531,37.8131],[110.7529,37.7457],[110.7886,37.5613],[110.7461,37.4802],[110.6301,37.3966],[110.6871,37.3571],[110.6648,37.2822],[110.5276,37.1444],[110.4599,37.0511],[110.3892,37.0218],[110.3972,36.7813],[110.4829,36.5929],[110.4959,36.484],[110.4588,36.3493],[110.473,36.2637],[110.4469,36.1418],[110.5108,35.8868],[110.5602,35.8491],[110.5755,35.7125],[110.6196,35.5972],[110.4246,35.2941],[110.3351,35.1979],[110.2594,34.9447],[110.2372,34.8013],[110.2699,34.6373]],[[97.2882,34.8355],[97.4063,34.8179],[97.547,34.876]]]},"properties":{"name":"Huang","scalerank":3,"min_zoom":3}},
{"type":"Feature","geometry":{"type":"LineString","coordinates":[[27.6904,49.4746],[27.6148,49.4086],[27.4727,49.4173]]},"properties":{"name":"Southern Bug","scalerank":8,"min_zoom":7}},
{"type":"Feature","geometry":{"type":"MultiLineString","coordinates":[[[26.5019,49.6212],[27.0474,49.4103],[27.3184,49.3763],[27.4727,49.4173]],[[27.6904,49.4746],[27.7378,49.5353],[27.9351,49.555],[27.9661,49.5272],[28.334,49.4737],[28.3958,49.388],[28.4868,49.3353],[28.439,49.1845],[28.295,49.1026],[28.3325,49.0433],[28.648,49.0207],[28.6235,48.8966],[28.7271,48.8624],[28.9578,48.8341],[29.0759,48.8767],[29.138,48.8214],[29.0824,48.7429],[29.2164,48.7093],[29.3041,48.6345],[29.2949,48.5887],[29.3931,48.5034],[29.6578,48.4835],[29.7407,48.435],[29.7583,48.369],[29.9597,48.2808],[30.0833,48.1436],[30.3222,48.1345],[30.5016,48.1634],[30.6026,48.1395],[30.7994,48.0126],[30.8579,48.0406],[31.0086,47.9952],[31.19,47.7154],[31.2686,47.6837],[31.1795,47.5955],[31.4075,47.5144],[31.5323,47.4013],[31.7622,47.3002],[31.7485,47.2591]]]},"properties":{"name":"Southern Bug","scalerank":8,"min_zoom":7}},
{"type":"Feature","geometry":{"type":"LineString","coordinates":[[76.2002,31.8864],[76.1179,31.9418],[75.9348,31.9645]]},"properties":{"name":"Beas","scalerank":8,"min_zoom":7}},
{"type":"Feature","geometry":{"type":"MultiLineString","coordinates":[[[77.1951,32.2589],[77.2032,32.1939],[77.1567,32.1168],[77.1235,31.9239],[77.2147,31.7376],[77.0671,31.7006],[76.9348,31.7137],[76.9308,31.7726],[76.7473,31.8771],[76.5938,31.9038],[76.4443,31.8089],[76.3208,31.7822],[76.2003,31.8863]],[[75.9348,31.9645],[75.8982,31.9623],[75.7066,32.0499],[75.6884,32.1118],[75.5885,32.0798],[75.5348,31.94],[75.5629,31.8585],[75.5284,31.7119],[75.3706,31.5752],[75.3199,31.5098],[75.2271,31.457],[75.1689,31.3468],[75.0369,31.198],[75.0027,31.1763]]]},"properties":{"name":"Beas","scalerank":8,"min_zoom":7}},
{"type":"Feature","geometry":{"type":"MultiLineString","coordinates":[[[75.8939,15.0926],[75.9036,15.1312],[76.0637,15.1596],[76.1555,15.2279],[76.2288,15.2254],[76.3184,15.2707],[76.3193,15.2725]],[[75.6318,13.7122],[75.5558,13.6761],[75.5781,13.5697],[75.5308,13.4962]]]},"properties":{"name":"Tungabhadra","scalerank":8,"min_zoom":7}},
{"type":"Feature","geometry":{"type":"MultiLineString","coordinates":[[[76.3184,15.2707],[76.3393,15.3245],[76.5056,15.3601],[76.6064,15.4414],[76.7156,15.4966],[76.7822,15.4945],[76.844,15.6517],[77.0734,15.9211],[77.2265,15.9764],[77.5825,15.928],[77.6412,15.9007],[77.8499,15.8939],[77.888,15.9191],[78.0875,15.833],[78.2369,15.9696]],[[75.6318,13.7122],[75.6957,13.7754],[75.6952,13.9555],[75.6655,14.0306],[75.6858,14.121],[75.6194,14.3384],[75.6397,14.448],[75.7949,14.5482],[75.8051,14.6507],[75.6672,14.8353],[75.6769,14.9355],[75.7324,14.9588],[75.8939,15.0926]],[[75.3184,13.2286],[75.4711,13.278],[75.4707,13.3675],[75.5308,13.4962]]]},"properties":{"name":"Tungabhadra","scalerank":8,"min_zoom":7}},
{"type":"Feature","geometry":{"type":"MultiLineString","coordinates":[[[81.1423,7.9993],[81.066,7.8646],[80.9921,7.8013]],[[80.6563,7.3079],[80.8071,7.2328]]]},"properties":{"name":"Mahaweli","scalerank":8,"min_zoom":7}},
{"type":"Feature","geometry":{"type":"MultiLineString","coordinates":[[[81.1423,7.9993],[81.1765,8.0825],[81.2316,8.1092],[81.2796,8.2311],[81.3269,8.2634],[81.4166,8.2539]],[[80.8071,7.2328],[80.8301,7.1968],[80.9512,7.1918],[81.0122,7.2304],[80.9921,7.3352],[80.9784,7.568],[80.9977,7.6623],[80.9921,7.8013]],[[80.6563,7.0336],[80.5738,7.087],[80.6272,7.2989],[80.6563,7.3079]]]},"properties":{"name":"Mahaweli","scalerank":8,"min_zoom":7}},
{"type":"Feature","geometry":{"type":"LineString","coordinates":[[102.7807,18.7149],[102.6746,18.5924],[102.5671,18.5504]]},"properties":{"name":"Ngun","scalerank":8,"min_zoom":7}},
{"type":"Feature","geometry":{"type":"MultiLineString","coordinates":[[[103.205,19.6839],[103.0681,19.5966],[103.0556,19.5198],[102.9723,19.4243],[102.8497,19.437],[102.7643,19.416],[102.7459,19.3144],[102.8186,19.251],[102.815,19.1683],[102.88,19.0748],[102.8526,18.9969],[102.7892,18.9561],[102.762,18.8426],[102.7809,18.7134]],[[102.5671,18.5504],[102.5134,18.5106],[102.5542,18.3067],[102.5376,18.2417],[102.6685,18.1497],[102.7726,18.1319],[102.8991,18.1939],[103.0868,18.1397]]]},"properties":{"name":"Ngun","scalerank":8,"min_zoom":7}},
{"type":"Feature","geometry":{"type":"LineString","coordinates":[[149.12,-32.6557],[149.179,-32.7583],[149.235,-32.7969],[149.2454,-32.9115]]},"properties":{"name":"Macquarie","scalerank":8,"min_zoom":7}},
{"type":"Feature","geometry":{"type":"MultiLineString","coordinates":[[[149.12,-32.6557],[149.0032,-32.6093],[148.835,-32.4489],[148.6589,-32.3895],[148.6094,-32.2791],[148.546,-32.2188],[148.4019,-32.1846],[148.3798,-32.2209],[148.2579,-32.2219],[148.2442,-31.9916],[148.0116,-31.8625],[147.9228,-31.7874],[147.8596,-31.6948],[147.7993,-31.6633],[147.7081,-31.475],[147.6968,-31.381],[147.5796,-31.1239],[147.4882,-31.0189],[147.4933,-30.8686],[147.537,-30.7255],[147.5274,-30.663],[147.6069,-30.4914],[147.5366,-30.4068],[147.5203,-30.3106],[147.568,-30.2477],[147.5279,-30.1874],[147.4118,-30.127]],[[149.7184,-33.6371],[149.6055,-33.5544],[149.6292,-33.5073],[149.5776,-33.4146],[149.4978,-33.4037],[149.4094,-33.3422],[149.3862,-33.2818],[149.4254,-33.2194],[149.3951,-33.102],[149.2785,-33.0567],[149.2405,-32.9933],[149.2442,-32.909]]]},"properties":{"name":"Macquarie","scalerank":8,"min_zoom":7}},
{"type":"Feature","geometry":{"type":"LineString","coordinates":[[92.2986,35.223],[92.1122,35.2352],[92.0675,35.2193]]},"properties":{"name":"Qumar","scalerank":8,"min_zoom":7}},
{"type":"Feature","geometry":{"type":"MultiLineString","coordinates":[[[90.9492,35.2447],[91.1588,35.2449],[91.2986,35.2093],[91.4719,35.2087],[91.6017,35.1856],[91.8062,35.1948],[91.9771,35.1547],[92.0675,35.2193]],[[92.2986,35.223],[92.6245,35.1758],[92.6948,35.2255],[92.7857,35.2167],[93.1388,35.3037],[93.2743,35.3107],[93.4024,35.3587],[93.6333,35.2966],[93.7686,35.2993],[93.8961,35.2216],[94.1047,35.2167],[94.377,35.0523],[94.5341,35.034],[94.6094,35.0023],[94.7522,35.0113],[94.8279,34.9447],[94.9299,34.9051],[94.9659,34.807],[94.9555,34.7186],[94.9241,34.6772]]]},"properties":{"name":"Qumar","scalerank":8,"min_zoom":7}},
{"type":"Feature","geometry":{"type":"MultiLineString","coordinates":[[[11.7951,61.9307],[11.7813,61.9206]],[[12.547,60.9447],[12.5947,61.0266]],[[12.3347,58.3738],[12.4777,58.447],[12.8335,58.7011],[12.9745,58.7607],[13.2166,58.7805],[13.3838,58.8605],[13.4138,58.9405],[13.3713,59.095],[13.3744,59.3073],[13.4744,59.3599]]]},"properties":{"name":"Klarlven","scalerank":8,"min_zoom":7}},
{"type":"Feature","geometry":{"type":"MultiLineString","coordinates":[[[11.9006,61.9273],[11.7951,61.9307]],[[11.7813,61.9206],[11.6377,61.773],[11.7284,61.6857],[11.9949,61.5342],[12.0733,61.5187],[12.146,61.4134],[12.4629,61.1508],[12.5834,61.0856],[12.5947,61.0266]],[[12.547,60.9447],[12.7742,60.7539],[12.9893,60.6462],[13.2424,60.3991],[13.4866,60.2172],[13.5654,60.0039],[13.4517,59.6343],[13.5195,59.5992],[13.4329,59.5018],[13.4746,59.3601]]]},"properties":{"name":"Klarlven","scalerank":8,"min_zoom":7}},
{"type":"Feature","geometry":{"type":"MultiLineString","coordinates":[[[15.0571,58.55],[15.2817,58.5594]],[[15.5297,58.5003],[15.7612,58.5242],[15.9538,58.5143]]]},"properties":{"name":"Motala strm","scalerank":8,"min_zoom":7}},
{"type":"Feature","geometry":{"type":"MultiLineString","coordinates":[[[15.2817,58.5594],[15.5287,58.5008]],[[14.9782,58.5242],[15.0571,58.55]],[[15.9538,58.5143],[16.4126,58.4775]]]},"properties":{"name":"Motala strm","scalerank":8,"min_zoom":7}},
{"type":"Feature","geometry":{"type":"LineString","coordinates":[[-108.9125,62.7968],[-109.0929,62.6956],[-109.3986,62.7881],[-110.041,62.8885],[-110.6747,62.8819],[-111.2645,62.7261],[-111.4547,62.6475],[-111.7204,62.3676],[-111.9626,62.2119],[-112.3904,62.0751],[-112.7252,62.0432],[-112.9763,61.9121],[-113.1891,61.857],[-114.8528,61.3706]]},"properties":{"name":null,"scalerank":8,"min_zoom":7}},
{"type":"Feature","geometry":{"type":"LineString","coordinates":[[-108.465,62.8968],[-108.7281,62.8731],[-108.9123,62.7971]]},"properties":{"name":null,"scalerank":8,"min_zoom":7}},
{"type":"Feature","geometry":{"type":"LineString","coordinates":[[37.113,11.855],[37.1304,11.8973],[37.2581,11.9269],[37.3457,11.8583],[37.3811,11.751],[37.3867,11.634],[37.3872,11.6323]]},"properties":{"name":"Abay","scalerank":3,"min_zoom":3}},
{"type":"Feature","geometry":{"type":"LineString","coordinates":[[37.179,11.0358],[37.0989,11.0927],[37.0457,11.1904],[36.9635,11.2654],[37.0171,11.4324],[36.9977,11.4945],[37.1098,11.6483],[37.1752,11.7694],[37.113,11.855]]},"properties":{"name":"Abay","scalerank":3,"min_zoom":3}},
{"type":"Feature","geometry":{"type":"LineString","coordinates":[[124.9592,40.4539],[125.0533,40.5477],[125.3364,40.6414]]},"properties":{"name":"Yalu","scalerank":8,"min_zoom":7}},
{"type":"Feature","geometry":{"type":"MultiLineString","coordinates":[[[128.0906,41.9175],[128.0966,41.8228],[128.1588,41.712],[128.2506,41.6604],[128.3027,41.5837],[128.1853,41.4047],[128.064,41.3886],[127.9439,41.4711],[127.8486,41.4316],[127.6382,41.4301],[127.4736,41.499],[127.2689,41.5052],[127.045,41.6682],[127.0327,41.7319],[126.8868,41.7852],[126.7882,41.6962],[126.6176,41.6662],[126.501,41.4346],[126.2605,41.1434],[126.1471,41.0925],[126.0075,40.8996],[125.7605,40.8859],[125.4688,40.7132],[125.413,40.632],[125.3364,40.6414]],[[124.9592,40.4539],[124.8951,40.4839],[124.7122,40.3105],[124.6422,40.2945],[124.3702,40.0983]]]},"properties":{"name":"Yalu","scalerank":8,"min_zoom":7}},
{"type":"Feature","geometry":{"type":"LineString","coordinates":[[-48.9525,-18.3263],[-48.7529,-18.2177],[-48.6575,-18.0683],[-48.6569,-18.0674]]},"properties":{"name":"Corumba","scalerank":8,"min_zoom":7}},
{"type":"Feature","geometry":{"type":"LineString","coordinates":[[-48.7641,-15.8407],[-48.7997,-15.9172],[-48.7631,-16.0388],[-48.6706,-16.138],[-48.602,-16.1364],[-48.4288,-16.2222],[-48.3872,-16.2948],[-48.0836,-16.3486],[-48.0066,-16.5151],[-48.0222,-16.6664],[-47.9877,-16.7519],[-47.9076,-16.8002],[-47.8933,-16.9126],[-48.0233,-17.1865],[-48.1007,-17.266],[-48.2163,-17.3268],[-48.2812,-17.4234],[-48.3448,-17.4478],[-48.3526,-17.5121],[-48.4556,-17.6289],[-48.5506,-17.8115],[-48.5034,-17.8994],[-48.5519,-18.0397],[-48.6575,-18.0683]]},"properties":{"name":"Corumba","scalerank":8,"min_zoom":7}},
{"type":"Feature","geometry":{"type":"LineString","coordinates":[[29.8163,-5.2051],[29.6655,-5.2263],[29.6089,-5.2884],[29.5494,-5.4478],[29.5574,-5.6545],[29.5393,-5.8097],[29.4816,-5.8779],[29.2761,-5.9339],[29.1899,-5.9124]]},"properties":{"name":"Lukuga","scalerank":8,"min_zoom":7}},
{"type":"Feature","geometry":{"type":"LineString","coordinates":[[29.1899,-5.9124],[29.0144,-5.8967],[28.7568,-5.8552],[28.6718,-5.8625],[28.4239,-5.9428],[28.3657,-5.9056],[28.273,-5.9063],[28.1629,-5.8679],[27.9928,-5.6772],[27.9146,-5.6952],[27.8199,-5.7554],[27.7532,-5.8625],[27.6661,-5.8632],[27.3536,-5.9958],[27.2162,-6.0148],[27.1372,-5.9632],[27.1096,-5.8954],[26.9527,-5.7616],[26.9177,-5.6576]]},"properties":{"name":"Lukuga","scalerank":8,"min_zoom":7}},
{"type":"Feature","geometry":{"type":"LineString","coordinates":[[-100.7257,44.7851],[-100.8859,44.7875],[-101.0163,44.7479],[-101.1094,44.7541],[-101.2215,44.7032]]},"properties":{"name":"Cheyenne","scalerank":8,"min_zoom":7}},
{"type":"Feature","geometry":{"type":"MultiLineString","coordinates":[[[-103.0028,43.6064],[-102.8226,43.6763],[-102.7021,43.7901],[-102.6527,43.8928],[-102.4678,43.9906],[-102.3846,44.0901],[-102.3886,44.2031],[-102.3046,44.4356],[-102.1258,44.4425],[-102.0162,44.5079],[-101.824,44.5329],[-101.6975,44.5797],[-101.5601,44.5712],[-101.3238,44.6889],[-101.2215,44.7032]],[[-105.0616,43.4407],[-104.9066,43.5284],[-104.6884,43.5649],[-104.5209,43.4977],[-104.4621,43.4078],[-104.2911,43.3727],[-104.1908,43.4523],[-104.045,43.4592],[-103.9241,43.4179],[-103.8122,43.3238],[-103.6614,43.2764],[-103.4137,43.319],[-103.4236,43.3505],[-103.2493,43.4425],[-103.1394,43.4705],[-103.0438,43.5313],[-102.996,43.6207]]]},"properties":{"name":"Cheyenne","scalerank":8,"min_zoom":7}},
{"type":"Feature","geometry":{"type":"LineString","coordinates":[[-80.5063,33.5803],[-80.3683,33.4644],[-80.2364,33.4625],[-80.155,33.4017]]},"properties":{"name":"Congaree","scalerank":8,"min_zoom":7}},
{"type":"Feature","geometry":{"type":"MultiLineString","coordinates":[[[-81.2151,34.0472],[-81.0509,33.9967]],[[-81.0565,34.0045],[-81.0509,33.9967]],[[-81.0509,33.9967],[-81.05,33.9963]],[[-81.0509,33.9967],[-80.9723,33.8426],[-80.7849,33.7675],[-80.6511,33.7578],[-80.5471,33.6568],[-80.5062,33.5817]]]},"properties":{"name":"Congaree","scalerank":8,"min_zoom":7}},
{"type":"Feature","geometry":{"type":"LineString","coordinates":[[-114.1251,48.0833],[-114.1356,48.034],[-114.0858,47.8528],[-114.1064,47.7165]]},"properties":{"name":"Flathead","scalerank":8,"min_zoom":7}},
{"type":"Feature","geometry":{"type":"MultiLineString","coordinates":[[[-114.6739,49.3918],[-114.5641,49.3655],[-114.484,49.2057],[-114.5022,49.0996],[-114.3774,48.9409],[-114.3272,48.8426],[-114.1459,48.6577],[-114.1266,48.5428],[-114.0633,48.4938],[-114.0573,48.4146],[-114.2042,48.3647],[-114.2452,48.1892],[-114.1595,48.2008],[-114.1251,48.0833]],[[-114.1068,47.7154],[-114.1401,47.6801],[-114.3175,47.6556],[-114.3577,47.5212],[-114.2782,47.489],[-114.3754,47.3336],[-114.5345,47.3837],[-114.6408,47.3487],[-114.7753,47.3516]]]},"properties":{"name":"Flathead","scalerank":8,"min_zoom":7}},
{"type":"Feature","geometry":{"type":"LineString","coordinates":[[-81.6705,29.5037],[-81.6558,29.387],[-81.5552,29.2112]]},"properties":{"name":"Saint Johns","scalerank":8,"min_zoom":7}},
{"type":"Feature","geometry":{"type":"MultiLineString","coordinates":[[[-81.6705,29.5037],[-81.7038,29.5623],[-81.6004,29.6094],[-81.6258,29.6942],[-81.5422,29.7687],[-81.5917,29.8649],[-81.59,29.939],[-81.6726,30.0242],[-81.6869,30.2927],[-81.6138,30.3829],[-81.3892,30.395]],[[-81.5552,29.2112],[-81.4923,29.1195],[-81.3687,29.0615],[-81.3447,28.9947],[-81.3536,28.8649],[-81.3215,28.8321],[-81.0609,28.7844],[-81.001,28.6341],[-80.8786,28.4967],[-80.879,28.3598],[-80.8064,28.3046],[-80.8616,28.222],[-80.753,28.161],[-80.756,28.1018],[-80.8548,28.0506],[-81.0515,28.163],[-81.0814,28.2363]]]},"properties":{"name":"Saint Johns","scalerank":8,"min_zoom":7}},
{"type":"Feature","geometry":{"type":"LineString","coordinates":[[-94.4107,18.1353],[-94.4778,17.9533],[-94.4779,17.9534]]},"properties":{"name":"Coatzacoalcos","scalerank":8,"min_zoom":7}},
{"type":"Feature","geometry":{"type":"MultiLineString","coordinates":[[[-94.4097,18.1551],[-94.4107,18.1353]],[[-94.9281,17.1827],[-94.8973,17.3015],[-94.9723,17.3426],[-94.9291,17.4106],[-94.8497,17.4425],[-94.8367,17.5067],[-94.7264,17.5143],[-94.7245,17.6373],[-94.6816,17.7207],[-94.7269,17.7924],[-94.6711,17.8663],[-94.5431,17.9],[-94.4778,17.9533]]]},"properties":{"name":"Coatzacoalcos","scalerank":8,"min_zoom":7}},
{"type":"Feature","geometry":{"type":"MultiLineString","coordinates":[[[-51.2641,-20.6532],[-51.2632,-20.6528],[-51.1154,-20.6616],[-51.0136,-20.7461],[-50.882,-20.7982],[-50.8038,-20.8527],[-50.6338,-20.9223],[-50.5058,-21.0179],[-50.3041,-21.0585]],[[-49.0102,-21.7529],[-49.0683,-21.7577],[-49.1874,-21.6517],[-49.2656,-21.6566],[-49.3382,-21.5645],[-49.4586,-21.4985],[-49.5947,-21.374],[-49.9149,-21.2276],[-50.0692,-21.1922],[-50.1975,-21.1069]],[[-48.5375,-22.5143],[-48.3696,-22.5996],[-48.3533,-22.6639],[-48.1726,-22.706],[-48.1403,-22.7621]]]},"properties":{"name":"Tietê","scalerank":8,"min_zoom":7}},
{"type":"Feature","geometry":{"type":"MultiLineString","coordinates":[[[-51.2632,-20.6528],[-51.3619,-20.6673],[-51.4864,-20.6543],[-51.5336,-20.6234],[-51.5896,-20.6205]],[[-50.1968,-21.1073],[-50.2786,-21.0625],[-50.3035,-21.0588]],[[-48.5375,-22.5143],[-48.6136,-22.4982],[-48.7335,-22.3071],[-48.7617,-22.2346],[-48.7157,-22.179],[-48.784,-22.1109],[-48.8653,-22.1078],[-48.8705,-21.9496],[-48.9075,-21.8679],[-48.9652,-21.8454],[-49.0102,-21.7529]],[[-45.9611,-23.6247],[-45.973,-23.575],[-46.1266,-23.537],[-46.176,-23.4975],[-46.2432,-23.527],[-46.3658,-23.4677],[-46.5007,-23.4696],[-46.5661,-23.5119],[-46.6975,-23.5023],[-46.7767,-23.5291],[-46.8701,-23.4892],[-46.9631,-23.4004],[-47.1086,-23.4011],[-47.1594,-23.332],[-47.2333,-23.3034],[-47.3081,-23.1893],[-47.4092,-23.161],[-47.5439,-23.2144],[-47.6121,-23.1655],[-47.6473,-23.0897],[-47.7795,-23.0497],[-47.775,-22.9836],[-47.9495,-22.9299],[-47.9692,-22.8918],[-48.1403,-22.7621]]]},"properties":{"name":"Tietê","scalerank":8,"min_zoom":7}},
{"type":"Feature","geometry":{"type":"LineString","coordinates":[[42.3154,0.1398],[42.3423,0.0668],[42.523,0.0211],[42.5686,-0.0443]]},"properties":{"name":null,"scalerank":8,"min_zoom":7}},
{"type":"Feature","geometry":{"type":"LineString","coordinates":[[39.0881,3.5327],[39.1241,3.4427],[39.2179,3.3413],[39.3546,3.2709],[39.4204,3.1866],[39.4096,3.1288],[39.4498,3.0598],[39.5606,2.5518],[39.5466,2.4462],[39.5623,2.2422],[39.6543,2.1549],[39.7671,1.9657],[39.8687,1.7136],[39.9732,1.583],[40.0903,1.5333],[40.2246,1.4169],[40.4234,1.3989],[40.5798,1.3513],[40.6549,1.305],[40.7885,1.1809],[40.8689,1.0694],[40.9425,1.0256],[41.1536,1.049],[41.4,1.0461],[41.4778,1.0037],[41.5556,0.8163],[41.6284,0.7427],[41.7387,0.7274],[41.8994,0.7545],[41.9876,0.7362],[42.0522,0.5377],[42.1528,0.4852],[42.2898,0.2441],[42.3154,0.1398]]},"properties":{"name":null,"scalerank":8,"min_zoom":7}},
{"type":"Feature","geometry":{"type":"MultiLineString","coordinates":[[[38.4343,58.02],[38.2988,58.0804],[38.2966,58.1284],[38.4077,58.2875],[38.468,58.2329],[38.704,58.1131]],[[41.3425,57.4933],[41.1956,57.5076],[40.915,57.7766],[40.6677,57.8057],[40.3886,57.7373],[40.2242,57.666],[40.1284,57.5832],[40.0071,57.5667]],[[37.761,57.2908],[37.8591,57.2684],[37.9795,57.3056],[38.2422,57.4844],[38.3009,57.5716]],[[37.1511,56.7534],[37.1482,56.7524],[36.9156,56.803],[36.7642,56.783],[36.7544,56.7217],[36.6002,56.629],[36.3745,56.7064]],[[43.4324,56.675],[43.3144,56.7529],[43.2027,56.9984],[43.0916,57.1004],[43.0794,57.1743],[43.1777,57.329],[43.1275,57.3806],[42.8513,57.382],[42.773,57.4365],[42.5758,57.4155]],[[45.1948,56.1421],[45.4341,56.09],[45.5128,56.163],[45.7022,56.1493],[45.8819,56.2141],[45.9684,56.1414],[46.1736,56.2518],[46.5913,56.361],[46.6856,56.3421],[46.8989,56.1656],[47.463,56.1568]],[[49.059,55.4827],[49.3604,55.1517],[48.891,54.9703],[48.9125,54.8666],[48.8673,54.6484],[48.7505,54.5699],[48.5932,54.5487],[48.4895,54.4824],[48.4443,54.3446],[48.4609,54.2132],[48.8526,53.9981],[48.989,53.8577],[48.9853,53.608],[49.0693,53.4938],[49.262,53.463],[49.531,53.4711],[49.9048,53.4567]],[[48.6616,53.1383],[48.5409,53.1287],[48.4824,53.067],[48.4966,52.9949],[48.5925,52.9195],[48.5396,52.8303],[48.2486,52.6235],[48.2134,52.5156],[48.0762,52.2906],[47.9706,52.162],[47.769,52.074]],[[45.6636,50.2223],[45.8731,50.3716],[45.8585,50.4669],[45.6821,50.6216],[45.6782,50.7296],[45.7372,50.7609],[45.9565,50.8028],[46.0543,50.8877],[45.9902,51.0553],[45.8352,51.1525],[45.8372,51.2952],[45.9672,51.4018],[45.9834,51.4856],[46.1524,51.5469],[46.3316,51.7542],[46.4825,51.7842],[46.5579,51.7554],[46.7765,51.7412]]]},"properties":{"name":"Volga","scalerank":3,"min_zoom":3}},
{"type":"Feature","geometry":{"type":"MultiLineString","coordinates":[[[38.3009,57.5716],[38.4937,57.824],[38.4967,57.9046],[38.437,58.0175]],[[40.0071,57.5667],[39.802,57.7028],[39.7573,57.8098],[39.6602,57.8089],[39.5816,57.8803],[39.3448,57.9555],[39.1699,58.0344],[38.8453,58.0633],[38.704,58.1131]],[[41.3437,57.4931],[41.6331,57.4321],[41.8203,57.4322],[42.0274,57.5068],[42.2019,57.4472],[42.3248,57.4755],[42.5758,57.4155]],[[32.5982,57.2504],[32.6088,57.1513],[32.6871,57.0531],[32.7026,56.9448],[32.8378,56.922],[33.1593,56.9343],[33.2412,56.8898],[33.5032,56.8455],[33.693,56.7695],[34.0322,56.5157],[33.8235,56.4378],[34.0857,56.3098],[34.2517,56.3057],[34.3523,56.2498],[34.6108,56.1895],[34.7764,56.2319],[34.9231,56.3606],[34.873,56.4145],[34.9653,56.4812],[34.9614,56.582],[35.183,56.5895],[35.371,56.7334],[35.5742,56.7689],[35.664,56.8514],[35.9415,56.8758],[36.1033,56.8038],[36.2836,56.7874],[36.3745,56.7064]],[[37.1482,56.7524],[37.4732,56.8981],[37.5082,57.0692],[37.6215,57.1275],[37.761,57.2908]],[[43.4324,56.675],[43.74,56.4333],[43.8984,56.395],[43.979,56.3373],[44.1904,56.2733],[44.2217,56.1792],[44.3935,56.1677],[44.5888,56.0699],[44.7164,56.0638],[44.8477,56.0984],[45.0997,56.1013],[45.1948,56.1421]],[[47.463,56.1568],[47.829,56.1454],[47.9052,56.1139],[48.0239,55.9366],[48.3595,55.8282],[48.6743,55.8088],[48.9837,55.763],[49.0037,55.6259],[49.059,55.4827]],[[49.9048,53.4567],[50.0469,53.4713],[50.1491,53.374],[50.1687,53.2569],[49.9557,53.1737],[49.8606,53.2178],[49.7504,53.2147],[49.6155,53.1576],[49.4293,53.1367],[49.3438,53.2136],[49.0181,53.2322],[48.8082,53.1644],[48.6616,53.1383]],[[47.769,52.074],[47.7122,52.0371],[47.4952,52.0734],[47.0735,51.9197],[47.0198,51.8653],[46.7765,51.7412]],[[45.6636,50.2223],[45.4485,50.1046],[45.3613,49.9586],[45.3552,49.7833],[45.1529,49.59],[45.0336,49.4132],[44.9617,49.2593],[44.9688,49.1552],[44.8276,49.0054],[44.7185,48.9223],[44.6314,48.7687],[44.5185,48.6888],[44.4609,48.5849],[44.5444,48.5235],[44.6725,48.5286],[44.7278,48.4925],[44.999,48.426],[45.2024,48.4579],[45.3676,48.4047],[45.441,48.4779],[45.6383,48.4241],[45.7178,48.3764],[45.8313,48.369],[45.9566,48.3223],[45.9959,48.2529],[46.0772,48.2357],[46.1668,48.1489],[46.1287,48.0783],[46.1422,47.9357],[46.3461,47.8633],[46.3639,47.7817],[46.5245,47.7591],[46.8381,47.451],[46.9845,47.4248],[47.0806,47.3369],[47.0757,47.2133],[47.1923,47.1831],[47.4283,47.0203],[47.5891,46.9714],[47.5641,46.8727],[47.7409,46.8433],[47.8416,46.7349]],[[47.8416,46.7349],[47.981,46.7299],[48.1987,46.6701],[48.2682,46.511],[48.2656,46.4229],[48.459,46.3337],[48.583,46.1111],[48.627,46.0873]],[[47.8416,46.7349],[47.9094,46.6035],[48.0151,46.5043],[47.9711,46.4425],[48.0211,46.3837],[47.8997,46.2142],[47.7408,46.0747],[47.7182,46.0004],[47.6436,45.9612],[47.6332,45.8341],[47.5558,45.7661]]]},"properties":{"name":"Volga","scalerank":3,"min_zoom":3}},
{"type":"Feature","geometry":{"type":"LineString","coordinates":[[-4.6761,57.1477],[-4.6754,57.148],[-4.51,57.2522],[-4.344,57.3943]]},"properties":{"name":"Ness","scalerank":8,"min_zoom":7}},
{"type":"Feature","geometry":{"type":"LineString","coordinates":[[-4.3439,57.3944],[-4.2261,57.4943]]},"properties":{"name":"Ness","scalerank":8,"min_zoom":7}},
{"type":"Feature","geometry":{"type":"LineString","coordinates":[[-4.8358,57.0102],[-4.969,56.9282]]},"properties":{"name":"Oich","scalerank":8,"min_zoom":7}},
{"type":"Feature","geometry":{"type":"LineString","coordinates":[[-4.6754,57.148],[-4.8358,57.0102]]},"properties":{"name":"Oich","scalerank":8,"min_zoom":7}},
{"type":"Feature","geometry":{"type":"LineString","coordinates":[[123.8351,45.7242],[124.038,45.7099]]},"properties":{"name":"Tao’er","scalerank":8,"min_zoom":7}},
{"type":"Feature","geometry":{"type":"MultiLineString","coordinates":[[[120.1653,46.9957],[120.2449,46.9236],[120.2634,46.7979],[120.4282,46.7814],[120.5149,46.7329],[120.6559,46.7561],[120.7247,46.721],[120.9985,46.6904],[121.1055,46.6552],[121.2858,46.6388]],[[121.2858,46.6319],[121.4414,46.4776],[121.6799,46.4097],[121.7585,46.3322],[121.964,46.2994],[122.0466,46.2281],[122.1417,46.0307],[122.2371,45.9647],[122.2935,45.8832],[122.3775,45.8477],[122.5298,45.5515],[122.7848,45.3773],[122.9707,45.3629],[123.1499,45.4539],[123.1606,45.5196],[123.3379,45.6815],[123.5117,45.7369],[123.8351,45.7242]],[[124.038,45.7099],[124.0879,45.7178]]]},"properties":{"name":"Tao’er","scalerank":8,"min_zoom":7}},
{"type":"Feature","geometry":{"type":"LineString","coordinates":[[101.8023,56.2894],[101.7578,56.1176],[101.8484,56.0607],[101.8321,55.878],[101.8429,55.6965],[101.9264,55.6308],[102.1325,55.5788],[102.3501,55.5563],[102.3611,55.4807],[102.2827,55.4435],[102.3189,55.3469],[102.412,55.302],[102.2891,55.2549],[102.3176,55.1928],[102.2033,55.0836],[102.1,55.0412]]},"properties":{"name":"Oka","scalerank":8,"min_zoom":7}},
{"type":"Feature","geometry":{"type":"LineString","coordinates":[[100.5227,51.9739],[100.3902,52.0428],[100.2996,52.2517],[100.2275,52.3187],[99.9756,52.3352],[99.8748,52.4118],[99.8233,52.5257],[99.6846,52.6155],[99.6997,52.7213],[99.8053,52.7838],[100.0215,52.8183],[100.1407,52.8653],[100.2047,53.0126],[100.3596,53.0848],[100.3643,53.1726],[100.4234,53.2488],[100.6387,53.2618],[100.7437,53.3046],[100.9307,53.2692],[101.0693,53.3359],[101.1524,53.3196],[101.4332,53.4883],[101.5876,53.4931],[101.9683,53.6665],[102.0752,53.8102],[102.0641,53.852],[102.1602,54.0023],[102.0645,54.1114],[102.1211,54.1296],[102.0671,54.2672],[102.0767,54.4412],[101.9856,54.5274],[101.7389,54.5562],[101.718,54.6533],[101.8447,54.68],[102.0571,54.6671],[102.1465,54.7285],[102.0569,54.8028],[102.1085,54.9158],[102.0571,54.9818],[102.1,55.0412]]},"properties":{"name":"Oka","scalerank":8,"min_zoom":7}},
{"type":"Feature","geometry":{"type":"LineString","coordinates":[[-44.6341,-3.8589],[-44.6896,-3.779]]},"properties":{"name":"Mearim","scalerank":8,"min_zoom":7}},
{"type":"Feature","geometry":{"type":"MultiLineString","coordinates":[[[-44.6896,-3.779],[-44.7483,-3.6974],[-44.8234,-3.6839],[-44.8544,-3.5817],[-44.8406,-3.485],[-44.7942,-3.4733],[-44.8285,-3.3688],[-44.796,-3.3002]],[[-46.2866,-6.7538],[-46.1321,-6.5724],[-46.1155,-6.4562],[-46.0565,-6.3081],[-46.0485,-6.1215],[-45.9952,-5.9894],[-46.0002,-5.7653],[-45.845,-5.7321],[-45.7058,-5.7957],[-45.5856,-5.7416],[-45.5559,-5.6753],[-45.3824,-5.57],[-45.3304,-5.4994],[-45.2569,-5.4971],[-45.1871,-5.4349],[-45.1046,-5.4106],[-45.0763,-5.3218],[-45.0052,-5.2389],[-44.9368,-5.018],[-44.8656,-4.9223],[-44.7491,-4.8858],[-44.6368,-4.7622],[-44.6492,-4.6611],[-44.7051,-4.5101],[-44.6909,-4.3688],[-44.7755,-4.2494],[-44.7824,-4.1463],[-44.7414,-4.0471],[-44.6609,-4.0298],[-44.6167,-3.8818],[-44.6341,-3.8589]]]},"properties":{"name":"Mearim","scalerank":8,"min_zoom":7}},
{"type":"Feature","geometry":{"type":"LineString","coordinates":[[-112.1912,41.4669],[-112.2565,41.4749]]},"properties":{"name":"Bear","scalerank":8,"min_zoom":7}},
{"type":"Feature","geometry":{"type":"MultiLineString","coordinates":[[[-112.2569,41.4743],[-112.2855,41.447]],[[-110.8433,40.8321],[-110.8355,40.9727],[-110.9242,41.0504],[-110.8832,41.2012],[-110.9869,41.3179],[-111.0069,41.5286],[-111.116,41.5507],[-111.1341,41.668],[-110.9968,41.8834],[-110.9385,42.0441],[-110.9849,42.1612],[-111.0483,42.2222],[-111.151,42.1995],[-111.2486,42.2414],[-111.3282,42.3516],[-111.3358,42.4173],[-111.4112,42.5313],[-111.5219,42.6308],[-111.6581,42.664],[-111.7777,42.5631],[-111.7212,42.4634],[-111.7051,42.2996],[-111.901,42.1127],[-111.9144,41.9634],[-111.8662,41.9051],[-111.9307,41.8287],[-112.0353,41.866],[-112.0954,41.7901],[-112.0961,41.5438],[-112.1912,41.4669]]]},"properties":{"name":"Bear","scalerank":8,"min_zoom":7}},
{"type":"Feature","geometry":{"type":"LineString","coordinates":[[-57.7883,-17.622],[-57.7883,-17.6203],[-57.8151,-17.5197],[-57.8721,-17.5112]]},"properties":{"name":null,"scalerank":8,"min_zoom":7}},
{"type":"Feature","geometry":{"type":"MultiLineString","coordinates":[[[-58.3643,-16.4365],[-58.3568,-16.5095],[-58.4566,-16.619],[-58.481,-16.6835],[-58.4537,-16.8412],[-58.4669,-16.8872],[-58.407,-17.11],[-58.3819,-17.2671],[-58.2406,-17.325],[-58.0109,-17.4966],[-57.8721,-17.5112]],[[-57.7883,-17.6203],[-57.7867,-17.6774],[-57.7252,-17.7365],[-57.6393,-17.7372],[-57.6068,-17.8154],[-57.4979,-17.8657],[-57.4736,-17.9448]]]},"properties":{"name":null,"scalerank":8,"min_zoom":7}},
{"type":"Feature","geometry":{"type":"LineString","coordinates":[[-98.8959,26.1898],[-98.9584,26.211],[-99.0216,26.0998]]},"properties":{"name":"San Juan","scalerank":8,"min_zoom":7}},
{"type":"Feature","geometry":{"type":"MultiLineString","coordinates":[[[-98.8489,26.3635],[-98.8613,26.2125],[-98.8959,26.1898]],[[-100.2693,25.2381],[-100.1832,25.1773],[-100.1105,25.0541],[-100.0511,25.0256],[-99.9196,25.0565],[-99.9056,25.1162],[-99.6534,25.2585],[-99.5854,25.3314],[-99.5143,25.4908],[-99.375,25.5047],[-99.336,25.533],[-99.2794,25.6844],[-99.1761,25.808],[-99.1861,26.0699],[-99.0216,26.0998]]]},"properties":{"name":"San Juan","scalerank":8,"min_zoom":7}},
{"type":"Feature","geometry":{"type":"LineString","coordinates":[[-124.5755,66.9678],[-124.5823,66.9058]]},"properties":{"name":"Anderson","scalerank":8,"min_zoom":7}},
{"type":"Feature","geometry":{"type":"MultiLineString","coordinates":[[[-124.5755,66.9678],[-124.6197,67.0866],[-124.3871,67.1972],[-124.2397,67.344],[-124.2428,67.5049],[-124.3537,67.659],[-124.7282,67.8384],[-124.8008,67.9815],[-125.1114,68.0532],[-125.2628,68.1224],[-125.6307,68.0982],[-125.715,68.1621],[-125.9733,68.2322],[-125.9938,68.3588],[-126.0837,68.4866],[-126.3158,68.5213],[-126.6765,68.6095],[-126.977,68.5305],[-127.1265,68.5687],[-127.3807,68.5171],[-127.7,68.3856],[-127.8664,68.3636],[-128.0836,68.3998],[-128.462,68.3426],[-128.7176,68.3588],[-128.7948,68.4818],[-128.4596,68.5841],[-128.4641,68.6704],[-128.3453,68.7893],[-128.461,68.8455],[-128.389,68.8983],[-128.4119,69.0427],[-128.2897,69.1328],[-128.4467,69.2979],[-128.2889,69.3282],[-128.2513,69.3971],[-128.4071,69.5286],[-128.692,69.6514],[-128.9197,69.6878]],[[-124.5823,66.9058],[-124.7075,66.8555],[-124.9078,66.9133],[-125.0668,67.0461],[-125.2164,66.9819]]]},"properties":{"name":"Anderson","scalerank":8,"min_zoom":7}},
{"type":"Feature","geometry":{"type":"MultiLineString","coordinates":[[[56.4325,59.9051],[56.4338,59.8827]],[[56.4338,59.8827],[56.3638,59.923]],[[56.3085,58.0585],[56.3345,58.146],[56.3583,58.244],[56.2481,58.3035],[56.4297,58.3853],[56.3589,58.4654],[56.2246,58.5411],[56.0948,58.5718],[56.0888,58.6549],[56.2363,58.7556],[56.2675,58.8449],[56.2538,58.9877],[56.1713,59.0701],[56.2402,59.2496],[56.5753,59.3328],[56.6783,59.3888],[56.6895,59.5935],[56.5728,59.7921],[56.4338,59.8827]],[[55.2466,57.8741],[55.2123,57.8325],[55.397,57.7412],[55.3784,57.6155],[55.5251,57.5775],[55.4942,57.4372],[55.5351,57.3342],[55.3137,57.2977],[55.1365,57.3416],[55.0509,57.3317],[54.9785,57.1144],[54.6703,57.0419],[54.5022,57.066],[54.379,56.9977],[54.167,56.9419],[54.0884,56.7712]],[[53.5386,55.9397],[53.4993,55.8929],[53.2857,55.852],[53.0942,55.8636],[52.9166,55.9258],[52.6578,55.9593],[52.5296,55.8628],[52.3179,55.8631],[52.3445,55.7142],[52.2765,55.6957]],[[51.998,55.7228],[51.8806,55.6744],[51.7294,55.691],[51.6904,55.6168],[51.5134,55.5831],[51.4722,55.4815],[51.3125,55.4772],[51.2424,55.5141],[51.033,55.4619],[50.7907,55.4865],[50.6565,55.4037],[50.4734,55.4109],[50.37,55.3782],[50.2446,55.4058],[50.0191,55.3555],[49.8877,55.3474],[49.5987,55.2841],[49.3604,55.1517]]]},"properties":{"name":"Kama","scalerank":6,"min_zoom":5}},
{"type":"Feature","geometry":{"type":"MultiLineString","coordinates":[[[53.6939,58.2063],[53.6772,58.2735],[53.5523,58.3945],[53.429,58.4349],[53.523,58.5579],[53.3811,58.6719],[53.3512,58.7469],[53.1909,58.861],[53.2387,59.0113],[53.2187,59.0995],[53.0032,59.2093],[52.8662,59.4025],[52.9028,59.4706],[52.636,59.5804],[52.6004,59.7058],[52.7896,59.7275],[52.9258,59.8665],[52.975,59.9562],[53.4268,60.0581],[53.5265,60.1389],[53.7839,60.2042],[54.0064,60.3339],[54.2665,60.3613],[54.3706,60.2886],[54.5205,60.239],[55.0351,60.2259],[55.1176,60.1852],[55.2704,60.241],[55.5712,60.3108],[55.7154,60.4854],[55.8727,60.5001],[56.1096,60.4239],[56.1646,60.3339],[56.1441,60.1763],[56.2676,60.1496],[56.2872,59.9644],[56.3638,59.923]],[[56.3085,58.0585],[56.2008,58.0279],[56.0144,58.025],[55.8909,57.9493],[55.7947,57.9803],[55.7879,58.0585],[55.6607,58.069],[55.6227,57.9977],[55.4749,57.8958],[55.4397,57.8245],[55.2466,57.8741]],[[54.0884,56.7712],[53.9495,56.7398],[53.898,56.8231],[53.7426,56.7936],[53.8001,56.5281],[53.8575,56.4062],[54.0346,56.3431],[54.178,56.2171],[54.0468,56.0581],[53.9488,56.0223],[53.7737,56.0512],[53.5386,55.9397]],[[52.2765,55.6957],[52.1215,55.6898],[51.998,55.7228]]]},"properties":{"name":"Kama","scalerank":6,"min_zoom":5}},
{"type":"Feature","geometry":{"type":"LineString","coordinates":[[38.5611,35.8626],[38.56,35.8633],[38.4601,35.8588],[38.1749,35.973],[38.0849,36.0542],[38.0657,36.1476],[38.1894,36.2649],[38.1838,36.3425]]},"properties":{"name":"Al Furat","scalerank":3,"min_zoom":3}},
{"type":"Feature","geometry":{"type":"MultiLineString","coordinates":[[[38.0258,36.8356],[38.0976,36.6789],[38.2105,36.6481],[38.2931,36.528],[38.2031,36.4388],[38.1838,36.3425]],[[38.56,35.8633],[38.7409,35.8532],[38.8132,35.9316],[39.0087,35.9316],[39.0881,35.8838],[39.2442,35.8597],[39.2776,35.8308],[39.6223,35.7946],[39.7426,35.7318],[39.8144,35.7261],[39.8281,35.634],[39.9168,35.5275],[40.0593,35.461],[40.1702,35.3266],[40.2717,35.2989],[40.4042,35.2186],[40.4446,35.0394],[40.5564,34.9581],[40.6383,34.7968],[40.6983,34.7808],[40.8389,34.6498],[40.9272,34.6185],[40.9409,34.458],[40.9926,34.4285]]]},"properties":{"name":"Al Furat","scalerank":3,"min_zoom":3}},
{"type":"Feature","geometry":{"type":"LineString","coordinates":[[29.5935,-2.9843],[29.7307,-3.0532],[29.8247,-3.0409],[29.9043,-3.0679],[29.8911,-3.1493],[29.9607,-3.1603],[30.0152,-3.2318],[29.9802,-3.3344],[30.0312,-3.3539],[30.176,-3.3036],[30.3303,-3.1494],[30.4155,-3.0109],[30.4879,-2.9434],[30.4153,-2.8515],[30.45,-2.7416],[30.5801,-2.5973],[30.6875,-2.5695],[30.7716,-2.4919],[30.7822,-2.3749],[30.8339,-2.3451],[30.8442,-2.2376],[30.8873,-2.0824],[30.8295,-1.9604],[30.8305,-1.5941],[30.791,-1.5908],[30.7325,-1.4763],[30.7369,-1.4066],[30.5547,-1.3183],[30.5108,-1.1703],[30.4526,-1.0971],[30.5112,-1.0733],[30.6382,-1.0733],[30.7765,-0.9857],[30.9068,-1.0225],[31.0468,-1.183],[31.1835,-1.179],[31.2817,-1.2424],[31.4389,-1.2265],[31.5743,-1.1904],[31.6043,-1.0288],[31.7676,-0.9357]]},"properties":{"name":"Kagera","scalerank":1,"min_zoom":2}},
{"type":"Feature","geometry":{"type":"LineString","coordinates":[[-71.7498,48.575],[-71.8659,48.569],[-72.0405,48.6133],[-72.1739,48.6216],[-72.3712,48.6644],[-72.3715,48.6644]]},"properties":{"name":"Saguenay","scalerank":8,"min_zoom":7}},
{"type":"Feature","geometry":{"type":"MultiLineString","coordinates":[[[-73.0434,50.7133],[-73.1254,50.6171],[-73.1093,50.5528],[-73.2414,50.3055],[-73.2458,50.1396],[-73.3297,49.848],[-73.4293,49.7366],[-73.474,49.6061],[-73.3631,49.5455],[-73.4022,49.3817],[-73.3445,49.2056],[-73.2004,49.1874],[-73.0271,48.9494],[-72.8934,48.8878],[-72.6831,48.8593],[-72.6245,48.7879],[-72.5271,48.763],[-72.3712,48.6644]],[[-71.7488,48.5766],[-71.5161,48.5404],[-71.2062,48.4513],[-71.0697,48.4446]]]},"properties":{"name":"Saguenay","scalerank":8,"min_zoom":7}},
{"type":"Feature","geometry":{"type":"MultiLineString","coordinates":[[[0.1833,8.7498],[0.0929,8.5072],[0.0969,8.3907],[0.208,8.394],[0.1978,8.256]],[[0.1978,8.256],[0.1696,8.1368],[0.1973,8.0843],[0.0678,7.9335],[0.1331,7.8518],[0.1299,7.7399],[0.0964,7.6642],[0.084,7.6207],[0.0753,7.5748]]]},"properties":{"name":"Oti","scalerank":8,"min_zoom":7}},
{"type":"Feature","geometry":{"type":"LineString","coordinates":[[1.4665,10.6584],[1.568,10.7697],[1.5684,10.8458],[1.6479,10.8985],[1.7407,11.0562],[1.7571,11.1823],[1.8211,11.219],[1.8667,11.2932],[1.9053,11.433],[1.7185,11.4279],[1.601,11.3889],[1.5689,11.4535],[1.4333,11.4596],[1.2346,11.2636],[1.1301,11.2477],[1.0344,11.0494],[0.9763,11.0785],[0.9627,10.9743],[0.8442,10.8391],[0.7451,10.7684],[0.7682,10.6727],[0.6719,10.6112],[0.6752,10.5586],[0.5656,10.5585],[0.4993,10.4241],[0.541,10.3642],[0.4946,10.2972],[0.4181,10.3096],[0.3566,10.2202],[0.3491,10.029],[0.3691,9.939],[0.3391,9.89],[0.3218,9.7609],[0.354,9.5713],[0.2297,9.5759],[0.2343,9.4439],[0.1752,9.2836],[0.1853,9.1514],[0.2265,9.022],[0.1791,8.8134],[0.1833,8.7498]]},"properties":{"name":"Oti","scalerank":8,"min_zoom":7}},
{"type":"Feature","geometry":{"type":"LineString","coordinates":[[28.8872,-8.4836],[28.9111,-8.5658],[28.8805,-8.6882],[28.7481,-8.9296],[28.6929,-9.051],[28.6082,-9.1616],[28.5332,-9.3017],[28.5156,-9.3783]]},"properties":{"name":"Luvua","scalerank":8,"min_zoom":7}},
{"type":"Feature","geometry":{"type":"LineString","coordinates":[[28.8868,-8.4836],[28.8447,-8.4933],[28.8015,-8.3261],[28.8569,-8.2888],[28.8589,-8.2077],[28.7667,-8.1553],[28.6957,-7.9152],[28.5675,-7.9208],[28.2839,-7.7987],[28.1518,-7.6581],[28.0746,-7.6327],[28.101,-7.4841],[28.0789,-7.413],[28.0069,-7.3161],[27.8457,-7.2165],[27.8037,-7.1333],[27.7339,-7.0926],[27.7005,-7.0039],[27.5204,-6.9525],[27.3389,-6.8661],[27.081,-6.8153],[27.0208,-6.7748],[26.9675,-6.7572],[26.9519,-6.747]]},"properties":{"name":"Luvua","scalerank":8,"min_zoom":7}},
{"type":"Feature","geometry":{"type":"LineString","coordinates":[[57.1106,58.1684],[56.8335,58.1646],[56.816,58.2602],[56.5671,58.1297],[56.4015,58.1783],[56.3345,58.146]]},"properties":{"name":"Chusovaya","scalerank":8,"min_zoom":7}},
{"type":"Feature","geometry":{"type":"LineString","coordinates":[[60.0022,56.2498],[60.1466,56.3711],[60.2827,56.4244],[60.2652,56.5308],[60.3582,56.6359],[60.1055,56.8234],[59.9812,56.8258],[59.9491,56.9188],[59.8345,56.9661],[59.7075,56.9555],[59.5771,57.0176],[59.5432,57.1149],[59.3808,57.1651],[59.2542,57.365],[59.1065,57.4576],[59.0774,57.6073],[58.9124,57.6718],[58.7826,57.7923],[58.6972,57.8231],[58.7594,57.9077],[58.5959,58.0414],[58.4468,58.1],[58.3549,58.0928],[58.1924,58.2256],[58.0011,58.2783],[57.621,58.3055],[57.422,58.2338],[57.1106,58.1684]]},"properties":{"name":"Chusovaya","scalerank":8,"min_zoom":7}},
{"type":"Feature","geometry":{"type":"LineString","coordinates":[[-79.9973,33.2427],[-80.109,33.3396],[-80.11,33.3409]]},"properties":{"name":"Cooper","scalerank":8,"min_zoom":7}},
{"type":"Feature","geometry":{"type":"MultiLineString","coordinates":[[[-80.1549,33.4017],[-80.109,33.3396]],[[-79.9973,33.2427],[-79.9779,33.136],[-79.9127,33.0018],[-79.9438,32.8514]]]},"properties":{"name":"Cooper","scalerank":8,"min_zoom":7}},
{"type":"Feature","geometry":{"type":"LineString","coordinates":[[-88.2082,37.0079],[-88.0571,37.0194],[-87.976,36.8638],[-87.9694,36.7447],[-87.8998,36.5963]]},"properties":{"name":"Cumberland","scalerank":8,"min_zoom":7}},
{"type":"Feature","geometry":{"type":"MultiLineString","coordinates":[[[-82.8127,37.0526],[-82.9402,36.9976],[-83.0666,36.9708],[-83.1609,36.9215],[-83.4042,36.8521],[-83.5836,36.7848],[-83.6298,36.7182],[-83.7612,36.807],[-83.9304,36.8722],[-83.9669,36.7846],[-84.0711,36.7239],[-84.3406,36.8148],[-84.309,36.9527],[-84.6565,37.0045],[-84.7781,36.9544],[-84.9374,36.9561],[-85.0941,36.875],[-85.2629,36.8701],[-85.3433,36.8438],[-85.3636,36.7782],[-85.5196,36.6971],[-85.5218,36.5342],[-85.794,36.317],[-85.8228,36.2654],[-86.0696,36.2693],[-86.1046,36.3457],[-86.1695,36.3531],[-86.3177,36.3147],[-86.4823,36.3264],[-86.5526,36.3035],[-86.7154,36.165],[-86.8393,36.1778],[-87.0133,36.2232],[-87.2114,36.3214],[-87.3175,36.4523],[-87.4131,36.5144],[-87.4499,36.4589],[-87.66,36.4019],[-87.7311,36.4745],[-87.8277,36.4877],[-87.8998,36.5963]],[[-88.2082,37.0079],[-88.2116,37.1755],[-88.3487,37.1849],[-88.4335,37.1364]]]},"properties":{"name":"Cumberland","scalerank":8,"min_zoom":7}},
{"type":"Feature","geometry":{"type":"LineString","coordinates":[[-93.5677,31.1961],[-93.678,31.3306],[-93.6552,31.3702],[-93.827,31.5878],[-93.8144,31.713],[-93.9043,31.8831],[-94.0675,31.9983]]},"properties":{"name":"Sabine","scalerank":8,"min_zoom":7}},
{"type":"Feature","geometry":{"type":"MultiLineString","coordinates":[[[-96.3422,33.1149],[-96.3049,32.9439],[-96.111,32.8588],[-95.9803,32.8335],[-95.6433,32.7313],[-95.4714,32.6162],[-95.3417,32.6078],[-95.1842,32.5555],[-94.9825,32.5283],[-94.8764,32.4597],[-94.8038,32.4706],[-94.7458,32.4234],[-94.3957,32.3645],[-94.2885,32.2307],[-94.204,32.1658],[-94.1865,32.0434],[-94.0675,31.9983]],[[-93.5665,31.1964],[-93.5777,31.0083],[-93.5382,30.9438],[-93.574,30.8196],[-93.6869,30.6005],[-93.7306,30.5655],[-93.7065,30.4547],[-93.7525,30.3926],[-93.7152,30.2872],[-93.7174,30.0797],[-93.7965,29.9903]]]},"properties":{"name":"Sabine","scalerank":8,"min_zoom":7}},
{"type":"Feature","geometry":{"type":"LineString","coordinates":[[94.4648,51.7337],[94.4888,51.8148],[94.4307,51.874],[94.4166,52.0211],[94.3686,52.1309],[94.5325,52.2203],[94.6089,52.301],[94.7207,52.3532],[94.7808,52.4553],[95.0654,52.5308],[95.273,52.5152],[95.3803,52.543],[95.4757,52.6444],[95.7413,52.7075],[95.8347,52.7007],[96.0004,52.625],[96.1514,52.4187],[96.1065,52.2508],[96.4795,52.2756],[96.606,52.1688],[96.8617,52.1584],[97.0571,52.1787],[97.2249,52.1383],[97.4732,52.1724],[97.8017,52.1179],[97.9116,52.1309],[97.9825,52.2191],[98.1712,52.2518],[98.333,52.3073],[98.5933,52.3408],[98.6256,52.4522],[98.7332,52.5152]]},"properties":{"name":"Bol’shoy Yenisey","scalerank":8,"min_zoom":7}},
{"type":"Feature","geometry":{"type":"LineString","coordinates":[[-106.0262,39.24],[-105.8958,39.1102],[-105.7245,39.0209],[-105.4774,38.9116],[-105.3546,39.0351],[-105.3223,39.1577],[-105.2148,39.2861],[-105.1696,39.4085],[-105.0485,39.6],[-105.0393,39.7539],[-104.8646,39.9361],[-104.8196,40.1245],[-104.8605,40.2908],[-104.6083,40.4295],[-104.4586,40.3885],[-104.3455,40.3211],[-104.1827,40.3094],[-103.9982,40.359],[-103.8736,40.2957],[-103.7829,40.2797],[-103.6439,40.3022],[-103.4838,40.3777],[-103.1964,40.611],[-103.1071,40.7474],[-102.8328,40.8575],[-102.7843,40.8575],[-102.392,40.9643],[-102.3188,40.9543],[-102.0784,41.0747],[-101.8033,41.101],[-101.6756,41.1273],[-101.2455,41.1374],[-101.1538,41.1544],[-100.8697,41.1594],[-100.6547,41.1326],[-100.4366,41.0118],[-100.296,40.9958]]},"properties":{"name":"South Platte","scalerank":8,"min_zoom":7}},
{"type":"Feature","geometry":{"type":"MultiLineString","coordinates":[[[-79.9234,39.8095],[-79.9946,40.0075],[-79.8884,40.0322],[-79.8584,40.0946],[-79.9499,40.2144],[-79.8817,40.2901],[-79.8592,40.3843],[-80.0052,40.4409]],[[-80.0464,38.5468],[-80.0419,38.6066],[-79.9669,38.7486],[-79.8869,38.8194],[-79.8669,38.8858],[-79.9499,39.009],[-80.0672,39.0977],[-80.0429,39.1703],[-79.961,39.2508],[-80.0316,39.2945],[-80.0775,39.3925],[-80.1693,39.4593],[-80.0635,39.5604],[-80.0089,39.5707],[-79.9187,39.7453],[-79.9234,39.8095]]]},"properties":{"name":"Monongahela","scalerank":8,"min_zoom":7}},
{"type":"Feature","geometry":{"type":"MultiLineString","coordinates":[[[32.7084,-15.5791],[32.7075,-15.58],[32.5894,-15.5532],[32.4265,-15.5607],[32.3661,-15.5956],[32.0432,-15.6774],[31.884,-15.6292],[31.6397,-15.6799],[31.5044,-15.6377],[31.3435,-15.6478],[31.1544,-15.7246],[30.8303,-15.6415],[30.7964,-15.642]],[[27.0208,-17.9584],[27.1484,-17.8423],[27.1567,-17.7692],[27.4216,-17.5047],[27.5769,-17.3631],[27.6407,-17.1984],[27.7768,-17.0012],[27.8679,-16.9295],[28.1134,-16.8275],[28.2796,-16.7065],[28.6427,-16.5687],[28.7605,-16.5322],[28.7607,-16.5319]]]},"properties":{"name":"Zambezi","scalerank":3,"min_zoom":3}},
{"type":"Feature","geometry":{"type":"MultiLineString","coordinates":[[[24.2656,-11.3792],[24.3295,-11.3241],[24.3482,-11.2426],[24.3229,-11.1337],[24.2724,-11.0849],[24.1306,-11.125],[23.9824,-11.1275],[23.8677,-11.2138],[23.6931,-11.3752],[23.6209,-11.4213],[23.4341,-11.4798],[23.2854,-11.6262],[23.2036,-11.6364],[23.052,-11.7588],[22.9097,-11.8508],[22.7857,-11.891],[22.7178,-11.9717],[22.6647,-12.1598],[22.5571,-12.2582],[22.5217,-12.3582],[22.5593,-12.4616],[22.5403,-12.6104],[22.5654,-12.7001],[22.6343,-12.7844],[22.7026,-12.9284],[22.6758,-13.0397],[22.7163,-13.1338],[22.8572,-13.2055],[23.0342,-13.3587],[23.0806,-13.5106],[23.1681,-13.716],[23.239,-13.757],[23.1974,-13.8589],[23.2234,-13.9116],[23.2368,-14.0578],[23.1892,-14.1269],[23.1828,-14.1625],[23.1906,-14.2543],[23.2234,-14.3319],[23.2227,-14.3945],[23.0663,-14.6377],[23.0678,-14.693],[22.977,-14.8981],[22.9443,-15.0195],[22.9282,-15.186],[22.991,-15.2922],[22.9898,-15.3392],[23.1192,-15.4413],[23.1415,-15.6044],[23.1206,-15.6924],[23.1619,-15.8195],[23.2074,-15.8592],[23.2854,-16.0976],[23.2761,-16.3032],[23.3149,-16.3895],[23.4152,-16.4712],[23.488,-16.5884],[23.5803,-16.6699],[23.6213,-16.6699],[23.9707,-16.971],[24.0353,-17.0468],[24.0979,-17.2001],[24.1489,-17.2658],[24.1608,-17.3569],[24.2383,-17.478],[24.4065,-17.4745],[24.5908,-17.5283],[24.6838,-17.4924],[24.9575,-17.5516],[25.138,-17.686],[25.2593,-17.794],[25.335,-17.8412],[25.4951,-17.8548],[25.6808,-17.8114],[25.8492,-17.9066],[25.8632,-17.9715],[25.978,-17.9989],[26.2026,-17.8871],[26.3251,-17.936],[26.408,-17.9389],[26.7114,-18.0656],[26.8877,-17.9844],[27.0208,-17.9584]],[[32.7075,-15.58],[32.8496,-15.5562],[32.9977,-15.5877],[33.1191,-15.7712],[33.2385,-15.8229],[33.3891,-15.9838],[33.4566,-16.0263],[33.5105,-16.1337],[33.5886,-16.1594],[33.7844,-16.3879],[33.8225,-16.4228],[33.9155,-16.5545],[34.0172,-16.6289],[34.1358,-16.641],[34.2202,-16.6989],[34.4077,-16.7313],[34.6712,-16.87],[34.7704,-16.9018],[34.8606,-16.9748],[34.9078,-17.1147],[34.9671,-17.2214],[35.0855,-17.4921],[35.1054,-17.5676],[35.2213,-17.668],[35.3434,-17.7404],[35.4229,-17.8205],[35.4402,-17.889],[35.526,-17.9799],[35.6135,-18.0336]],[[28.7605,-16.5322],[28.822,-16.4706],[28.8569,-16.3881],[28.8399,-16.2847],[28.8704,-16.0871],[28.8598,-16.0493],[28.9319,-15.9636],[29.0419,-15.9462],[29.1017,-15.8709],[29.1858,-15.8127],[29.4065,-15.7142],[29.5079,-15.7035],[29.5867,-15.6557],[29.648,-15.6664],[29.8369,-15.6148],[30.0102,-15.6462],[30.1295,-15.6235],[30.2067,-15.653],[30.4697,-15.6303],[30.5767,-15.6557],[30.6865,-15.6215],[30.7964,-15.642]],[[35.6135,-18.0336],[35.7245,-18.0508],[35.84,-18.1496],[35.9129,-18.2634],[36.0171,-18.308],[36.0877,-18.3685],[36.1491,-18.5213],[36.1187,-18.6152],[36.1344,-18.8075]],[[35.6135,-18.0336],[35.7575,-18.0814]],[[36.0723,-18.3482],[36.186,-18.3691],[36.318,-18.4863],[36.4701,-18.561]]]},"properties":{"name":"Zambezi","scalerank":3,"min_zoom":3}},
{"type":"Feature","geometry":{"type":"LineString","coordinates":[[-88.2832,34.7051],[-88.2672,34.623],[-88.3286,34.4793],[-88.4249,34.3928],[-88.421,34.2526],[-88.3726,34.1533],[-88.4443,34.0604],[-88.5429,33.9838],[-88.5207,33.8164],[-88.4897,33.7941],[-88.4759,33.5132],[-88.424,33.4827],[-88.3658,33.3346],[-88.2764,33.2384],[-88.2628,33.095],[-88.1691,32.9918],[-88.1946,32.9112],[-88.1733,32.8378],[-88.0775,32.8051],[-88.0521,32.608],[-87.9396,32.6422],[-87.8861,32.6193],[-87.8884,32.5293],[-88.0255,32.4427],[-88.0036,32.2871],[-88.0089,32.1764],[-88.0635,32.0734],[-88.0966,31.9138],[-88.1691,31.7969],[-88.0914,31.755],[-88.0771,31.6079],[-87.9119,31.4966],[-87.8983,31.355],[-87.9519,31.3192],[-87.9446,31.1498]]},"properties":{"name":"Tombigbee","scalerank":8,"min_zoom":7}},
{"type":"Feature","geometry":{"type":"LineString","coordinates":[[-98.5899,21.9798],[-98.5616,21.8824],[-98.4909,21.8529],[-98.4664,21.7743],[-98.6998,21.562],[-98.7555,21.5511],[-98.8158,21.4764],[-98.8122,21.4204],[-98.7202,21.315],[-98.7513,21.272],[-98.8747,21.2447],[-99.0014,21.1739],[-99.1521,21.1613],[-99.2279,21.1188],[-99.2823,21.1469],[-99.3641,21.1112],[-99.3544,21.0279],[-99.4154,20.8961],[-99.492,20.8344],[-99.5214,20.7355],[-99.464,20.6346],[-99.2406,20.5284],[-99.2385,20.3675],[-99.2113,20.2765],[-99.2726,20.1999],[-99.3551,20.1668],[-99.3198,20.0367],[-99.3505,19.8692],[-99.4149,19.8279],[-99.4488,19.703],[-99.5058,19.6225]]},"properties":{"name":"Moctezuma","scalerank":8,"min_zoom":7}},
{"type":"Feature","geometry":{"type":"LineString","coordinates":[[-102.986,22.7413],[-103.0234,22.5795],[-103.0834,22.4986],[-103.1156,22.3699],[-103.2183,22.2909],[-103.2433,22.1487],[-103.3669,22.1023],[-103.5694,22.1517],[-103.7106,22.1204],[-103.7115,22.06],[-103.8014,21.9627],[-103.7789,21.8306],[-103.8712,21.4918],[-103.9623,21.347],[-103.9825,21.2706],[-104.0792,21.2057]]},"properties":{"name":"Atengo","scalerank":8,"min_zoom":7}},
{"type":"Feature","geometry":{"type":"LineString","coordinates":[[-106.8253,26.5279],[-106.6162,26.3997],[-106.5421,26.3699],[-106.4596,26.2421],[-106.4193,26.097],[-106.3587,26.0027]]},"properties":{"name":"Verde","scalerank":8,"min_zoom":7}},
{"type":"Feature","geometry":{"type":"LineString","coordinates":[[-108.5333,29.6546],[-108.555,29.7862],[-108.6869,29.9716],[-108.7595,30.0146],[-108.8028,30.1686],[-108.9023,30.2345],[-108.964,30.3346],[-108.9215,30.4549],[-108.9671,30.5341],[-108.957,30.6068],[-109.0325,30.6786],[-109.14,30.827],[-109.2098,30.8311]]},"properties":{"name":"Bavispe","scalerank":8,"min_zoom":7}},
{"type":"Feature","geometry":{"type":"LineString","coordinates":[[-91.1031,14.9281],[-91.0856,14.9672],[-90.9591,14.9351],[-90.7537,14.9281],[-90.5942,14.8834],[-90.4122,14.9169],[-90.3544,14.8814],[-90.1558,14.8942],[-90.1063,14.9381],[-89.8497,14.9452],[-89.7221,14.9793],[-89.5651,15.0625],[-89.3463,15.1461],[-89.2839,15.199],[-89.0605,15.2641],[-89.0136,15.2503],[-88.9208,15.3116],[-88.914,15.3738],[-88.8171,15.4302],[-88.7893,15.5103],[-88.6129,15.5587],[-88.4919,15.5516],[-88.3659,15.6748],[-88.2964,15.6752],[-88.2215,15.7259]]},"properties":{"name":"Motagua","scalerank":8,"min_zoom":7}},
{"type":"Feature","geometry":{"type":"LineString","coordinates":[[-86.2275,41.4346],[-86.2148,41.3673],[-86.3137,41.3529],[-86.3601,41.2665],[-86.6903,41.3115],[-86.9993,41.2227],[-87.1456,41.2838],[-87.369,41.1745],[-87.6669,41.1671],[-87.8447,41.0952]]},"properties":{"name":"Kankakee","scalerank":8,"min_zoom":7}},
{"type":"Feature","geometry":{"type":"LineString","coordinates":[[25.7837,46.6838],[25.8005,46.6217],[25.7533,46.5292],[25.7599,46.3841],[25.8453,46.3133],[25.8972,46.2202],[25.8255,46.0219],[25.8551,45.9234],[25.7626,45.7589],[25.6689,45.7849],[25.5538,45.8696],[25.5708,46.0213],[25.3987,46.0196],[25.2583,45.9754],[25.1487,45.8576],[24.4147,45.7647],[24.2612,45.6219],[24.2468,45.5716],[24.3076,45.4808],[24.278,45.3453],[24.382,45.1398],[24.2451,44.9154],[24.2861,44.8403],[24.2861,44.7373],[24.3339,44.5765],[24.3062,44.4786],[24.3611,44.4121],[24.3879,44.2939],[24.4778,44.1483],[24.5877,44.0316],[24.6779,43.8297],[24.7307,43.8099],[24.7743,43.7405]]},"properties":{"name":"Olt","scalerank":8,"min_zoom":7}},
{"type":"Feature","geometry":{"type":"LineString","coordinates":[[9.746,46.4032],[9.7555,46.4383],[10.0869,46.6977],[10.1299,46.7792],[10.2992,46.8068],[10.4607,46.8898],[10.5143,46.96],[10.6536,47.0618],[10.5884,47.1743],[10.8052,47.2294],[11.0265,47.311],[11.3691,47.2748],[11.677,47.3455],[11.9042,47.472],[12.0313,47.5065],[12.2016,47.6301],[12.1292,47.7973],[12.1633,47.987],[12.2653,48.1436],[12.4036,48.1772],[12.4724,48.2398],[12.8181,48.275],[12.9312,48.2119],[13.0322,48.2639],[13.2737,48.3073],[13.405,48.3768],[13.4866,48.5819]]},"properties":{"name":"Inn","scalerank":8,"min_zoom":7}},
{"type":"Feature","geometry":{"type":"LineString","coordinates":[[16.8433,50.1962],[16.8171,50.1041],[16.9194,50.0769],[16.8792,49.9661],[16.9265,49.9281],[16.934,49.8151],[17.0105,49.7268],[17.2105,49.661],[17.2617,49.6165],[17.3157,49.3729],[17.5115,49.2116],[17.5007,49.0865],[17.4421,49.0701],[17.355,48.9522],[17.2095,48.8985],[17.0248,48.7465],[16.947,48.6234],[16.9539,48.5576],[16.8604,48.444],[16.844,48.3658],[16.9502,48.2768],[16.9743,48.1772]]},"properties":{"name":"Morava","scalerank":8,"min_zoom":7}},
{"type":"Feature","geometry":{"type":"LineString","coordinates":[[35.2573,-14.5043],[35.2412,-14.6913],[35.2778,-14.7575]]},"properties":{"name":"Shire","scalerank":3,"min_zoom":3}},
{"type":"Feature","geometry":{"type":"MultiLineString","coordinates":[[[35.2573,-14.5043],[35.2363,-14.4013]],[[35.2778,-14.7575],[35.315,-14.8725],[35.2986,-14.9749],[35.2426,-15.0401],[35.1807,-15.2228],[35.0947,-15.3146],[34.9482,-15.3677],[34.8945,-15.4186],[34.8427,-15.5458],[34.7769,-15.5825],[34.7363,-15.7027],[34.7808,-15.9633],[34.8253,-16.0734],[34.9209,-16.1764],[34.9382,-16.3714],[35.0859,-16.455],[35.1738,-16.6254],[35.2778,-16.7006],[35.2756,-16.9551],[35.3139,-16.9823],[35.2955,-17.1445],[35.3005,-17.2603],[35.336,-17.3683],[35.3262,-17.704]]]},"properties":{"name":"Shire","scalerank":3,"min_zoom":3}},
{"type":"Feature","geometry":{"type":"LineString","coordinates":[[19.4887,50.4868],[19.3106,50.5755],[19.1638,50.7128],[19.1553,50.8242],[19.2986,50.8268],[19.4404,50.898],[19.4108,51.028],[19.0336,51.0601],[18.7512,51.1466],[18.8035,51.2334],[18.8103,51.4252],[18.8792,51.522],[18.6806,51.6592],[18.6492,51.7433],[18.6957,51.8473],[18.8035,51.9596],[18.7332,52.0153],[18.6846,52.1661],[18.6238,52.1986],[18.2206,52.2271],[17.9264,52.1861],[17.8059,52.2048],[17.6579,52.1463],[17.5054,52.1452],[17.3596,52.0965],[16.9956,52.1228],[16.9811,52.2203],[16.8789,52.2751],[16.9623,52.4302],[16.9675,52.5772],[16.9075,52.6197],[16.5935,52.7137],[16.3498,52.7089],[16.2959,52.7274],[16.0906,52.6572],[15.8503,52.6114],[15.7521,52.6428],[15.4612,52.614],[15.4011,52.741],[15.2414,52.7301],[15.0862,52.6175],[14.9985,52.653],[14.6814,52.5869],[14.6132,52.5928]]},"properties":{"name":"Warta","scalerank":8,"min_zoom":7}},
{"type":"Feature","geometry":{"type":"LineString","coordinates":[[11.5396,49.8567],[11.632,49.9195],[11.4319,50.075],[11.2385,50.1324],[11.1254,50.1992],[10.9631,50.1133],[10.8679,49.9312],[10.4912,50.0342],[10.3745,50.0144],[10.2796,50.0548],[10.1799,49.9987],[10.1623,49.8803],[10.2127,49.8034],[10.0822,49.6669],[9.8754,49.8133],[9.7582,49.9864],[9.6521,50.0386],[9.559,49.9604],[9.6011,49.882],[9.4909,49.7951],[9.1965,49.7326],[9.1387,49.8117],[9.1493,49.9092],[8.991,50.0752],[8.888,50.1304],[8.5488,50.0963],[8.3952,49.9977],[8.2915,49.9933]]},"properties":{"name":"Main","scalerank":8,"min_zoom":7}},
{"type":"Feature","geometry":{"type":"LineString","coordinates":[[8.7729,51.8802],[8.4426,51.7946],[8.3052,51.8531],[8.3195,51.9056],[8.1475,51.9739],[8.0041,51.9534],[7.8084,51.9833],[7.5908,52.1148],[7.4356,52.3035],[7.3589,52.3342],[7.3394,52.4264],[7.2565,52.579],[7.2778,52.69],[7.2499,52.7895],[7.3128,52.8771],[7.3184,53.0117],[7.2835,53.0682],[7.3623,53.118],[7.4287,53.2283],[7.3666,53.3028]]},"properties":{"name":"Ems","scalerank":8,"min_zoom":7}},
{"type":"Feature","geometry":{"type":"LineString","coordinates":[[-2.899,37.9941],[-2.8026,38.0976],[-2.8075,38.1924],[-2.915,38.1955],[-3.0491,38.0699],[-3.2279,37.9639],[-3.3591,37.9293],[-3.5705,37.9714],[-3.6698,37.9525],[-3.8389,38.0087],[-4.023,38.0289],[-4.1467,38.0709],[-4.3011,37.9993],[-4.4128,38.0351],[-4.5622,37.9603],[-4.6837,37.9494],[-4.7349,37.8917],[-5.0076,37.8123],[-5.1982,37.7901],[-5.3135,37.7134],[-5.4781,37.6801],[-5.6457,37.617],[-5.8392,37.6105],[-5.9781,37.5183],[-6.0167,37.4536],[-6.0288,37.306],[-6.1182,37.1574],[-6.0992,37.0864],[-6.17,37.0116],[-6.1948,36.9322]]},"properties":{"name":"Guadalquivir","scalerank":8,"min_zoom":7}},
{"type":"Feature","geometry":{"type":"LineString","coordinates":[[-19.5514,64.1859],[-19.7751,64.0677],[-19.9606,64.0796],[-20.2788,64.0023],[-20.4755,63.9992],[-20.6856,63.8634]]},"properties":{"name":"Thjórsá","scalerank":8,"min_zoom":7}},
{"type":"Feature","geometry":{"type":"LineString","coordinates":[[8.9085,10.0216],[8.9936,10.0617],[9.0356,10.1861],[9.1347,10.256],[9.1735,10.3624],[9.2429,10.4542],[9.3467,10.4256],[9.4566,10.4945],[9.4666,10.5542],[9.5927,10.7596],[9.5984,10.8762],[9.6374,10.9357],[9.6372,11.0477],[9.7241,11.1456],[9.7568,11.2283],[9.8476,11.2759],[9.9406,11.3732],[9.9433,11.6494],[9.9883,11.7434],[10.1492,11.8929],[10.1826,12.0259],[10.2378,12.0604],[10.3745,12.307],[10.426,12.3619],[10.4496,12.4537],[10.6059,12.5799],[10.7285,12.7468]]},"properties":{"name":"Bunga","scalerank":8,"min_zoom":7}},
{"type":"Feature","geometry":{"type":"LineString","coordinates":[[14.6033,-3.3071],[14.5418,-3.4164],[14.5562,-3.4806],[14.4963,-3.6096],[14.3225,-3.6234],[14.2128,-3.6908],[14.344,-3.8788],[14.3774,-3.9513],[14.322,-4.0067],[14.2483,-3.9875],[14.144,-4.0947],[14.1607,-4.1513],[13.9897,-4.2668],[13.8903,-4.2715],[13.815,-4.163],[13.7468,-4.1454],[13.6779,-4.1704],[13.5418,-4.1142],[13.4997,-4.1327],[13.2512,-4.1193],[13.1026,-4.0811],[13.023,-4.0888],[12.9584,-3.9753],[12.9346,-3.8593],[12.8998,-3.8322],[12.8696,-3.7186],[12.7959,-3.5622],[12.7012,-3.5194]]},"properties":{"name":"Niari","scalerank":8,"min_zoom":7}},
{"type":"Feature","geometry":{"type":"LineString","coordinates":[[18.5298,-12.5238],[18.7288,-12.5521],[18.9086,-12.61],[18.9934,-12.6725],[19.0705,-12.6805],[19.2834,-12.6473],[19.4788,-12.4977],[19.4921,-12.3843],[19.5786,-12.334],[19.7424,-12.3578],[19.908,-12.4344],[20.0541,-12.4513],[20.2444,-12.6352],[20.3801,-12.6193],[20.492,-12.7077],[20.6748,-12.7093],[20.77,-12.7425],[20.9851,-12.7602],[21.117,-12.8223],[21.2324,-12.9442],[21.3154,-12.9999],[21.4116,-13.1065],[21.4824,-13.1264],[21.6782,-13.3032],[21.8176,-13.292],[21.8945,-13.3256],[21.9121,-13.3817],[22.001,-13.4252],[22.0652,-13.5044],[22.3737,-13.6137],[22.4043,-13.666],[22.5498,-13.8122],[22.5413,-13.8705],[22.6321,-13.961],[22.7722,-13.9915],[22.8782,-14.0917],[22.9496,-14.1065],[23.0425,-14.2573],[23.0886,-14.2929],[23.1961,-14.2778]]},"properties":{"name":"Lungwebungu","scalerank":8,"min_zoom":7}},
{"type":"Feature","geometry":{"type":"MultiLineString","coordinates":[[[33.1674,-9.7485],[33.1957,-9.8823],[33.1075,-9.9326],[33.085,-10.081],[33.0395,-10.2108],[32.8931,-10.4611],[32.8254,-10.7406],[32.859,-10.8413],[32.843,-10.8963],[32.8945,-11.0617],[32.8647,-11.1463],[32.8794,-11.2836],[32.8555,-11.3923],[32.7849,-11.5306],[32.7144,-11.6279],[32.613,-11.6651],[32.5162,-11.8187],[32.4312,-11.9033],[32.3377,-12.0855],[32.2892,-12.1185],[32.291,-12.2011],[32.2556,-12.2948],[32.1936,-12.3461],[32.1383,-12.4513],[32.0816,-12.7438],[32.0161,-12.8769],[31.913,-12.9352],[31.913,-13.0308],[31.7525,-13.1161],[31.6749,-13.2006],[31.638,-13.3356],[31.518,-13.432],[31.4612,-13.4218],[31.3591,-13.4611],[31.2222,-13.5822],[31.1349,-13.6074],[31.0738,-13.739]],[[31.0738,-13.739],[30.9625,-13.8198],[30.892,-13.9222]],[[30.892,-13.9277],[30.7964,-14.0457],[30.7105,-14.0822],[30.6161,-14.1846],[30.5471,-14.3134],[30.4685,-14.4067],[30.436,-14.5353],[30.3796,-14.603],[30.3707,-14.7049],[30.3013,-14.8451],[30.2205,-14.9015],[30.2252,-15.1063],[30.2875,-15.2788],[30.3687,-15.3745],[30.3897,-15.4907],[30.367,-15.561],[30.4122,-15.6278]]]},"properties":{"name":"Luangwa","scalerank":8,"min_zoom":7}},
{"type":"Feature","geometry":{"type":"MultiLineString","coordinates":[[[140.114,51.7636],[139.8979,51.5891],[139.8576,51.5788]],[[137.0698,50.454],[137.0945,50.2196],[136.8704,50.1021],[136.7568,49.8802],[136.8106,49.7593]]]},"properties":{"name":"Amur","scalerank":3,"min_zoom":3}},
{"type":"Feature","geometry":{"type":"MultiLineString","coordinates":[[[140.7066,53.111],[140.5942,53.0841],[140.2632,53.2217],[139.9157,53.213],[139.8317,53.0841],[139.7064,52.9532],[140.0004,52.837],[140.1109,52.7474],[140.1279,52.627],[140.3042,52.583],[140.4324,52.4431],[140.4492,52.3338],[140.3609,52.1512],[140.1744,52.0268],[140.2418,51.8598],[140.114,51.7637]],[[139.8576,51.5788],[139.4814,51.5074],[139.4263,51.4213],[139.2349,51.3579],[138.9324,51.3802],[138.8884,51.2743],[138.6746,51.2071],[138.5549,51.1195],[138.4497,51.1013],[138.1384,50.8764],[138.0386,50.8546],[137.9176,50.7622],[137.6885,50.6891],[137.3678,50.6707],[137.2332,50.6402],[137.0463,50.4951],[137.0698,50.454]],[[136.8106,49.7593],[136.8533,49.7191],[136.8367,49.5757],[136.7656,49.5151],[136.5313,49.4659],[136.4352,49.4185],[136.3433,49.2546],[136.2695,49.2135],[136.3027,49.0902],[136.1497,48.9648],[136.0083,48.9403],[135.9124,48.835],[135.8176,48.8172],[135.7544,48.7531],[135.5475,48.7768],[135.3738,48.7357],[135.273,48.7456],[135.0464,48.6352],[134.9973,48.5486],[135.0496,48.4593],[135.0192,48.4332],[134.8839,48.4244],[134.7691,48.3738],[134.5981,48.4164],[134.2057,48.3599],[133.9822,48.2853],[133.7209,48.245],[133.5597,48.1136],[133.4634,48.0897],[133.1848,48.1251],[133.0917,48.107],[132.7747,47.9339],[132.6744,47.9509],[132.6586,47.8701],[132.5243,47.7077],[132.332,47.7368],[132.1614,47.6903],[132.025,47.6981],[131.8941,47.6702],[131.6832,47.6949],[131.5772,47.6688],[131.4181,47.7429],[131.0232,47.6826],[130.9417,47.7182],[130.9067,47.8845],[130.6821,48.0506],[130.6631,48.1166],[130.819,48.2822],[130.7154,48.4993],[130.6391,48.4775],[130.6074,48.577],[130.533,48.6361],[130.6741,48.871],[130.5647,48.8562],[130.3865,48.8966],[130.249,48.8648],[129.9131,49.0398],[129.7554,49.1845],[129.7109,49.2744],[129.5715,49.2801],[129.502,49.4111],[129.4031,49.4309],[129.3617,49.3501],[129.1936,49.39],[129.0503,49.377],[129.0144,49.4313],[128.8789,49.48],[128.7864,49.4657],[128.7966,49.5727],[128.6657,49.6097],[128.3832,49.5796],[128.3445,49.5482],[128.0923,49.5418],[127.9912,49.599],[127.8306,49.5941],[127.7217,49.6489],[127.6441,49.7674],[127.5078,49.8226],[127.5337,49.9227],[127.4863,50.0259],[127.5698,50.1304],[127.5903,50.209]]]},"properties":{"name":"Amur","scalerank":3,"min_zoom":3}},
{"type":"Feature","geometry":{"type":"LineString","coordinates":[[34.5585,-9.4128],[34.6126,-9.2816],[34.5032,-9.1727],[34.5006,-9.0588],[34.4521,-8.9777],[34.4386,-8.8918],[34.3904,-8.8183],[34.3677,-8.6989],[34.2045,-8.6713],[34.1953,-8.5624],[34.1559,-8.488],[34.2364,-8.4238],[34.3772,-8.398],[34.4835,-8.3061],[34.5252,-8.1644],[34.4903,-8.0644],[34.5056,-8.0019],[34.6082,-7.8969],[34.698,-7.8862],[34.8057,-7.8277],[34.999,-7.6479],[35.0496,-7.559],[35.1183,-7.4999],[35.2549,-7.4543],[35.4199,-7.2957],[35.6135,-7.2131],[35.8545,-7.0878],[35.9828,-7.1305],[36.1099,-7.1257],[36.2429,-7.1722],[36.3386,-7.327],[36.4491,-7.3208],[36.5173,-7.5008],[36.6622,-7.53],[36.7769,-7.5778],[36.8175,-7.652],[36.9712,-7.6545],[37.0562,-7.6981],[37.1554,-7.8505],[37.3406,-7.8334],[37.4192,-7.8779],[37.5121,-7.8353],[37.6499,-7.8773],[37.7477,-7.8579],[37.8119,-7.9076]]},"properties":{"name":"Great Ruaha","scalerank":8,"min_zoom":7}},
{"type":"Feature","geometry":{"type":"LineString","coordinates":[[39.2664,11.9749],[39.0432,11.9107],[38.8609,11.9202],[38.7592,12.0432],[38.6275,12.0429],[38.4734,12.1233],[38.4331,12.2456],[38.4581,12.3101],[38.4161,12.4761],[38.4578,12.6412],[38.4633,12.7416],[38.6651,12.8263],[38.646,12.9008],[38.5817,12.9523],[38.6867,13.1349],[38.7306,13.2925],[38.6616,13.5438],[38.5772,13.6622],[38.4878,13.6927],[38.3831,13.7845],[38.3283,13.8045],[38.2276,13.7289],[38.0088,13.7654],[37.892,13.8812],[37.8167,13.8753]]},"properties":{"name":"Tekeze","scalerank":8,"min_zoom":7}},
{"type":"Feature","geometry":{"type":"MultiLineString","coordinates":[[[23.1681,52.2818],[22.9228,52.3723],[22.5829,52.3946],[22.5108,52.5353],[22.3254,52.6568],[22.1409,52.7069],[22.0481,52.6802],[21.8433,52.7007],[21.6464,52.6052],[21.5678,52.6221],[21.3627,52.5394],[20.7717,52.4743],[20.6817,52.4264]],[[24.9501,49.8834],[24.7864,49.8977],[24.6435,49.938],[24.4778,50.0548],[24.3482,50.1099],[24.4089,50.1788],[24.3339,50.2745],[24.2315,50.3427],[24.3056,50.5633],[24.2178,50.5892],[23.9738,50.7764],[23.9694,50.8254],[24.1298,50.8692],[23.9788,50.9378],[23.9113,51.0071],[23.8743,51.1364],[23.7421,51.2165],[23.6336,51.3396],[23.697,51.4047],[23.5393,51.6074],[23.5598,51.7547],[23.676,51.9944],[23.6645,52.0114],[23.6503,52.0493],[23.642,52.0617],[23.6409,52.0732],[23.637,52.0847],[23.3953,52.1998],[23.2117,52.232],[23.1681,52.2892]]]},"properties":{"name":"Bug","scalerank":8,"min_zoom":7}},
{"type":"Feature","geometry":{"type":"LineString","coordinates":[[48.9832,33.9478],[48.8876,34.0794],[48.8448,34.2353],[48.7778,34.2942],[48.6201,34.355],[48.4083,34.346],[48.23,34.3172],[48.1804,34.2823],[48.0649,34.308],[47.9485,34.3693],[47.7092,34.3814],[47.6505,34.4549],[47.434,34.3762],[47.3384,34.198],[47.4141,34.116],[47.4796,33.9865],[47.5034,33.8895],[47.3989,33.7521],[47.0579,33.7114],[46.9775,33.5953],[46.8449,33.6152],[46.8267,33.5615],[46.9236,33.4713],[47.0094,33.4334],[47.0294,33.3659],[47.1236,33.34],[47.2449,33.2513],[47.4653,33.1595],[47.6065,33.0398],[47.7966,32.9818],[48.0278,32.8309],[48.0826,32.7352],[47.9654,32.6535],[47.9098,32.5722],[47.9671,32.5187],[48.1192,32.5054],[48.1511,32.467],[48.1546,32.3273],[48.2227,32.187],[48.2148,32.0589],[48.27,31.9983],[48.2512,31.911],[48.3833,31.827],[48.49,31.7145],[48.5932,31.6434],[48.4586,31.565],[48.3965,31.4768],[48.2758,31.5406],[48.1682,31.5594],[48.0584,31.5048],[47.8461,31.5263],[47.7283,31.4569],[47.6254,31.3343],[47.6377,31.2994],[47.5567,31.1507],[47.5219,31.0279],[47.4661,30.976]]},"properties":{"name":"Karkheh","scalerank":8,"min_zoom":7}},
{"type":"Feature","geometry":{"type":"LineString","coordinates":[[102.0025,14.277],[102.1614,14.5034],[102.1655,14.6624],[102.2011,14.7028],[102.2085,14.8387],[102.2559,14.9908],[102.3421,15.0841],[102.3907,15.2088],[102.5095,15.2453],[102.634,15.3644],[102.7293,15.3942],[102.9512,15.3806],[103.0576,15.4632],[103.1675,15.3663],[103.294,15.3116],[103.3667,15.3526],[103.4684,15.3328],[103.5579,15.2844],[103.6797,15.3343],[103.8942,15.4693],[103.9451,15.4217],[104.0496,15.4075],[104.1377,15.3404],[104.4607,15.1373],[104.5249,15.1541],[104.6759,15.1456],[104.7905,15.2408],[104.8317,15.2127],[105.1265,15.3087],[105.2172,15.3043],[105.2661,15.2379],[105.3909,15.3074],[105.463,15.2732],[105.5038,15.3202]]},"properties":{"name":"Mun","scalerank":8,"min_zoom":7}},
{"type":"Feature","geometry":{"type":"LineString","coordinates":[[101.4059,16.3736],[101.5068,16.3117],[101.5026,16.2242],[101.6946,16.0863],[101.6773,16.0174],[101.7112,15.8893],[101.7691,15.812],[101.9268,15.6612],[102.023,15.6822],[102.0844,15.6196],[102.1755,15.7454],[102.2402,15.7527],[102.3367,15.8167],[102.3818,15.9764],[102.5026,16.0931],[102.5779,16.0931],[102.7371,16.2464],[102.7945,16.3507],[102.9421,16.3797],[103.0414,16.2974],[103.1128,16.2023],[103.4213,16.244],[103.448,16.2092],[103.6746,16.2023],[103.7383,16.2164],[103.9004,16.0658],[103.9141,15.9591],[104.0131,15.8986],[104.0098,15.7983],[104.1114,15.8232],[104.1442,15.7083],[104.3071,15.4562],[104.381,15.4495],[104.4287,15.3253],[104.572,15.3253],[104.6829,15.2451],[104.7161,15.1888]]},"properties":{"name":"Chi","scalerank":8,"min_zoom":7}},
{"type":"Feature","geometry":{"type":"LineString","coordinates":[[101.6809,5.7047],[101.6189,5.8276],[101.4543,5.8145],[101.4131,5.7806],[101.3452,5.5303],[101.3472,5.4441],[101.2452,5.3524],[101.1676,5.3495],[101.1635,5.2821],[100.9999,5.074],[100.9773,4.9944],[100.9541,4.7178],[100.9088,4.6136],[100.9391,4.5148],[100.8858,4.3373],[100.9336,4.178],[101.0224,4.0707],[100.9543,3.9446],[100.8715,4.0189]]},"properties":{"name":null,"scalerank":8,"min_zoom":7}},
{"type":"Feature","geometry":{"type":"LineString","coordinates":[[115.9959,41.5097],[115.9785,41.5885],[115.8128,41.6497],[115.7556,41.7089],[115.7608,41.775],[115.824,41.8455],[115.8911,42.1277],[115.8723,42.1671],[115.9458,42.251],[116.146,42.3464],[116.3447,42.3594],[116.4869,42.3106],[116.6407,42.2017],[116.7006,42.0212],[116.6144,41.9079]]},"properties":{"name":"Shandian","scalerank":8,"min_zoom":7}},
{"type":"Feature","geometry":{"type":"LineString","coordinates":[[100.6121,24.7486],[100.7755,24.6175],[100.8408,24.4606],[100.8965,24.4063],[100.9541,24.275],[101.0097,24.2159],[101.1572,23.919],[101.1497,23.7552],[101.1867,23.6648],[101.1664,23.5966],[101.252,23.546],[101.2825,23.3961],[101.2449,23.2648],[101.3422,23.2327],[101.3307,23.1243],[101.427,23.1243],[101.498,23.075],[101.4674,22.9865],[101.5226,22.8941],[101.6455,22.8553],[101.7006,22.9159],[101.7644,22.9083],[101.8716,22.8053],[101.9478,22.8158],[102.0161,22.7674],[102.0725,22.6735],[102.164,22.6265],[102.2632,22.6166],[102.3075,22.562],[102.5086,22.5668],[102.6449,22.4362],[102.7768,22.3604],[102.8455,22.2054],[102.9084,22.2029],[102.9519,22.1362],[103.0403,22.1477],[103.1401,22.0856],[103.2665,22.0816],[103.324,22.1495],[103.4001,22.1363],[103.544,21.8931],[103.5647,21.7948],[103.6426,21.6724],[103.7495,21.6522],[103.8151,21.5586],[104.0034,21.4968],[104.106,21.4317],[104.1675,21.3218],[104.2978,21.2256],[104.364,21.2137],[104.5317,21.0689],[104.6183,21.0357],[104.7092,21.0686],[104.867,21.0338],[105.0134,20.8603],[105.1167,20.7595],[105.34,20.8288],[105.3296,20.9813],[105.2906,21.0382],[105.2847,21.1915],[105.3399,21.2734]]},"properties":{"name":"Da","scalerank":8,"min_zoom":7}},
{"type":"Feature","geometry":{"type":"LineString","coordinates":[[108.9067,48.8775],[109.0792,48.9959],[109.194,48.9971],[109.4435,49.1135],[109.5097,49.2096],[109.715,49.2307],[109.8362,49.1848],[109.9175,49.0588],[110.1236,48.9006],[110.2325,48.7541],[110.4519,48.682],[110.5733,48.6703],[110.7153,48.6001],[110.8821,48.6063],[110.9531,48.5659],[111.1939,48.686],[111.3425,48.7025],[111.5259,48.756],[111.6519,48.8287],[111.8645,49.0745],[112.1196,49.3072],[112.3413,49.4532],[112.5043,49.4954],[112.5849,49.544],[112.6106,49.6614],[112.7029,49.7105],[112.7808,49.8682],[112.8985,50.0097],[113.0144,50.0811],[113.0693,50.176],[113.274,50.3046],[113.3088,50.4168],[113.813,50.4366],[113.9097,50.4914],[114.4229,50.4981],[114.5298,50.4907],[114.662,50.5405],[114.865,50.5257],[115.043,50.5361],[115.0984,50.5664],[115.4524,50.61],[115.572,50.5784],[115.6738,50.649],[115.688,50.7383],[115.6017,50.9744],[115.6546,51.0593],[115.8792,51.1902],[115.9575,51.3131],[116.0715,51.3889],[116.0455,51.4853],[115.8315,51.567],[115.7898,51.6563],[115.8105,51.6729],[115.8102,51.6899],[115.8237,51.7165],[115.8315,51.7252]]},"properties":{"name":"Onon","scalerank":8,"min_zoom":7}},
{"type":"Feature","geometry":{"type":"LineString","coordinates":[[34.3796,11.7831],[34.3803,11.6906],[34.419,11.5908],[34.6832,11.3883],[34.7776,11.2965]]},"properties":{"name":"El Bahr el Azraq","scalerank":3,"min_zoom":3}},
{"type":"Feature","geometry":{"type":"MultiLineString","coordinates":[[[34.3796,11.7831],[34.3623,11.9527],[34.3168,12.0616],[34.3058,12.1543],[34.3489,12.2247],[34.3435,12.3819],[34.2437,12.4673],[34.1475,12.5155],[34.1806,12.606],[34.1375,12.6535],[34.1426,12.7748],[34.0649,12.8365],[33.9865,12.9616],[33.9429,13.0707],[33.9763,13.1231],[33.919,13.2645],[33.791,13.3309],[33.7273,13.3207],[33.6619,13.4185],[33.6625,13.5081],[33.6261,13.5782],[33.5987,13.8518],[33.6812,14.1582],[33.6098,14.2108],[33.621,14.2907],[33.5489,14.3503],[33.4963,14.4831],[33.4594,14.4998],[33.3723,14.6606],[33.3067,14.743],[33.2158,14.9169],[33.2149,15.0306],[33.1671,15.1339],[33.085,15.2298],[33.0029,15.2858],[32.8931,15.3049],[32.7109,15.4225],[32.7007,15.4761],[32.5574,15.627],[32.5284,15.6202],[32.5162,15.6233],[32.5082,15.627],[32.4889,15.6326]],[[35.3508,10.1491],[35.3123,10.2258],[35.3296,10.3085],[35.2739,10.4985],[35.1425,10.5785],[35.1355,10.6366],[35.2008,10.8933],[35.1657,11.0491],[35.193,11.1083],[35.0992,11.1752],[35.065,11.2335],[34.8117,11.26],[34.7776,11.2965]]]},"properties":{"name":"El Bahr el Azraq","scalerank":3,"min_zoom":3}},
{"type":"Feature","geometry":{"type":"LineString","coordinates":[[139.0671,36.9067],[139.0552,36.8388],[138.9683,36.7399],[139.0449,36.585],[139.0209,36.4834],[139.072,36.3599],[139.2322,36.2421],[139.3783,36.2224],[139.4727,36.178],[139.6096,36.1793],[139.7692,36.1099],[139.9321,35.9384],[140.127,35.8543],[140.3452,35.8553],[140.3674,35.8784],[140.5512,35.8885],[140.7105,35.8196],[140.8569,35.7324]]},"properties":{"name":"Tone","scalerank":8,"min_zoom":7}},
{"type":"Feature","geometry":{"type":"LineString","coordinates":[[29.5346,40.0383],[29.4492,40.1717],[29.5151,40.2342],[29.6467,40.2717],[29.7776,40.2722],[29.8518,40.3546],[29.9915,40.3926],[30.0999,40.4991],[30.1801,40.5017],[30.3081,40.5567],[30.3333,40.6321],[30.419,40.7181],[30.4736,40.8387],[30.5973,40.8931],[30.5932,41.0089],[30.6456,41.1329]]},"properties":{"name":"Sakarya","scalerank":8,"min_zoom":7}},
{"type":"Feature","geometry":{"type":"LineString","coordinates":[[20.8871,68.9274],[21.0715,68.8697],[21.4631,68.6872],[21.9186,68.5685],[22.0717,68.4772],[22.3025,68.4764],[22.6072,68.4252],[23.0517,68.2985],[23.1547,68.2178],[23.1511,68.1306],[23.3303,68.128],[23.3823,68.0515],[23.6607,67.9332],[23.4983,67.8824],[23.4841,67.7375],[23.553,67.5873],[23.4308,67.4859],[23.7646,67.4204],[23.7349,67.29],[23.6218,67.2693],[23.5735,67.1733]]},"properties":{"name":"Muonio","scalerank":8,"min_zoom":7}},
{"type":"Feature","geometry":{"type":"LineString","coordinates":[[104.0923,62.4648],[103.9004,62.4648],[103.7774,62.371],[103.4,62.3974],[103.2295,62.4591],[103.0396,62.4369],[102.8666,62.5174],[102.6292,62.5651],[102.4533,62.5694],[102.3623,62.5296],[102.2461,62.4025],[101.7085,62.3817],[101.509,62.4715],[101.5185,62.5062],[101.1961,62.5471],[101.1454,62.7166],[100.9058,62.6852],[100.8583,62.6004],[100.6963,62.5866],[100.6043,62.6357],[100.2986,62.6571],[100.0564,62.8677],[99.8635,62.9503],[99.9229,63.0003],[99.7848,63.2149],[99.5947,63.3145],[99.3365,63.3971],[99.083,63.4455],[98.9212,63.518],[98.7141,63.4813],[98.4602,63.5455],[98.4661,63.6133],[98.2677,63.6776],[98.2354,63.7475],[98.0479,63.7608]]},"properties":{"name":"Taymura","scalerank":8,"min_zoom":7}},
{"type":"Feature","geometry":{"type":"LineString","coordinates":[[149.1288,68.1528],[149.4026,68.2359],[149.634,68.1387],[149.7256,68.2126],[149.9063,68.248],[150.1875,68.2571],[150.359,68.192],[150.6599,68.1457],[150.9878,67.9928],[151.2532,67.961],[151.5294,67.9656],[151.7013,68.0067],[151.7691,68.0855],[152.4614,68.1746],[152.7057,68.2831],[152.7245,68.3799],[152.8939,68.4942],[153.2626,68.4901],[153.4722,68.4046],[153.5619,68.46],[153.8335,68.5235],[153.8635,68.6637],[153.9542,68.6991],[154.0334,68.8286],[154.2743,68.9138],[154.1951,69.0744],[154.6746,69.3206],[154.9009,69.3347],[155.1179,69.4761],[154.9942,69.5096],[154.7951,69.6912],[154.9084,69.7839],[155.0973,69.8112],[155.1451,69.8938],[154.8298,70.044],[154.8504,70.134],[154.7199,70.1812],[154.7411,70.2501],[154.4019,70.4685],[154.0763,70.5654],[153.9869,70.6815],[153.6231,70.7504],[153.6637,70.861]]},"properties":{"name":"Alazeya","scalerank":8,"min_zoom":7}},
{"type":"Feature","geometry":{"type":"LineString","coordinates":[[132.7507,-14.4701],[132.6476,-14.5931],[132.6631,-14.6309],[132.8198,-14.6958],[133.0967,-14.9159],[133.2388,-14.954],[133.3659,-14.9473],[133.4644,-14.8234],[133.5243,-14.8441],[133.7664,-14.8267],[133.8367,-14.8539],[133.9877,-14.8539],[134.0873,-14.6996],[134.2715,-14.6142],[134.3613,-14.6327],[134.3893,-14.675],[134.5644,-14.721],[134.642,-14.773],[134.7278,-14.7264],[135.0567,-14.8122],[135.1456,-14.7372],[135.1875,-14.759],[135.2703,-14.689],[135.3682,-14.7228]]},"properties":{"name":"Roper","scalerank":8,"min_zoom":7}},
{"type":"Feature","geometry":{"type":"LineString","coordinates":[[145.5481,-19.1883],[145.6133,-19.1229],[145.6874,-19.1009],[145.7739,-19.1841],[145.8301,-19.3213],[145.8598,-19.4882],[145.8939,-19.5034],[145.8972,-19.7016],[145.9912,-19.7349],[146.0208,-19.8046],[146.1152,-19.8579],[146.2595,-19.8988],[146.3206,-19.9668],[146.4309,-19.9727],[146.473,-20.1098],[146.6021,-20.1496],[146.6519,-20.2049],[146.8634,-20.2621],[146.8575,-20.3665],[146.9561,-20.4387],[147.0418,-20.623],[147.1582,-20.6449],[147.2929,-20.5268],[147.2922,-20.466],[147.3536,-20.3971],[147.3237,-20.347],[147.3004,-20.0545],[147.2376,-19.9111],[147.2643,-19.746],[147.4336,-19.6139],[147.5933,-19.6777]]},"properties":{"name":"Burdekin","scalerank":8,"min_zoom":7}},
{"type":"Feature","geometry":{"type":"LineString","coordinates":[[46.3384,40.9],[46.34,40.8996],[46.5683,40.9348],[46.7879,40.9112],[46.9856,40.8273],[47.0201,40.78]]},"properties":{"name":"Kura","scalerank":8,"min_zoom":7}},
{"type":"Feature","geometry":{"type":"MultiLineString","coordinates":[[[43.2883,40.9753],[43.3727,40.8259],[43.4666,40.7978]],[[42.8223,40.9207],[42.7847,40.8996],[42.5932,40.9344],[42.4273,40.984],[42.5264,41.1036],[42.6949,41.1226],[42.8131,41.2032],[42.8953,41.1773],[43.0854,41.1748],[43.1821,41.3002],[43.3251,41.3768],[43.2809,41.5135],[43.2263,41.5854],[43.0553,41.6131],[43.1225,41.7134],[43.3845,41.8522],[43.6099,42.002],[43.751,42.0499],[43.9087,42.0235],[44.0318,42.0268],[44.71,41.8343],[44.8028,41.7002],[44.9216,41.6446],[45.0039,41.5313],[45.1021,41.3365],[45.2758,41.2565],[45.4884,41.2313],[45.5838,41.1528],[45.9202,40.9821],[46.0318,40.9904],[46.072,40.9449],[46.2013,40.9504],[46.34,40.8996]],[[47.0201,40.78],[47.0764,40.6745],[47.1895,40.6392],[47.1832,40.58],[47.281,40.5332],[47.3848,40.3594],[47.5439,40.1727],[47.5955,40.1967],[47.7833,40.1535],[47.8313,40.1055],[47.969,40.0812],[48.0864,40.0965],[48.2599,40.031],[48.505,40.0357],[48.6279,40.0692],[48.8393,40.0027],[48.9019,39.9578],[48.9417,39.858],[48.9685,39.6762],[49.0241,39.5912],[49.0014,39.4524],[49.2432,39.4199],[49.3668,39.3509]]]},"properties":{"name":"Kura","scalerank":8,"min_zoom":7}},
{"type":"Feature","geometry":{"type":"MultiLineString","coordinates":[[[95.7324,55.7495],[95.8909,55.879],[95.8513,56.015],[95.8831,56.1474],[95.8282,56.2129],[95.5133,56.2554],[95.325,56.2251],[95.1016,56.2293],[94.7734,56.1342],[94.6629,56.1611],[94.5631,56.1076],[94.4922,56.1611],[94.3814,56.1228],[94.1489,56.14],[94.0789,56.3019],[93.9775,56.4484],[93.8785,56.4621],[93.7857,56.5397]],[[95.5073,54.3464],[95.5949,54.6514],[95.488,54.7288],[95.255,54.8168],[95.1292,54.8925],[95.1681,54.9992],[95.13,55.1617],[95.1616,55.3398],[95.2764,55.4553],[95.4374,55.4894],[95.3907,55.6066],[95.4566,55.6469],[95.6874,55.6937],[95.7324,55.7564]]]},"properties":{"name":"Mana","scalerank":8,"min_zoom":7}},
{"type":"Feature","geometry":{"type":"LineString","coordinates":[[110.8833,70.8807],[111.1741,70.9653],[111.6977,71.0438],[112.0377,71.1155],[112.3779,71.129],[112.2571,71.2722],[112.064,71.4075],[112.0264,71.4893],[111.8766,71.5498],[111.9042,71.6835],[111.77,71.7459],[111.2842,71.8272],[111.0747,71.902],[110.7461,71.9508],[110.606,72.1595],[110.7071,72.1888],[110.6489,72.2913],[110.1638,72.3691],[109.6578,72.5494],[109.1223,72.5943],[108.9058,72.5425],[108.6773,72.6906],[108.3915,72.6867],[108.0391,72.7906],[107.8725,72.7838],[107.3168,72.8607],[107.1804,72.8362],[106.6956,72.8633],[106.2048,72.9234],[106.1145,72.9569]]},"properties":{"name":"Popigay","scalerank":8,"min_zoom":7}},
{"type":"Feature","geometry":{"type":"LineString","coordinates":[[117.8735,49.5135],[117.9641,49.3635],[118.1436,49.2905],[118.273,49.3963],[118.3976,49.452],[118.5654,49.39],[118.6338,49.2193],[118.9435,49.2203],[119.0584,49.1892],[119.2916,49.2056],[119.3681,49.2601],[119.5579,49.2992],[119.7542,49.2739],[119.8969,49.284],[120.2597,49.1906],[120.7373,49.3223],[120.9841,49.4144],[121.107,49.4234],[121.6244,49.6422],[121.8115,49.645],[121.978,49.6917],[122.2871,49.8493]]},"properties":{"name":"Hailar","scalerank":3,"min_zoom":3}},
{"type":"Feature","geometry":{"type":"LineString","coordinates":[[-41.8394,-13.2813],[-41.6914,-13.3461],[-41.6237,-13.497],[-41.6327,-13.6608],[-41.5541,-13.794],[-41.4952,-14.0002],[-41.4261,-14.0254],[-41.2327,-14.1474],[-41.1633,-14.1501],[-41.0244,-14.0954],[-40.9479,-13.9004],[-40.9025,-13.8515],[-40.7748,-13.821],[-40.5501,-13.8869],[-40.3916,-13.8521],[-40.2085,-13.8759],[-40.1119,-13.8667],[-40.0347,-13.9129],[-40.0351,-14.0117],[-39.9269,-14.0803],[-39.8752,-14.0175],[-39.8144,-14.0892],[-39.6639,-14.2035],[-39.4786,-14.2232],[-39.431,-14.2978],[-39.2263,-14.3371],[-39.112,-14.3276],[-38.992,-14.2679]]},"properties":{"name":"Contas","scalerank":8,"min_zoom":7}},
{"type":"Feature","geometry":{"type":"LineString","coordinates":[[-55.3558,1.4281],[-55.3039,1.326],[-55.2013,1.2214],[-55.1493,1.0998],[-55.0448,1.0211],[-55.0411,0.921],[-54.9074,0.7668],[-54.8129,0.723],[-54.6911,0.5549],[-54.6982,0.4023],[-54.6131,0.2093],[-54.5853,0.11],[-54.6138,-0.018],[-54.6088,-0.1916],[-54.5382,-0.4072],[-54.5491,-0.4606],[-54.5101,-0.6337],[-54.3988,-0.904],[-54.465,-1.1195],[-54.439,-1.2149],[-54.442,-1.3571],[-54.39,-1.4706],[-54.4197,-1.5418],[-54.3561,-1.6513],[-54.4185,-1.7397],[-54.3949,-1.8941],[-54.3445,-1.9509],[-54.3212,-2.1899]]},"properties":{"name":"Maicuru","scalerank":8,"min_zoom":7}},
{"type":"Feature","geometry":{"type":"MultiLineString","coordinates":[[[-103.2287,52.3302],[-103.0513,52.2681],[-102.8431,52.1035],[-102.7004,51.9634],[-102.4752,51.892],[-102.4337,51.817],[-102.2078,51.7269],[-101.976,51.7215],[-101.9208,51.569],[-101.7651,51.4456],[-101.7178,51.3594],[-101.5317,51.257],[-101.4952,51.1515],[-101.4232,51.0935],[-101.428,50.9659],[-101.4846,50.9387],[-101.4332,50.8404],[-101.3919,50.5538],[-101.3238,50.4383]],[[-101.3102,50.4383],[-101.2385,50.3908],[-101.1775,50.2567],[-101.0985,50.2164],[-101.0502,50.1223],[-100.884,50.0401],[-100.8129,49.843],[-100.5462,49.7872],[-100.4667,49.8471],[-100.2413,49.8972],[-100.0404,49.8531],[-99.8319,49.8454],[-99.7008,49.7626],[-99.6564,49.7019],[-99.3979,49.596],[-99.3061,49.6025],[-99.2235,49.6984],[-99.0756,49.6851],[-98.958,49.7119],[-98.8976,49.678],[-98.6859,49.7537]],[[-98.3019,49.9444],[-98.1802,49.9288],[-98.0364,50.0179],[-97.8957,50.0553],[-97.8083,50.0411],[-97.4623,49.8636],[-97.1359,49.8701]],[[-97.1359,49.8701],[-97.1094,49.8772]],[[-98.6124,49.767],[-98.4435,49.7706],[-98.4354,49.8509],[-98.3019,49.9444]],[[-98.6859,49.7537],[-98.6124,49.767]],[[-98.6859,49.7537],[-98.6859,49.7599]]]},"properties":{"name":"Assiniboine","scalerank":8,"min_zoom":7}},
{"type":"Feature","geometry":{"type":"LineString","coordinates":[[-99.7827,47.4857],[-99.828,47.5728],[-99.8206,47.7167],[-99.6301,47.7087],[-99.4596,47.6788],[-99.4017,47.7297],[-99.2811,47.7369],[-99.243,47.6946],[-99.0866,47.6837],[-98.9397,47.5743],[-98.7747,47.5233],[-98.8505,47.2076],[-98.789,47.1636],[-98.7023,46.9819],[-98.6968,46.9092],[-98.5933,46.8747],[-98.5565,46.7432],[-98.5823,46.7076],[-98.5376,46.5776],[-98.4389,46.533],[-98.4259,46.4713],[-98.24,46.3067],[-98.2744,46.2381],[-98.1378,46.2047],[-98.1101,46.1506],[-98.2028,45.8801],[-98.3086,45.7242],[-98.3262,45.6264],[-98.2335,45.5181],[-98.3578,45.327],[-98.4988,44.9195],[-98.3485,44.8888],[-98.2744,44.7137],[-98.2818,44.6343],[-98.1692,44.5349],[-98.1273,44.439],[-98.1999,44.3463],[-98.1287,44.2266],[-98.1447,44.1756],[-98.0826,44.0856],[-98.0748,43.9775],[-97.9932,43.8978],[-98.0185,43.7877],[-97.964,43.687],[-97.8302,43.5949],[-97.7826,43.4158],[-97.6383,43.3535],[-97.6649,43.2359],[-97.5909,43.1533],[-97.3641,43.0303],[-97.3325,42.9143],[-97.2812,42.8861]]},"properties":{"name":"James","scalerank":8,"min_zoom":7}},
{"type":"Feature","geometry":{"type":"LineString","coordinates":[[-84.1717,42.2298],[-84.2752,42.205],[-84.414,42.2509],[-84.399,42.3201],[-84.4624,42.4269],[-84.5612,42.421],[-84.6515,42.5103],[-84.5989,42.6166],[-84.6457,42.6728],[-84.5758,42.743],[-84.7267,42.7573],[-84.7963,42.7974],[-84.9278,42.8133],[-84.9014,42.8839],[-84.9493,42.9936],[-85.1307,42.9764],[-85.24,42.9443],[-85.4056,42.9383],[-85.6262,43.0609],[-85.7125,42.9561],[-85.7955,42.9348],[-85.8815,43],[-86.0813,43.0494],[-86.2616,43.072]]},"properties":{"name":"Grand","scalerank":8,"min_zoom":7}},
{"type":"Feature","geometry":{"type":"LineString","coordinates":[[-114.8543,43.9304],[-114.8223,43.9673],[-114.8785,44.1873],[-114.8349,44.2749],[-114.5737,44.263],[-114.3263,44.2827],[-114.1662,44.5071],[-114.1742,44.5894],[-113.9912,44.7547],[-114.001,44.8207],[-113.9158,45.0535],[-113.8747,45.2255],[-113.8983,45.3438],[-113.9767,45.4107],[-114.2211,45.4119],[-114.3542,45.3421],[-114.5927,45.3175],[-114.7133,45.4081],[-114.8292,45.4237],[-114.9429,45.4998],[-115.1826,45.5882],[-115.4292,45.4571],[-115.5018,45.3941],[-115.6562,45.4442],[-115.8787,45.4717],[-116.0817,45.415],[-116.2128,45.41],[-116.3084,45.4646],[-116.2698,45.6024],[-116.3084,45.7766],[-116.2933,45.8946],[-116.5765,46.0196],[-116.713,45.9792],[-116.779,45.8664]]},"properties":{"name":"Salmon","scalerank":8,"min_zoom":7}},
{"type":"Feature","geometry":{"type":"LineString","coordinates":[[-130.8065,62.2148],[-130.9227,62.0261],[-131.113,61.9361],[-131.0568,61.845],[-131.2345,61.7673],[-131.4241,61.7394],[-131.6244,61.7629],[-132.0656,61.8785],[-132.1554,61.869],[-132.2965,61.9553],[-132.7838,62.0732],[-133.03,62.1575],[-133.2423,62.191],[-133.6054,62.287],[-133.832,62.3867],[-134.1131,62.4722],[-134.4879,62.6248],[-134.6501,62.65],[-134.6686,62.7255],[-134.8403,62.7681],[-135.637,62.7794],[-135.9509,62.8865],[-136.1732,62.8908],[-136.3582,62.8465],[-136.8091,62.8767],[-137.1783,62.8581],[-137.3412,62.8223],[-137.3169,62.7711]]},"properties":{"name":"Pelly","scalerank":8,"min_zoom":7}},
{"type":"Feature","geometry":{"type":"LineString","coordinates":[[-154.089,67.2963],[-154.1474,67.1788],[-154.328,67.1088],[-154.6088,66.9278],[-154.7148,66.8279],[-154.9758,66.8387],[-155.1642,66.7965],[-155.4774,66.7713],[-155.6562,66.7945],[-155.9742,66.7937],[-156.1562,66.8518],[-156.5325,66.8943],[-156.8324,66.8812],[-156.99,66.9217],[-157.2386,66.8859],[-157.3993,66.8922],[-157.5502,66.9815],[-157.9306,67.0637],[-158.1667,67.0795],[-158.2084,67.1253],[-158.5296,67.2006],[-158.8325,67.187],[-159.0769,67.1389],[-159.1399,67.1922],[-159.3542,67.1962],[-159.9049,67.0121],[-160.6753,66.94],[-161.0572,66.9345],[-161.5609,66.8669],[-161.7537,66.8043],[-161.8745,66.8171]]},"properties":{"name":"Kobuk","scalerank":8,"min_zoom":7}},
{"type":"Feature","geometry":{"type":"LineString","coordinates":[[-81.4975,36.3157],[-81.4096,36.3836],[-81.288,36.5979],[-81.1844,36.5616],[-81.05,36.6063],[-80.9756,36.6868],[-80.9162,36.8018],[-80.9342,36.8498],[-80.7432,36.9426],[-80.6603,37.0579],[-80.5842,37.0809],[-80.547,37.1887],[-80.6041,37.2243],[-80.6278,37.3113],[-80.7038,37.3622],[-80.7941,37.3534],[-80.8651,37.4848],[-80.8343,37.528],[-80.8964,37.638],[-80.8753,37.7136],[-80.9578,37.8273],[-81.0482,37.9011],[-81.0334,38.0547],[-81.1599,38.1484]]},"properties":{"name":"New","scalerank":8,"min_zoom":7}},
{"type":"Feature","geometry":{"type":"LineString","coordinates":[[-96.1777,38.7625],[-96.0369,38.6009],[-95.8958,38.4953],[-95.5457,38.5393],[-95.5138,38.591],[-95.3075,38.6179],[-95.1986,38.607],[-95.0594,38.5321],[-94.9731,38.5161],[-94.8074,38.441],[-94.7787,38.3518],[-94.6869,38.2303],[-94.5571,38.2269],[-94.4299,38.1859],[-94.2592,38.076],[-94.2445,38.0331]]},"properties":{"name":"Marais des Cygnes","scalerank":8,"min_zoom":7}},
{"type":"Feature","geometry":{"type":"MultiLineString","coordinates":[[[-62.3257,9.7205],[-62.4404,9.541],[-62.387,9.4172],[-62.3207,9.3572],[-62.3177,9.274],[-62.2447,9.2307],[-62.2055,9.1412],[-62.1471,9.1295],[-62.0526,9.0552],[-62.088,8.9681],[-62.0128,8.8551],[-62.0692,8.7482],[-62.1374,8.673]],[[-62.0443,9.0552],[-62.0201,9.0955],[-61.8839,9.1837],[-61.8861,9.2906],[-61.7427,9.6032]],[[-61.1059,8.9453],[-61.2902,8.8428],[-61.4243,8.7514],[-61.4768,8.7425],[-61.51,8.6716],[-61.5987,8.6238]],[[-61.6504,8.6033],[-61.7812,8.6198],[-61.93,8.5748],[-62.1374,8.673]],[[-63.4359,2.3741],[-63.5141,2.3786],[-63.7454,2.2595],[-63.7704,2.1769],[-63.8196,2.1527],[-64.0318,2.1527],[-64.1479,2.2278],[-64.3055,2.2557],[-64.3806,2.3029],[-64.5085,2.2604],[-64.5284,2.2893],[-64.7493,2.3792],[-64.943,2.4361],[-65.0218,2.4361],[-65.2091,2.5717],[-65.1757,2.7098],[-65.2598,2.8762],[-65.3477,2.9221],[-65.4432,3.0457],[-65.4667,3.1048],[-65.5599,3.1549],[-65.6692,3.1617],[-65.8034,3.142],[-65.8752,3.1754],[-65.9264,3.1419],[-66.0248,3.1506],[-66.0186,3.032],[-66.3277,3.0382],[-66.5507,3.2077],[-66.5937,3.3582],[-66.6659,3.4142],[-66.7514,3.5581],[-66.9014,3.6525],[-67.0125,3.7717],[-66.9888,3.8917],[-67.0397,3.9575],[-67.3792,3.9432],[-67.5056,4.017],[-67.6384,4.0279],[-67.7323,4.0865],[-67.787,4.1732],[-67.8057,4.2686],[-67.7827,4.3391],[-67.8298,4.4916],[-67.8658,4.5122],[-67.8143,4.8406],[-67.828,4.8717],[-67.7938,5.0635],[-67.8445,5.2974],[-67.8105,5.379],[-67.6478,5.4835],[-67.6151,5.5538],[-67.6498,5.6563],[-67.6419,5.745],[-67.602,5.8207],[-67.486,5.9443],[-67.4355,5.9683],[-67.4293,6.0386],[-67.4919,6.1146],[-67.4769,6.1786],[-67.4352,6.2099],[-67.3994,6.245],[-67.3225,6.2724],[-67.2751,6.3675],[-67.1703,6.4293],[-67.1035,6.7014],[-67.0497,6.7552],[-67.062,6.8514],[-67.0345,6.913],[-67.09,7.0656],[-66.9953,7.1568],[-66.9313,7.1697],[-66.7948,7.2589],[-66.5958,7.3395],[-66.4406,7.5804],[-66.3708,7.6397],[-66.2158,7.6412],[-66.131,7.6838],[-65.9396,7.6791],[-65.8341,7.7571],[-65.7467,7.8546],[-65.6483,7.8998],[-65.543,7.8998],[-65.4733,7.8666],[-65.3065,7.8757],[-65.1038,7.8343],[-64.9962,7.7706],[-64.8732,7.666],[-64.8203,7.6665],[-64.6205,7.7743],[-64.5233,7.7736],[-64.4817,7.8435],[-64.5463,7.8966],[-64.5238,7.9962],[-64.3525,8.0089],[-64.2834,8.0814],[-64.2318,8.0714],[-64.1387,7.9744],[-63.9611,7.9736],[-63.8769,8.0274],[-63.84,8.1104],[-63.683,8.1581],[-63.4918,8.1456],[-63.4159,8.213],[-63.3309,8.2138],[-63.2717,8.2709],[-63.1747,8.3134],[-62.977,8.3094],[-62.8793,8.274],[-62.7579,8.3797],[-62.6777,8.39],[-62.5267,8.5134],[-62.436,8.5137],[-62.3105,8.593],[-62.2091,8.6055],[-62.1374,8.673]]]},"properties":{"name":"Orinoco","scalerank":3,"min_zoom":3}},
{"type":"Feature","geometry":{"type":"LineString","coordinates":[[-95.9518,44.1756],[-95.8304,44.2294],[-95.7039,44.1468],[-95.6911,44.0856],[-95.4014,43.8653],[-95.3341,43.8575],[-95.2011,43.9254],[-95.0976,43.828],[-95.0965,43.7713],[-94.9711,43.5655],[-94.874,43.4773],[-94.7966,43.3607],[-94.7141,43.0965],[-94.5534,43.0106],[-94.5162,42.9217],[-94.4435,42.887],[-94.4296,42.7965],[-94.2931,42.7619],[-94.2002,42.6651],[-94.2371,42.6016],[-94.1534,42.4584],[-94.0907,42.4383],[-93.9855,42.2716],[-93.9695,42.1286],[-93.8238,41.8216],[-93.6982,41.7362],[-93.6075,41.5854],[-93.409,41.5015],[-93.2648,41.4824],[-93.0721,41.3737],[-93.0116,41.3793],[-92.7375,41.2328],[-92.6625,41.1645],[-92.5066,41.0781],[-92.4396,41.0165],[-92.2239,40.9138],[-92.1278,40.8449],[-91.9739,40.7936],[-91.7646,40.6805],[-91.6821,40.5507],[-91.4419,40.3795]]},"properties":{"name":"Des Moines","scalerank":8,"min_zoom":7}},
{"type":"Feature","geometry":{"type":"MultiLineString","coordinates":[[[-120.0933,44.7706],[-120.1331,44.7465],[-120.1594,44.7399],[-120.3674,44.7659],[-120.3895,44.8644],[-120.4572,44.892],[-120.4897,45.0817],[-120.449,45.1666],[-120.5289,45.2456],[-120.5029,45.4493],[-120.3597,45.5187],[-120.4156,45.6183],[-120.599,45.7273]],[[-118.5321,44.2625],[-118.6048,44.4472],[-119.1695,44.4315],[-119.3966,44.4619],[-119.6144,44.5381],[-119.6751,44.8038],[-119.7842,44.8536],[-120.0361,44.8159],[-120.0975,44.7684]]]},"properties":{"name":"John Day","scalerank":8,"min_zoom":7}},
{"type":"Feature","geometry":{"type":"LineString","coordinates":[[-126.6313,55.3176],[-126.7434,55.5374],[-126.9359,55.6298],[-127.2184,55.6116],[-127.4119,55.6385],[-127.5756,55.7178],[-127.6872,55.713]]},"properties":{"name":"Babine","scalerank":8,"min_zoom":7}},
{"type":"Feature","geometry":{"type":"LineString","coordinates":[[-119.5347,50.9147],[-119.6738,50.8542],[-119.7655,50.7556],[-119.8961,50.6671],[-120.1901,50.6749],[-120.4724,50.7078],[-120.7628,50.7863],[-120.9163,50.755],[-121.0802,50.7879],[-121.2027,50.7802],[-121.3043,50.6964],[-121.2943,50.5532],[-121.3231,50.4403],[-121.4032,50.3874],[-121.41,50.2887],[-121.4498,50.2633],[-121.5512,50.2591],[-121.5636,50.2545],[-121.5876,50.2403]]},"properties":{"name":"Thompson","scalerank":8,"min_zoom":7}},
{"type":"Feature","geometry":{"type":"LineString","coordinates":[[-91.1409,46.2238],[-91.1868,46.2452],[-91.336,46.1839],[-91.5388,45.9706],[-91.6295,45.9894],[-91.7886,45.916],[-91.8808,45.9365],[-92.1251,46.1019],[-92.178,46.0996]]},"properties":{"name":"Namekagon","scalerank":8,"min_zoom":7}},
{"type":"Feature","geometry":{"type":"MultiLineString","coordinates":[[[-92.6631,45.4263],[-92.751,45.5591],[-92.8833,45.576],[-92.8821,45.7158],[-92.7955,45.7752],[-92.7042,45.913],[-92.3634,46.0272],[-92.3122,46.0804],[-92.178,46.0996],[-92.106,46.1966],[-91.9289,46.271],[-91.7244,46.2427],[-91.47,46.3398]],[[-92.8199,44.7578],[-92.7584,44.9256],[-92.8026,45.0779],[-92.751,45.2996],[-92.6631,45.4263]]]},"properties":{"name":"St. Croix","scalerank":8,"min_zoom":6.5}},
{"type":"Feature","geometry":{"type":"LineString","coordinates":[[-77.9124,0.3258],[-77.9585,0.434],[-78.046,0.4879],[-78.1309,0.5056],[-78.1688,0.6513],[-78.2892,0.8018],[-78.3721,0.8558],[-78.5317,0.9103],[-78.5675,0.989],[-78.5456,1.0657],[-78.59,1.2407],[-78.5801,1.3189],[-78.6115,1.3841],[-78.6893,1.4315],[-78.7515,1.5516],[-78.9073,1.7205],[-78.9159,1.7919]]},"properties":{"name":"Mira","scalerank":8,"min_zoom":7}},
{"type":"Feature","geometry":{"type":"LineString","coordinates":[[-69.2674,-27.2279],[-69.3574,-27.27],[-69.4238,-27.3491],[-69.4188,-27.4975],[-69.4572,-27.6017],[-69.5738,-27.7489],[-69.7437,-27.7705],[-69.7676,-27.8709],[-69.8308,-27.9839],[-69.9387,-28.03],[-70.0969,-27.8666],[-70.1356,-27.7675],[-70.2032,-27.736],[-70.2741,-27.5673],[-70.2884,-27.4369],[-70.3594,-27.3449],[-70.4399,-27.3073],[-70.6459,-27.3759],[-70.8569,-27.319],[-70.9326,-27.319]]},"properties":{"name":"Copiapó","scalerank":8,"min_zoom":7}},
{"type":"Feature","geometry":{"type":"LineString","coordinates":[[-65.6623,-26.2292],[-65.5599,-26.195],[-65.3093,-26.2519],[-65.2203,-26.4003],[-65.2208,-26.5187],[-65.2882,-26.5899],[-65.2206,-26.6934],[-65.1817,-26.8346],[-65.3291,-27.1781],[-65.3039,-27.2624],[-65.1572,-27.4136],[-64.943,-27.5474],[-64.8126,-27.5034],[-64.7273,-27.5034],[-64.6488,-27.4494],[-64.5532,-27.4806],[-64.4017,-27.6132],[-64.3015,-27.7334],[-64.1918,-27.8148],[-64.149,-27.9238],[-64.0868,-27.9878],[-64.141,-28.0223],[-64.1036,-28.0915],[-64.1138,-28.1745],[-64.0718,-28.2596],[-63.9856,-28.3485],[-63.8673,-28.3947],[-63.7375,-28.4821],[-63.7208,-28.5365],[-63.5156,-28.6423],[-63.4012,-28.9124],[-63.4154,-29.0418],[-63.3939,-29.1165],[-63.2572,-29.2513],[-63.2045,-29.3683],[-62.9937,-29.5768],[-62.9464,-29.6753],[-62.8075,-29.7533],[-62.8053,-29.8608],[-62.6974,-30.0085],[-62.5724,-30.0399],[-62.5907,-30.2357],[-62.5242,-30.3304],[-62.5583,-30.5194]]},"properties":{"name":"Dulce","scalerank":8,"min_zoom":7}},
{"type":"Feature","geometry":{"type":"LineString","coordinates":[[103.8323,19.8998],[104.0304,19.7022],[104.1578,19.6879],[104.3274,19.7184],[104.3281,19.5983],[104.4551,19.576],[104.5952,19.5126],[104.4194,19.2853],[104.5515,19.2252],[104.6577,19.2047],[104.6778,19.1563],[104.8543,19.0608],[104.9778,19.0216],[105.065,18.9527],[105.2573,18.9166],[105.287,18.8093],[105.4219,18.6833],[105.4895,18.7036],[105.5317,18.6423],[105.6807,18.5772],[105.7507,18.6628]]},"properties":{"name":"Ca","scalerank":8,"min_zoom":7}},
{"type":"Feature","geometry":{"type":"LineString","coordinates":[[129.0568,37.042],[129.0986,36.9793],[129.0113,36.8846],[128.8993,36.8291],[128.8993,36.7335],[128.8324,36.6905],[128.8709,36.5761],[128.5806,36.5941],[128.4643,36.5571],[128.4026,36.5042],[128.3214,36.5537],[128.2699,36.5257],[128.2415,36.4325],[128.3135,36.3943],[128.407,36.0474],[128.3991,35.8701],[128.4366,35.8013],[128.3748,35.6995],[128.4041,35.6252],[128.3677,35.5308],[128.4304,35.4804],[128.448,35.3854],[128.71,35.3854],[128.7703,35.3546],[128.8624,35.403],[128.9473,35.3638],[129.0256,35.2632],[128.9819,35.1365]]},"properties":{"name":"Nakdong","scalerank":8,"min_zoom":7}},
{"type":"Feature","geometry":{"type":"LineString","coordinates":[[151.863,-28.7393],[151.704,-28.788],[151.634,-28.8932],[151.5606,-28.939],[151.5199,-29.0273],[151.4224,-29.1546],[151.3506,-29.1655],[151.315,-29.0993],[151.2871,-28.9208],[151.1816,-28.8569],[151.0772,-28.8369],[151.0457,-28.7349],[150.7932,-28.6351],[150.6209,-28.659],[150.4697,-28.6504]]},"properties":{"name":"Weir","scalerank":3,"min_zoom":3}},
{"type":"Feature","geometry":{"type":"LineString","coordinates":[[177.2112,67.9268],[176.9134,68.0787],[176.5577,68.114],[176.0177,68.2341],[175.6159,68.3675],[175.3604,68.3514],[175.0778,68.375],[174.7832,68.4376],[174.4819,68.5483],[174.2132,68.5352],[173.9285,68.5978],[173.7394,68.8072],[173.2162,68.9056],[172.9937,68.9169],[172.4933,68.888],[172.3457,68.8431],[171.9481,68.7902],[171.6741,68.7151],[171.1533,68.722],[171.0973,68.7026],[170.6803,68.784],[170.722,68.825]]},"properties":{"name":"Palyavaam","scalerank":8,"min_zoom":7}},
{"type":"Feature","geometry":{"type":"LineString","coordinates":[[-86.8718,52.4195],[-86.7279,52.6008],[-86.7489,52.6871],[-86.609,52.7567],[-86.5685,52.8424],[-86.5682,53.0389],[-86.5429,53.0974],[-86.2602,53.2373],[-86.1523,53.504],[-86.0524,53.5604],[-85.8849,53.5703],[-85.8055,53.6763],[-85.6488,53.7551],[-85.4361,53.7416],[-85.2699,53.8106],[-85.0445,53.7676],[-84.9719,53.812],[-84.7956,53.8447],[-84.6997,53.7213],[-84.5198,53.572],[-84.3201,53.5997],[-84.1855,53.5629],[-83.9884,53.556],[-83.8664,53.5163],[-83.6781,53.497],[-83.5412,53.5163],[-83.0953,53.4915],[-82.9527,53.4477],[-82.7257,53.4337],[-82.5817,53.3171],[-82.4037,53.2974],[-82.2533,53.2147]]},"properties":{"name":"Ekwan","scalerank":8,"min_zoom":7}},
{"type":"Feature","geometry":{"type":"LineString","coordinates":[[-91.3324,35.644],[-91.3675,35.7088],[-91.2167,35.8633],[-91.2303,35.9453],[-91.1282,36.0185],[-91.1291,36.0812],[-90.9839,36.2469],[-90.8461,36.26],[-90.8148,36.3015],[-90.5865,36.3788],[-90.4878,36.4692],[-90.3913,36.5207],[-90.3075,36.6417],[-90.4656,36.8972],[-90.6157,36.98],[-90.7827,37.149],[-90.7896,37.3397],[-90.8483,37.4358],[-90.9314,37.513],[-90.946,37.5791],[-91.0248,37.6863]]},"properties":{"name":"Black","scalerank":8,"min_zoom":7}},
{"type":"Feature","geometry":{"type":"LineString","coordinates":[[-83.9254,40.619],[-83.8337,40.5611],[-83.7694,40.6768],[-83.7078,40.6791],[-83.4375,40.6114],[-83.3955,40.5701],[-83.2703,40.5681],[-83.2016,40.5299],[-83.1871,40.3942],[-83.1434,40.2696],[-83.1189,40.1041],[-83.0689,39.9884],[-82.989,39.9426],[-83.014,39.8644],[-83.0024,39.6984],[-82.9675,39.623],[-83.0024,39.5218],[-82.9863,39.3609],[-82.8424,39.2008],[-82.8859,39.1463],[-83.0428,39.0764],[-82.9863,38.7756],[-83.0027,38.7222]]},"properties":{"name":"Scioto","scalerank":8,"min_zoom":7}},
{"type":"Feature","geometry":{"type":"LineString","coordinates":[[-82.7208,31.1634],[-82.6436,31.0983],[-82.5096,31.0539],[-82.4305,30.9033],[-82.419,30.8391],[-82.464,30.775],[-82.7185,30.5527],[-82.7051,30.477],[-82.6505,30.4255],[-82.7007,30.3454],[-82.8355,30.3466],[-82.9925,30.4285],[-83.1576,30.4224],[-83.2511,30.2506],[-83.2379,30.1321],[-83.0819,30.0797],[-82.9591,29.9897],[-82.8839,29.876],[-82.9405,29.7526],[-82.944,29.597],[-83.0785,29.3426],[-83.1576,29.3051]]},"properties":{"name":"Suwannee","scalerank":8,"min_zoom":7}},
{"type":"Feature","geometry":{"type":"LineString","coordinates":[[26.4644,-32.1652],[26.4278,-32.1089],[26.4542,-31.9872],[26.5921,-31.9707],[26.647,-32.0309],[26.7914,-32.0532],[26.9646,-32.0468],[27.0401,-32.0981],[27.2466,-32.1721],[27.4293,-32.1606],[27.5709,-32.1979],[27.7608,-32.3786],[27.8887,-32.3814],[27.9498,-32.4937],[28.061,-32.5302],[28.11,-32.485],[28.1777,-32.5713],[28.3434,-32.6366],[28.3633,-32.6782]]},"properties":{"name":"Great Kei","scalerank":8,"min_zoom":7}},
{"type":"Feature","geometry":{"type":"LineString","coordinates":[[-63.9969,56.8395],[-63.9136,56.7609],[-63.6845,56.7298],[-62.6203,56.6402],[-62.2429,56.6204]]},"properties":{"name":"Fraser","scalerank":8,"min_zoom":7}},
{"type":"Feature","geometry":{"type":"LineString","coordinates":[[3.9678,47.0401],[3.8783,47.1697],[3.7456,47.1886],[3.6501,47.2576],[3.666,47.307],[3.5183,47.4733],[3.5501,47.5267],[3.6519,47.554],[3.6811,47.6817],[3.5139,47.9544],[3.303,48.0126],[3.2688,48.1157],[3.3029,48.1606],[3.184,48.3286],[3.0901,48.3627],[2.9722,48.3778],[2.9609,48.3968]]},"properties":{"name":"Yonne","scalerank":8,"min_zoom":7}},
{"type":"Feature","geometry":{"type":"LineString","coordinates":[[24.2505,-3.52],[24.2044,-3.5633],[24.0049,-3.6839],[23.9091,-3.7173],[23.7261,-3.7136],[23.5462,-3.5939],[23.4574,-3.5051],[23.3318,-3.4318],[23.1814,-3.4308],[23.0241,-3.4022],[22.7026,-3.3959],[22.5457,-3.4238],[22.429,-3.4853],[22.3659,-3.466],[22.3019,-3.5194],[21.9668,-3.5939],[21.8875,-3.5529],[21.7522,-3.5402],[21.7026,-3.5119],[21.5178,-3.5876],[21.4946,-3.53],[21.3942,-3.5399],[21.3893,-3.4693],[21.2463,-3.4841],[20.9929,-3.4579],[20.8356,-3.471],[20.6626,-3.4424],[20.5246,-3.3597],[20.2876,-3.4579],[20.1951,-3.4648],[20.1057,-3.3959],[20.0784,-3.3344],[19.948,-3.4033],[19.8848,-3.3703],[19.7962,-3.4217],[19.616,-3.4101],[19.4238,-3.3481],[19.2336,-3.3555],[19.1399,-3.3036],[19.0442,-3.2101],[18.9133,-3.2319],[18.7533,-3.1353],[18.697,-3.0567],[18.6328,-3.0464],[18.6226,-2.9776],[18.5363,-2.9426],[18.447,-2.8169],[18.3789,-2.8143],[18.2998,-2.7591],[18.1525,-2.7285]]},"properties":{"name":"Lukenie","scalerank":8,"min_zoom":7}},
{"type":"Feature","geometry":{"type":"LineString","coordinates":[[23.7498,51.4848],[23.8914,51.6348],[23.9959,51.6946],[24.205,51.7611],[24.2041,51.8649],[24.4214,51.9285],[24.4707,51.9921],[24.374,52.1722],[24.2009,52.1373],[23.9912,52.1589],[23.885,52.0974],[23.6355,52.0838]]},"properties":{"name":"Mukhavyets","scalerank":8,"min_zoom":7}},
{"type":"Feature","geometry":{"type":"MultiLineString","coordinates":[[[-66.3229,-17.5766],[-66.2345,-17.6393],[-66.2384,-17.704],[-66.1365,-17.7914],[-66.0636,-17.8132],[-65.9313,-17.9839],[-65.8435,-17.9684],[-65.6425,-18.1291],[-65.5955,-18.2038],[-65.5104,-18.2668],[-65.4364,-18.3693],[-65.3511,-18.4103],[-65.2504,-18.5303],[-65.2446,-18.6015],[-65.094,-18.6508],[-64.9647,-18.5314],[-64.8389,-18.487],[-64.7034,-18.5282],[-64.5839,-18.6613],[-64.482,-18.6618],[-64.3701,-18.6091],[-64.32,-18.679],[-64.2892,-18.8143],[-64.2208,-18.8657],[-64.1992,-18.9287],[-64.0648,-18.9999],[-64.0164,-19.1606],[-63.9399,-19.1694],[-63.8728,-19.0263],[-63.7506,-19.0283]],[[-63.7575,-19.0283],[-63.6478,-19.0868],[-63.5582,-19.058],[-63.5609,-18.9777],[-63.5159,-18.9286],[-63.3634,-18.8871],[-63.3017,-18.8095],[-63.2317,-18.7914],[-63.1369,-18.7108],[-62.886,-18.3295],[-62.8825,-18.2304],[-62.7995,-17.9945],[-62.8087,-17.9203],[-62.7661,-17.7528],[-62.788,-17.5152],[-62.7563,-17.4496],[-62.7268,-17.2681],[-62.764,-17.1734],[-62.971,-17.1059],[-63.0664,-16.9147],[-63.0691,-16.8446],[-63.1496,-16.743],[-63.2323,-16.7393],[-63.3873,-16.6752],[-63.548,-16.5796],[-63.664,-16.5311],[-63.7543,-16.5181],[-63.7971,-16.4339],[-63.875,-16.3569],[-63.9015,-16.259],[-64.1686,-16.1597],[-64.1762,-16.0947],[-64.3273,-16.0197],[-64.415,-15.9566],[-64.661,-15.8612],[-64.6638,-15.8598]]]},"properties":{"name":"Grande","scalerank":3,"min_zoom":3}},
{"type":"Feature","geometry":{"type":"LineString","coordinates":[[88.2493,52.4394],[88.1961,52.435],[88.1055,52.5819],[88.0836,52.6981],[87.9543,52.7895],[87.7969,52.7652],[87.7026,52.7193],[87.492,52.666],[87.4156,52.6719],[87.2545,52.8562],[87.2896,52.8994],[87.086,53.012],[87.2647,53.2178],[87.2549,53.55],[87.2986,53.6221],[87.1905,53.6695],[87.2147,53.7621]]},"properties":{"name":"Kondoma","scalerank":8,"min_zoom":7}},
{"type":"Feature","geometry":{"type":"LineString","coordinates":[[118.9789,41.1341],[119.166,41.1575],[119.3442,41.2307],[119.61,41.1384],[119.7915,41.1214],[119.9133,41.2252],[119.9514,41.305],[120.1079,41.4125],[120.2692,41.4269],[120.5713,41.6276],[120.6641,41.6102],[120.8545,41.7363],[120.9756,41.7441],[121.0942,41.5643],[121.204,41.5591],[121.3921,41.5172],[121.4314,41.468],[121.3427,41.2232],[121.4026,41.1354],[121.5051,41.0982],[121.6359,40.9616],[121.565,40.8487]]},"properties":{"name":"Daling","scalerank":8,"min_zoom":7}},
{"type":"Feature","geometry":{"type":"LineString","coordinates":[[168.953,66.7437],[168.8528,66.7119],[168.2165,66.6549],[167.9087,66.7158],[167.4524,66.689],[167.2708,66.7233],[166.8661,66.6905],[166.4248,66.6071],[165.9587,66.5911],[165.6651,66.6796],[165.0381,66.6987],[164.6162,66.8233],[164.2171,66.8658],[163.7286,66.8902],[163.5552,66.9339],[163.1134,66.958],[162.8853,67.0205],[162.6484,67.015],[162.3976,67.1512],[162.265,67.3794],[162.3538,67.5569],[162.231,67.694],[162.0012,67.7841],[161.7858,67.8244],[161.4532,67.9886],[161.2822,68.0981],[160.7437,68.3514],[160.6959,68.4408],[160.9356,68.5233]]},"properties":{"name":"Bol’shoy Anyuy","scalerank":8,"min_zoom":7}},
{"type":"Feature","geometry":{"type":"LineString","coordinates":[[22.8466,11.0358],[22.7503,10.957],[22.46,11.001],[22.3913,10.9587],[22.2526,10.9156],[22.1758,10.8164],[22.0481,10.8372],[22.0032,10.7435],[21.863,10.6681],[21.7222,10.6369],[21.7048,10.572],[21.7505,10.412],[21.7183,10.2968],[21.6557,10.2338],[21.5444,10.2202],[21.4849,10.1645],[21.4328,10.0462],[21.3738,9.9733],[21.2707,9.9874],[21.1951,9.8875],[21.1314,9.8496],[21.0925,9.7745],[21.0169,9.7438],[20.9955,9.6485],[20.8062,9.4235]]},"properties":{"name":"Aoukalé","scalerank":8,"min_zoom":7}},
{"type":"Feature","geometry":{"type":"LineString","coordinates":[[130.1489,-17.8207],[130.3176,-17.798],[130.387,-17.8892],[130.4754,-17.9541],[130.6056,-17.9379],[130.678,-17.8239],[130.6746,-17.6943],[130.751,-17.5361],[130.9072,-17.3688],[131.0471,-17.2402],[131.0914,-17.099],[131.1672,-16.971],[131.2273,-16.9282],[131.2385,-16.8431],[131.1915,-16.6869],[131.0574,-16.5396],[131.0527,-16.4624],[131.1592,-16.2538],[131.1332,-16.1423],[131.0748,-16.018],[131.0938,-15.971],[131.0761,-15.8317],[131.0859,-15.7389],[131.1355,-15.6288],[131.1166,-15.5763],[130.9959,-15.5404],[130.8762,-15.5532],[130.7896,-15.5195],[130.692,-15.6108],[130.4793,-15.622],[130.3865,-15.5731],[130.3517,-15.4496],[130.2938,-15.3985],[130.15,-15.4086],[130.1159,-15.436],[130.0046,-15.4136],[129.9435,-15.4463],[129.8583,-15.4052],[129.8179,-15.2426],[129.731,-15.1883]]},"properties":{"name":"Victoria","scalerank":8,"min_zoom":7}},
{"type":"Feature","geometry":{"type":"LineString","coordinates":[[148.8539,-25.3384],[148.7703,-25.2025],[148.7417,-25.0702],[148.6605,-24.9735],[148.7076,-24.8286],[148.7295,-24.647],[148.6553,-24.5638],[148.5906,-24.3622],[148.6143,-24.2695],[148.4858,-23.8983],[148.5098,-23.8309],[148.4963,-23.7048],[148.542,-23.6474],[148.5151,-23.5688],[148.6059,-23.5404],[148.7099,-23.3926],[148.8713,-23.3478],[148.863,-23.2728],[148.9438,-23.2456],[148.9939,-23.1675],[148.9697,-23.1074],[149.1075,-23.0466],[149.1767,-23.0493],[149.3064,-22.9196],[149.4094,-22.9121],[149.4363,-23.014],[149.5025,-23.1172],[149.5089,-23.3605],[149.5774,-23.3857],[149.6138,-23.4907],[149.6734,-23.5329]]},"properties":{"name":"Mackenzie","scalerank":8,"min_zoom":7}},
{"type":"Feature","geometry":{"type":"LineString","coordinates":[[147.6918,-42.1777],[147.6243,-42.1758],[147.4703,-42.0591],[147.4361,-41.9219],[147.245,-41.8067],[147.1178,-41.686],[147.1414,-41.5923],[147.0645,-41.4697],[147.1082,-41.3867],[147.0024,-41.308],[146.9496,-41.1611]]},"properties":{"name":"Tamar","scalerank":8,"min_zoom":7}},
{"type":"Feature","geometry":{"type":"LineString","coordinates":[[116.7432,-33.2187],[116.8286,-33.3306],[116.8046,-33.6022],[116.742,-33.6141],[116.6811,-33.6849],[116.5712,-33.7123],[116.4887,-33.7909],[116.3795,-33.8379],[116.3909,-33.9247],[116.2256,-33.9922],[116.0494,-33.9645],[115.9031,-33.839],[115.7692,-33.9387],[115.6889,-33.9589],[115.5781,-34.069],[115.2554,-34.0679],[115.1895,-34.0981],[115.2075,-34.1919],[115.165,-34.3102]]},"properties":{"name":"Blackwood","scalerank":8,"min_zoom":7}},
{"type":"Feature","geometry":{"type":"LineString","coordinates":[[-82.383,35.2526],[-82.2156,35.3465],[-82.0751,35.3316],[-81.9287,35.2264],[-81.6811,35.2127],[-81.6136,35.173],[-81.4822,35.0235],[-81.4508,34.8553],[-81.4787,34.7398],[-81.4158,34.6276],[-81.4075,34.4246],[-81.3252,34.2604],[-81.1082,34.1018],[-81.0565,34.0045]]},"properties":{"name":"Broad","scalerank":8,"min_zoom":7}},
{"type":"Feature","geometry":{"type":"LineString","coordinates":[[-79.3823,38.3956],[-79.571,38.188],[-79.6422,38.0869],[-79.6561,38.0002]]},"properties":{"name":"Cowpasture","scalerank":8,"min_zoom":7}},
{"type":"Feature","geometry":{"type":"LineString","coordinates":[[-79.6561,38.0002],[-79.7401,37.9171],[-79.7247,37.8057],[-79.8207,37.7293],[-79.7939,37.6512],[-79.6977,37.5386],[-79.5118,37.6174],[-79.4351,37.6231],[-79.3322,37.5369],[-79.2026,37.5004],[-79.0884,37.4064],[-78.9917,37.4392],[-78.8448,37.5397],[-78.8184,37.6309],[-78.7296,37.6374],[-78.6018,37.7521],[-78.5012,37.7638],[-78.231,37.6977],[-78.1311,37.729],[-78.0655,37.6549],[-77.9523,37.6276],[-77.9206,37.6911],[-77.8334,37.6379],[-77.6345,37.5559],[-77.433,37.5262],[-77.4105,37.436],[-77.2506,37.3499]]},"properties":{"name":"Cowpasture","scalerank":8,"min_zoom":7}},
{"type":"Feature","geometry":{"type":"LineString","coordinates":[[-70.3362,2.0581],[-70.2523,2.0623],[-70.127,2.1065],[-70.0413,2.0799],[-69.8774,2.139],[-69.7842,2.1236],[-69.7025,2.1861],[-69.5888,2.1754],[-69.339,2.2915],[-69.0712,2.2488],[-68.993,2.2089],[-68.8649,2.2247],[-68.7497,2.2164],[-68.647,2.3567],[-68.5537,2.4075],[-68.4855,2.391],[-68.3288,2.2915],[-68.2513,2.3564],[-68.2406,2.4929],[-68.1432,2.5795],[-68.0655,2.598],[-68.0545,2.6583],[-67.9315,2.7337],[-67.9169,2.7764],[-67.7518,2.8422],[-67.6273,2.8135],[-67.5763,2.6912],[-67.486,2.6621],[-67.3262,2.4748],[-67.1984,2.4021],[-67.1745,2.3366],[-67.2185,2.2847],[-67.17,2.1413],[-67.1217,2.1192],[-67.1359,2.0035],[-67.0676,1.8942],[-66.9817,1.6661],[-66.9344,1.5018],[-66.9335,1.4248],[-66.8832,1.3262],[-66.9017,1.2891],[-66.8553,1.1778],[-66.8417,1.0479],[-66.8553,0.9551],[-66.9435,0.8863],[-67.0101,0.9097],[-67.0943,0.8801],[-67.1407,0.9184],[-67.2157,0.8682],[-67.243,0.7866],[-67.2313,0.6529],[-67.254,0.5576],[-67.3148,0.4522],[-67.2627,0.0733],[-67.2321,0.0303],[-67.2093,-0.0124],[-67.1586,-0.0259],[-67.1081,-0.1127],[-67.0341,-0.1751],[-66.9677,-0.1909],[-66.8909,-0.1566],[-66.7583,-0.2211],[-66.6151,-0.332],[-66.516,-0.3765],[-66.3433,-0.402],[-66.2407,-0.3255],[-66.038,-0.329],[-65.9475,-0.3122],[-65.8497,-0.2525],[-65.7376,-0.3049],[-65.5555,-0.2826],[-65.4653,-0.305],[-65.2431,-0.4077],[-65.0482,-0.4178],[-64.9098,-0.4748],[-64.7921,-0.4355],[-64.6475,-0.4357],[-64.4305,-0.3669],[-64.2856,-0.3495],[-64.0594,-0.2966],[-63.7796,-0.3119],[-63.6437,-0.3596],[-63.405,-0.5463],[-63.146,-0.6432],[-62.9756,-0.7421],[-62.8297,-0.9315],[-62.432,-1.1455],[-62.19,-1.2331],[-61.9695,-1.3622],[-61.8809,-1.3892],[-61.7784,-1.3765],[-61.5712,-1.4736],[-61.5321,-1.5707],[-61.4634,-1.6485],[-61.4493,-1.6708],[-61.4378,-1.6977],[-61.4291,-1.7523],[-61.418,-1.873],[-61.2212,-2.0252],[-61.118,-2.1478],[-61.0589,-2.2539],[-61.0265,-2.4053],[-60.9497,-2.5131],[-60.7801,-2.6816],[-60.6628,-2.7752],[-60.5175,-2.9942],[-60.4508,-3.0492],[-60.3662,-3.0698],[-60.1772,-3.082],[-60.0297,-3.1598],[-59.9054,-3.127]]},"properties":{"name":"Negro","scalerank":3,"min_zoom":3}},
{"type":"Feature","geometry":{"type":"LineString","coordinates":[[-78.7508,40.6054],[-78.7959,40.6752],[-78.7745,40.8519],[-78.745,40.8873],[-78.5766,40.9292],[-78.4313,41.0331],[-78.3311,41.0767],[-78.2538,41.059],[-78.102,41.0881],[-77.9025,41.2707],[-77.7831,41.3368],[-77.6898,41.345],[-77.6099,41.3089],[-77.5488,41.1876],[-77.4264,41.16],[-77.3441,41.1919],[-77.176,41.2105],[-77.0948,41.2484],[-76.9291,41.2613],[-76.8118,41.2292],[-76.8772,41.1489],[-76.8743,40.9743],[-76.7913,40.8797]]},"properties":{"name":"W. Branch Susquehanna","scalerank":8,"min_zoom":7}},
{"type":"Feature","geometry":{"type":"LineString","coordinates":[[-74.6189,42.4351],[-74.7168,42.3629],[-74.9071,42.2979],[-75.0577,42.1671],[-75.1312,42.1788],[-75.1874,42.1131],[-75.2563,42.126],[-75.418,42.0523],[-75.1776,41.8797],[-75.079,41.828],[-75.056,41.7748],[-75.0641,41.6156],[-74.998,41.5137],[-74.8864,41.4483],[-74.7493,41.4346],[-74.6986,41.3544],[-74.8448,41.2729],[-74.8864,41.1807],[-75.0271,41.0467],[-75.1396,40.9821],[-75.0613,40.8914],[-75.1055,40.7955],[-75.1888,40.7584],[-75.1823,40.5703],[-75.0889,40.5582],[-75.0646,40.4539],[-74.7395,40.1848],[-75.0235,40.0163]]},"properties":{"name":"Delaware","scalerank":8,"min_zoom":7}},
{"type":"Feature","geometry":{"type":"LineString","coordinates":[[-71.4125,44.134],[-71.5464,44.1158],[-71.6713,44.0028],[-71.6452,43.8708],[-71.6387,43.6524],[-71.7203,43.5965],[-71.65,43.502],[-71.6309,43.3798],[-71.4652,43.149],[-71.4454,43.0699],[-71.4713,42.8535],[-71.4014,42.6859],[-71.2618,42.6583],[-71.0181,42.7773],[-70.9211,42.85],[-70.8638,42.8262]]},"properties":{"name":"Merrimack","scalerank":8,"min_zoom":7}},
{"type":"Feature","geometry":{"type":"LineString","coordinates":[[-75.4686,43.4835],[-75.4659,43.3826],[-75.3799,43.3327],[-75.4385,43.2067],[-75.2689,43.1263],[-75.1705,43.1202],[-75.0199,43.0399],[-74.8546,43.061],[-74.6709,43.0054],[-74.6245,42.9415],[-74.5062,42.9143],[-74.2507,42.9678],[-74.0658,42.9064],[-73.9779,42.841],[-73.8331,42.798],[-73.7429,42.8127],[-73.6804,42.7908]]},"properties":{"name":"Mohawk","scalerank":8,"min_zoom":7}},
{"type":"Feature","geometry":{"type":"LineString","coordinates":[[-80.2728,44.0179],[-80.2949,43.8607],[-80.362,43.7288],[-80.4521,43.6884],[-80.5074,43.5663],[-80.3274,43.3668],[-80.3653,43.1832],[-80.2262,43.1203],[-80.1155,43.128],[-79.9525,43.0894],[-79.8647,42.9508],[-79.7897,42.9229],[-79.6593,42.9339],[-79.569,42.8609]]},"properties":{"name":"Grand","scalerank":8,"min_zoom":7}},
{"type":"Feature","geometry":{"type":"LineString","coordinates":[[-83.0807,37.1436],[-83.2132,37.2852],[-83.2949,37.2822],[-83.3878,37.3731],[-83.3809,37.4829],[-83.4115,37.59],[-83.4903,37.6277],[-83.6229,37.6406],[-83.6886,37.5897],[-83.7956,37.575],[-84.093,37.7541],[-84.1319,37.858],[-84.3003,37.9154],[-84.4914,37.8342],[-84.5841,37.7484],[-84.7171,37.8106],[-84.8094,37.8917],[-84.8509,38.0214],[-84.8981,38.2716],[-84.8994,38.4116],[-84.9664,38.4466],[-85.021,38.5695],[-85.0799,38.59],[-85.1861,38.6937]]},"properties":{"name":"Kentucky","scalerank":8,"min_zoom":7}},
{"type":"Feature","geometry":{"type":"MultiLineString","coordinates":[[[-92.5405,36.3482],[-92.4414,36.1788]],[[-92.4414,36.1788],[-92.3002,36.2164],[-92.1,36.0172],[-92.0961,35.9329],[-91.9839,35.9453],[-91.868,35.8815],[-91.8711,35.7905],[-91.7894,35.7508],[-91.6778,35.7628],[-91.5184,35.6954],[-91.4783,35.6461],[-91.3324,35.644]],[[-93.9093,35.8738],[-94.0683,36.0853],[-94.0055,36.2469],[-94.0516,36.2811],[-93.9703,36.3542],[-93.7858,36.4735],[-93.7459,36.5327],[-93.5021,36.6305],[-93.3783,36.5759],[-93.2661,36.6164],[-93.1983,36.6932],[-93.0836,36.6844],[-93.0932,36.5985],[-93.0058,36.4894],[-92.7921,36.4796],[-92.7325,36.4366],[-92.5593,36.3909],[-92.5405,36.3482]],[[-91.3324,35.6436],[-91.3052,35.5557],[-91.3402,35.4583],[-91.4419,35.3252],[-91.3873,35.2669],[-91.4412,35.1975],[-91.4814,35.034],[-91.463,34.8658],[-91.3326,34.6192],[-91.2606,34.5096],[-91.103,34.3588],[-91.0655,34.2476],[-91.0983,34.1352],[-91.1757,34.0931],[-91.1466,33.9775],[-91.0583,33.9578]]]},"properties":{"name":"White","scalerank":8,"min_zoom":7}},
{"type":"Feature","geometry":{"type":"LineString","coordinates":[[-88.3585,40.1535],[-88.3536,40.0393],[-88.3911,39.9085],[-88.3788,39.7759],[-88.4173,39.7442],[-88.3926,39.6089],[-88.4996,39.5638],[-88.7081,39.5362],[-88.8466,39.3376],[-88.824,39.2827],[-88.8678,39.2108],[-89.0406,39.0943],[-89.1042,38.9516],[-89.2507,38.7676],[-89.2845,38.6856],[-89.4355,38.4944],[-89.5924,38.4814],[-89.9185,38.3093],[-89.9195,38.1356],[-89.9691,38.0729],[-89.9569,37.9612]]},"properties":{"name":"Kaskaskia","scalerank":8,"min_zoom":7}},
{"type":"Feature","geometry":{"type":"LineString","coordinates":[[-93.211,43.5586],[-93.1217,43.4705],[-92.9913,43.4078],[-92.8429,43.2696],[-92.7025,43.0825],[-92.532,42.9522],[-92.5115,42.7808],[-92.4417,42.6876],[-92.4979,42.6065],[-92.4523,42.5455],[-92.3576,42.513],[-92.2378,42.4283],[-92.2017,42.353],[-92.053,42.2947],[-92.0457,42.1868],[-91.9093,42.1954],[-91.7716,42.126],[-91.7269,42.0032],[-91.5787,41.9536],[-91.4119,41.8587],[-91.1554,41.6768],[-91.1131,41.5544],[-91.2782,41.4409],[-91.3539,41.3248],[-91.2688,41.2382],[-91.1888,41.2081],[-91.0912,41.0987],[-91.0698,41.1149],[-91.0522,41.1444],[-91.0311,41.1671]]},"properties":{"name":"Cedar","scalerank":8,"min_zoom":7}},
{"type":"Feature","geometry":{"type":"LineString","coordinates":[[-71.1293,-41.683],[-71.1199,-41.8923],[-71.1686,-42.0707],[-71.1282,-42.2968],[-71.0662,-42.3374],[-70.9142,-42.321],[-70.7563,-42.3762],[-70.6576,-42.374],[-70.5175,-42.4398],[-70.5477,-42.5688],[-70.4349,-42.6327]]},"properties":{"name":"Chico","scalerank":8,"min_zoom":7}},
{"type":"Feature","geometry":{"type":"LineString","coordinates":[[30.3712,2.3331],[30.3985,2.484],[30.4283,2.5393],[30.435,2.699],[30.3375,2.879],[30.0699,2.8826],[29.898,2.9963],[29.7971,3.0239],[29.7583,3.063],[29.6045,3.0811],[29.5141,3.1102],[29.4873,3.2989],[29.3517,3.2845],[29.2997,3.3043],[29.2205,3.4224],[29.1299,3.5095],[29.0806,3.6123],[28.8672,3.5552],[28.8296,3.5837],[28.5859,3.5958]]},"properties":{"name":"Kibali","scalerank":3,"min_zoom":3}},
{"type":"Feature","geometry":{"type":"LineString","coordinates":[[-111.0985,44.7593],[-111.2191,44.7752],[-111.3102,44.8731]]},"properties":{"name":"Madison","scalerank":1,"min_zoom":2}},
{"type":"Feature","geometry":{"type":"MultiLineString","coordinates":[[[-111.3102,44.8732],[-111.404,44.8387],[-111.5077,44.8515],[-111.6358,44.9784],[-111.6529,45.1264],[-111.7274,45.218],[-111.6918,45.4],[-111.6247,45.4672],[-111.5755,45.5924],[-111.5163,45.6157],[-111.4381,46.0115],[-111.3876,46.0235],[-111.4054,46.1698],[-111.5159,46.3604]],[[-110.7437,44.7268],[-110.8077,44.6596],[-111.0502,44.6771],[-111.0985,44.7593]]]},"properties":{"name":"Madison","scalerank":1,"min_zoom":2}},
{"type":"Feature","geometry":{"type":"LineString","coordinates":[[-70.4088,-16.3488],[-70.4475,-16.2831],[-70.454,-16.1847],[-70.5586,-16.1166],[-70.6302,-16.14],[-70.743,-16.2425],[-70.7438,-16.3564],[-70.8237,-16.4468],[-70.8346,-16.4989],[-70.7597,-16.6703],[-70.8038,-16.7445],[-71.0575,-16.7606],[-71.1159,-16.7985],[-71.2097,-16.9141],[-71.4642,-17.0195],[-71.6617,-17.0072],[-71.7417,-17.0539],[-71.8496,-17.1684]]},"properties":{"name":"Tambo","scalerank":8,"min_zoom":7}},
{"type":"Feature","geometry":{"type":"LineString","coordinates":[[-75.2428,-12.9377],[-75.2722,-13.0594],[-75.3458,-13.1445],[-75.383,-13.2723],[-75.4354,-13.3498],[-75.5124,-13.5374],[-75.5501,-13.577],[-75.7126,-13.6175],[-75.8842,-13.7236],[-76.01,-13.7222],[-76.2213,-13.6865]]},"properties":{"name":"Pisco","scalerank":8,"min_zoom":7}},
{"type":"Feature","geometry":{"type":"LineString","coordinates":[[-73.5768,-14.6894],[-73.5338,-14.8054],[-73.4025,-14.8881],[-73.339,-15.0335],[-73.3366,-15.2559],[-73.2853,-15.2841],[-73.2783,-15.4096],[-73.2338,-15.4828],[-73.1168,-15.5837],[-73.0856,-15.6875],[-73.0938,-15.791],[-73.1632,-16.0038],[-73.1692,-16.1264],[-73.1507,-16.3399],[-73.1185,-16.4468]]},"properties":{"name":"Ocoña","scalerank":8,"min_zoom":7}},
{"type":"Feature","geometry":{"type":"LineString","coordinates":[[-64.1883,-17.7182],[-64.1099,-17.5746],[-64.2272,-17.4749],[-64.2123,-17.3788],[-64.2338,-17.3187],[-64.3758,-17.1747],[-64.5187,-17.0921],[-64.6476,-16.996],[-64.7563,-16.8744],[-64.8073,-16.7175],[-64.754,-16.6186],[-64.7649,-16.5259],[-64.6843,-16.3884],[-64.6819,-16.0034],[-64.7307,-15.9225],[-64.661,-15.8612]]},"properties":{"name":"Yapacani","scalerank":8,"min_zoom":7}},
{"type":"Feature","geometry":{"type":"LineString","coordinates":[[-36.8789,-8.2934],[-36.7214,-8.2485],[-36.6489,-8.2602],[-36.6102,-8.3227],[-36.5015,-8.4006],[-36.4473,-8.4045],[-36.3476,-8.3244],[-36.2098,-8.3285],[-36.022,-8.2866],[-35.9379,-8.284],[-35.7423,-8.223],[-35.6034,-8.203],[-35.3788,-8.2585],[-35.3181,-8.3471],[-34.9754,-8.4157]]},"properties":{"name":"Una","scalerank":8,"min_zoom":7}},
{"type":"Feature","geometry":{"type":"LineString","coordinates":[[-43.3529,-9.195],[-43.255,-9.3067],[-43.0521,-9.1982],[-42.88,-9.1397],[-42.6714,-9.0023],[-42.453,-9.0012],[-42.3896,-8.9852],[-42.2672,-8.8556],[-42.2092,-8.8182],[-42.2104,-8.7475],[-42.1471,-8.6556],[-42.1422,-8.5609],[-42.1927,-8.392],[-42.2522,-8.3398],[-42.2989,-8.2446],[-42.4973,-8.161],[-42.6113,-8.0484],[-42.6451,-7.9344],[-42.6202,-7.7905],[-42.6386,-7.6909],[-42.5657,-7.5781],[-42.5306,-7.4663],[-42.5434,-7.3526],[-42.5379,-7.1825],[-42.5817,-7.0483],[-42.6395,-6.9964],[-42.6844,-6.8766],[-42.6738,-6.7089],[-42.6964,-6.6182],[-42.7115,-6.3366],[-42.8495,-6.2598]]},"properties":{"name":"Piauí","scalerank":8,"min_zoom":7}},
{"type":"Feature","geometry":{"type":"LineString","coordinates":[[-81.1675,8.3505],[-81.0946,8.2589],[-80.9435,8.2018],[-80.7611,8.1727],[-80.6627,8.1241],[-80.6097,8.1374],[-80.4777,8.0912]]},"properties":{"name":"Santa Mara","scalerank":8,"min_zoom":7}},
{"type":"Feature","geometry":{"type":"LineString","coordinates":[[-83.5144,9.5358],[-83.4971,9.5946],[-83.336,9.8209],[-83.3417,9.9315],[-83.2859,10.0047],[-83.284,10.0627],[-83.1907,10.118]]},"properties":{"name":"Chirrip del Atlntico","scalerank":8,"min_zoom":7}},
{"type":"Feature","geometry":{"type":"LineString","coordinates":[[-85.1092,12.2039],[-85.0846,12.1129],[-84.937,12.0479],[-84.877,12.12],[-84.7333,12.147],[-84.6889,12.1116],[-84.5382,12.0795],[-84.3702,12.1749],[-84.2952,12.1896],[-84.1374,12.1529],[-84.1144,12.1177],[-83.9454,12.076],[-83.8066,12.1429],[-83.7342,12.0717]]},"properties":{"name":"Mico","scalerank":8,"min_zoom":7}},
{"type":"Feature","geometry":{"type":"LineString","coordinates":[[-96.9183,17.3008],[-96.8312,17.2036],[-96.7611,17.0836],[-96.7346,16.9977],[-96.7853,16.8218],[-96.8369,16.7526],[-96.8841,16.5858],[-96.8065,16.4947],[-96.8602,16.4593],[-96.8788,16.3439],[-97.0762,16.3389],[-97.2002,16.3636],[-97.3873,16.4493],[-97.4523,16.444],[-97.5174,16.4964],[-97.5885,16.4542],[-97.6056,16.3764]]},"properties":{"name":"Atoyac","scalerank":8,"min_zoom":7}},
{"type":"Feature","geometry":{"type":"LineString","coordinates":[[-77.86,41.8319],[-77.9768,41.8244],[-78.0452,41.7642],[-78.2714,41.8062],[-78.3746,41.9069],[-78.3982,42.0789],[-78.5501,42.1097],[-78.6489,42.0926],[-78.6741,42.152],[-78.7615,42.1583],[-78.9435,42.0277],[-78.9506,41.9007],[-79.094,41.8319],[-79.2585,41.8381],[-79.3541,41.7015],[-79.4176,41.6761],[-79.4155,41.5712],[-79.4647,41.4841],[-79.7314,41.4278],[-79.8146,41.3953],[-79.8506,41.3119],[-79.7101,41.1989],[-79.6523,41.0506],[-79.6147,41.0367],[-79.4781,40.8818],[-79.6015,40.7023],[-79.6967,40.6637],[-79.8782,40.4962],[-79.9909,40.4477]]},"properties":{"name":"Allegheny","scalerank":3,"min_zoom":3}},
{"type":"Feature","geometry":{"type":"LineString","coordinates":[[-105.4775,21.7818],[-105.427,21.89]]},"properties":{"name":"San Pedro","scalerank":8,"min_zoom":7}},
{"type":"Feature","geometry":{"type":"MultiLineString","coordinates":[[[-104.6858,23.9883],[-104.4896,24.0767],[-104.3473,24.0234],[-104.326,23.926],[-104.2733,23.8357],[-104.2652,23.6925],[-104.3629,23.5965],[-104.375,23.5178],[-104.4354,23.3977],[-104.46,23.2528],[-104.507,23.2112],[-104.6306,23.2018],[-104.7521,23.1612],[-104.8229,23.1033],[-104.9939,23.0248],[-105.0167,22.9774],[-104.9945,22.8513],[-104.9064,22.7538],[-104.8985,22.5428],[-105.0505,22.4367],[-105.0116,22.2845],[-104.9324,22.1183],[-104.9372,22.0346],[-104.9948,21.9607],[-105.124,21.9709],[-105.3902,21.9289],[-105.4262,21.8904]],[[-105.4775,21.7818],[-105.4964,21.7613]]]},"properties":{"name":"San Pedro","scalerank":8,"min_zoom":7}},
{"type":"Feature","geometry":{"type":"LineString","coordinates":[[19.2483,-33.1831],[19.21,-32.9875],[19.0776,-32.8212],[19.0798,-32.7586],[18.9199,-32.2485],[18.7761,-32.0008],[18.6653,-31.9139],[18.5999,-31.7602],[18.4938,-31.6513],[18.3769,-31.5793],[18.2669,-31.5399],[18.2219,-31.5755],[18.1894,-31.6872]]},"properties":{"name":"Olifants","scalerank":8,"min_zoom":7}},
{"type":"Feature","geometry":{"type":"LineString","coordinates":[[14.2082,-2.488],[14.2969,-2.4227],[14.4275,-2.252],[14.5966,-2.1869],[14.6852,-2.0801],[14.7991,-1.9897],[14.9089,-1.7757],[14.9668,-1.5854],[15.0908,-1.4445],[15.1428,-1.2822],[15.2285,-1.153],[15.3678,-1.065],[15.443,-0.978],[15.5801,-0.9383],[15.7092,-0.9589],[15.7477,-1.0567],[15.9031,-1.1198],[15.9482,-1.1779],[16.0934,-1.2206],[16.2699,-1.3164],[16.3433,-1.4735],[16.4414,-1.5423],[16.5441,-1.5272],[16.6235,-1.5903]]},"properties":{"name":"Alima","scalerank":8,"min_zoom":7}},
{"type":"Feature","geometry":{"type":"LineString","coordinates":[[22.7363,3.6246],[22.5615,3.5803],[22.4516,3.5873],[22.1264,3.7162],[22.0356,3.7055],[21.7101,3.5009],[21.423,3.4608],[21.1951,3.4529],[20.986,3.3323],[20.8662,3.3225]]},"properties":{"name":"Ebola","scalerank":8,"min_zoom":7}},
{"type":"Feature","geometry":{"type":"LineString","coordinates":[[20.1926,4.0107],[20.1249,4.0515],[19.8086,4.0828],[19.6254,4.0733],[19.5039,4.0517],[19.3957,3.875],[19.3481,3.7714],[19.2587,3.7289],[19.2387,3.6475],[19.2765,3.5736],[19.2498,3.5018],[19.0784,3.3439],[19.081,3.2171],[19.0151,3.1285],[18.8635,3.0765],[18.8027,3.0814],[18.7253,3.006],[18.6093,2.9395],[18.5759,2.8085],[18.4157,2.7456]]},"properties":{"name":"Lua","scalerank":8,"min_zoom":7}},
{"type":"Feature","geometry":{"type":"LineString","coordinates":[[24.4882,7.7962],[24.4992,7.6297],[24.5942,7.4851],[24.5115,7.3078],[24.5518,7.2142],[24.5544,7.0418],[24.4885,6.9763],[24.363,6.9648],[24.3432,6.8833],[24.2861,6.8089],[24.2548,6.7122],[24.2498,6.5017],[24.1807,6.3331],[24.2261,6.2735],[24.2626,5.9142],[24.2314,5.8103],[24.2856,5.7542],[24.3339,5.6417],[24.2949,5.5289],[24.2397,5.5226],[24.2131,5.4014],[24.1506,5.3772],[23.9626,5.062],[23.8726,4.93],[23.8872,4.8237]]},"properties":{"name":"Chinko","scalerank":8,"min_zoom":7}},
{"type":"Feature","geometry":{"type":"LineString","coordinates":[[-8.7297,12.3588],[-8.701,12.4077],[-8.6055,12.4482],[-8.5679,12.5465],[-8.562,12.679],[-8.6342,12.8595],[-8.5793,12.9781],[-8.5788,13.0989],[-8.5555,13.2177],[-8.4566,13.463],[-8.543,13.579],[-8.5549,13.6834],[-8.4576,13.8232],[-8.4648,13.9227],[-8.566,13.9457],[-8.5926,13.8395],[-8.7038,13.8504],[-8.7513,13.9167],[-8.8466,13.9688],[-8.8184,14.0576],[-8.7647,14.109],[-8.764,14.1809],[-8.8093,14.2883],[-8.958,14.3584],[-9.0089,14.1871],[-8.926,14.0939],[-8.9272,13.986],[-8.9774,13.9674],[-9.0283,14.0301],[-9.0861,14.0397],[-9.171,13.9713],[-9.3216,13.9613],[-9.4141,13.847],[-9.4333,13.7896],[-9.5915,13.6785],[-9.6854,13.7091],[-9.8091,13.6844],[-9.8299,13.5919],[-9.8891,13.5599]]},"properties":{"name":"Baoulé","scalerank":8,"min_zoom":7}},
{"type":"Feature","geometry":{"type":"LineString","coordinates":[[-5.0731,33.1573],[-5.0631,33.263],[-4.9383,33.3428],[-4.8516,33.3684],[-4.7443,33.476],[-4.6444,33.4837],[-4.5386,33.5721],[-4.5176,33.6512],[-4.5401,33.737],[-4.6278,33.8313],[-4.6256,33.8924],[-4.7219,33.9667],[-4.911,34.0723],[-4.9283,34.1892],[-4.9038,34.2387],[-4.9741,34.2913],[-5.1561,34.3099],[-5.2842,34.2744],[-5.4207,34.2805],[-5.5801,34.4073],[-5.7127,34.3951],[-5.8352,34.4864],[-5.8892,34.4662],[-5.9394,34.5793],[-6.1081,34.6116],[-6.276,34.5166],[-6.3567,34.5284],[-6.4263,34.4816],[-6.5023,34.3431],[-6.5638,34.2962],[-6.6754,34.2669]]},"properties":{"name":"Oued Sebou","scalerank":8,"min_zoom":7}},
{"type":"Feature","geometry":{"type":"LineString","coordinates":[[15.4077,-7.9341],[15.4207,-8.0292],[15.54,-8.0542],[15.6252,-8.0152],[15.716,-8.0114],[15.7971,-8.1201],[15.8174,-8.383],[15.9331,-8.4946],[15.9746,-8.6498],[16.0164,-8.6945],[16.0029,-8.8117],[16.0368,-8.9897],[16.009,-9.0978],[15.9046,-9.1436],[15.6472,-9.1498],[15.5278,-9.1782],[15.4885,-9.1602],[15.3496,-9.227],[15.2854,-9.2328],[15.2307,-9.3383],[14.8543,-9.4191],[14.7231,-9.4097],[14.4665,-9.4267],[14.386,-9.5073],[14.3049,-9.5327],[14.2617,-9.5707],[14.2485,-9.6014],[14.2395,-9.631]]},"properties":{"name":"Lucala","scalerank":8,"min_zoom":7}},
{"type":"Feature","geometry":{"type":"LineString","coordinates":[[12.1265,-2.0659],[11.9858,-2.1066],[11.9578,-2.1716],[11.9633,-2.3088],[11.8061,-2.374],[11.7555,-2.415],[11.6691,-2.3525],[11.551,-2.3252],[11.4584,-2.1483],[11.3464,-2.0191],[11.2907,-1.9883],[11.1989,-2.0005],[11.0834,-1.9157],[11.0203,-1.836],[10.9219,-1.6585],[10.8884,-1.5601],[10.7978,-1.4982],[10.7378,-1.3721],[10.5864,-1.2254],[10.5823,-1.1779],[10.6967,-1.0946],[10.581,-0.8768],[10.4357,-0.7531],[10.3866,-0.6083],[10.2957,-0.5921]]},"properties":{"name":"Ngounie","scalerank":8,"min_zoom":7}},
{"type":"Feature","geometry":{"type":"MultiLineString","coordinates":[[[16.9662,-3.0086],[16.8208,-3.0712],[16.6977,-3.0478],[16.5901,-3.0669],[16.4875,-3.0497],[16.2397,-3.1082],[16.1997,-3.1904]],[[22.2371,-11.2494],[22.2433,-11.0781],[22.1651,-10.8522],[22.322,-10.742],[22.3054,-10.5505],[22.2734,-10.5029],[22.3129,-10.3683],[22.2023,-10.1305],[22.1594,-9.9313],[21.9978,-9.809],[21.8535,-9.6176],[21.8317,-9.4883],[21.7929,-9.3935],[21.8405,-9.2757],[21.8393,-9.0922],[21.8593,-8.8462],[21.8843,-8.7822],[21.9355,-8.4129],[21.8994,-8.3486],[21.8508,-8.1434],[21.799,-8.0409],[21.758,-8.0151],[21.77,-7.8067],[21.8535,-7.5859],[21.842,-7.3696],[21.7842,-7.2868],[21.6613,-7.054],[21.5788,-7.006],[21.5178,-6.9251],[21.0618,-6.5794],[20.9529,-6.5566],[20.9111,-6.4999],[20.8083,-6.4351],[20.5803,-6.0176],[20.5786,-5.9178],[20.7427,-5.7897],[20.8052,-5.7601],[20.8567,-5.6852],[20.9076,-5.5204],[20.9795,-5.433],[20.9827,-5.3765],[21.0803,-5.2804],[21.0961,-4.9971],[21.0722,-4.9582],[21.0274,-4.6258],[20.9145,-4.6081],[20.7294,-4.5],[20.6807,-4.4223],[20.6209,-4.4103],[20.5886,-4.3382],[20.5178,-4.335],[20.3937,-4.2783],[20.3422,-4.3895],[20.266,-4.3908],[20.1336,-4.2803],[20.0305,-4.2729],[19.7829,-4.0861],[19.6192,-4.0668],[19.3726,-3.9098],[18.8406,-3.6747],[18.7813,-3.6349],[18.6157,-3.6014],[18.4585,-3.5893],[18.2588,-3.4545],[18.1611,-3.4411],[18.0266,-3.3803],[17.9059,-3.4164],[17.8134,-3.3897],[17.6179,-3.2934],[17.4404,-3.2382],[17.4262,-3.204],[17.2302,-3.1581],[17.1123,-3.0729],[16.9605,-3.0117]]]},"properties":{"name":"Kasai","scalerank":3,"min_zoom":3}},
{"type":"Feature","geometry":{"type":"LineString","coordinates":[[-49.8237,-25.0692],[-49.7922,-25.0361],[-49.6366,-25.0075],[-49.5033,-24.912],[-49.4148,-24.9081],[-49.3718,-24.8403],[-49.2875,-24.7953],[-49.1947,-24.7873],[-49.2038,-24.7311],[-49.1455,-24.6776],[-49.0529,-24.6847],[-48.8295,-24.6623],[-48.781,-24.6955],[-48.6356,-24.6585],[-48.5975,-24.5931],[-48.4652,-24.5405],[-48.3649,-24.5998],[-48.1483,-24.5648],[-48.0312,-24.4948],[-47.9569,-24.4096],[-47.8867,-24.3848],[-47.7828,-24.5038],[-47.7005,-24.5131],[-47.6846,-24.586],[-47.7215,-24.6459],[-47.5552,-24.7087]]},"properties":{"name":"Ribeira","scalerank":8,"min_zoom":7}},
{"type":"Feature","geometry":{"type":"LineString","coordinates":[[3.2637,49.9905],[3.1813,50.1312],[3.3368,50.2947],[3.4712,50.317],[3.5868,50.4389],[3.4382,50.5091],[3.4347,50.5797],[3.3503,50.6842],[3.4128,50.7474],[3.5929,50.8322],[3.728,50.9942],[4.0209,51.0135],[4.1963,51.0545],[4.2158,51.1215],[4.3159,51.1321],[4.3953,51.2344],[4.3084,51.2686]]},"properties":{"name":"Schelde","scalerank":8,"min_zoom":7}},
{"type":"Feature","geometry":{"type":"LineString","coordinates":[[-2.1641,53.0401],[-2.1477,52.9148],[-1.9008,52.7698],[-1.7305,52.7531],[-1.5863,52.8531],[-1.4084,52.8601],[-1.2628,52.8958],[-1.1445,52.9641],[-1.0383,52.9749],[-0.8306,53.0975],[-0.7484,53.3117],[-0.8015,53.4399],[-0.7392,53.543],[-0.7056,53.692]]},"properties":{"name":"Trent","scalerank":8,"min_zoom":7}},
{"type":"Feature","geometry":{"type":"LineString","coordinates":[[105.9022,22.9331],[105.9819,22.7933],[106.0322,22.7488],[106.148,22.7205],[106.3074,22.6351],[106.3993,22.5572],[106.4478,22.5682],[106.7256,22.3807],[106.939,22.3205],[107.1021,22.4144],[107.2131,22.3514],[107.3208,22.4124],[107.4347,22.5271],[107.4927,22.4951],[107.5654,22.5423],[107.621,22.6475],[107.672,22.6679],[107.8208,22.6344],[107.8699,22.6463],[108.0103,22.7676],[108.0272,22.8402],[108.0923,22.8443]]},"properties":{"name":"Zuo","scalerank":8,"min_zoom":7}},
{"type":"Feature","geometry":{"type":"LineString","coordinates":[[109.4592,25.6507],[109.4015,25.7069],[109.1633,25.7065],[109.1319,25.7728],[109.012,25.7718],[108.8985,25.7211],[108.8517,25.8002],[108.7247,25.743],[108.6755,25.795],[108.5,25.9026],[108.3967,25.8668],[108.3136,25.877],[108.1751,25.8408],[108.0933,25.8675],[108.0756,25.9594],[107.9859,25.996],[107.888,25.9893],[107.7846,25.9452],[107.7796,25.8649],[107.7356,25.79],[107.6621,25.7531],[107.598,25.806]]},"properties":{"name":"Duliu","scalerank":8,"min_zoom":7}},
{"type":"Feature","geometry":{"type":"LineString","coordinates":[[140.0387,37.7661],[140.0554,37.8754],[140.1251,38.0104],[140.0605,38.0644],[140.0605,38.1457],[140.1509,38.3039],[140.2188,38.3581],[140.3281,38.3853],[140.3785,38.556],[140.3499,38.6397],[139.9988,38.7836],[139.8159,38.9136]]},"properties":{"name":"Mogami","scalerank":8,"min_zoom":7}},
{"type":"Feature","geometry":{"type":"LineString","coordinates":[[-102.4047,39.5902],[-102.2638,39.643],[-102.0582,39.6769],[-101.8026,39.8011],[-101.6419,39.9712],[-101.4562,40.1109],[-101.2992,40.1612],[-100.9554,40.2009],[-100.7952,40.2386]]},"properties":{"name":"S. Fork Republican","scalerank":8,"min_zoom":7}},
{"type":"Feature","geometry":{"type":"LineString","coordinates":[[-67.5771,-10.1151],[-67.4189,-9.9101],[-67.3234,-9.8413],[-67.2342,-9.7316],[-67.1027,-9.6574],[-67.0775,-9.5778],[-66.8373,-9.4868],[-66.6648,-9.351],[-66.5445,-9.2328],[-66.5101,-9.1069],[-66.4496,-9.0783],[-66.3454,-8.94],[-66.2218,-8.9134],[-66.1969,-8.8432],[-66.1129,-8.7818],[-65.9402,-8.7977],[-65.8185,-8.6662],[-65.7517,-8.5609],[-65.8087,-8.4741],[-65.6913,-8.3288],[-65.6706,-8.2274],[-65.6306,-8.1914],[-65.4077,-8.122],[-65.2985,-8.0741],[-65.2012,-7.9533],[-65.1641,-7.7804],[-65.1027,-7.7565],[-64.9576,-7.6102],[-64.9037,-7.5065],[-64.9358,-7.3299],[-64.8406,-7.2888]]},"properties":{"name":"Ituxi","scalerank":8,"min_zoom":7}},
{"type":"Feature","geometry":{"type":"LineString","coordinates":[[-81.3459,40.9526],[-81.394,40.9843],[-81.5846,41.0325],[-81.6312,40.9327],[-81.5239,40.8119],[-81.5232,40.7269],[-81.4098,40.5706],[-81.4725,40.5153],[-81.3933,40.4321],[-81.4103,40.3841],[-81.5819,40.2672],[-81.6979,40.2969],[-81.8462,40.2928]]},"properties":{"name":"Tuscarawas","scalerank":8,"min_zoom":7}},
{"type":"Feature","geometry":{"type":"LineString","coordinates":[[-106.9406,26.9056],[-107.0624,26.9539],[-107.0224,27.025],[-107.0316,27.1065],[-107.1295,27.2227],[-107.1414,27.2784],[-107.2713,27.3531],[-107.5227,27.4185],[-107.5529,27.4602],[-107.7396,27.5524],[-107.8249,27.4403],[-107.8401,27.3389],[-107.8974,27.2297],[-107.8592,27.13],[-107.8683,27.0171],[-107.9465,26.9449]]},"properties":{"name":"Urique","scalerank":8,"min_zoom":7}},
{"type":"Feature","geometry":{"type":"LineString","coordinates":[[150.4697,-28.6504],[150.2979,-28.535],[150.1731,-28.5522],[150.0195,-28.6001],[149.7588,-28.6069],[149.7041,-28.6275],[149.5776,-28.5726],[149.4841,-28.5839],[149.416,-28.6808],[149.2749,-28.7393],[149.157,-28.8291],[149.0933,-28.8485],[149.0463,-28.9541],[148.8682,-29.0532],[148.8135,-29.1175],[148.6962,-29.3749],[148.6824,-29.5064],[148.5171,-29.5923],[148.499,-29.6517],[148.3915,-29.7441],[148.1661,-29.9753],[148.0798,-30.0122],[147.879,-30.0462],[147.7725,-30.0469],[147.4146,-30.1245]]},"properties":{"name":"Barwon","scalerank":3,"min_zoom":3}},
{"type":"Feature","geometry":{"type":"LineString","coordinates":[[-9.1822,8.7262],[-9.1138,8.7883],[-9.0593,8.7678],[-9.0661,8.5242],[-9.0928,8.3912],[-9.0729,8.2569],[-9.112,8.179],[-9.0525,8.0825],[-9.2033,7.8901],[-9.3026,7.8113],[-9.3769,7.6807],[-9.3541,7.6226],[-9.4838,7.3625],[-9.6317,7.2845],[-9.6693,7.213],[-9.7335,7.1895],[-9.8134,7.2117],[-9.9208,7.1247],[-9.9738,7.1227],[-10.0802,7.0448],[-10.2648,6.9676],[-10.2764,6.9348],[-10.428,6.8593],[-10.5601,6.8213],[-10.6011,6.6192],[-10.5619,6.566],[-10.6774,6.5128],[-10.709,6.435],[-10.7594,6.4042]]},"properties":{"name":"St. Paul","scalerank":8,"min_zoom":7}},
{"type":"Feature","geometry":{"type":"LineString","coordinates":[[15.5964,5.971],[15.6834,5.8972],[15.7853,5.8617],[15.81,5.7866],[16.1288,5.5346],[16.2185,5.442],[16.313,5.3766],[16.4497,5.3287],[16.6275,5.1822],[16.7249,5.0436],[16.7614,5.0262],[16.8303,4.9028],[16.8303,4.7383],[16.9341,4.514],[16.9841,4.4804],[17.022,4.3956],[17.1934,4.2374],[17.4006,3.9947],[17.4745,3.8824],[17.5132,3.769],[17.6147,3.7701],[17.6799,3.7375],[17.8359,3.7889],[17.946,3.7281],[18.009,3.6409],[18.2427,3.6328],[18.2827,3.6626],[18.4165,3.6555],[18.5298,3.6961],[18.5645,3.6831],[18.5896,3.6787],[18.5986,3.6763]]},"properties":{"name":"Lobaye","scalerank":8,"min_zoom":7}},
{"type":"Feature","geometry":{"type":"MultiLineString","coordinates":[[[13.6538,3.6312],[13.6232,3.5459],[13.5376,3.4994],[13.4982,3.433],[13.2394,3.4323],[13.147,3.3581],[12.9204,3.3885],[12.8328,3.3591],[12.7004,3.3826],[12.6535,3.4298],[12.4929,3.3609],[12.4172,3.2381],[12.4384,3.1102],[12.6294,3.0003],[12.767,2.9686],[12.8351,2.9028],[13.0751,2.8532],[13.1912,2.8607],[13.2568,2.8237],[13.3113,2.8402],[13.4314,2.7856],[13.5038,2.8432],[13.6847,2.9427],[13.8408,2.9368],[14.0932,2.8306],[14.0967,2.7241],[14.1746,2.5532],[14.166,2.4118],[14.2737,2.3461],[14.4653,2.3423],[14.4832,2.2642],[14.5691,2.2089]],[[16.0693,1.6546],[16.03,1.7056],[16.0217,1.723],[16.0259,1.7525],[15.8894,1.7934],[15.7642,1.9089],[15.4824,1.976],[15.3488,1.9234],[15.2333,2.0314],[15.1511,2.0411],[15.091,1.9846],[14.9626,2.0106],[14.871,2.1018],[14.8259,2.0724],[14.7053,2.1057],[14.5618,2.2089]]]},"properties":{"name":"Dja","scalerank":8,"min_zoom":7}},
{"type":"Feature","geometry":{"type":"LineString","coordinates":[[24.0874,-10.0087],[24.0813,-9.9095],[24.0254,-9.8926],[24.039,-9.7691],[24.1101,-9.7023],[24.1216,-9.5534],[24.1558,-9.4618],[24.1423,-9.3693],[24.0192,-9.2552],[23.9263,-9.1237],[23.823,-9.0938],[23.7748,-8.999],[23.8088,-8.9056],[23.8896,-8.8172],[23.9277,-8.7355],[23.9519,-8.4809],[23.9248,-8.3293],[24.0049,-8.2304],[24.0049,-8.0663],[23.957,-7.9797],[23.957,-7.8096],[23.9229,-7.7302],[23.9317,-7.5243],[23.9639,-7.4772],[23.9912,-7.3434],[23.9679,-7.2062],[24.0754,-7.0664],[24.1489,-7.0008],[24.1631,-6.8459],[24.1496,-6.7597],[24.1824,-6.6471],[24.1343,-6.6043],[23.9788,-6.5444],[23.9665,-6.4885],[23.851,-6.3823],[23.8063,-6.2772],[23.7995,-6.1613],[23.7605,-6.0926],[23.7639,-5.9052],[23.7094,-5.85],[23.7429,-5.6388],[23.8888,-5.4863],[23.8842,-5.3859],[23.9101,-5.2827],[23.8594,-5.2295],[23.8472,-5.1375],[23.7102,-4.9344],[23.6418,-4.924],[23.4536,-4.9792],[23.323,-4.9377],[23.278,-4.8483],[23.2671,-4.7415],[23.2234,-4.605],[23.2377,-4.5342],[23.1961,-4.3902],[23.1176,-4.2651],[23.0049,-4.1562],[22.907,-4.1165],[22.7407,-4.0999],[22.5078,-4.0342],[22.3811,-3.9378],[22.2849,-3.993],[22.1335,-4.0264],[22.0837,-3.9751],[21.996,-3.965],[21.9203,-3.9953],[21.8184,-3.951],[21.7366,-4.0067],[21.4462,-4.0822],[21.3743,-4.0067],[21.2123,-3.9722],[21.0466,-4.0096],[20.9146,-4.111],[20.8189,-4.1157],[20.6445,-4.1535],[20.5989,-4.2082],[20.3937,-4.2783]]},"properties":{"name":"Sankuru","scalerank":8,"min_zoom":7}},
{"type":"Feature","geometry":{"type":"LineString","coordinates":[[19.3174,-10.9614],[19.3416,-10.8993],[19.4311,-10.7973],[19.4204,-10.7116],[19.4802,-10.5291],[19.4929,-10.3886],[19.5434,-10.2725],[19.5456,-10.1161],[19.5151,-10.0947],[19.4548,-9.8544],[19.4614,-9.7658],[19.5296,-9.6403],[19.471,-9.4989],[19.4726,-9.3251],[19.4273,-9.2075],[19.4297,-9.1371],[19.3462,-8.9732],[19.3317,-8.884],[19.3439,-8.5895],[19.3827,-8.4665],[19.3713,-8.4019],[19.4509,-8.2316],[19.4409,-8.131],[19.4688,-7.9666],[19.4546,-7.7959],[19.3676,-7.5593],[19.3652,-7.4521],[19.2914,-7.245],[19.2429,-7.1585],[19.2013,-6.9251],[19.2765,-6.8016],[19.2832,-6.6733],[19.3474,-6.4196],[19.3044,-6.2299],[19.3932,-6.1408],[19.4041,-6.0199],[19.3804,-5.9665],[19.3386,-5.726],[19.2996,-5.6263],[19.2002,-5.4877],[19.0684,-5.3879],[18.9614,-5.3814],[18.9357,-5.3312],[18.9505,-5.1904],[18.9272,-5.1293],[18.7898,-5.0065],[18.7341,-4.8486],[18.7483,-4.7425],[18.6897,-4.5814],[18.4653,-4.4794],[18.4021,-4.3739],[18.3964,-4.294],[18.351,-4.2461],[18.3274,-4.1362],[18.2416,-4.0604],[18.1353,-3.9344],[18.0642,-3.8974],[18.0054,-3.8174],[18.0007,-3.7587],[17.8157,-3.6918],[17.8261,-3.632],[17.6391,-3.5741],[17.6352,-3.5264],[17.5474,-3.5219],[17.5497,-3.4678],[17.4592,-3.4385],[17.3528,-3.3394],[17.3891,-3.2411],[17.351,-3.1904]]},"properties":{"name":"Kwilu","scalerank":8,"min_zoom":7}},
{"type":"Feature","geometry":{"type":"LineString","coordinates":[[31.3097,-9.1037],[31.3866,-9.3413],[31.4959,-9.4995],[31.5235,-9.6308],[31.6288,-9.7145],[31.6655,-9.7787],[31.7371,-9.808],[31.8225,-9.7949],[32.0297,-9.8305],[32.1011,-9.8711],[32.1366,-9.943],[32.1189,-9.9955],[32.0258,-10.0562],[31.9814,-10.2482],[31.851,-10.3446],[31.7997,-10.4326],[31.6679,-10.5204],[31.4435,-10.5741],[31.335,-10.6125],[31.2755,-10.728],[31.2073,-10.7082],[31.1306,-10.75],[31.1709,-10.8732],[31.1008,-10.9554],[31.0198,-10.9435],[30.9706,-10.9994],[30.8486,-11.0566],[30.7063,-11.2905],[30.628,-11.326],[30.4844,-11.4911],[30.2471,-11.5697],[30.1689,-11.6416],[30.09,-11.6747],[30.0273,-11.7446],[29.8984,-11.764],[29.8442,-11.8089],[29.8235,-11.8642],[29.7887,-11.8998]]},"properties":{"name":"Chambeshi","scalerank":8,"min_zoom":7}},
{"type":"Feature","geometry":{"type":"LineString","coordinates":[[15.2796,-7.2987],[15.2526,-6.9302],[15.2754,-6.6805],[15.3295,-6.521],[15.3264,-6.418],[15.3586,-6.2851],[15.2873,-5.8792],[15.166,-5.8008],[15.0852,-5.6823],[15.1306,-5.5923],[15.2312,-5.4819],[15.247,-5.3813],[15.1545,-5.2216],[15.0637,-5.147],[15.0816,-4.9907],[15.0537,-4.9286],[14.8632,-4.7603]]},"properties":{"name":"Inkisi","scalerank":8,"min_zoom":7}},
{"type":"Feature","geometry":{"type":"LineString","coordinates":[[33.9414,-6.1647],[33.9394,-6.236],[33.8528,-6.3753],[33.7559,-6.4248],[33.6541,-6.5278],[33.5664,-6.564],[33.4677,-6.6615],[33.3985,-6.6625],[33.275,-6.5756],[32.9238,-6.5136],[32.7969,-6.418],[32.7266,-6.3913],[32.5122,-6.3608],[32.4304,-6.2568],[32.3282,-6.2077]]},"properties":{"name":"Shama","scalerank":8,"min_zoom":7}},
{"type":"Feature","geometry":{"type":"LineString","coordinates":[[30.3985,-3.7863],[30.4037,-3.9072],[30.4703,-3.9811],[30.5903,-4.0274],[30.6586,-4.0912],[30.7344,-4.1084],[30.7817,-4.2232],[30.7773,-4.2806],[30.666,-4.3691],[30.6549,-4.4517],[30.6874,-4.5436],[30.7735,-4.6875],[30.905,-4.7516],[30.9561,-4.83],[30.9597,-4.9929]]},"properties":{"name":"Malagarasi","scalerank":8,"min_zoom":7}},
{"type":"Feature","geometry":{"type":"LineString","coordinates":[[128.1111,42.1707],[128.0559,42.3184],[128.1249,42.4915],[128.1837,42.5577],[128.0857,42.627],[128.0115,42.6201],[127.8783,42.6679],[127.8672,42.731],[127.7334,42.8184],[127.5357,42.6406],[127.3761,42.5675]]},"properties":{"name":"Erdao","scalerank":8,"min_zoom":7}},
{"type":"Feature","geometry":{"type":"LineString","coordinates":[[28.5859,3.5958],[28.3775,3.6647],[28.261,3.6074],[28.1572,3.7315],[28.0497,3.7457],[27.9529,3.697],[27.8836,3.6954],[27.726,3.6412],[27.6382,3.6691],[27.5113,3.6438],[27.4342,3.7069],[27.3323,3.7452],[27.3162,3.807],[27.2485,3.8568],[27.176,3.8455],[27.1856,3.6533],[27.0611,3.5589],[26.8421,3.505],[26.801,3.577],[26.8137,3.7805],[26.7608,3.8455],[26.7168,3.9963],[26.6192,4.0154],[26.4956,3.9124],[26.3853,3.7733],[26.2579,3.7202],[26.2008,3.6514],[26.0458,3.678],[26.0243,3.7203],[25.9189,3.711],[25.8551,3.6763],[25.8409,3.5582],[25.773,3.5254],[25.7044,3.5869],[25.6248,3.5833],[25.4856,3.5208],[25.4197,3.5391],[25.3047,3.5085],[25.2388,3.5254],[25.1383,3.422],[25.0437,3.4304],[24.9947,3.3951],[24.9334,3.4844],[24.7802,3.5012],[24.7044,3.4633],[24.6386,3.4994],[24.5541,3.4743],[24.4934,3.5259],[24.3611,3.5589],[24.2161,3.6931],[23.9999,3.7249],[23.8987,3.6893],[23.7743,3.7081],[23.7466,3.7645],[23.6096,3.8552],[23.4705,3.8196],[23.3506,3.8134],[23.1489,3.9022],[22.9087,3.8544],[22.8296,3.868],[22.7504,3.8339],[22.5981,3.9273],[22.532,4.0046],[22.5115,4.1008],[22.4221,4.135],[22.3027,4.1289],[22.2068,4.1505],[22.1272,4.2032],[22.0573,4.2198],[22.0085,4.2425],[21.8671,4.2417],[21.7224,4.2953],[21.6336,4.2944],[21.5376,4.2448],[21.3578,4.2857],[21.2984,4.3304],[21.2319,4.298],[21.1576,4.3104],[21.0838,4.3884],[20.8709,4.4536],[20.7913,4.4263],[20.6026,4.4099],[20.4517,4.5291],[20.4626,4.6011],[20.3384,4.772],[20.2543,4.7972],[20.1712,4.8785],[20.0033,4.9746],[19.8904,5.0023],[19.8241,5.0971],[19.7189,5.1361],[19.4084,5.1306],[19.3726,5.0877],[19.2365,5.0109],[19.1951,4.9505],[19.0828,4.9095],[19.0112,4.7652],[18.8278,4.5601],[18.7764,4.4336],[18.7205,4.3775],[18.5759,4.3729],[18.5366,4.3062],[18.6323,4.1306],[18.6448,3.9826],[18.613,3.9017],[18.5967,3.6787]]},"properties":{"name":"Uele","scalerank":3,"min_zoom":3}},
{"type":"Feature","geometry":{"type":"LineString","coordinates":[[124.6399,51.3106],[124.8626,51.3093],[124.9946,51.276],[125.1365,51.3051],[125.2415,51.295],[125.4321,51.1902],[125.5693,51.1697],[125.8433,51.2061],[125.8704,51.1446],[125.9841,51.1041],[126.0405,51.0187]]},"properties":{"name":"Nanweng","scalerank":8,"min_zoom":7}},
{"type":"Feature","geometry":{"type":"MultiLineString","coordinates":[[[95.4657,57.7327],[95.1926,57.7695],[94.9004,57.765],[94.7367,57.8],[94.4784,57.7871],[94.317,57.8247],[94.1856,57.9997],[93.9844,58.1229]],[[95.4657,57.7327],[95.4653,57.7325]],[[95.4714,57.7325],[95.4657,57.7327]],[[97.0133,53.8333],[97.1716,53.7582],[97.3702,53.7172],[97.5342,53.6546],[97.6682,53.662],[98.125,53.5867],[98.2205,53.6538],[98.2739,53.7896],[98.3535,53.8656],[98.5734,53.8819],[98.6309,53.9221],[98.7964,53.9256],[98.9189,54.0729],[98.8859,54.2044],[98.9699,54.2472],[98.8295,54.4087],[98.9053,54.4913],[99.0418,54.5186],[99.2556,54.4996],[99.3098,54.6346],[99.1289,54.7988],[99.1191,54.8744],[98.9909,55.0228],[99.1856,55.053],[99.4355,55.2114],[99.3576,55.2789],[99.4311,55.3448],[99.4512,55.4335],[99.3985,55.485],[99.5498,55.6608],[99.4465,55.7382],[99.5313,55.7862],[99.6159,55.9484],[99.565,55.9957],[99.601,56.0902],[99.396,56.1045],[99.3472,56.1733],[99.2265,56.2336],[99.2219,56.3465],[99.0026,56.4559],[98.9284,56.5438],[98.9508,56.606],[99.0561,56.6358],[99.0826,56.8896],[98.9429,56.989],[98.7294,57.0765],[98.7174,57.1597],[98.4234,57.2083],[98.2346,57.3682],[97.9663,57.3898],[97.8665,57.4615],[97.678,57.4239],[97.189,57.4632],[96.9451,57.5544],[96.7837,57.6567],[96.5922,57.6226],[96.462,57.6656],[96.4223,57.73],[96.2022,57.7902],[95.9386,57.7178],[95.7861,57.7613],[95.5782,57.781],[95.4657,57.7327]]]},"properties":{"name":"Chuna","scalerank":8,"min_zoom":7}},
{"type":"Feature","geometry":{"type":"LineString","coordinates":[[59.7017,62.1461],[59.8653,62.1586],[60.0857,62.1278],[60.1581,62.0587],[60.3352,62.1081],[60.3164,62.1726],[60.4708,62.2025],[60.9358,62.448],[61.0893,62.4617],[61.2433,62.4286],[61.3588,62.3316],[61.4763,62.3867],[61.4895,62.4592],[61.6465,62.5747],[61.626,62.695],[61.6539,62.8695],[61.4213,62.9291],[61.4484,62.9793],[61.3049,63.0974],[61.2765,63.2059],[61.384,63.3089],[61.4825,63.3214],[61.5556,63.5572],[61.6482,63.6047],[61.8662,63.6304],[62.1337,63.5956],[62.3219,63.4742],[62.4212,63.4761],[62.7296,63.3567],[63.0063,63.3834],[63.1707,63.2355],[63.5644,63.1925],[63.7581,63.1916],[63.912,63.0623],[64.0068,63.1442],[64.2847,63.1343],[64.4223,63.1745],[64.4488,63.2469],[64.6422,63.4007],[64.8199,63.46],[64.8071,63.5986],[64.8645,63.6168],[64.7724,63.7366],[64.8679,63.8222],[65.031,63.8724],[65.0815,63.9558],[65.2498,63.9986],[65.3491,64.0642],[65.4575,64.2058]]},"properties":{"name":"Severnaya Sos’va","scalerank":8,"min_zoom":7}},
{"type":"Feature","geometry":{"type":"LineString","coordinates":[[134.3311,51.2073],[134.3264,51.1147],[134.2163,51.0738],[134.0471,50.9432],[133.9419,50.9007],[133.8696,50.7959],[133.6918,50.739],[133.6251,50.6496],[133.692,50.5708],[133.8619,50.6353],[134.1192,50.8288],[134.4269,50.9717],[134.444,51.0095],[134.676,51.1099],[134.7512,51.2694],[134.8267,51.3145],[135.1132,51.4276],[135.4024,51.4418],[135.4973,51.5559],[135.6115,51.6428],[135.9163,51.7001],[136.0117,51.7335],[136.0971,51.8164],[136.176,51.9759],[136.2361,52.2329],[136.4506,52.2408],[136.5195,52.2818],[136.6384,52.4623],[136.9373,52.4326],[137.0265,52.462],[137.1414,52.5704],[137.2584,52.553],[137.4177,52.6603],[137.7939,52.7088],[137.8764,52.7497],[138.0681,52.7833],[138.1386,52.7576],[138.3062,52.8011],[138.6308,52.9335],[138.7245,52.944],[139.0305,52.911],[139.1506,52.954],[139.2809,52.9602],[139.4182,52.9192],[139.7064,52.9532]]},"properties":{"name":"Amgun’","scalerank":8,"min_zoom":7}},
{"type":"Feature","geometry":{"type":"LineString","coordinates":[[147.1792,64.7639],[147.2301,64.9116],[147.1108,65.0511],[147.0793,65.1996],[146.9018,65.2884],[146.915,65.3641],[146.7442,65.4323],[146.7919,65.4876],[146.7026,65.5773],[146.4639,65.6062],[146.4009,65.6893],[146.1885,65.8167],[145.9902,65.8341],[145.7291,65.916],[145.2892,65.9359],[144.8932,65.9873],[144.6406,66.0699],[144.2183,66.1245],[143.9512,66.1092],[143.4102,66.2935],[143.1318,66.4539]]},"properties":{"name":"Moma","scalerank":8,"min_zoom":7}},
{"type":"Feature","geometry":{"type":"LineString","coordinates":[[140.1929,65.59],[140.1929,65.5415],[139.9786,65.5272],[139.6323,65.3811],[139.0899,65.351],[138.9111,65.4118],[138.7188,65.4144],[138.4176,65.5142],[138.1957,65.5576],[137.6314,65.765],[137.2754,65.9363],[137.1358,66.0902],[136.8233,66.2084],[136.8325,66.285],[136.7135,66.3476],[136.7437,66.4012],[136.5326,66.611],[136.6718,66.9476],[136.4673,67.0715],[136.0606,67.0146],[135.8906,67.0483],[135.7495,67.1823],[135.5876,67.2246],[135.4849,67.303],[135.6741,67.3382],[135.6082,67.462],[135.6528,67.5358],[135.5885,67.6282],[135.7393,67.694],[135.4287,67.8459],[135.3918,67.9893],[134.9601,68.097],[134.7906,68.2333]]},"properties":{"name":"Adycha","scalerank":8,"min_zoom":7}},
{"type":"Feature","geometry":{"type":"LineString","coordinates":[[121.8268,48.7842],[121.9373,48.7075],[122.0376,48.6771],[122.2114,48.3907],[122.2989,48.3212],[122.2974,48.1815],[122.4209,48.1019],[122.5591,48.1224],[122.6501,48.0965],[122.7756,47.9189],[122.7938,47.7247],[122.8458,47.6607],[122.8384,47.5161],[123.1083,47.2319],[123.1636,47.1015],[123.3931,46.9735],[123.5191,46.95]]},"properties":{"name":"Chaor","scalerank":8,"min_zoom":7}},
{"type":"Feature","geometry":{"type":"LineString","coordinates":[[136.9993,47.0673],[137.1423,47.1854],[137.2313,47.1936],[137.3181,47.1485],[137.3147,47.0503],[137.363,47.0128],[137.3526,46.8855],[137.2031,46.7762],[137.2117,46.6496],[137.0615,46.6074],[136.9228,46.5207],[136.7478,46.5707],[136.6832,46.6196],[136.5259,46.6246],[136.3409,46.6567],[136.2451,46.7049],[136.1445,46.705],[135.9822,46.7552],[135.7424,46.7049],[135.6769,46.7341],[135.5348,46.7149],[135.4547,46.6615],[135.3828,46.5477],[135.3103,46.5173],[135.0484,46.5702],[134.9295,46.5238],[134.7585,46.55],[134.5792,46.5232],[134.4561,46.4749],[134.3314,46.5958],[134.3643,46.7391],[134.1912,46.8177],[134.1148,46.7989],[134.0392,46.8544]]},"properties":{"name":"Bikin","scalerank":8,"min_zoom":7}},
{"type":"Feature","geometry":{"type":"LineString","coordinates":[[139.4734,59.8542],[139.8169,59.6831],[139.7433,59.5539],[139.4765,59.5275],[139.322,59.4798],[138.9247,59.4667],[138.8151,59.4372],[138.6917,59.3371],[138.5674,59.1761],[138.4028,59.0693],[138.2989,58.8748],[138.0925,58.8109],[137.8701,58.6511],[137.7409,58.673],[137.489,58.6376],[137.3556,58.5748],[137.1353,58.2995],[137.0269,58.2771],[136.8753,58.185],[136.6716,58.2048],[136.5587,58.1544],[136.3425,57.9879],[136.3682,57.897],[136.1818,57.7379],[136.1599,57.6534],[136.0745,57.5817],[135.8721,57.5715],[135.6596,57.651],[135.5069,57.6657],[135.4537,57.7281],[135.4535,57.8723],[135.3272,57.9689],[135.364,58.0257],[135.231,58.2122],[134.9976,58.2401],[134.8982,58.2775],[134.8281,58.3604],[134.7512,58.5338],[134.5982,58.5772],[134.3368,58.6061],[134.1982,58.7373],[134.3555,58.8706],[134.5024,58.9448],[134.8164,58.9658],[135.0261,58.9453],[135.1065,58.9878],[135.2651,58.9937],[135.3477,59.0552],[135.3234,59.1402],[135.1306,59.1841],[135.0022,59.2425],[135.0699,59.3579],[135.0807,59.4667],[134.9994,59.7155],[134.811,59.796],[134.7676,59.9028],[134.8165,60.006],[134.7212,60.2251],[134.5669,60.3032],[134.6157,60.359],[134.5537,60.4438]]},"properties":{"name":"Maya","scalerank":8,"min_zoom":7}},
{"type":"Feature","geometry":{"type":"LineString","coordinates":[[143.0839,61.8875],[143.074,61.7997],[142.9337,61.7335],[143.1665,61.4313],[143.0908,61.3357],[143.2544,61.1988],[143.0635,61.0067],[143.0977,60.8866],[143.002,60.7324],[142.9943,60.6306],[143.0501,60.4478],[143.1563,60.3662],[143.0291,60.2866],[142.9819,60.1107],[142.8922,59.9441],[143.0825,59.7032],[143.1708,59.6272],[143.3237,59.5624],[143.2818,59.4072],[143.2123,59.3837]]},"properties":{"name":"Kukhtuy","scalerank":8,"min_zoom":7}},
{"type":"Feature","geometry":{"type":"LineString","coordinates":[[121.4054,53.3171],[121.2031,53.277],[120.874,53.2805],[120.6518,53.1231],[120.45,53.0086],[120.2799,52.8662],[120.0327,52.7609],[120.0561,52.6008],[120.1755,52.5841],[120.4296,52.6363],[120.7236,52.5424],[120.626,52.3471],[120.7578,52.2377],[120.7789,52.1179],[120.7055,52.0613],[120.7056,51.9803],[120.6474,51.9113],[120.4929,51.8759],[120.1536,51.6643],[120.1079,51.6654],[119.9155,51.331],[119.7578,51.1993],[119.748,51.0837],[119.5176,50.9051],[119.4965,50.7373],[119.2932,50.5994],[119.2433,50.4457],[119.1409,50.3769],[119.3526,50.3458],[119.3159,50.0929],[119.1894,50.0075],[119.0913,49.9869],[118.6441,49.9549],[118.3936,49.8203],[118.1682,49.6717],[117.8936,49.5469],[117.8735,49.5135]]},"properties":{"name":"Argun’","scalerank":3,"min_zoom":3}},
{"type":"Feature","geometry":{"type":"LineString","coordinates":[[45.7556,37.7272],[45.8372,37.8289],[45.9233,37.8456],[45.9142,37.9322],[46.0844,38.0163],[46.1129,38.0551],[46.2817,38.1289],[46.3533,38.0878],[46.4358,38.1251],[46.6084,38.1592],[46.9468,38.1637],[47.0029,38.0741],[47.1323,38.0425],[47.178,38.0006],[47.4688,37.878],[47.6426,37.9194],[47.7437,37.9839],[47.7973,38.0532],[47.7651,38.1435]]},"properties":{"name":"Talkeh","scalerank":8,"min_zoom":7}},
{"type":"Feature","geometry":{"type":"LineString","coordinates":[[-60.3586,-12.7435],[-60.3937,-12.6551],[-60.4976,-12.5331],[-60.5463,-12.4219],[-60.6593,-12.2961],[-60.7168,-12.1823],[-60.8067,-12.1092],[-60.8292,-12.0312],[-60.8843,-11.9814],[-60.8957,-11.813],[-60.951,-11.7585],[-61.029,-11.7474],[-61.0785,-11.7013],[-61.2049,-11.6569],[-61.2356,-11.605],[-61.3489,-11.5473],[-61.4229,-11.4638],[-61.6055,-11.4549],[-61.6686,-11.3976],[-61.8319,-11.3881],[-61.9172,-11.2953],[-61.9414,-11.2153],[-61.963,-10.935],[-61.9141,-10.8205],[-61.9141,-10.7349],[-61.8058,-10.6019],[-61.7856,-10.4897],[-61.7964,-10.3561],[-61.867,-10.2443],[-61.9215,-10.214],[-61.9553,-10.1149],[-62.0124,-10.0463],[-61.9692,-9.9546],[-61.9687,-9.8114],[-61.9278,-9.7695],[-61.8614,-9.631],[-61.8356,-9.5257],[-61.7268,-9.4341],[-61.7427,-9.3476],[-61.7228,-9.231],[-61.6915,-9.2036],[-61.6572,-9.0567],[-61.5714,-8.9296],[-61.6055,-8.8989],[-61.6915,-8.9296],[-61.7905,-9.0019],[-61.9141,-9.0019],[-62.0541,-8.9521],[-62.1512,-8.897],[-62.2285,-8.8999],[-62.3103,-8.7868],[-62.3329,-8.7121],[-62.4348,-8.645],[-62.5351,-8.4701],[-62.6024,-8.4417],[-62.7257,-8.3101],[-62.7433,-8.2274],[-62.7778,-8.1479],[-62.8019,-8.1415],[-62.836,-8.0864],[-62.8772,-8.0438],[-62.8873,-8.0282]]},"properties":{"name":"Jiparaná","scalerank":8,"min_zoom":7}},
{"type":"Feature","geometry":{"type":"LineString","coordinates":[[-70.773,19.0898],[-70.6666,19.1832],[-70.7193,19.355],[-70.7167,19.4947],[-70.9132,19.5731],[-71.0146,19.5831],[-71.1186,19.6494],[-71.2069,19.6378],[-71.4353,19.7407],[-71.5489,19.7316],[-71.6825,19.847]]},"properties":{"name":"Yaque del Norte","scalerank":8,"min_zoom":7}},
{"type":"Feature","geometry":{"type":"LineString","coordinates":[[-64.701,4.3795],[-64.7926,4.4898],[-65.0221,4.5354],[-65.0714,4.5613],[-65.126,4.6983],[-65.3241,4.7606],[-65.3412,4.8769],[-65.4175,4.9837],[-65.588,5.0408],[-65.7317,5.0421],[-65.8559,5.0822],[-65.9734,5.0654],[-66.1239,5.0799],[-66.2111,5.1104],[-66.3295,5.0679],[-66.3765,5.0109],[-66.3791,4.9034],[-66.266,4.6995],[-66.2868,4.6551],[-66.2862,4.4515],[-66.2686,4.3767],[-66.3594,4.2855],[-66.4984,4.217],[-66.6583,4.1171],[-66.768,4.107],[-66.9296,4.0544],[-67.0593,3.9584]]},"properties":{"name":"Ventuari","scalerank":8,"min_zoom":7}},
{"type":"Feature","geometry":{"type":"LineString","coordinates":[[-60.8868,-1.2645],[-60.7672,-1.3002],[-60.6166,-1.277],[-60.4303,-1.2836],[-60.3384,-1.1922],[-60.1826,-1.2089],[-60.1126,-1.3569],[-59.9366,-1.5257],[-59.8378,-1.5114],[-59.673,-1.6608],[-59.6174,-1.7856],[-59.557,-1.7914],[-59.4884,-1.8574],[-59.4643,-2.0145],[-59.3818,-2.0594],[-59.319,-2.1289],[-59.2072,-2.1421],[-59.1605,-2.2187],[-59.0443,-2.2127],[-58.9486,-2.2421],[-58.8646,-2.2314],[-58.7225,-2.2656],[-58.6822,-2.3151],[-58.5772,-2.2656],[-58.4322,-2.2836],[-58.2619,-2.381],[-58.2283,-2.5008],[-58.1315,-2.5734],[-58.0428,-2.6082],[-57.8743,-2.5871],[-57.8265,-2.5462],[-57.6755,-2.5132],[-57.572,-2.4175]]},"properties":{"name":"Nhamundá","scalerank":8,"min_zoom":7}},
{"type":"Feature","geometry":{"type":"LineString","coordinates":[[-53.7526,-16.8002],[-54.0344,-16.6115],[-54.1167,-16.6127],[-54.3573,-16.5262],[-54.4856,-16.498],[-54.6573,-16.4911],[-54.7668,-16.5463],[-54.8971,-16.4706],[-54.9722,-16.4841],[-55.089,-16.5801],[-55.192,-16.6053],[-55.2814,-16.6624],[-55.3808,-16.6857],[-55.4374,-16.7429],[-55.577,-16.7705],[-55.7196,-16.7723],[-55.8356,-16.7066],[-56.0336,-16.7182],[-56.1798,-16.9004],[-56.2746,-16.9252],[-56.5897,-17.0672]]},"properties":{"name":"Itiquira","scalerank":8,"min_zoom":7}},
{"type":"Feature","geometry":{"type":"LineString","coordinates":[[-55.2943,-21.2233],[-55.2534,-21.371],[-55.1774,-21.4391],[-55.112,-21.5402],[-55.0411,-21.5554],[-54.9791,-21.6169],[-54.9567,-21.7232],[-54.8562,-21.8234],[-54.8009,-21.9252],[-54.7174,-21.8652],[-54.6849,-21.9048],[-54.5686,-21.9304],[-54.4525,-21.8962],[-54.3129,-21.9721],[-54.246,-21.9321],[-54.1873,-21.9513],[-54.1002,-21.9085],[-53.9095,-21.8958],[-53.8451,-21.9123],[-53.7185,-22.0215],[-53.691,-22.0936],[-53.6135,-22.1398],[-53.5078,-22.4769],[-53.5602,-22.6657],[-53.5192,-22.7552],[-53.6339,-22.9128],[-53.6365,-23.0077]]},"properties":{"name":"Ivinheima","scalerank":8,"min_zoom":7}},
{"type":"Feature","geometry":{"type":"LineString","coordinates":[[-51.9005,-17.1343],[-52.0377,-17.2053],[-52.0656,-17.2798],[-52.0122,-17.425],[-51.9751,-17.669],[-51.8974,-17.7251],[-51.8425,-17.8446],[-51.7504,-17.8928],[-51.6456,-18.0057],[-51.5119,-18.1981],[-51.3747,-18.3141],[-51.2375,-18.3973],[-51.0873,-18.4518],[-51.0328,-18.6198],[-50.9962,-18.787],[-50.8439,-18.9605],[-50.6964,-19.0136],[-50.6598,-19.111]]},"properties":{"name":"Verde","scalerank":8,"min_zoom":7}},
{"type":"Feature","geometry":{"type":"LineString","coordinates":[[-64.6966,-21.9668],[-64.6715,-22.0038],[-64.6686,-22.166],[-64.5876,-22.2126],[-64.543,-22.2914],[-64.5727,-22.3431],[-64.4845,-22.4911],[-64.4291,-22.5423],[-64.4545,-22.6428],[-64.3697,-22.7297],[-64.3154,-23.0192],[-64.2373,-23.0971],[-64.1351,-23.2494],[-63.9686,-23.3164],[-63.7677,-23.3094],[-63.6271,-23.4162],[-63.4916,-23.4701],[-63.3932,-23.5599],[-63.3144,-23.5978],[-63.2162,-23.6962],[-62.9903,-23.7687],[-62.8488,-23.9875],[-62.6024,-24.0975],[-62.5605,-24.0624],[-62.346,-24.1182],[-62.1249,-24.1977],[-62.0239,-24.2144],[-61.9966,-24.2553],[-61.8483,-24.3342],[-61.7128,-24.3808],[-61.6612,-24.4776],[-61.5736,-24.4816],[-61.4669,-24.6064],[-61.2157,-24.6618],[-61.1468,-24.7181],[-61.0749,-24.894],[-61.0101,-24.9089],[-60.815,-25.0615],[-60.6329,-25.1672],[-60.5026,-25.2088],[-60.4543,-25.2873],[-60.3602,-25.3666],[-60.3518,-25.4203],[-60.2533,-25.4846],[-60.1734,-25.6629],[-60.0447,-25.6982],[-59.8927,-25.7962],[-59.8575,-25.8569],[-59.6759,-26.0124],[-59.673,-26.1205],[-59.4473,-26.1638],[-59.3884,-26.3065],[-59.254,-26.3422],[-59.1683,-26.2927],[-59.0901,-26.3491],[-58.9676,-26.393],[-58.8728,-26.4976],[-58.5972,-26.6758],[-58.4639,-26.829],[-58.3581,-26.8802]]},"properties":{"name":"Bermejo","scalerank":8,"min_zoom":7}},
{"type":"Feature","geometry":{"type":"LineString","coordinates":[[9.1172,9.7227],[9.179,9.772],[9.3503,9.786],[9.4015,9.8716],[9.574,9.8687],[9.7539,9.9221],[9.9194,9.9526],[10.0115,10.0185],[10.1152,10.2267],[10.2297,10.3061],[10.3884,10.3907],[10.4389,10.4693],[10.4602,10.5911],[10.512,10.7137],[10.69,10.9322],[10.8308,11.0305],[10.9797,11.0777],[11.137,11.0729],[11.2664,11.1115],[11.3684,11.1002],[11.4501,11.0423],[11.5116,10.9615],[11.5354,10.8369],[11.5125,10.6819],[11.5221,10.5591],[11.4755,10.441],[11.4885,10.3097],[11.5842,10.2692],[11.6675,10.1927],[11.7682,10.2332],[11.8023,10.2038],[11.8005,10.0973],[11.8508,10.0457],[11.9592,10.0316],[11.9846,9.9984],[12.0108,9.7072],[12.0664,9.6419],[12.0247,9.4639]]},"properties":{"name":"Gongola","scalerank":8,"min_zoom":7}},
{"type":"Feature","geometry":{"type":"LineString","coordinates":[[37.3867,11.634],[37.3956,11.5498],[37.6017,11.4952],[37.6811,11.3786],[37.78,11.2801],[37.8713,11.2241],[37.9754,11.2072],[38.1047,11.1596],[38.2954,11.1505],[38.3756,11.0904],[38.4343,11.0898],[38.4819,11.0258],[38.5191,10.9058],[38.5259,10.7757],[38.4754,10.624],[38.4893,10.3862],[38.433,10.1615],[38.3965,10.1312],[38.2462,10.1165],[38.1829,10.0511],[37.9812,9.9696],[37.796,9.8594],[37.7029,9.8428],[37.6093,9.9119],[37.5454,9.9962],[37.436,10.0484],[37.2195,10.1048],[37.1729,10.1683],[37.1811,10.2615],[37.0462,10.3028],[36.7144,10.3697],[36.5543,10.3793],[36.5221,10.4583],[36.44,10.4521],[36.4182,10.3817],[36.3452,10.3039],[36.3384,10.2328],[36.2266,10.1372],[36.0449,10.1504],[35.9636,10.1312],[35.9112,10.0449],[35.84,10.0216],[35.7276,10.0489],[35.7368,9.9844],[35.6704,9.9632],[35.4417,10.1308],[35.3508,10.1491]]},"properties":{"name":"Abay","scalerank":3,"min_zoom":3}},
{"type":"Feature","geometry":{"type":"LineString","coordinates":[[25.5868,-25.6193],[25.386,-25.7435],[25.1773,-25.7632],[25.0512,-25.7378],[24.9078,-25.804],[24.798,-25.8291],[24.6645,-25.8232],[24.4561,-25.743],[24.3887,-25.7595],[24.2963,-25.7233],[24.2272,-25.6489],[24.1304,-25.6262],[24.0266,-25.6517],[23.9242,-25.6292],[23.7422,-25.4699],[23.6863,-25.4543],[23.4588,-25.2822],[23.2651,-25.264],[23.0711,-25.326],[23.0064,-25.3107],[22.8442,-25.481],[22.8039,-25.687],[22.746,-25.7553],[22.7651,-25.8265],[22.7084,-25.891],[22.7189,-25.9841],[22.5444,-26.2074],[22.4284,-26.2265],[22.3425,-26.3173],[22.2568,-26.3408],[22.197,-26.404],[22.1457,-26.5191],[22.0571,-26.6176],[21.9353,-26.6638],[21.8383,-26.6644],[21.767,-26.7043],[21.773,-26.7866],[21.6867,-26.8552],[21.4982,-26.8464],[21.3804,-26.8239],[21.1218,-26.8652],[20.8513,-26.8065],[20.779,-26.848],[20.7144,-26.8749],[20.6787,-26.8983],[20.5686,-27.0131],[20.5019,-27.0402],[20.5014,-27.1281],[20.4133,-27.2702],[20.3335,-27.326],[20.302,-27.4115],[20.3626,-27.5832],[20.4631,-27.6548],[20.4927,-27.9395],[20.5458,-28.0487],[20.5701,-28.2401],[20.5427,-28.3524],[20.4973,-28.3657],[20.4575,-28.4618],[20.3137,-28.4652],[20.2094,-28.5138]]},"properties":{"name":"Molopo","scalerank":8,"min_zoom":7}},
{"type":"Feature","geometry":{"type":"MultiLineString","coordinates":[[[16.7871,-23.0378],[16.9072,-23.1952],[16.9765,-23.237],[16.9675,-23.3151],[17.1128,-23.3325],[17.227,-23.3959],[17.3046,-23.4941],[17.5908,-23.7645],[17.5888,-23.9688],[17.6577,-24.0433],[17.8715,-24.1742],[18.0137,-24.332],[18.1359,-24.4128],[18.216,-24.4006],[18.2586,-24.2885],[18.3591,-24.3609],[18.4118,-24.332],[18.4976,-24.391],[18.6091,-24.5965],[18.7389,-24.7597],[18.9074,-25.0272],[18.9777,-25.1857],[19.0977,-25.2782],[19.2554,-25.4317],[19.4695,-25.4887],[19.6105,-25.4927],[19.8025,-25.5873],[19.9999,-25.7812]],[[20,-25.7812],[20.1511,-25.9081],[20.3831,-26.0184],[20.4797,-26.0888],[20.5681,-26.2298],[20.6177,-26.4396],[20.6047,-26.5477],[20.6301,-26.6182],[20.6084,-26.686],[20.6382,-26.8168],[20.675,-26.85],[20.6852,-26.8818],[20.6924,-26.8958]]]},"properties":{"name":"Auob","scalerank":8,"min_zoom":7}},
{"type":"Feature","geometry":{"type":"LineString","coordinates":[[46.2201,-23.0776],[46.1178,-22.7686],[45.9952,-22.6838],[45.8019,-22.6835],[45.6109,-22.7558],[45.4151,-22.86],[45.3782,-23.0004],[45.3513,-23.1948],[45.2954,-23.3176],[45.1983,-23.4279],[45.1288,-23.4369],[45.0517,-23.5243],[44.8683,-23.5057],[44.7911,-23.5472],[44.6109,-23.599],[44.4927,-23.5248],[44.3462,-23.5231],[44.2293,-23.5615],[44.0699,-23.492],[43.9021,-23.4521],[43.8555,-23.534],[43.7496,-23.5724]]},"properties":{"name":"Onilahy","scalerank":8,"min_zoom":7}},
{"type":"Feature","geometry":{"type":"LineString","coordinates":[[10.7109,46.8272],[10.5391,46.8135],[10.53,46.7122],[10.6809,46.6354],[10.8452,46.6282],[11.1184,46.6872],[11.2031,46.5685],[11.3069,46.4846],[11.2583,46.3098],[11.0818,46.1567],[11.1218,46.0463],[11.0893,45.9405],[10.9949,45.859],[11.0188,45.7924],[10.8357,45.5897],[10.8269,45.4911],[10.9436,45.4806],[11.0396,45.4012],[11.2517,45.3475],[11.2925,45.2249],[11.4179,45.1319],[11.7538,45.0987],[11.84,45.1389],[12.0811,45.1474],[12.2284,45.1088],[12.3215,45.1649]]},"properties":{"name":"Adige","scalerank":8,"min_zoom":7}},
{"type":"Feature","geometry":{"type":"LineString","coordinates":[[48.4761,59.7449],[48.3473,59.7252],[48.3047,59.8209],[48.4236,59.8673],[48.7017,59.8952],[48.9718,59.996],[49.0668,59.9974],[49.1066,60.1353],[49.5007,60.1715],[49.58,60.2032],[49.5737,60.3346],[49.4829,60.3824],[49.6085,60.4868],[49.4602,60.5348],[49.3462,60.6373],[49.0652,60.6567],[48.8482,60.5865],[48.7163,60.4817],[48.5786,60.4308],[48.408,60.4092],[48.2769,60.437],[48.1216,60.5212],[47.927,60.7429],[47.8455,60.7039],[47.6191,60.7403],[47.4602,60.6964],[47.3447,60.6262],[46.9758,60.684],[46.7144,60.6096],[46.4924,60.5822],[46.3447,60.5977],[46.2525,60.6535],[46.3311,60.7448]]},"properties":{"name":"Luza","scalerank":8,"min_zoom":7}},
{"type":"Feature","geometry":{"type":"MultiLineString","coordinates":[[[46.4408,55.1468],[46.208,55.3211],[46.384,55.4632],[46.2437,55.5237],[46.1397,55.5239],[46.0484,55.6167],[45.9202,55.6881],[46.0938,55.8081],[46.0982,55.9041],[46.2061,55.9553],[46.2302,56.0311],[46.1104,56.101],[46.0678,56.182]],[[46.8865,53.2966],[46.6963,53.2946],[46.4024,53.2473],[46.262,53.2755],[46.0498,53.2072],[45.9465,53.1503],[45.7234,53.0926],[45.559,53.1026],[45.4465,53.0563],[45.2349,53.0359],[45.1416,53.0712],[45.0347,53.189],[45.093,53.4177],[45.2846,53.6058],[45.4576,53.691],[45.5086,53.7718],[45.6544,53.8414],[45.7258,53.9634],[45.8945,54.0466],[46.0183,54.1895],[46.127,54.189],[46.3794,54.2305],[46.7424,54.3518],[46.7221,54.4411],[46.791,54.5701],[46.7195,54.7528],[46.6241,54.8378],[46.5556,55.0197],[46.4856,55.0544],[46.4478,55.1468]]]},"properties":{"name":"Sura","scalerank":8,"min_zoom":7}},
{"type":"Feature","geometry":{"type":"LineString","coordinates":[[59.333,61.587],[59.0842,61.4513],[58.9419,61.4139],[58.7409,61.1495],[58.7433,60.9967],[58.926,60.8758],[58.8367,60.7665],[58.7372,60.7449],[58.5458,60.5784],[58.3434,60.619],[58.2359,60.4797],[58.0826,60.4573],[58.0298,60.5181],[57.7337,60.5878],[57.6586,60.5332],[57.4692,60.5159],[57.3953,60.4766],[57.1382,60.5406],[57.0645,60.423],[56.8152,60.3712],[56.5349,60.3739],[56.5361,60.224],[56.4163,60.1437],[56.3932,59.9652],[56.4325,59.9051]]},"properties":{"name":"Vishera","scalerank":8,"min_zoom":7}},
{"type":"Feature","geometry":{"type":"MultiLineString","coordinates":[[[30.4804,38.3587],[30.4348,38.2152],[30.3555,38.194],[30.1636,38.085],[30.0261,38.1995],[29.843,38.2362],[29.6889,38.2078],[29.4839,38.0762],[29.4382,38.0815],[29.3911,38.1967],[29.3119,38.2313],[29.2167,38.2059],[29.1821,38.1505],[29.0884,38.1506],[28.9902,38.0841],[28.9636,37.9742],[28.8987,37.9457],[28.7858,37.9664],[28.631,37.9171],[28.3836,37.8871],[28.2846,37.8989],[28.1489,37.8559],[27.9529,37.8617],[27.7896,37.7834],[27.6491,37.8076],[27.4863,37.7744],[27.4775,37.6279],[27.3491,37.5416],[27.3007,37.5559],[27.2529,37.5355],[27.1821,37.5488]],[[27.28,37.5454],[27.2119,37.515],[27.1908,37.4802]]]},"properties":{"name":"Byk Menderes","scalerank":8,"min_zoom":7}},
{"type":"Feature","geometry":{"type":"LineString","coordinates":[[20.822,40.3701],[20.9014,40.4614],[20.998,40.4083],[21.0994,40.4273],[21.1459,40.483],[21.367,40.3999],[21.5581,40.1802],[21.5034,40.1324],[21.582,40.0043],[21.7463,39.9748],[21.8137,40.0142],[21.7915,40.0812],[21.9334,40.2222],[22.0645,40.2959],[22.1956,40.3999],[22.2351,40.4753],[22.3503,40.5563],[22.4889,40.5865],[22.5993,40.5484],[22.655,40.4819]]},"properties":{"name":"Haliacmon","scalerank":8,"min_zoom":7}},
{"type":"Feature","geometry":{"type":"LineString","coordinates":[[6.1502,46.6476],[6.1463,46.6861],[6.2859,46.763],[6.373,46.8756],[6.3925,46.9484],[6.4841,47.0223],[6.7311,47.0991],[6.9558,47.2455],[6.958,47.2908],[6.7565,47.3553],[6.7956,47.4559],[6.7228,47.4782],[6.2109,47.2965],[6.1426,47.2897],[5.9067,47.1766],[5.7771,47.1697],[5.5707,47.1267],[5.3762,46.9932],[5.3693,46.9331],[5.1157,46.9373],[4.9728,46.8998],[4.9511,46.8334]]},"properties":{"name":"Doubs","scalerank":8,"min_zoom":7}},
{"type":"Feature","geometry":{"type":"LineString","coordinates":[[147.4146,-30.1245],[147.3528,-30.1425],[147.1957,-30.1107],[147.1724,-30.0638],[147.0471,-30.0505],[146.9433,-29.9819],[146.8262,-29.9433],[146.6533,-29.9159],[146.5964,-29.9619],[146.4592,-29.9297],[146.2685,-29.9748],[146.19,-29.9457],[146.0241,-29.9843],[146.0176,-30.0425],[145.8462,-30.106],[145.7776,-30.1971],[145.683,-30.2568],[145.5833,-30.2844],[145.5774,-30.3633],[145.4861,-30.4138],[145.3383,-30.4095],[145.3042,-30.4572],[145.1166,-30.4882],[145.1192,-30.5495],[144.9932,-30.6442],[144.9142,-30.6489],[144.8064,-30.7238],[144.686,-30.8905],[144.5117,-30.8967],[144.4303,-30.9306],[144.3292,-31.081],[144.2664,-31.0668],[144.0919,-31.1971],[144.0162,-31.2284],[144.0442,-31.3007],[144.0143,-31.3749],[143.8113,-31.4509],[143.7266,-31.4406],[143.572,-31.486],[143.476,-31.5976],[143.3767,-31.5807],[143.3245,-31.7328],[143.218,-31.7492],[143.1355,-31.8693],[143.0356,-31.8898],[142.98,-32.0038],[142.9924,-32.0871],[142.8587,-32.1115],[142.7173,-32.193],[142.6889,-32.2593],[142.5269,-32.3239],[142.4088,-32.4052],[142.3855,-32.5243],[142.3923,-32.7884],[142.3721,-32.8903],[142.3993,-33.0002],[142.3215,-33.083],[142.3015,-33.1909],[142.3857,-33.2255],[142.587,-33.413],[142.5336,-33.5449],[142.4675,-33.5756],[142.3982,-33.6963],[142.1822,-33.8014],[142.0305,-33.8183],[141.981,-33.966],[141.9146,-34.0124],[141.9263,-34.1169]]},"properties":{"name":"Darling","scalerank":3,"min_zoom":3}},
{"type":"Feature","geometry":{"type":"LineString","coordinates":[[-3.6907,52.529],[-3.51,52.4523],[-3.4211,52.5107],[-3.2276,52.545],[-3.0736,52.7271],[-2.7913,52.7423],[-2.6066,52.6332],[-2.4534,52.6098],[-2.4342,52.522],[-2.272,52.322],[-2.2318,52.0948],[-2.1533,51.9903],[-2.3913,51.7778]]},"properties":{"name":"Severn","scalerank":8,"min_zoom":7}},
{"type":"Feature","geometry":{"type":"LineString","coordinates":[[25.6729,46.6354],[25.5166,46.6701],[25.4467,46.7303],[25.4399,46.8852],[25.1764,46.9676],[24.9155,46.9713],[24.8018,46.8955],[24.6115,46.6346],[24.4546,46.5065],[24.26,46.4623],[24.1584,46.4877],[23.74,46.3623],[23.7488,46.3084],[23.6953,46.1392],[23.5723,46.0321],[23.3196,45.9631],[23.0908,45.869],[22.87,45.9446],[22.4939,45.9619],[22.3958,46.0223],[22.1354,46.0168],[21.9861,46.1109],[21.6663,46.1061],[21.4238,46.1501],[21.3184,46.1972],[21.167,46.1651],[21.0002,46.1668],[20.874,46.0808],[20.7721,46.1368],[20.6026,46.1418],[20.4019,46.2145],[20.1807,46.2593]]},"properties":{"name":"Mures","scalerank":8,"min_zoom":7}},
{"type":"Feature","geometry":{"type":"LineString","coordinates":[[19.3589,44.9012],[19.3279,44.7342],[19.1294,44.5186],[19.1067,44.3829],[19.1765,44.2872],[19.3239,44.2642],[19.3618,44.1915],[19.6184,44.036],[19.5518,43.9837],[19.3642,43.9736],[19.2516,44.0078],[19.2031,43.9462],[19.2145,43.8625],[19.2753,43.7667],[19.1455,43.686],[19.0076,43.6783],[18.9478,43.6236],[18.8056,43.5703],[18.7524,43.4498],[18.8393,43.3481],[18.8986,43.3521],[19.0178,43.2415],[19.1906,43.209],[19.3639,43.1121],[19.388,43.0471],[19.5628,42.9666],[19.518,42.8343],[19.5385,42.7494]]},"properties":{"name":"Drina","scalerank":8,"min_zoom":7}},
{"type":"Feature","geometry":{"type":"LineString","coordinates":[[104.065,34.9863],[104.0718,35.0272],[104.2341,35.1392],[104.4386,35.1092],[104.5925,35.058],[104.7205,34.9791],[104.75,34.8369],[104.8865,34.7579],[104.9876,34.7547],[105.0668,34.7945],[105.2398,34.7522],[105.3877,34.7535],[105.6275,34.7144],[105.8334,34.6157],[105.8706,34.5648],[106.0217,34.5685],[106.1417,34.5338],[106.4981,34.5201],[106.6139,34.4586],[106.6763,34.3824],[106.8091,34.3736],[106.992,34.4019],[107.0734,34.3693],[107.4548,34.3406],[107.5532,34.3004],[107.6712,34.3101],[107.817,34.2464],[108.0876,34.239],[108.2764,34.2042],[108.4484,34.2088],[108.6118,34.2456],[108.6909,34.3079],[108.8424,34.3824],[109.0542,34.4519],[109.2231,34.4366],[109.2664,34.5276],[109.4034,34.5543],[109.5833,34.5117],[109.6617,34.5829],[109.794,34.6225],[109.8696,34.6021],[109.9258,34.6412],[110.0835,34.6479],[110.2935,34.6232]]},"properties":{"name":"Wei","scalerank":8,"min_zoom":7}},
{"type":"Feature","geometry":{"type":"LineString","coordinates":[[85.638,61.314],[85.0903,61.2924],[84.8357,61.3907],[84.3132,61.4224],[84.1995,61.5012],[84.0715,61.4949],[83.7007,61.4318],[83.5956,61.3613],[82.8871,61.434],[82.7384,61.4777],[82.5405,61.4575],[82.3034,61.4957],[82.1572,61.4307],[81.6265,61.4058],[81.2081,61.3168],[81.0405,61.239],[80.759,61.1837],[80.352,61.1575],[80.2517,61.0676],[79.8882,61.0473],[79.718,60.9567],[79.5738,60.9509],[79.4009,60.9918],[79.0772,60.9931],[78.9448,60.9646],[78.6552,60.9919],[78.5628,60.9449],[78.4221,60.9643],[78.3201,61.0328],[78.3511,61.0832],[78.1812,61.1275],[78.0071,61.1226],[77.8184,61.0714],[77.7328,61.1168],[77.2246,61.0886],[77.0515,61.1396],[76.9291,61.0266],[76.9522,60.8958],[76.8059,60.8373]]},"properties":{"name":"Vakh","scalerank":8,"min_zoom":7}},
{"type":"Feature","geometry":{"type":"LineString","coordinates":[[91.1479,33.0708],[91.207,32.9537],[91.1758,32.8812],[91.2114,32.7986],[91.1025,32.6267],[90.9435,32.5537],[90.8043,32.5134],[90.6446,32.2626],[90.5737,32.2309],[90.48,32.2379],[90.0937,32.1971],[90.0177,32.2051],[89.8954,32.1612],[89.7809,32.1534],[89.6303,32.0808],[89.513,31.9949],[89.4019,31.9938],[89.3583,32.0648],[89.2805,32.0223],[89.1672,32.0256],[89.0747,32.0604],[88.9961,32.0384],[89.0022,31.9368]]},"properties":{"name":"Za’gya","scalerank":8,"min_zoom":7}},
{"type":"Feature","geometry":{"type":"LineString","coordinates":[[86.012,34.391],[86.0904,34.3637],[86.2402,34.3957],[86.3433,34.3681],[86.5501,34.378],[86.6187,34.4109],[86.9342,34.4268],[87.0294,34.5435],[87.1692,34.534],[87.1939,34.5692]]},"properties":{"name":null,"scalerank":8,"min_zoom":7}},
{"type":"Feature","geometry":{"type":"LineString","coordinates":[[90.6611,36.4063],[90.542,36.3883],[90.4469,36.416],[90.2844,36.4137],[90.0783,36.4752],[89.8115,36.5707],[89.7153,36.5894],[89.6642,36.7527],[89.7465,36.8543],[89.7494,37.0898],[89.823,37.2032],[89.9429,37.3042],[90.0503,37.3585],[90.0108,37.4392],[89.7363,37.5121],[89.6565,37.564]]},"properties":{"name":null,"scalerank":8,"min_zoom":7}},
{"type":"Feature","geometry":{"type":"LineString","coordinates":[[66.6119,34.63],[66.4082,34.6321],[66.3709,34.6704],[66.2324,34.664],[66.0567,34.6021],[65.9267,34.5995],[65.7915,34.5574],[65.6475,34.5438],[65.584,34.5754],[65.4501,34.5338],[65.3228,34.5493],[65.0776,34.5183],[65.0455,34.4805],[64.8589,34.4639],[64.7374,34.4308],[64.5662,34.4308],[64.2373,34.3762],[63.8022,34.3414],[63.6134,34.3488],[63.3757,34.3922],[63.2045,34.4028],[62.8941,34.2526],[62.627,34.2994],[62.2571,34.2741],[62.168,34.3079],[62.084,34.2945],[61.949,34.3566],[61.7293,34.3784],[61.5351,34.4171],[61.4317,34.4626],[61.2544,34.6259],[61.1292,34.6772],[61.065,34.815],[61.0712,34.9208],[61.1467,35.1024],[61.1011,35.1835],[61.1079,35.2783],[61.1946,35.3184],[61.19,35.3698],[61.2896,35.5484],[61.2314,35.6721],[61.2559,35.7697],[61.247,35.8764],[61.1736,36.0067],[61.2222,36.1177],[61.1519,36.4065],[61.1873,36.5653],[61.0847,36.8086],[60.9551,36.857],[60.8657,36.9731],[60.7974,37.0215],[60.7706,37.1035],[60.6943,37.2065],[60.6333,37.2397],[60.4917,37.4557],[60.5156,37.515],[60.4788,37.6281],[60.3379,37.8262],[60.3115,37.9327],[60.1325,38.1109]]},"properties":{"name":"Harirud","scalerank":8,"min_zoom":7}},
{"type":"Feature","geometry":{"type":"LineString","coordinates":[[81.5069,35.47],[81.4856,35.6019],[81.436,35.6129],[81.2297,35.578],[81.1157,35.6472],[81.0144,35.669],[80.9159,35.832],[80.8228,35.8731],[80.6925,35.8729],[80.5022,35.9515],[80.3877,35.9698],[80.1558,35.9668],[80.0042,36.0108],[79.9495,36.1131],[79.8362,36.1787],[79.7705,36.2514],[79.73,36.3808],[79.8043,36.513],[79.9221,36.5861],[79.8731,36.6835],[79.938,36.8105],[79.8999,36.9411],[79.9712,37.1553],[79.9342,37.303],[80.0151,37.4852],[80.3533,37.6723],[80.4142,37.7407],[80.4356,37.8331]]},"properties":{"name":"Yurungkax","scalerank":8,"min_zoom":7}},
{"type":"Feature","geometry":{"type":"LineString","coordinates":[[-64.6638,-15.8598],[-64.7388,-15.779],[-64.799,-15.5127],[-64.8534,-15.3753],[-64.9244,-15.3011],[-65.0138,-15.1043],[-64.984,-14.9599],[-65.0894,-14.7266],[-65.0038,-14.5856],[-64.9541,-14.3617],[-65.0406,-14.222],[-65.027,-14.1606],[-65.1776,-13.9204],[-65.2028,-13.8173],[-65.323,-13.7275],[-65.3116,-13.4912],[-65.2619,-13.4448],[-65.2309,-13.2475],[-65.195,-13.1974],[-65.1935,-13.1113],[-65.1086,-13.1081],[-65.1207,-13.0347],[-65.035,-12.9855],[-65.0451,-12.881],[-65.0113,-12.7907],[-65.0466,-12.7088],[-65.0736,-12.5658],[-65.1711,-12.4218],[-65.1305,-12.2709],[-65.1745,-12.1885],[-65.1007,-12.1044],[-65.1525,-12.0097],[-65.0804,-11.9351],[-65.0658,-11.9274],[-65.0001,-11.916]]},"properties":{"name":"Mamoré","scalerank":3,"min_zoom":3}},
{"type":"Feature","geometry":{"type":"LineString","coordinates":[[70.4712,39.4711],[70.329,39.4478],[70.1568,39.481],[69.9299,39.4506],[69.7654,39.4779],[69.3818,39.4295],[68.9287,39.4233],[68.8331,39.3885],[68.5469,39.42],[68.5042,39.4711],[68.313,39.4575],[68.0455,39.4916],[67.9058,39.4851],[67.7808,39.5325],[67.5872,39.5169],[67.4284,39.5468],[67.0608,39.6805],[66.7903,39.9203],[66.5527,39.9941],[66.1045,40.0528],[65.8784,40.0157],[65.6926,40.0687],[65.5534,40.1672],[65.0247,40.1905],[64.8297,40.1495],[64.7329,40.0376],[64.5571,39.969],[64.4526,39.9747],[64.3569,39.9146],[64.3164,39.8264],[64.0824,39.683],[63.9692,39.639],[63.8321,39.5355],[63.9168,39.402],[63.9277,39.3172],[63.8873,39.269],[63.6865,39.1895],[63.6681,39.1046]]},"properties":{"name":"Zarafshon","scalerank":8,"min_zoom":7}},
{"type":"Feature","geometry":{"type":"LineString","coordinates":[[108.115,37.2202],[108.2064,37.3184],[108.3067,37.3467],[108.4036,37.4317],[108.4502,37.6074],[108.6475,37.8797],[108.789,37.981],[108.9277,37.9879],[109.0982,38.0425],[109.3247,38.0562],[109.4615,38.0835],[109.6123,38.0399],[109.7503,38.0296],[109.8486,37.9669],[109.9373,37.9556]]},"properties":{"name":"Dali","scalerank":8,"min_zoom":7}},
{"type":"Feature","geometry":{"type":"LineString","coordinates":[[106.4184,35.4348],[106.5547,35.552],[106.6899,35.5542],[107.2786,35.3604],[107.3677,35.3494],[107.5532,35.3903],[107.6853,35.3682],[107.7471,35.3189],[107.9448,35.2554],[107.9384,35.1167],[108.0189,35.0961],[108.1494,35.0165],[108.1997,34.9454],[108.4303,34.8007],[108.6274,34.6136],[108.7934,34.5059],[109.071,34.47]]},"properties":{"name":"Jing","scalerank":8,"min_zoom":7}},
{"type":"Feature","geometry":{"type":"LineString","coordinates":[[94.316,32.6397],[94.2372,32.6881],[94.1586,32.8474],[93.9922,32.9046],[93.8342,32.9003],[93.7312,33.0028],[93.5168,33.1072],[93.377,33.2603],[93.2371,33.3433],[92.938,33.4703],[92.8189,33.5653],[92.762,33.708],[92.7374,33.8994],[92.7107,33.9715],[92.7789,34.0267],[92.9292,34.095]]},"properties":{"name":"Dam","scalerank":8,"min_zoom":7}},
{"type":"Feature","geometry":{"type":"LineString","coordinates":[[95.9871,21.8737],[96.1631,21.7754],[96.2395,21.8353],[96.38,21.704],[96.5118,21.7093],[96.5274,21.8045],[96.5942,21.8189],[96.752,21.9345],[96.7542,21.9944],[96.8949,21.9514],[96.9595,21.9714],[96.9749,22.1123],[96.9404,22.2536],[96.9807,22.2777],[97.149,22.2524],[97.2402,22.2211],[97.3314,22.2675],[97.3406,22.3203],[97.2422,22.5245],[97.2603,22.5956],[97.3888,22.6632],[97.2647,22.7955],[97.3799,22.9723],[97.3759,23.066],[97.4324,23.1103],[97.4522,23.201],[97.6373,23.2017],[97.801,23.2799],[98.0323,23.3272],[98.2892,23.3566]]},"properties":{"name":"Mytinge","scalerank":8,"min_zoom":7}},
{"type":"Feature","geometry":{"type":"LineString","coordinates":[[112.367,36.5759],[112.2918,36.398],[112.2322,36.1342],[112.3408,35.988],[112.3209,35.8149],[112.4352,35.6954],[112.5099,35.6643],[112.5361,35.5338],[112.517,35.4837],[112.6391,35.2523],[112.6531,35.1939],[112.7353,35.1205],[112.8052,35.1383],[112.9888,35.0928],[113.0288,35.0533],[113.1553,35.0477],[113.3346,35.097],[113.3872,35.0836],[113.3989,35.034],[113.4242,34.9922],[113.4516,34.9671]]},"properties":{"name":"Qin","scalerank":8,"min_zoom":7}},
{"type":"Feature","geometry":{"type":"LineString","coordinates":[[119.0411,27.7882],[118.9678,27.8536],[119.0973,28.0473],[119.2202,28.1217],[119.4107,28.1172],[119.5338,28.2138],[119.613,28.2049],[119.7726,28.3404],[119.832,28.4285],[119.9153,28.4151],[119.9761,28.3307],[120.0961,28.3065],[120.2896,28.145],[120.3792,28.1602],[120.5696,28.1134]]},"properties":{"name":"Ou","scalerank":8,"min_zoom":7}},
{"type":"Feature","geometry":{"type":"LineString","coordinates":[[79.5322,22.0139],[79.4585,22.1732],[79.5213,22.2515],[79.464,22.3187],[79.5396,22.3844],[79.5776,22.3537],[79.6921,22.4584],[79.8388,22.3792],[80.0617,22.3934],[80.0904,22.2498],[80.0369,22.1854],[80.1106,22.0008],[80.1697,21.9046],[80.1897,21.6542],[80.0803,21.5716],[79.927,21.5516],[79.8804,21.4426],[79.793,21.3734],[79.7481,21.2576],[79.6943,21.2354],[79.6749,21.1619],[79.5987,21.1045],[79.6454,20.9515],[79.6062,20.8798],[79.6887,20.7678],[79.8173,20.6913],[79.937,20.6496],[79.9236,20.5498],[79.9639,20.4012],[79.9439,20.3082],[79.9844,20.225],[79.938,20.1944],[79.9756,20.0479],[79.8849,19.9777],[79.8204,20.041],[79.7703,19.9799],[79.7983,19.9071],[79.7456,19.8187],[79.7979,19.607],[79.8638,19.5136],[79.9324,19.4803],[79.9717,19.3927],[79.9312,19.2493],[79.9439,19.1693],[79.8618,19.0811],[79.9336,19.0532],[79.9649,18.9354],[79.9169,18.8267]]},"properties":{"name":"Wainganga","scalerank":8,"min_zoom":7}},
{"type":"Feature","geometry":{"type":"LineString","coordinates":[[75.9832,40.4239],[75.9462,40.7032],[76.0272,40.7775],[76.1675,40.8586],[76.5185,40.9344],[76.6178,40.8894],[76.8904,40.8837],[77.0235,40.8509],[77.1659,40.8758],[77.3323,40.8559],[77.4249,40.7701],[77.5483,40.7686],[77.6684,40.8518],[77.9099,40.9074],[78.0764,40.8775],[78.4317,40.9662],[78.5772,40.9586],[78.7286,41.043],[78.9497,41.123],[79.0807,41.2281],[79.3062,41.3531],[79.398,41.3601],[79.4933,41.3017],[79.6409,41.2716],[79.7683,41.1732],[79.9484,41.1281],[80.043,41.1731]]},"properties":{"name":"Toxkan","scalerank":8,"min_zoom":7}},
{"type":"Feature","geometry":{"type":"LineString","coordinates":[[73.5421,24.8672],[73.669,24.9299],[73.8511,24.9686],[74.0486,25.0632],[74.1401,25.0426],[74.3101,25.0478],[74.4734,25.1788],[74.6596,25.2487],[75.0191,25.2488],[75.0549,25.2753],[75.0776,25.4759],[75.1891,25.581],[75.2834,25.7473],[75.3836,25.8781],[75.542,25.9639],[75.6269,25.9857],[75.6661,26.0573],[75.6537,26.1411],[75.7822,26.2158],[75.9428,26.1651],[76.0201,26.1101],[76.171,26.1763],[76.3157,26.2112],[76.3762,26.1909],[76.5814,26.2162],[76.6753,26.0867],[76.6599,25.997],[76.7395,25.9261]]},"properties":{"name":"Banas","scalerank":8,"min_zoom":7}},
{"type":"Feature","geometry":{"type":"LineString","coordinates":[[-79.0592,43.278],[-79.066,43.1061]]},"properties":{"name":"Niagara","scalerank":3,"min_zoom":3}},
{"type":"Feature","geometry":{"type":"LineString","coordinates":[[82.0635,19.7456],[82.2203,19.7519],[82.2907,19.7844],[82.4297,19.8967],[82.6458,19.8736],[82.9332,19.9326],[83.0221,19.9993],[83.0859,20.124],[83.208,20.1996],[83.4893,20.4539],[83.5484,20.4666],[83.7192,20.5967],[83.7197,20.6535],[83.8028,20.8078],[83.9514,20.8402]]},"properties":{"name":"Tel","scalerank":8,"min_zoom":7}},
{"type":"Feature","geometry":{"type":"LineString","coordinates":[[97.1482,29.4387],[97.1423,29.3928],[97.2426,29.11],[97.3279,29.0921],[97.3972,29.0225],[97.4907,28.8238],[97.4723,28.6892],[97.4355,28.6425],[97.1401,28.585],[97.084,28.5276]]},"properties":{"name":"Zayü","scalerank":8,"min_zoom":7}},
{"type":"Feature","geometry":{"type":"LineString","coordinates":[[-5.0771,42.9558],[-5.1343,42.914],[-5.1314,42.7923],[-5.2213,42.6348],[-5.3384,42.5422],[-5.5206,42.4596],[-5.5631,42.3644],[-5.5332,42.2705],[-5.598,42.021],[-5.7745,41.8698],[-5.8202,41.7823],[-5.8028,41.7163],[-5.963,41.5975],[-5.9825,41.5135],[-6.0352,41.4908]]},"properties":{"name":"Esla","scalerank":8,"min_zoom":7}},
{"type":"Feature","geometry":{"type":"LineString","coordinates":[[112.9484,37.069],[112.8814,36.8344],[113.0234,36.805],[113.0455,36.7393],[113.2332,36.5623],[113.2472,36.5238],[113.3793,36.4218],[113.4052,36.3745],[113.5641,36.3723],[113.6741,36.3423],[113.989,36.3589],[114.0478,36.3118],[114.1205,36.3443],[114.2374,36.253],[114.4423,36.2537],[114.5596,36.2028],[114.6731,36.1917],[114.7851,36.2295],[115.0917,36.2928],[115.2388,36.3738],[115.3414,36.5997],[115.4776,36.7535],[115.6261,36.7935],[115.6806,36.8428]]},"properties":{"name":"Zhang","scalerank":8,"min_zoom":7}},
{"type":"Feature","geometry":{"type":"MultiLineString","coordinates":[[[106.1554,50.254],[106.1944,50.1852],[106.1121,50.044],[106.1584,49.8957],[105.9892,49.7399],[105.9015,49.6984],[105.7442,49.5697],[105.5522,49.3701],[105.5168,49.288],[105.3214,49.122],[105.183,49.158],[105.0706,49.04],[104.957,48.9722]],[[101.509,47.0219],[101.5758,46.9493],[101.666,46.9156],[101.7217,46.8251],[101.8181,46.8071],[102.0426,46.821],[102.4649,46.9475],[102.6536,47.0281],[102.7896,47.1656],[102.7906,47.2962],[102.7232,47.3785],[102.6952,47.5048],[102.5862,47.6387],[102.6465,47.7614],[102.5676,48.0134],[102.6331,48.3152],[102.5982,48.4305],[102.6152,48.5314],[102.6956,48.5904],[102.9229,48.658],[103.0216,48.6691],[103.1819,48.5741],[103.2915,48.5483],[103.4412,48.6017],[103.5343,48.5965],[103.5921,48.678],[103.7267,48.6618],[103.7636,48.7217],[103.997,48.6487],[104.3766,48.6813],[104.4937,48.7236],[104.8018,48.9481],[104.9631,48.9722]]]},"properties":{"name":"Orhon","scalerank":8,"min_zoom":7}},
{"type":"Feature","geometry":{"type":"LineString","coordinates":[[121.3958,16.0999],[121.5222,16.1175],[121.6586,16.2496],[121.6701,16.3089],[121.7402,16.3662],[121.7544,16.5213],[121.6793,16.5748],[121.6567,16.6754],[121.7691,16.742],[121.8272,16.878],[121.8359,17.0822],[121.8818,17.1638],[121.8203,17.2171],[121.7466,17.4371],[121.7799,17.5187],[121.6817,17.6242],[121.7387,17.6729],[121.7046,17.8463],[121.6529,17.8574],[121.6465,17.9506],[121.6012,18.0035],[121.6608,18.1142],[121.6666,18.2715],[121.6422,18.314]]},"properties":{"name":"Cagayan","scalerank":8,"min_zoom":7}},
{"type":"Feature","geometry":{"type":"LineString","coordinates":[[146.2916,-42.264],[146.4033,-42.3167],[146.4865,-42.3984],[146.6199,-42.4404],[146.6682,-42.4963],[146.815,-42.5801],[146.958,-42.7263],[147.1221,-42.7876],[147.2024,-42.7458],[147.2779,-42.7787]]},"properties":{"name":"Derwent","scalerank":8,"min_zoom":7}},
{"type":"Feature","geometry":{"type":"LineString","coordinates":[[77.9037,13.244],[78.1584,13.2153],[78.2423,13.1613],[78.3941,12.9143],[78.3951,12.8042],[78.4277,12.7269],[78.4956,12.6762],[78.5613,12.6835],[78.6467,12.7411],[78.7129,12.8253],[78.8789,12.913],[78.9634,12.9337],[79.1212,12.9365],[79.25,12.9593],[79.3862,12.8783],[79.5206,12.8618],[79.7616,12.7766],[79.9129,12.751],[79.9635,12.6883],[79.9702,12.5731],[80.0478,12.5034],[80.1495,12.4622]]},"properties":{"name":"Palar","scalerank":8,"min_zoom":7}},
{"type":"Feature","geometry":{"type":"LineString","coordinates":[[114.1624,66.9354],[114.2555,66.887],[114.6248,66.8535],[115,66.8488],[115.4214,66.7154],[115.6057,66.6389],[115.8735,66.5663],[116.1051,66.5587],[116.2644,66.5899],[116.9617,66.6139],[117.0305,66.6412],[117.46,66.6307],[117.5806,66.6494],[118.0237,66.6197],[118.5034,66.5177],[118.7305,66.5037],[118.8372,66.4519],[119.0973,66.4283],[119.2851,66.3411],[119.3661,66.2307],[119.5865,66.2024],[119.7559,66.1438],[119.677,65.905],[119.5175,65.8485],[119.4246,65.7022],[119.1688,65.5251],[119.3445,65.4046],[119.3123,65.3323],[119.427,65.2538],[119.4105,65.148],[119.5247,65.0983],[119.8783,65.0364],[119.936,64.9532],[119.9117,64.7508],[119.8622,64.7255],[120.0143,64.5753],[120.3067,64.4727],[120.3741,64.3294],[120.4961,64.2239],[120.7174,64.1716],[120.8545,64.1726],[121.2774,64.2938],[121.3816,64.1133],[121.5118,63.9625],[121.4363,63.8359],[121.4982,63.7949]]},"properties":{"name":"Tyung","scalerank":8,"min_zoom":7}},
{"type":"Feature","geometry":{"type":"LineString","coordinates":[[130.2623,64.9532],[130.5504,64.9532],[130.7764,65.0493],[130.8119,65.1087],[131.0844,65.2144],[131.1701,65.3125],[131.4185,65.4118],[131.6786,65.5777],[131.7433,65.8023],[131.5796,66.0157],[131.4576,66.0592],[131.3523,66.1761],[131.3796,66.2485],[131.5447,66.4038],[131.771,66.4681],[131.819,66.6091],[131.7773,66.7092],[131.6418,66.7634],[131.9209,66.9604],[131.9417,67.0244],[132.1679,67.1658],[132.1958,67.2477],[132.6187,67.4879],[132.9524,67.5392],[133.2162,67.4811]]},"properties":{"name":"Dulgalakh","scalerank":8,"min_zoom":7}},
{"type":"Feature","geometry":{"type":"LineString","coordinates":[[-82.4172,43.0174],[-82.4861,42.8187],[-82.512,42.6469],[-82.5766,42.572],[-82.6451,42.5581]]},"properties":{"name":"St. Clair","scalerank":3,"min_zoom":3}},
{"type":"Feature","geometry":{"type":"MultiLineString","coordinates":[[[-106.4056,48.0203],[-106.5573,47.8412],[-106.7276,47.764],[-106.8448,47.7574],[-106.9299,47.688],[-107.1969,47.6756],[-107.3481,47.7108],[-107.4516,47.6353],[-107.5534,47.6626],[-107.6775,47.6353],[-107.8215,47.5448],[-107.9953,47.6055],[-108.1008,47.6068],[-108.1964,47.6016]],[[-101.4001,47.5058],[-101.3996,47.5062],[-101.418,47.5632],[-101.537,47.5634],[-101.668,47.528],[-101.8837,47.522],[-101.9808,47.5397],[-102.2662,47.6429],[-102.2427,47.6998],[-102.3133,47.8061],[-102.4414,47.7792],[-102.64,47.8389],[-102.6222,47.9488],[-102.5655,48.0189],[-102.779,48.1306],[-102.9677,48.1604],[-103.1539,48.1579],[-103.2867,48.0614],[-103.5084,48.0362],[-103.5511,48.1281],[-103.6778,48.1082],[-103.7712,48.029]],[[-100.7772,46.7133],[-100.5748,46.5734],[-100.5843,46.4312],[-100.5495,46.3331],[-100.5731,46.2139],[-100.6352,46.1506],[-100.593,46.0526],[-100.4999,45.9396],[-100.4112,45.8809],[-100.321,45.7128],[-100.4114,45.6609],[-100.4827,45.5731],[-100.3571,45.4852],[-100.2896,45.3867],[-100.3174,45.33],[-100.2801,45.2556],[-100.3287,45.0926],[-100.4272,44.975],[-100.4134,44.8807],[-100.5843,44.7727],[-100.6711,44.831],[-100.7225,44.7812],[-100.6364,44.7093],[-100.6439,44.615],[-100.5458,44.5541],[-100.5577,44.4703],[-100.3931,44.4449],[-100.3927,44.4438]],[[-111.5157,46.3625],[-111.5685,46.5353],[-111.6973,46.6616]],[[-99.3649,43.9909],[-99.3644,43.9906],[-99.3152,43.8616],[-99.4139,43.7852],[-99.468,43.6854],[-99.3636,43.6418],[-99.297,43.5466],[-99.2808,43.4614],[-99.1418,43.4117],[-99.0021,43.277],[-98.92,43.2545],[-98.8561,43.1667],[-98.6965,43.0902],[-98.5597,43.0599]]]},"properties":{"name":"Missouri","scalerank":1,"min_zoom":2}},
{"type":"Feature","geometry":{"type":"MultiLineString","coordinates":[[[-106.4058,48.0208],[-106.3536,48.0703],[-105.9123,48.0204],[-105.823,48.0201],[-105.478,48.1058],[-104.9581,48.0932],[-104.8772,48.1541],[-104.7092,48.1225],[-104.5689,48.1436],[-104.4181,48.13],[-104.317,48.0738],[-104.0818,48.0474],[-104.0348,48.0133],[-103.8554,47.9832],[-103.7723,48.0273]],[[-101.3996,47.5062],[-101.4179,47.4348],[-101.3386,47.2934],[-101.2142,47.2459],[-101.1489,47.307],[-100.9745,47.2486],[-100.9825,47.1644],[-100.892,47.0568],[-100.9288,46.9883],[-100.8942,46.8824],[-100.8168,46.8346],[-100.7772,46.7137]],[[-111.6988,46.6627],[-111.921,46.8242],[-111.892,46.8644],[-111.9404,46.9733],[-112.0002,47.0217],[-111.9296,47.1275],[-111.8274,47.1617],[-111.6873,47.2828],[-111.4697,47.4239],[-111.2755,47.4262],[-111.2877,47.528],[-111.0863,47.5805],[-110.9056,47.7757],[-110.786,47.7718],[-110.4732,47.8924],[-110.4482,47.9505],[-110.188,48.0547],[-110.1091,48.0172],[-110.048,47.9156],[-110.0488,47.8431],[-109.8323,47.7348],[-109.7051,47.7264],[-109.5334,47.7674],[-109.3877,47.7532],[-109.2632,47.8089],[-109.1188,47.7904],[-108.9407,47.814],[-108.751,47.6637],[-108.6481,47.6346],[-108.4886,47.6291],[-108.3001,47.5795],[-108.28,47.5946],[-108.1906,47.6018]],[[-100.3931,44.4449],[-100.3585,44.3721],[-100.2825,44.34],[-100.1261,44.3271],[-99.9165,44.2641],[-99.9404,44.1858],[-99.8641,44.1271],[-99.6249,44.1085],[-99.4451,44.0445],[-99.3644,43.9906]],[[-98.5521,43.0571],[-98.4543,42.9746],[-98.243,42.8724],[-98.007,42.784],[-97.942,42.7883],[-97.8389,42.8714],[-97.6613,42.854],[-97.3013,42.887],[-97.1273,42.7895],[-96.857,42.74],[-96.7994,42.6867],[-96.7089,42.6774],[-96.6937,42.6151],[-96.6114,42.5342],[-96.4385,42.5128],[-96.3836,42.4553],[-96.4023,42.3689],[-96.3424,42.3001],[-96.3514,42.2056],[-96.2657,42.1195],[-96.2604,42.0578],[-96.1544,41.9877],[-96.1331,41.866],[-96.0643,41.7958],[-96.102,41.647],[-96.0823,41.5498],[-95.931,41.4649],[-95.9581,41.3384],[-95.8793,41.3179],[-95.9239,41.2076],[-95.8761,41.1671],[-95.87,41.0504],[-95.8383,40.9822],[-95.8277,40.794],[-95.8695,40.7288],[-95.7731,40.6606],[-95.7683,40.5487],[-95.6963,40.5182],[-95.6291,40.3453],[-95.4039,40.1141],[-95.4084,40.0335],[-95.3443,40.0192],[-95.1909,39.9064],[-95.0679,39.8655],[-95.0019,39.9028],[-94.8824,39.8208],[-95.0378,39.6558],[-95.0989,39.5301],[-94.9087,39.367],[-94.8297,39.2172],[-94.6126,39.1527],[-94.6006,39.1179],[-94.4647,39.1244],[-94.2531,39.2231],[-94.0851,39.1356],[-93.9228,39.166],[-93.8802,39.2027],[-93.7194,39.2062],[-93.6041,39.2417],[-93.5022,39.2337],[-93.2352,39.3306],[-93.2083,39.3994],[-92.9912,39.3162],[-92.9372,39.2342],[-92.8621,39.2035],[-92.9427,39.1213],[-92.9248,39.0297],[-92.8199,38.9674],[-92.6212,38.9742],[-92.5077,38.923],[-92.3544,38.6758],[-92.2471,38.6481],[-92.1551,38.577],[-92.0287,38.5716],[-91.8603,38.6726],[-91.7122,38.7059],[-91.5841,38.6756],[-91.4962,38.7047],[-91.3395,38.7073],[-91.2456,38.6368],[-91.0551,38.5989],[-90.9801,38.5428],[-90.7935,38.5955],[-90.6922,38.6818],[-90.5672,38.6802],[-90.4629,38.8184],[-90.3494,38.8862],[-90.2203,38.8286],[-90.1331,38.819]]]},"properties":{"name":"Missouri","scalerank":1,"min_zoom":2}},
{"type":"Feature","geometry":{"type":"LineString","coordinates":[[165.4715,65.2155],[165.3828,65.0504],[165.2901,65.0177],[165.1021,65.0579],[164.6588,65.3127],[164.4354,65.3289],[163.8078,65.4894],[163.5964,65.6396],[163.0859,65.6133],[162.9654,65.6712],[162.7583,65.6964],[162.4181,65.6859],[161.6891,65.7431],[161.5455,65.8215],[161.1957,65.8883],[160.9838,65.9779],[160.7563,66.0297],[160.7027,66.08],[160.3498,66.2471],[160.1782,66.2674],[159.7321,66.4545],[159.4075,66.4875]]},"properties":{"name":"Oloy","scalerank":8,"min_zoom":7}},
{"type":"Feature","geometry":{"type":"LineString","coordinates":[[47.6332,30.6824],[47.6935,30.5947],[47.7629,30.5732]]},"properties":{"name":null,"scalerank":8,"min_zoom":7}},
{"type":"Feature","geometry":{"type":"LineString","coordinates":[[-106.8253,26.5279],[-106.9642,26.6535],[-107.0484,26.6773],[-107.264,26.641],[-107.4366,26.7469],[-107.5038,26.7388],[-107.8214,26.8436],[-107.9465,26.9449]]},"properties":{"name":"San Miguel","scalerank":8,"min_zoom":7}},
{"type":"Feature","geometry":{"type":"LineString","coordinates":[[-87.8447,41.0952],[-88.0152,41.2082],[-88.1495,41.2579],[-88.1604,41.3037],[-88.3009,41.4025],[-88.5962,41.3063],[-88.8519,41.3446],[-88.8966,41.3248],[-89.3451,41.3113],[-89.3657,41.2242],[-89.3453,41.1329],[-89.4105,41.0743],[-89.575,40.8221],[-89.5552,40.7313],[-89.6916,40.5624],[-89.8734,40.5325],[-89.9412,40.4341],[-90.0484,40.3665],[-90.0714,40.3155],[-90.2222,40.1628],[-90.3776,40.1256],[-90.5971,39.8717],[-90.5867,39.8296],[-90.6481,39.6663],[-90.5835,39.5384],[-90.6289,39.4197],[-90.612,39.1131],[-90.5474,38.9619],[-90.4791,38.9588]]},"properties":{"name":"Illinois","scalerank":8,"min_zoom":7}},
{"type":"Feature","geometry":{"type":"LineString","coordinates":[[29.3147,69.2312],[29.3145,69.319]]},"properties":{"name":"Patsoyoki","scalerank":8,"min_zoom":7}},
{"type":"Feature","geometry":{"type":"MultiLineString","coordinates":[[[29.3145,69.319],[29.5709,69.3354],[29.8247,69.4211],[30.0918,69.4669],[30.1773,69.5604],[30.1145,69.7062]],[[28.4111,68.8995],[29.0641,69.035],[29.24,69.1153],[29.3147,69.2312]]]},"properties":{"name":"Patsoyoki","scalerank":8,"min_zoom":7}},
{"type":"Feature","geometry":{"type":"LineString","coordinates":[[20.8062,9.4235],[20.7661,9.3867],[20.4956,9.2711],[20.5126,9.2241],[20.4347,9.1383],[20.3589,9.1166],[20.169,9.121],[20.0681,9.1383],[19.8889,9.0465],[19.8051,9.0513],[19.6995,9.0208],[19.3689,9.0006],[19.2627,9.0284],[19.1682,9.0024],[19.1001,9.0154],[19.0214,8.9854],[18.8923,8.8981],[18.886,8.836]]},"properties":{"name":"Bahr Aouk","scalerank":8,"min_zoom":7}},
{"type":"Feature","geometry":{"type":"LineString","coordinates":[[29.8095,-11.4269],[29.8301,-11.4823],[29.7704,-11.6813],[29.7991,-11.7083],[29.7815,-11.7565],[29.7895,-11.9004]]},"properties":{"name":null,"scalerank":8,"min_zoom":7}},
{"type":"Feature","geometry":{"type":"LineString","coordinates":[[102.6119,16.7716],[102.7014,16.7374],[102.8247,16.7293],[102.8316,16.6449],[102.8862,16.5872],[102.8931,16.4835],[102.9409,16.3812]]},"properties":{"name":null,"scalerank":8,"min_zoom":7}},
{"type":"Feature","geometry":{"type":"LineString","coordinates":[[116.6144,41.9079],[116.5411,41.8587],[116.4756,41.7499],[116.5425,41.649],[116.7644,41.6711],[116.9514,41.6264],[117.2271,41.5365],[117.2551,41.3922],[117.3397,41.3599],[117.3447,41.2448],[117.4824,41.1745],[117.4824,41.0852],[117.5287,40.9913],[117.709,40.9548],[117.8887,40.8649],[118.0449,40.8449],[118.1255,40.7728],[118.2488,40.488],[118.2603,40.3727],[118.3342,40.1473],[118.5678,40.1464],[118.6597,39.965],[118.7412,39.958],[118.8074,39.8483],[118.7573,39.6837],[118.8623,39.5937],[118.9734,39.5434],[119.0317,39.467],[119.0966,39.4813],[119.2575,39.4124]]},"properties":{"name":"Luan","scalerank":8,"min_zoom":7}},
{"type":"Feature","geometry":{"type":"LineString","coordinates":[[-73.3249,45.078],[-73.2654,45.1314],[-73.2432,45.2665],[-73.2687,45.4908],[-73.1949,45.6238],[-73.2017,45.7368],[-73.1594,45.8284],[-73.1527,45.9606],[-73.1117,46.06]]},"properties":{"name":"Richelieu","scalerank":8,"min_zoom":7}},
{"type":"Feature","geometry":{"type":"LineString","coordinates":[[-65.0187,-11.8935],[-65.0663,-11.7529],[-65.1388,-11.7152],[-65.1969,-11.7416],[-65.1962,-11.5921],[-65.2235,-11.5173],[-65.2932,-11.5046],[-65.3537,-11.3905],[-65.3752,-11.2957],[-65.3607,-11.2187],[-65.3955,-11.1533],[-65.3418,-11.1065],[-65.3038,-10.9907],[-65.3197,-10.8652],[-65.4054,-10.7992],[-65.3818,-10.6979],[-65.4364,-10.6257],[-65.4507,-10.4679],[-65.3955,-10.3923]]},"properties":{"name":"Guaporé","scalerank":3,"min_zoom":3}},
{"type":"Feature","geometry":{"type":"LineString","coordinates":[[117.941,70.4282],[117.9804,70.5665],[117.7353,70.7431],[117.3663,70.723],[117.1272,70.7401],[116.8533,70.9303],[117.1323,71.1483],[117.0305,71.2984],[116.9024,71.3759],[116.0066,71.512],[115.9011,71.4791],[115.3702,71.4999],[115.2569,71.5773],[114.6607,71.7013],[114.5629,71.7679],[114.3578,71.7392],[114.2013,71.7767]]},"properties":{"name":"Udzha","scalerank":8,"min_zoom":7}},
{"type":"Feature","geometry":{"type":"LineString","coordinates":[[43.4666,40.7978],[43.6521,40.7047],[43.7066,40.6122],[43.6521,40.5296],[43.5631,40.4649],[43.6248,40.4204],[43.5938,40.3457],[43.6755,40.2662],[43.7114,40.1567],[43.665,40.1104],[43.9116,40.0245],[44.032,40.0089],[44.2548,40.0436],[44.4639,39.9725],[44.567,39.8733],[44.7587,39.7233],[44.8092,39.6372],[44.886,39.6061],[44.9566,39.4348],[45.0512,39.3871],[45.1784,39.2201],[45.3477,39.1641],[45.4382,39.0045],[45.5305,38.9695],[45.7164,38.955],[46.1256,38.8629],[46.304,38.9165],[46.3914,38.9226],[46.4956,38.8863],[46.5849,38.9079],[46.6384,38.9797],[46.7444,39.0405],[46.8657,39.1656],[47.02,39.1902],[47.1017,39.3087],[47.2907,39.3798],[47.3738,39.4558],[47.5536,39.5222],[47.6065,39.5638],[47.8464,39.6855],[47.9752,39.7215],[48.003,39.8034],[48.1143,39.8812],[48.2428,39.8928],[48.4688,40.0225]]},"properties":{"name":"Aras","scalerank":8,"min_zoom":7}},
{"type":"Feature","geometry":{"type":"LineString","coordinates":[[-81.1599,38.1484],[-81.2509,38.1343],[-81.3824,38.2132],[-81.4894,38.2066],[-81.5843,38.3353],[-81.813,38.4016],[-81.8138,38.4764],[-81.9975,38.5952],[-81.9523,38.7093],[-81.9876,38.7696],[-82.1502,38.8445]]},"properties":{"name":"Kanawha","scalerank":8,"min_zoom":7}},
{"type":"Feature","geometry":{"type":"LineString","coordinates":[[-94.2445,38.0331],[-94.1603,38.0653],[-93.9882,38.0021],[-93.7539,38.0198],[-93.6286,38.0978],[-93.6348,38.1797],[-93.558,38.1843],[-93.33,38.2678],[-93.217,38.2617],[-93.121,38.2248],[-93.0599,38.2696],[-92.9973,38.2132],[-92.7755,38.0978],[-92.7639,38.2097],[-92.6957,38.2206],[-92.5182,38.1927],[-92.4263,38.2711],[-92.34,38.2542],[-92.255,38.4043],[-92.1347,38.3942],[-92.0255,38.4932],[-92.0362,38.5687]]},"properties":{"name":"Osage","scalerank":8,"min_zoom":7}},
{"type":"Feature","geometry":{"type":"LineString","coordinates":[[-107.8973,44.1627],[-107.9105,44.2449],[-107.995,44.3527],[-108.0321,44.5059],[-108.1637,44.749],[-108.1699,44.9088],[-108.2428,45.0145],[-108.1603,45.1685],[-108.0749,45.2591],[-107.7921,45.3826],[-107.6505,45.6365],[-107.5862,45.6727],[-107.546,45.7679],[-107.5543,45.9512],[-107.4873,46.0105],[-107.4416,46.1742]]},"properties":{"name":"Bighorn","scalerank":8,"min_zoom":7}},
{"type":"Feature","geometry":{"type":"LineString","coordinates":[[-88.0021,44.5455],[-88.1871,44.3196],[-88.4045,44.2615],[-88.462,44.2233]]},"properties":{"name":"Fox","scalerank":8,"min_zoom":7}},
{"type":"Feature","geometry":{"type":"LineString","coordinates":[[-91.0174,30.1269],[-91.0447,30.0145],[-90.9753,29.883],[-90.8989,29.8234],[-90.7915,29.8054],[-90.736,29.7625],[-90.6264,29.744],[-90.4842,29.6112],[-90.3601,29.572],[-90.2208,29.3155],[-90.2117,29.1322],[-90.1617,29.1189]]},"properties":{"name":"Bayou Lafourche","scalerank":8,"min_zoom":7}},
{"type":"Feature","geometry":{"type":"LineString","coordinates":[[-106.2797,57.7227],[-106.3116,57.829],[-106.2032,57.9698],[-105.9947,58.0455],[-105.9071,58.1248],[-105.9076,58.2238],[-105.7767,58.3362],[-105.724,58.4564],[-105.788,58.4935],[-105.7354,58.6636],[-105.6597,58.7613],[-105.52,58.827],[-105.3905,58.8271],[-105.2296,58.9067],[-105.155,59.0117]]},"properties":{"name":"Cree","scalerank":8,"min_zoom":7}},
{"type":"Feature","geometry":{"type":"LineString","coordinates":[[-111.2667,66.0294],[-111.0922,66.163],[-110.8706,66.1854],[-110.651,66.241],[-110.288,66.2513],[-110.088,66.3236],[-110.0565,66.4075],[-109.9148,66.4583],[-109.6329,66.3781],[-109.3758,66.3776],[-109.141,66.4834],[-108.8858,66.6287],[-108.8964,66.7072],[-108.5652,66.8799],[-108.2316,66.8511]]},"properties":{"name":"Burnside","scalerank":8,"min_zoom":7}},
{"type":"Feature","geometry":{"type":"LineString","coordinates":[[-114.76,55.3229],[-114.5427,55.3039],[-114.1424,55.2356],[-114.0425,55.1679]]},"properties":{"name":null,"scalerank":8,"min_zoom":7}},
{"type":"Feature","geometry":{"type":"LineString","coordinates":[[-65.3955,-10.3923],[-65.3285,-10.3141],[-65.2888,-10.2162],[-65.3249,-10.0463],[-65.3341,-9.9267],[-65.3052,-9.8256],[-65.3712,-9.7105],[-65.4432,-9.6797],[-65.3308,-9.5291],[-65.1587,-9.5916],[-65.0433,-9.5776],[-64.9398,-9.5978],[-64.8139,-9.4995],[-64.8351,-9.3923],[-64.7594,-9.373],[-64.6134,-9.2415],[-64.5895,-9.1862],[-64.5123,-9.1522],[-64.4321,-9.1904],[-64.3676,-9.1794],[-64.2608,-9.0148],[-64.0827,-8.9634],[-64.0864,-8.892],[-63.922,-8.7583],[-63.9174,-8.6557],[-63.668,-8.5478],[-63.56,-8.5839],[-63.5704,-8.4828],[-63.4696,-8.4154],[-63.395,-8.3093],[-63.3598,-8.2181],[-63.3056,-8.1652],[-63.2123,-8.2243],[-63.0356,-8.1515],[-62.8876,-8.0339],[-62.8661,-8.0008],[-62.8614,-7.9819],[-62.86,-7.9157],[-62.9146,-7.8574],[-62.9049,-7.7914],[-62.931,-7.6208],[-63.0112,-7.5208],[-63.0108,-7.4321],[-62.9483,-7.3383],[-62.9164,-7.1839],[-62.8798,-7.1244],[-62.8571,-7.0095],[-62.7631,-7.0008],[-62.6949,-6.9631],[-62.6641,-6.8727],[-62.5788,-6.7674],[-62.3794,-6.747],[-62.3403,-6.6898],[-62.3789,-6.5805],[-62.3175,-6.5195],[-62.2572,-6.4111],[-62.2262,-6.2337],[-62.1276,-6.1939],[-61.9215,-6.2597],[-61.8533,-6.2417],[-61.827,-6.1288],[-61.668,-5.9965],[-61.6804,-5.936],[-61.6007,-5.8329],[-61.4957,-5.8648],[-61.3898,-5.8011],[-61.3308,-5.8368],[-61.2831,-5.7839],[-61.2424,-5.6576],[-61.139,-5.6255],[-61.0726,-5.5716],[-60.9756,-5.603],[-60.8179,-5.4994],[-60.7391,-5.4863],[-60.7344,-5.3627],[-60.6885,-5.3127],[-60.5987,-5.2909],[-60.4254,-5.1758],[-60.2768,-5.0248],[-60.2047,-4.9103],[-60.0721,-4.9199],[-59.9309,-4.8285],[-59.931,-4.6762],[-59.8583,-4.5547],[-59.8221,-4.4501],[-59.6976,-4.3316],[-59.6113,-4.3759],[-59.5279,-4.2968],[-59.4005,-4.2407],[-59.3443,-4.0532],[-59.3107,-3.9902],[-59.1178,-3.8757],[-59.0678,-3.8144],[-59.0911,-3.7181],[-59.0718,-3.6571],[-58.9431,-3.5838],[-58.8676,-3.4984],[-58.7929,-3.4527],[-58.7679,-3.3959],[-58.7071,-3.342]]},"properties":{"name":"Madeira","scalerank":3,"min_zoom":3}},
{"type":"Feature","geometry":{"type":"LineString","coordinates":[[-73.3582,59.2856],[-73.0902,59.2014],[-72.7995,59.2037],[-72.6869,59.2565],[-72.748,59.3749],[-72.7408,59.5525],[-72.7018,59.6697],[-72.5768,59.7449],[-72.5752,59.8061],[-72.4569,59.9395],[-72.0456,59.9629],[-71.8607,60.0277],[-71.5341,60.0723],[-71.2563,60.0511],[-71.035,60.0665]]},"properties":{"name":"Arnaud","scalerank":8,"min_zoom":7}},
{"type":"Feature","geometry":{"type":"LineString","coordinates":[[-80.0184,46.1494],[-80.2045,46.1],[-80.4707,46.0804],[-80.5543,46.0413],[-80.8626,46.0272],[-80.979,45.9508]]},"properties":{"name":"French","scalerank":8,"min_zoom":7}},
{"type":"Feature","geometry":{"type":"LineString","coordinates":[[-94.0941,54.8725],[-94.0626,54.9522],[-93.8841,55.0405],[-93.772,55.0643],[-93.6297,55.1389],[-93.5926,55.225],[-93.4824,55.2929],[-93.3065,55.3176],[-92.8668,55.3365],[-92.7175,55.366],[-92.5257,55.3387],[-92.3674,55.3933],[-92.328,55.4621],[-92.1952,55.4918],[-92.1665,55.6548],[-92.1651,55.8284],[-92.107,55.866],[-92.2712,55.9898],[-92.4096,56.0517],[-92.505,56.1608],[-92.7204,56.2291],[-92.8537,56.3485]]},"properties":{"name":"Gods","scalerank":8,"min_zoom":7}},
{"type":"Feature","geometry":{"type":"LineString","coordinates":[[-56.5923,48.7684],[-56.4735,48.7769],[-56.276,48.8344],[-56.1218,48.9035],[-56.0532,48.961],[-55.9488,48.9374],[-55.743,48.9313],[-55.5892,48.9478],[-55.3768,49.0473]]},"properties":{"name":"Exploits","scalerank":8,"min_zoom":7}},
{"type":"Feature","geometry":{"type":"LineString","coordinates":[[-62.7711,45.3065],[-62.6012,45.2808],[-62.4074,45.2922],[-62.0609,45.2495],[-62.017,45.2307],[-61.9642,45.1047],[-61.8831,45.0495]]},"properties":{"name":"St. Marys","scalerank":8,"min_zoom":7}},
{"type":"Feature","geometry":{"type":"LineString","coordinates":[[-81.8462,40.2928],[-81.8607,40.1887],[-81.9927,40.1324],[-81.9697,40.0355],[-81.9954,39.9003],[-81.8997,39.8493],[-81.9101,39.7482],[-81.8797,39.6768],[-81.7487,39.5404],[-81.6365,39.5541],[-81.4901,39.5243],[-81.4733,39.4012]]},"properties":{"name":"Muskingum","scalerank":8,"min_zoom":7}},
{"type":"Feature","geometry":{"type":"LineString","coordinates":[[-75.9742,46.7386],[-75.9006,46.5292],[-75.9627,46.4156],[-75.9362,46.3032],[-75.9522,46.1361],[-76.0495,46.0862],[-76.0032,45.9827],[-75.9105,45.8793],[-75.9347,45.8135],[-75.8938,45.7316],[-75.9081,45.6423],[-75.7157,45.4573]]},"properties":{"name":"Gatineau","scalerank":8,"min_zoom":7}},
{"type":"Feature","geometry":{"type":"LineString","coordinates":[[-74.0572,48.3485],[-73.963,48.3234],[-73.8635,48.2287],[-73.7888,48.1105],[-73.8616,47.9827],[-73.8016,47.9047],[-73.4586,47.8624],[-73.2592,47.7435],[-73.1011,47.8344],[-73.0188,47.8482],[-72.9058,47.739],[-72.9523,47.6496],[-72.7985,47.5341],[-72.804,47.347],[-72.9213,47.1146],[-72.9337,47.0128],[-72.9071,46.8863],[-72.7694,46.8521],[-72.779,46.746],[-72.6847,46.6004],[-72.7884,46.4962],[-72.6876,46.4114],[-72.5255,46.3579]]},"properties":{"name":"St.-Maurice","scalerank":8,"min_zoom":7}},
{"type":"Feature","geometry":{"type":"LineString","coordinates":[[-77.237,-10.0287],[-77.2816,-10.0877],[-77.3341,-10.0737],[-77.3718,-10.0007],[-77.4569,-9.7309],[-77.5545,-9.537],[-77.5512,-9.4596],[-77.6078,-9.3358],[-77.7042,-9.2108],[-77.8253,-9.0219],[-77.8522,-8.9282],[-77.8331,-8.8471],[-78.0154,-8.6737],[-78.1924,-8.6883],[-78.2669,-8.6605],[-78.5373,-8.7554],[-78.5967,-8.8252],[-78.6206,-8.954],[-78.6533,-9.0029]]},"properties":{"name":"Santa","scalerank":8,"min_zoom":7}},
{"type":"Feature","geometry":{"type":"LineString","coordinates":[[32.6796,-26.1888],[32.694,-26.2892],[32.6713,-26.3879],[32.5948,-26.4829],[32.5496,-26.6117],[32.5393,-26.7148],[32.4634,-26.7909],[32.3825,-26.8016],[32.3134,-26.8802],[32.2251,-27.1562],[32.2454,-27.25],[32.1875,-27.3729],[32.0665,-27.4131]]},"properties":{"name":"Maputo","scalerank":8,"min_zoom":7}},
{"type":"Feature","geometry":{"type":"MultiLineString","coordinates":[[[-79.9909,40.4477],[-80.2017,40.5462],[-80.2516,40.6702],[-80.3075,40.7056],[-80.4645,40.6326],[-80.5359,40.6434],[-80.6665,40.6088],[-80.6016,40.4713],[-80.6272,40.4096],[-80.6007,40.3233],[-80.6568,40.2553],[-80.7392,40.0607],[-80.7588,39.9293],[-80.8412,39.7904],[-80.8754,39.6287],[-81.0554,39.53],[-81.1259,39.4536],[-81.227,39.3984],[-81.3885,39.3621],[-81.479,39.4005],[-81.5695,39.2876],[-81.6825,39.2709],[-81.7462,39.1933],[-81.7838,38.9326],[-81.8486,38.9134],[-82.0031,39.0216],[-82.0585,39.0031],[-82.2089,38.7859],[-82.1929,38.5952],[-82.2633,38.5974],[-82.3319,38.4435],[-82.5091,38.409],[-82.5891,38.4187],[-82.6983,38.5353],[-82.8267,38.5864],[-82.8865,38.7447],[-83.0311,38.7158],[-83.1337,38.6279],[-83.3052,38.6014],[-83.3688,38.6597],[-83.5343,38.7073],[-83.6508,38.6359],[-83.7144,38.6385],[-83.866,38.7622],[-83.9726,38.7893],[-84.0841,38.7777],[-84.1957,38.8104],[-84.322,39.0295],[-84.4442,39.1017],[-84.6374,39.0772],[-84.7213,39.1427],[-84.8429,39.088],[-84.8282,38.9913],[-84.8776,38.9196],[-84.784,38.8928],[-84.8195,38.7893],[-84.9996,38.7717],[-85.1861,38.6937]],[[-85.1861,38.6937],[-85.2574,38.7408],[-85.4361,38.7346],[-85.4103,38.572],[-85.5267,38.4686],[-85.6199,38.4318],[-85.6652,38.3094],[-85.816,38.2889],[-85.8914,38.202],[-85.9147,38.0635],[-86.0321,37.9939],[-86.1838,38.0228],[-86.2754,38.0699],[-86.2828,38.1419],[-86.4162,38.1152],[-86.5235,38.0191],[-86.536,37.9286],[-86.7423,37.9038],[-86.819,37.9951],[-87.0431,37.8917],[-87.0868,37.8054],[-87.4267,37.9464],[-87.549,37.9133],[-87.6015,37.8569],[-87.6737,37.8985],[-87.7973,37.878],[-87.8878,37.9285],[-87.8997,37.8297],[-87.9459,37.7885],[-88.0454,37.8067],[-88.0605,37.7512],[-88.1634,37.64],[-88.0831,37.5196],[-88.1232,37.4746],[-88.4651,37.4088],[-88.5035,37.2669],[-88.4335,37.1364],[-88.4844,37.0723],[-88.6331,37.1148],[-88.9071,37.2202],[-89.0438,37.2085],[-89.1788,37.0622],[-89.1238,36.9796]],[[-85.186,38.6937],[-85.1861,38.6937]]]},"properties":{"name":"Ohio","scalerank":3,"min_zoom":3}},
{"type":"Feature","geometry":{"type":"LineString","coordinates":[[20.8662,3.3225],[20.7165,3.165],[20.7021,3.0651],[20.7421,2.8704],[20.9014,2.5838],[20.8587,2.5036],[20.7565,2.43],[20.6426,2.4397],[20.5254,2.4071],[20.4636,2.4315],[20.268,2.4197],[20.1,2.3381],[20.0969,2.2918],[19.9561,2.152],[19.8754,1.9584],[19.8269,1.9068],[19.7907,1.8414]]},"properties":{"name":"Mongala","scalerank":8,"min_zoom":7}},
{"type":"Feature","geometry":{"type":"LineString","coordinates":[[-9.8891,13.5599],[-9.9771,13.557],[-10.1088,13.6417],[-10.2135,13.6612],[-10.3769,13.6005],[-10.5162,13.6541],[-10.5603,13.7145],[-10.6366,13.7219],[-10.7096,13.7786],[-10.8511,13.8139]]},"properties":{"name":"Bakoy","scalerank":8,"min_zoom":7}},
{"type":"Feature","geometry":{"type":"LineString","coordinates":[[109.5286,23.7964],[109.5273,23.8721],[109.6736,23.952],[109.6715,24.0595],[109.7319,24.2187],[109.6802,24.2752],[109.5308,24.2391],[109.4595,24.2637],[109.4928,24.42]]},"properties":{"name":"Liu","scalerank":8,"min_zoom":7}},
{"type":"Feature","geometry":{"type":"LineString","coordinates":[[109.4928,24.42],[109.3941,24.3258],[109.3062,24.389],[109.3069,24.4526],[109.2322,24.5054],[109.2661,24.5709],[109.2246,24.6737],[109.1393,24.7718],[109.1511,24.8846],[109.2212,24.9025],[109.287,25.1043],[109.3776,25.2059],[109.4356,25.4668],[109.4745,25.5823],[109.4592,25.6507]]},"properties":{"name":"Rong","scalerank":8,"min_zoom":7}},
{"type":"Feature","geometry":{"type":"LineString","coordinates":[[-119.9813,47.835],[-119.9617,47.8135]]},"properties":{"name":null,"scalerank":8,"min_zoom":7}},
{"type":"Feature","geometry":{"type":"LineString","coordinates":[[13.3206,13.6853],[13.455,13.68],[13.5366,13.6341],[13.8015,13.4404],[14.0361,13.2874],[14.3088,13.1717]]},"properties":{"name":"Komadugu Yobe","scalerank":8,"min_zoom":7}},
{"type":"Feature","geometry":{"type":"LineString","coordinates":[[10.7285,12.7468],[10.7526,12.7563],[10.8005,12.7909],[10.8071,12.8004],[10.8618,12.8314],[11.1374,12.8733],[11.2937,12.8246],[11.3479,12.8575],[11.4119,12.8177],[11.502,12.8109],[11.547,12.8519],[11.6255,12.8382],[11.7487,12.8557],[11.8696,12.9016],[11.9511,13.0028],[12.0881,13.0294],[12.1172,13.0903],[12.2009,13.1256],[12.3252,13.079],[12.4722,13.0644],[12.5339,13.1461],[12.5606,13.2429],[12.6826,13.2891],[12.8171,13.4075],[12.8833,13.4962],[12.9387,13.4952],[13.0544,13.5486],[13.1065,13.5318],[13.2276,13.5482],[13.2656,13.6383],[13.3206,13.6853]]},"properties":{"name":"Komadugu Yobe","scalerank":8,"min_zoom":7}},
{"type":"Feature","geometry":{"type":"LineString","coordinates":[[25.0126,-20.9496],[24.9959,-21.0335],[24.9469,-21.0544],[24.8919,-21.1465],[24.8286,-21.1701],[24.8,-21.2389]]},"properties":{"name":null,"scalerank":8,"min_zoom":7}},
{"type":"Feature","geometry":{"type":"LineString","coordinates":[[-96.8551,39.0896],[-96.7671,39.0884],[-96.5162,39.1972],[-96.3433,39.1852],[-96.1686,39.2219],[-95.9432,39.1203],[-95.6985,39.0794],[-95.3922,39.0812],[-95.2832,39.0446],[-95.216,38.9846],[-95.108,38.9641],[-94.9503,38.9848],[-94.8658,39.0372],[-94.6006,39.1179]]},"properties":{"name":"Kansas","scalerank":8,"min_zoom":7}},
{"type":"Feature","geometry":{"type":"LineString","coordinates":[[-100.7952,40.2386],[-100.6092,40.2064],[-100.1249,40.3119],[-99.9628,40.3231],[-99.797,40.3093],[-99.5808,40.2355],[-99.4496,40.1245],[-99.1671,40.0855],[-98.7862,40.1057],[-98.5931,40.0834],[-98.3183,40.0798],[-98.1312,40.0323],[-97.9127,40.0035],[-97.8038,39.8109],[-97.7761,39.6794],[-97.671,39.5909],[-97.4324,39.596],[-97.236,39.5309],[-97.2052,39.4217],[-96.9922,39.2677],[-96.8551,39.0896]]},"properties":{"name":"Republican","scalerank":8,"min_zoom":7}},
{"type":"Feature","geometry":{"type":"LineString","coordinates":[[32.3282,-6.2077],[32.3178,-6.1716],[32.1783,-6.0768],[32.1015,-5.9046],[32.0981,-5.8358],[32.0532,-5.7708],[31.7978,-5.7186],[31.6902,-5.8011],[31.6182,-5.8268],[31.5435,-5.804],[31.4506,-5.8221],[31.3717,-5.7874],[31.2753,-5.8014],[31.2415,-5.7526],[31.1622,-5.7601],[31.1391,-5.6371],[31.0401,-5.579],[31.0623,-5.4985],[31.038,-5.4177],[30.9225,-5.2612],[30.8349,-5.2567],[30.7144,-5.1773]]},"properties":{"name":"Ugalla","scalerank":8,"min_zoom":7}},
{"type":"Feature","geometry":{"type":"LineString","coordinates":[[127.5903,50.209],[127.5781,50.2208],[127.4044,50.2762],[127.3302,50.3284],[127.3582,50.4154],[127.2887,50.4663],[127.3644,50.555],[127.2945,50.6667],[127.2871,50.7513],[127.2203,50.7884],[127.144,50.9038],[126.9316,51.064],[126.905,51.1645],[126.9543,51.3299],[126.9018,51.4012],[126.8001,51.4193],[126.8071,51.5345],[126.6748,51.5887],[126.7234,51.6362],[126.7134,51.7235],[126.6476,51.7415],[126.4458,51.9829],[126.5141,52.0428],[126.5309,52.1529],[126.3164,52.2],[126.4207,52.2875],[126.3154,52.3165],[126.3433,52.3917],[126.2119,52.5333],[125.9727,52.6319],[126.0685,52.6802],[125.8672,52.8496],[125.837,52.9069],[125.6684,52.8782],[125.7332,52.9819],[125.621,53.0624],[125.521,53.0427],[125.4277,53.095],[125.127,53.2069],[125.0191,53.211],[124.7197,53.1491],[124.6784,53.1996],[124.408,53.2359],[124.2324,53.3819],[124.1216,53.353],[123.9703,53.4554],[123.7319,53.504],[123.614,53.5637],[123.485,53.5263],[123.2524,53.5681],[123.1533,53.5135],[122.8593,53.4742],[122.4709,53.465],[122.3374,53.4916],[122.1685,53.4693],[122.0814,53.4298],[121.8887,53.4309],[121.6407,53.3852],[121.5118,53.3301],[121.4585,53.3207],[121.4054,53.3171]]},"properties":{"name":"Heilong Jiang","scalerank":3,"min_zoom":3}},
{"type":"Feature","geometry":{"type":"LineString","coordinates":[[126.0405,51.0187],[126.0449,50.9431],[125.9462,50.8877],[125.8237,50.7667],[125.8091,50.5621],[125.5305,50.3929],[125.4181,50.1945],[125.2642,50.1057],[125.295,50.0144],[125.1882,49.9418],[125.2344,49.8479],[125.2192,49.668],[125.1304,49.6364],[125.2354,49.5543],[125.2671,49.4383],[125.2227,49.2199],[125.1578,49.151],[124.8638,49.1753],[124.8213,49.0608],[124.6216,48.7419],[124.6159,48.6675],[124.5377,48.5716],[124.5204,48.369],[124.5619,48.2362],[124.5203,48.1286],[124.3811,48.0716],[124.2839,47.9344],[124.3081,47.8755],[124.1536,47.6874],[124.0952,47.5881],[123.9284,47.484],[123.8816,47.4221],[123.8972,47.3315],[123.8599,47.2534],[123.5952,47.1748],[123.605,47.0462],[123.513,46.937],[123.4658,46.8346]]},"properties":{"name":"Nen","scalerank":8,"min_zoom":7}},
{"type":"Feature","geometry":{"type":"LineString","coordinates":[[-67.1279,2.0122],[-66.98,2.0523],[-66.9315,1.9821],[-66.7355,1.9973],[-66.635,1.9097],[-66.5622,1.9389],[-66.5312,2.0487],[-66.4376,2.086],[-66.4624,2.215],[-66.5838,2.2964],[-66.5065,2.383],[-66.4195,2.3896],[-66.4717,2.4976],[-66.4339,2.5523],[-66.2483,2.6143],[-66.1279,2.626],[-66.1405,2.715],[-66.0261,2.7918],[-65.9598,2.7662],[-65.8752,2.8265],[-65.9503,2.95],[-65.8381,3.1505]]},"properties":{"name":"Casiquiare","scalerank":8,"min_zoom":7}},
{"type":"Feature","geometry":{"type":"LineString","coordinates":[[-53.8575,-29.5615],[-54.1457,-29.6747],[-54.3368,-29.7282],[-54.48,-29.7372],[-54.566,-29.7905],[-54.8233,-29.8361],[-54.9499,-29.7778],[-55.0963,-29.7658],[-55.2277,-29.6176],[-55.3306,-29.6253],[-55.5011,-29.5879],[-55.5483,-29.6022],[-55.6693,-29.5563],[-55.7051,-29.4647],[-55.7843,-29.4128],[-55.8708,-29.4066],[-55.9332,-29.3451],[-56.0402,-29.2977],[-56.1028,-29.3593],[-56.1551,-29.312],[-56.2216,-29.3807],[-56.4355,-29.4089],[-56.5677,-29.3851],[-56.6377,-29.4216],[-56.7801,-29.415]]},"properties":{"name":"Ibicuí","scalerank":8,"min_zoom":7}},
{"type":"Feature","geometry":{"type":"LineString","coordinates":[[8.6205,45.7264],[8.6825,45.648],[8.7202,45.5191],[8.8648,45.3593],[9.0674,45.2116],[9.2241,45.1406]]},"properties":{"name":"Ticino","scalerank":8,"min_zoom":7}},
{"type":"Feature","geometry":{"type":"LineString","coordinates":[[109.9373,37.9556],[110.0205,37.9252],[110.1677,37.767],[110.2024,37.6311],[110.2876,37.4693],[110.3368,37.4389],[110.4229,37.2215],[110.4142,37.0731],[110.4376,37.042]]},"properties":{"name":"Wuding","scalerank":8,"min_zoom":7}},
{"type":"Feature","geometry":{"type":"LineString","coordinates":[[90.3652,29.1192],[90.2112,29.1158],[90.1501,29.1407],[90.0572,29.113],[89.927,29.2173],[89.848,29.2407],[89.7907,29.3179]]},"properties":{"name":null,"scalerank":8,"min_zoom":7}},
{"type":"Feature","geometry":{"type":"LineString","coordinates":[[80.043,41.1731],[80.2714,41.0978],[80.3211,40.8494],[80.5759,40.6509],[80.6049,40.5772],[80.8372,40.4718],[80.8823,40.4682]]},"properties":{"name":"Aksu","scalerank":8,"min_zoom":7}},
{"type":"Feature","geometry":{"type":"LineString","coordinates":[[97.084,28.5276],[97.0411,28.3795],[97.052,28.1863],[96.9594,27.9358],[96.8933,27.8992],[96.6858,27.9796],[96.5523,28.0919],[96.4329,28.0158],[96.4172,27.9147],[96.3772,27.8899],[96.1605,27.906],[96.0947,27.8956],[95.7652,27.7703],[95.6411,27.8087],[95.4867,27.8164],[95.4595,27.8439]]},"properties":{"name":"Luhit","scalerank":8,"min_zoom":7}},
{"type":"Feature","geometry":{"type":"LineString","coordinates":[[91.7914,67.751],[91.7065,67.6654],[91.3333,67.4912],[91.1311,67.5256],[90.8975,67.4503],[90.7295,67.4494],[90.4876,67.3614],[90.0478,67.2305],[89.4011,67.0626],[88.9518,67.0788],[88.3589,67.0145],[88.1871,66.9287],[88.2764,66.8279],[88.1137,66.7177],[87.8513,66.6549],[87.7575,66.5472],[87.4595,66.5489],[87.2124,66.4708]]},"properties":{"name":"Kureyka","scalerank":8,"min_zoom":7}},
{"type":"Feature","geometry":{"type":"LineString","coordinates":[[47.4685,30.9685],[47.6196,30.7849],[47.7288,30.7438],[47.762,30.5762],[47.8976,30.4785],[48.1189,30.451],[48.1997,30.3241],[48.2713,30.324],[48.3965,30.2212],[48.3828,30.1567],[48.4526,30.0017],[48.5318,29.9612]]},"properties":{"name":"Shatt al Arab","scalerank":3,"min_zoom":3}},
{"type":"Feature","geometry":{"type":"LineString","coordinates":[[130.5032,54.0085],[130.505,54.0935],[130.5943,54.1657],[130.7223,54.2078],[130.9927,54.1422],[131.0683,54.0961],[131.2813,54.0552],[131.4942,54.07],[131.7512,54.0592],[131.8594,54.0979],[132.0334,54.057],[132.356,54.0743],[132.5717,54.1572],[132.888,54.1121],[133.0139,54.1184],[133.4133,54.2192],[133.5558,54.2846],[133.7922,54.3244],[133.8555,54.3599],[134.0484,54.3863],[134.2198,54.5129],[134.3472,54.5162],[134.5492,54.4615],[134.8738,54.5895],[134.9434,54.5918],[135.2427,54.7037]]},"properties":{"name":"Uda","scalerank":8,"min_zoom":7}},
{"type":"Feature","geometry":{"type":"LineString","coordinates":[[138.8253,50.8846],[138.8892,50.8777],[139.0625,50.7839],[139.2418,50.6595],[139.3583,50.6574],[139.5151,50.5648],[139.6236,50.591],[139.7309,50.6841],[139.8359,50.7014],[139.9464,50.6702],[139.9973,50.5539],[140.0864,50.4857],[139.9936,50.3934],[140.0864,50.2503],[140.0624,50.1567],[139.9433,50.0203],[139.9288,49.9552],[139.9936,49.8721],[140.1362,49.7994],[140.1728,49.7396],[140.0497,49.543],[140.0352,49.4588],[140.0883,49.3428],[140.3391,49.2777]]},"properties":{"name":"Tumnin","scalerank":8,"min_zoom":7}},
{"type":"Feature","geometry":{"type":"LineString","coordinates":[[143.0942,50.4793],[142.8443,50.4737],[142.7755,50.429],[142.7932,50.3553],[142.9093,50.2011],[142.8882,50.1201],[142.9474,49.9899],[142.9542,49.8189],[143.0232,49.6455],[143.0772,49.6035],[143.1701,49.395],[143.1765,49.3099],[143.1318,49.2255]]},"properties":{"name":"Poronay","scalerank":8,"min_zoom":7}},
{"type":"Feature","geometry":{"type":"LineString","coordinates":[[-4.969,56.9282],[-5.1198,56.8184]]},"properties":{"name":"Caledonian Canal","scalerank":8,"min_zoom":7}},
{"type":"Feature","geometry":{"type":"LineString","coordinates":[[12.7012,-3.5194],[12.657,-3.5282],[12.615,-3.4384],[12.4992,-3.471],[12.4572,-3.5428],[12.3152,-3.5449],[12.3444,-3.646],[12.2448,-3.7874],[12.2058,-3.9657],[12.1648,-4.043],[12.0671,-4.1084],[11.9995,-4.1841],[11.9338,-4.1685],[11.8884,-4.2499],[11.7177,-4.4038],[11.6911,-4.4517]]},"properties":{"name":"Kouilou","scalerank":8,"min_zoom":7}},
{"type":"Feature","geometry":{"type":"LineString","coordinates":[[117.9555,31.498],[117.9815,31.4529],[118.1475,31.404],[118.2532,31.393],[118.2986,31.4291]]},"properties":{"name":null,"scalerank":8,"min_zoom":7}},
{"type":"Feature","geometry":{"type":"LineString","coordinates":[[99.1484,2.4156],[99.2042,2.4982],[99.3168,2.5686],[99.4397,2.6074],[99.5268,2.6879],[99.627,2.7076],[99.7515,2.8123],[99.8151,2.891],[99.8579,3.0115]]},"properties":{"name":"Asahan","scalerank":8,"min_zoom":7}},
{"type":"Feature","geometry":{"type":"LineString","coordinates":[[141.5147,-7.1647],[141.5024,-7.2821],[141.5768,-7.3503],[141.4876,-7.4042],[141.4446,-7.4964],[141.3595,-7.4891],[141.3849,-7.5762]]},"properties":{"name":null,"scalerank":8,"min_zoom":7}},
{"type":"Feature","geometry":{"type":"LineString","coordinates":[[18.1803,-2.7106],[18.1525,-2.7285],[18.0359,-2.7671],[17.9401,-2.7624],[17.7278,-2.7886],[17.6895,-2.7582],[17.4677,-2.8205],[17.351,-2.8752],[17.3134,-2.9447],[17.2002,-3.0122],[17.1282,-2.9638],[16.9662,-3.0086]]},"properties":{"name":"Fimi","scalerank":8,"min_zoom":7}},
{"type":"Feature","geometry":{"type":"LineString","coordinates":[[27.7431,67.8263],[27.5146,67.7225],[27.3972,67.776],[27.1431,67.7111],[27.2036,67.6271],[27.4701,67.5372],[27.7258,67.3924],[27.603,67.3105],[27.4801,67.1392]]},"properties":{"name":"Luirojoki","scalerank":8,"min_zoom":7}},
{"type":"Feature","geometry":{"type":"MultiLineString","coordinates":[[[114.8376,35.0198],[114.864,35.1886],[114.9414,35.2188],[115.068,35.38],[115.2263,35.4161],[115.3447,35.4962],[115.3948,35.6157],[115.5039,35.7227],[115.6547,35.7463],[115.7612,35.8491],[115.8735,35.8655],[115.8632,35.9249],[115.9654,35.9858],[116.0333,35.9657],[116.0869,36.0591],[116.0777,36.1097],[116.1988,36.1726],[116.3119,36.2933],[116.4102,36.3152],[116.5976,36.4476],[116.5986,36.5144],[116.7363,36.6243],[116.796,36.7127],[116.8587,36.7403],[116.9626,36.7205],[117.1057,36.7963],[117.2378,37.031],[117.3881,37.0732],[117.5523,37.1492],[117.6482,37.2601],[117.8906,37.2617],[118.0654,37.3521],[118.207,37.3753],[118.3048,37.5764],[118.3652,37.6069],[118.5191,37.6157],[118.7226,37.7545],[118.917,37.8306],[119.0332,37.8026]],[[110.2699,34.6373],[110.3997,34.5925],[110.5303,34.5836],[110.7084,34.6209],[110.7656,34.6612],[110.8835,34.666],[111.0255,34.7474],[111.3311,34.8408],[111.394,34.8232],[111.5574,34.8633],[111.622,34.9471],[111.8291,35.0825],[111.9574,35.0941],[112.0581,35.0334],[112.4909,34.898],[112.7341,34.8081],[112.8233,34.8006],[113.0474,34.8317],[113.1975,34.8763],[113.227,34.9317],[113.3536,34.9724],[113.4976,34.9652],[113.5341,34.9795],[113.6656,34.9075],[113.8772,34.8782],[113.9978,34.9491],[114.1795,34.936],[114.3032,34.8985],[114.4216,34.9247],[114.5093,34.9019],[114.7073,34.9099],[114.8307,35.0198]]]},"properties":{"name":"Huang","scalerank":3,"min_zoom":3}},
{"type":"Feature","geometry":{"type":"LineString","coordinates":[[26.801,64.5621],[26.6837,64.5695],[26.4175,64.7635],[26.1728,64.8319],[25.975,64.8027],[25.7452,64.9183],[25.4231,65.0146]]},"properties":{"name":"Oulu","scalerank":8,"min_zoom":7}},
{"type":"Feature","geometry":{"type":"LineString","coordinates":[[-92.8537,56.3485],[-92.7124,56.5026],[-92.636,56.6426],[-92.6992,56.7324],[-92.5837,56.922],[-92.4704,56.9419]]},"properties":{"name":"Hayes","scalerank":8,"min_zoom":7}},
{"type":"Feature","geometry":{"type":"LineString","coordinates":[[149.6734,-23.5329],[149.7611,-23.6194],[149.8732,-23.5829],[149.9164,-23.6085],[150.0056,-23.4599],[149.9151,-23.4154],[149.9407,-23.2451],[149.8761,-23.1213],[149.9425,-23.0751],[150.1202,-23.1044],[150.1837,-23.142],[150.2561,-23.1206],[150.3757,-23.1567],[150.465,-23.3305],[150.575,-23.3852],[150.6078,-23.4483],[150.7066,-23.5031],[150.8214,-23.5092]]},"properties":{"name":"Fitzroy","scalerank":8,"min_zoom":7}},
{"type":"Feature","geometry":{"type":"LineString","coordinates":[[-97.6056,16.3764],[-97.5889,16.2652],[-97.7184,16.1285],[-97.7527,15.9678]]},"properties":{"name":"Verde","scalerank":8,"min_zoom":7}},
{"type":"Feature","geometry":{"type":"LineString","coordinates":[[42.5689,-0.0447],[42.5906,-0.0602]]},"properties":{"name":null,"scalerank":8,"min_zoom":7}},
{"type":"Feature","geometry":{"type":"LineString","coordinates":[[29.7887,-11.8998],[29.7779,-12.0204],[29.8163,-12.0855],[29.8027,-12.1537],[29.6314,-12.2158],[29.5671,-12.1916],[29.4736,-12.2426],[29.4459,-12.3349],[29.523,-12.3924],[29.4991,-12.453],[29.2949,-12.4008],[29.2545,-12.3661],[29.1106,-12.3934],[29.0298,-12.376],[28.9443,-12.2059],[28.8345,-12.092],[28.4967,-11.8573],[28.4519,-11.7806],[28.4049,-11.605],[28.3551,-11.518],[28.3565,-11.4468],[28.439,-11.3482],[28.4732,-11.2255],[28.4762,-11.0778],[28.5488,-10.9028],[28.563,-10.8119],[28.6228,-10.7167],[28.6811,-10.6818],[28.6718,-10.5643],[28.6343,-10.5194],[28.6445,-10.4264],[28.6288,-10.2958],[28.5694,-10.2194],[28.6191,-10.1418],[28.6235,-9.951],[28.668,-9.8215],[28.6235,-9.6489],[28.5156,-9.3783]]},"properties":{"name":"Luapula","scalerank":8,"min_zoom":7}},
{"type":"Feature","geometry":{"type":"LineString","coordinates":[[30.7144,-5.1773],[30.6743,-5.1325],[30.6144,-5.1745],[30.5016,-5.1289],[30.3005,-5.111],[30.2005,-5.2303],[30.163,-5.1874],[29.9946,-5.1568],[29.969,-5.1888],[29.8163,-5.2051]]},"properties":{"name":"Malagarasi","scalerank":8,"min_zoom":7}},
{"type":"Feature","geometry":{"type":"LineString","coordinates":[[123.4658,46.8346],[123.6712,46.8002],[123.7737,46.7173],[123.759,46.6394],[123.7874,46.5193],[123.8552,46.4022],[123.8536,46.3128],[123.9565,46.2906],[123.9583,46.1926],[124.0338,46.0184],[123.9791,45.9781],[124.0617,45.8716],[124.0217,45.7625],[124.0879,45.7178],[124.1407,45.6321],[124.2234,45.6354],[124.3615,45.4728],[124.5629,45.4151],[124.5894,45.4573],[124.6746,45.4505]]},"properties":{"name":"Di’er Songhua","scalerank":8,"min_zoom":7}},
{"type":"Feature","geometry":{"type":"LineString","coordinates":[[4.9511,46.8334],[4.8657,46.7712],[4.9592,46.7056],[4.94,46.4943],[4.8123,46.2504],[4.749,46.0594],[4.7468,45.9666],[4.8127,45.9227],[4.8494,45.8325],[4.8306,45.7515]]},"properties":{"name":"Sane","scalerank":8,"min_zoom":7}},
{"type":"Feature","geometry":{"type":"LineString","coordinates":[[78.678,10.8694],[78.8859,10.8477],[79.2085,10.948],[79.3979,11.0736],[79.4428,11.1328],[79.6079,11.2276],[79.6763,11.2965]]},"properties":{"name":"Kolidam","scalerank":8,"min_zoom":7}},
{"type":"Feature","geometry":{"type":"MultiLineString","coordinates":[[[111.3014,23.4807],[111.4551,23.458],[111.5475,23.3101],[111.5381,23.2044],[111.6782,23.1462],[111.8784,23.1407],[112.0006,23.0854],[112.2052,23.0852],[112.2843,23.148],[112.35,23.1542],[112.4448,23.0473],[112.5137,23.0761],[112.6282,23.176],[112.768,23.168],[112.8059,23.1424],[112.8587,22.9726],[112.9273,22.8357],[113.0713,22.7818],[113.0953,22.661],[113.1655,22.5756]],[[112.8047,23.1479],[112.9179,23.1282],[112.982,23.0404]],[[112.9799,23.0411],[112.982,23.0404]],[[112.982,23.0404],[113.1376,23.0673],[113.2201,23.0411],[113.4194,23.0629]],[[112.982,23.0404],[113.0029,22.9529],[113.0963,22.8862],[113.2133,22.912]],[[113.0828,22.7643],[113.1865,22.7038],[113.2322,22.7345],[113.3713,22.6764],[113.4567,22.5828],[113.5559,22.5831]]]},"properties":{"name":"Xi","scalerank":4,"min_zoom":4}},
{"type":"Feature","geometry":{"type":"MultiLineString","coordinates":[[[5.6909,50.7681],[5.6814,50.8846],[5.7634,51.0354],[5.9463,51.1667],[5.9902,51.2289],[6.1619,51.3719],[6.1812,51.5084],[6.0534,51.5703],[5.9597,51.7123],[5.7598,51.7625],[5.643,51.8237],[5.5007,51.8349],[5.3809,51.8115],[5.3178,51.7473],[5.0608,51.72],[4.8267,51.7138]],[[4.1772,51.686],[4.2802,51.6482],[4.4032,51.7083],[4.5449,51.696],[4.6755,51.7194],[4.8306,51.7123]]]},"properties":{"name":"Maas","scalerank":8,"min_zoom":7}},
{"type":"Feature","geometry":{"type":"LineString","coordinates":[[65.1074,63.9594],[65.1576,63.9011],[65.3403,63.8631]]},"properties":{"name":null,"scalerank":8,"min_zoom":7}},
{"type":"Feature","geometry":{"type":"MultiLineString","coordinates":[[[123.6951,72.8048],[123.1543,72.8901],[122.939,72.9002]],[[125.7605,72.6689],[125.8723,72.7003],[125.8291,72.816],[126.0144,73.1061],[126.3076,73.2432],[126.4321,73.3746]],[[127.9054,72.6671],[127.1325,72.6132],[126.9312,72.5361]],[[127.2359,72.642],[127.4019,72.7306],[127.5986,72.7313],[128.1293,72.7861]],[[126.315,72.4675],[125.7644,72.6596],[125.7302,72.7234],[125.7468,72.7582],[125.5757,72.8398],[125.3374,72.8695],[125.2603,72.9501],[124.9999,73.0395],[124.5071,73.0367],[124.1836,73.069],[123.8945,73.1551],[123.6393,73.1009],[123.3833,73.1481]]]},"properties":{"name":null,"scalerank":8,"min_zoom":7}},
{"type":"Feature","geometry":{"type":"LineString","coordinates":[[-79.3387,33.155],[-79.467,33.2383],[-79.7023,33.3151],[-79.9425,33.4816],[-80.1062,33.5022],[-80.165,33.4566]]},"properties":{"name":"Santee","scalerank":8,"min_zoom":7}},
{"type":"Feature","geometry":{"type":"LineString","coordinates":[[23.3279,-20.1242],[23.1193,-20.3042],[22.9867,-20.3456],[22.7946,-20.435],[22.7565,-20.4716]]},"properties":{"name":null,"scalerank":9,"min_zoom":7.1}},
{"type":"Feature","geometry":{"type":"MultiLineString","coordinates":[[[33.6889,-7.1445],[33.7,-7.0722],[33.6499,-7.0055],[33.4723,-6.9443],[33.2918,-6.9472],[33.2027,-6.9111],[33.0894,-6.9089],[32.8888,-7.0168],[32.6274,-7.0121],[32.5249,-7.1304],[32.4501,-7.1388],[32.2743,-7.2223],[32,-7.2499]],[[32,-7.25],[31.8673,-7.2597],[31.7444,-7.3],[31.6834,-7.35],[31.7066,-7.41],[31.7888,-7.45],[31.7833,-7.5458],[31.8167,-7.6278]]]},"properties":{"name":"Rungwa","scalerank":9,"min_zoom":7.1}},
{"type":"Feature","geometry":{"type":"MultiLineString","coordinates":[[[37.3777,-15.2222],[37.5388,-15.139],[37.6666,-15.2389],[37.85,-15.1945],[37.9541,-15.2326],[38,-15.2889],[38.1445,-15.3556],[38.2109,-15.4457],[38.3451,-15.4567],[38.45,-15.5474],[38.518,-15.5755],[38.5679,-15.6439],[38.6834,-15.6833],[38.7861,-15.7944],[38.8777,-15.9999]],[[38.8777,-16],[38.9389,-16.1166],[38.9317,-16.2404],[39.0429,-16.4657],[39.0473,-16.5332],[38.978,-16.6123],[39.0435,-16.6786],[39.1279,-16.8666]]]},"properties":{"name":"Ligonha","scalerank":9,"min_zoom":7.1}},
{"type":"Feature","geometry":{"type":"LineString","coordinates":[[25.5333,-14.5833],[25.3067,-14.5832],[25.1661,-14.6278],[25.0198,-14.6279],[24.964,-14.5595],[24.9713,-14.4736],[25.0457,-14.4221],[25.089,-14.2518],[25.0667,-14.2139],[24.9695,-14.2084],[24.8818,-14.1596],[24.7451,-14.1195],[24.7,-14],[24.5263,-13.9457],[24.374,-13.9593],[24.2399,-13.9085],[24.01,-13.9753],[23.9351,-13.9632]]},"properties":{"name":"Dongwe","scalerank":9,"min_zoom":7.1}},
{"type":"Feature","geometry":{"type":"MultiLineString","coordinates":[[[18.3389,-12.7333],[18.3167,-12.8277],[18.2556,-12.8555],[18.3112,-12.9333],[18.4055,-12.9666],[18.4624,-13.0477],[18.4763,-13.1447],[18.4612,-13.2445],[18.5347,-13.5905],[18.5263,-13.7383],[18.5725,-13.8322],[18.689,-13.9222],[18.7389,-13.9999]],[[18.7389,-14],[18.8564,-14.3988],[18.929,-14.4416],[18.9667,-14.6221],[19.0444,-14.7721],[19.0222,-14.8555],[19.1016,-14.9876],[19.1052,-15.0749],[19.1945,-15.2666],[19.2007,-15.3845],[19.1445,-15.5777],[19.1555,-15.7883],[19.1499,-15.9999]],[[19.1499,-16],[19.0833,-16.3278],[19.0068,-16.4557],[19.122,-16.7641],[19.3722,-16.9777],[19.5361,-17.0888],[19.6445,-17.2],[19.7029,-17.3046],[20,-17.5444]],[[20,-17.5444],[20.0903,-17.6709],[20.2732,-17.7797],[20.4043,-17.8402],[20.5405,-17.8534],[20.7524,-17.971],[20.75,-17.9999]]]},"properties":{"name":"Cuito","scalerank":9,"min_zoom":7.1}},
{"type":"Feature","geometry":{"type":"MultiLineString","coordinates":[[[146.0281,-36.0146],[146.2159,-36.0558]],[[147.0432,-36.1081],[147.0567,-36.1081],[147.1189,-36.0311],[147.2717,-36.049]]]},"properties":{"name":"Murray","scalerank":4,"min_zoom":4}},
{"type":"Feature","geometry":{"type":"MultiLineString","coordinates":[[[146.0281,-36.0146],[145.9395,-35.9668],[145.8296,-35.9834],[145.7442,-35.9649],[145.5723,-35.8436],[145.4505,-35.8395],[145.3338,-35.876],[145.2177,-35.8513],[145.0081,-35.8676],[144.9709,-35.8949],[144.8897,-36.0763],[144.8108,-36.1317],[144.7405,-36.1349],[144.6025,-36.0661],[144.4224,-35.914],[144.3757,-35.8144],[144.1801,-35.6791],[144.0997,-35.5868],[143.9981,-35.5555],[143.7765,-35.4184],[143.5952,-35.3605],[143.5811,-35.2494],[143.4067,-35.1789],[143.3637,-35.1073],[143.3311,-34.9628],[143.36,-34.8063],[143.2825,-34.7925],[143.2212,-34.7332],[143.1423,-34.6991],[142.9337,-34.6581],[142.7789,-34.5843],[142.7258,-34.6032],[142.687,-34.7357],[142.6425,-34.7876],[142.5564,-34.7741],[142.4583,-34.5916],[142.3855,-34.5334],[142.3711,-34.4448],[142.4062,-34.3565],[142.2585,-34.2729],[142.2349,-34.1919],[142.094,-34.1708],[142.0249,-34.1122],[141.9263,-34.1169]],[[147.0445,-36.1076],[146.9736,-36.0947],[146.9308,-36.1157],[146.6238,-35.9938],[146.4317,-35.9839],[146.3848,-36.0475],[146.2159,-36.0558]],[[148.005,-36.9671],[148.002,-36.9399],[148.2138,-36.6513],[148.1616,-36.5766],[148.0317,-36.2372],[148.0451,-36.1725],[147.9966,-36.0593],[147.7135,-35.9394],[147.5566,-35.9964],[147.4834,-35.946],[147.3963,-35.9667],[147.3399,-36.0763],[147.2717,-36.049]]]},"properties":{"name":"Murray","scalerank":4,"min_zoom":4}},
{"type":"Feature","geometry":{"type":"LineString","coordinates":[[13.0166,6.4389],[12.9295,6.3113],[12.8616,6.3447],[12.8056,6.3222]]},"properties":{"name":null,"scalerank":9,"min_zoom":7.1}},
{"type":"Feature","geometry":{"type":"MultiLineString","coordinates":[[[14.2612,6.6166],[14.2111,6.6667],[14.0723,6.7027],[13.938,6.6685],[13.7449,6.5035],[13.6668,6.5084],[13.6032,6.5505],[13.4806,6.5861],[13.4223,6.6334],[13.3102,6.6018],[13.2485,6.6182],[13.0168,6.4389]],[[12.8056,6.3222],[12.7654,6.1967],[12.8722,6.1112],[12.8753,5.9343],[12.9648,5.7342],[13.0708,5.5498],[13.1611,5.5222],[13.3473,5.4276],[13.3945,5.3223]]]},"properties":{"name":null,"scalerank":9,"min_zoom":7.1}},
{"type":"Feature","geometry":{"type":"MultiLineString","coordinates":[[[-6.5611,11.6389],[-6.5031,11.6514],[-6.4673,11.7581],[-6.3665,11.9464],[-6.3778,12.0555],[-6.3333,12.0944],[-6.3634,12.2131],[-6.4851,12.2552],[-6.4888,12.3638],[-6.5572,12.4707],[-6.5666,12.6055]],[[-6.9444,9.3889],[-6.8109,9.5574],[-6.6529,9.4934],[-6.5386,9.5767],[-6.3724,9.6002],[-6.3545,9.8936],[-6.2945,9.9833],[-6.3052,10.0405],[-6.2281,10.1455],[-6.2222,10.2556],[-6.1788,10.3732],[-6.2216,10.5948],[-6.1944,10.65],[-6.2696,10.7225],[-6.277,10.9752],[-6.4298,11.1002],[-6.5093,11.2496],[-6.5611,11.6389]]]},"properties":{"name":"Bagoé","scalerank":9,"min_zoom":7.1}},
{"type":"Feature","geometry":{"type":"LineString","coordinates":[[7.4931,11.5408],[7.6222,11.5444],[7.7722,11.6138],[8,11.65],[8.0305,11.725],[8.1945,11.7889],[8.2778,11.7889],[8.4053,11.8985],[8.6139,11.7833],[8.6555,11.7222],[8.8084,11.7639],[8.8821,11.8081],[8.884,11.9208],[8.9213,12.0388],[8.9553,12.0679],[9.1222,12.0722],[9.2166,12.1222],[9.3972,12.1848],[9.5055,12.1944],[9.6668,12.2613],[9.7389,12.3111],[9.8306,12.3111],[9.9778,12.4055],[10.0803,12.4394],[10.3056,12.5833],[10.45,12.5889],[10.5806,12.6778],[10.6499,12.7499],[10.6774,12.7615],[10.7057,12.757],[10.7407,12.7672],[10.7778,12.7722]]},"properties":{"name":"Hadejia","scalerank":9,"min_zoom":7.1}},
{"type":"Feature","geometry":{"type":"LineString","coordinates":[[-8.55,30.5333],[-8.6876,30.5211],[-8.9417,30.4313],[-9.1615,30.4376],[-9.2862,30.3891],[-9.375,30.3917],[-9.5333,30.35],[-9.6055,30.3666]]},"properties":{"name":"Sous","scalerank":9,"min_zoom":7.1}},
{"type":"Feature","geometry":{"type":"MultiLineString","coordinates":[[[-5.0833,33.0167],[-5.3146,32.8722],[-5.3632,32.7813],[-5.5074,32.7656],[-5.6392,32.8256],[-5.7059,32.7971],[-5.9171,32.6297],[-6,32.6722]],[[-6,32.6722],[-6.0651,32.6711],[-6.2192,32.6088],[-6.3111,32.5944],[-6.4444,32.5167],[-6.4891,32.4381],[-6.6699,32.3487],[-7.0723,32.2945]],[[-7.0723,32.2945],[-7.1861,32.3305],[-7.3499,32.4139],[-7.3651,32.4427],[-7.6167,32.4611],[-7.7537,32.6207],[-7.9053,32.6915],[-7.9901,32.8067],[-8.0611,32.9667],[-8.0432,33.0235],[-8.1846,33.2176],[-8.3414,33.2833],[-8.3474,33.3375]]]},"properties":{"name":"Oum Er Rbia","scalerank":9,"min_zoom":7.1}},
{"type":"Feature","geometry":{"type":"LineString","coordinates":[[19.9751,67.7551],[19.7078,67.8072],[19.3899,67.8357],[19.0388,67.8389]]},"properties":{"name":"Kalix","scalerank":9,"min_zoom":7.1}},
{"type":"Feature","geometry":{"type":"MultiLineString","coordinates":[[[18.4612,68.1055],[18.5612,68.0001]],[[18.5612,68],[18.8237,67.9512],[19.0388,67.8389]],[[19.9751,67.7551],[20.6791,67.638],[21.1111,67.4805],[21.815,67.4571],[21.9999,67.3445]],[[22,67.3444],[22.3027,67.2438],[22.5368,67.1943],[22.6506,67.1109],[22.582,67.0252],[22.7402,66.9439],[22.7917,66.8361],[22.7031,66.7574],[22.7944,66.4222],[22.8476,66.3745],[22.8593,66.2171],[22.75,66.0723],[22.8389,66.0001]],[[22.8389,66],[22.9756,65.8773],[23.1945,65.8278]]]},"properties":{"name":"Kalix","scalerank":9,"min_zoom":7.1}},
{"type":"Feature","geometry":{"type":"LineString","coordinates":[[31.2999,58.5167],[31.3565,58.3712]]},"properties":{"name":"Volkhov","scalerank":9,"min_zoom":7.1}},
{"type":"Feature","geometry":{"type":"MultiLineString","coordinates":[[[32,59.4666],[32.1389,59.6389],[32.25,59.7278],[32.3777,59.7722],[32.3167,60],[32.3443,60.1389]],[[31.2999,58.5167],[31.3219,58.5714],[31.5,58.6555],[31.5667,58.7889],[31.7556,58.9611],[31.8611,59.0888],[31.9055,59.2055],[31.8611,59.2889],[31.9999,59.4666]]]},"properties":{"name":"Volkhov","scalerank":9,"min_zoom":7.1}},
{"type":"Feature","geometry":{"type":"LineString","coordinates":[[31.3565,58.3712],[31.4778,58.2167]]},"properties":{"name":null,"scalerank":9,"min_zoom":7.1}},
{"type":"Feature","geometry":{"type":"MultiLineString","coordinates":[[[31.6575,57.7454],[31.6362,57.9505],[31.5835,58.08],[31.4833,58.2222]],[[30.5305,55.9041],[30.4583,55.9972],[30.2888,56.0389],[30.3794,56.1413],[30.4722,56.1666],[30.49,56.2888],[30.6625,56.6356],[30.627,56.7308],[30.663,56.826],[30.646,56.9319],[30.8294,56.9156],[30.9175,56.9492],[30.9065,57.0284],[30.9888,57.1055],[31.1694,57.1492],[31.377,57.3217],[31.4216,57.5108],[31.5055,57.65],[31.6445,57.7499]],[[31.0909,55.898],[30.9776,56.0414],[30.772,55.9422],[30.5305,55.9041]],[[30.2944,55.85],[30.2491,55.8157],[30.3666,55.6968],[30.4417,55.6806],[30.5918,55.8168],[30.5305,55.9041]]]},"properties":{"name":null,"scalerank":9,"min_zoom":7.1}},
{"type":"Feature","geometry":{"type":"LineString","coordinates":[[-120.8889,36],[-120.929,36.0623],[-121.1222,36.2055],[-121.1765,36.3377],[-121.242,36.3902],[-121.4166,36.4583],[-121.5444,36.5944],[-121.6861,36.6472],[-121.7602,36.7283]]},"properties":{"name":"Salinas","scalerank":9,"min_zoom":7.1}},
{"type":"Feature","geometry":{"type":"LineString","coordinates":[[-120.1278,39.1555],[-120.1889,39.2],[-120.186,39.3043],[-120.0188,39.3862],[-119.9634,39.541],[-119.6182,39.5245],[-119.5278,39.5777],[-119.35,39.6],[-119.2708,39.6589],[-119.3213,39.8052],[-119.4335,39.8729]]},"properties":{"name":null,"scalerank":9,"min_zoom":7.1}},
{"type":"Feature","geometry":{"type":"LineString","coordinates":[[23.6276,-29.0741],[23.5598,-29.1961],[23.4773,-29.2308],[23.3762,-29.1834],[23.3429,-29.2621],[23.2036,-29.306],[23.1142,-29.3954],[23.0116,-29.4189],[22.8747,-29.5871],[22.8542,-29.668],[22.7155,-29.6289],[22.6157,-29.4616],[22.4304,-29.3999],[22.3501,-29.3295],[22.2883,-29.3259],[22.2576,-29.1483],[22.2068,-29.0892],[22.1607,-28.954],[22.0785,-28.8469],[22.0129,-28.8749],[21.8903,-28.8128],[21.7031,-28.4616],[21.5879,-28.4023],[21.4924,-28.3876],[21.3213,-28.4208],[21.2161,-28.4766],[21.1076,-28.6445],[21.0032,-28.7162],[20.7549,-28.7656],[20.5513,-28.7412],[20.1308,-28.4693],[20.0025,-28.4234],[19.8962,-28.4277],[19.825,-28.4766],[19.5683,-28.5312],[19.4824,-28.6782],[19.4341,-28.7134],[19.2481,-28.7714],[19.2883,-28.8709],[19.1611,-28.9453],[19.0812,-28.9592],[18.954,-28.8665],[18.7451,-28.8398],[18.4745,-28.874],[18.397,-28.8989],[18.3081,-28.8799],[18.166,-28.9018],[18.0435,-28.8583],[17.9128,-28.7812],[17.7459,-28.7485],[17.6066,-28.7555],[17.5825,-28.6801],[17.4031,-28.7041],[17.4199,-28.5933],[17.3726,-28.5593],[17.3276,-28.4561],[17.4015,-28.3676],[17.3452,-28.2275],[17.2446,-28.2372],[17.1913,-28.2088],[17.1895,-28.1167],[17.0972,-28.0311],[16.8923,-28.0825],[16.8849,-28.162],[16.7639,-28.2831],[16.8034,-28.3661],[16.7688,-28.4426],[16.6726,-28.4596],[16.5969,-28.5262],[16.4871,-28.5729]]},"properties":{"name":"Orange","scalerank":4,"min_zoom":4}},
{"type":"Feature","geometry":{"type":"MultiLineString","coordinates":[[[-64,-13.4333],[-64.0687,-13.4018],[-64.1558,-13.2905],[-64.2056,-13.1166],[-64.3073,-12.971],[-64.3512,-12.7525],[-64.3417,-12.6802],[-64.3884,-12.5752],[-64.3722,-12.4667]],[[-63.1833,-16],[-63.2,-15.8999],[-63.2611,-15.8047],[-63.25,-15.7166],[-63.3527,-15.6362],[-63.432,-15.2459],[-63.5023,-15.1034],[-63.6389,-15.0444],[-63.744,-14.7768],[-63.76,-14.6181],[-63.8774,-14.3788],[-63.8861,-14.1528],[-63.8666,-14.0492],[-63.8858,-13.9256],[-63.8708,-13.7845],[-63.9244,-13.6452],[-63.948,-13.4855],[-64,-13.4334]],[[-61.3,-17.4167],[-61.3753,-17.3627],[-61.4868,-17.3307],[-61.6444,-17.2167],[-61.798,-17.1929],[-62.0222,-16.9889],[-62.0944,-16.9666],[-62.2445,-17.0055],[-62.3311,-16.9849],[-62.3917,-16.929],[-62.6333,-16.8278],[-62.7127,-16.661],[-62.9242,-16.4682],[-62.9883,-16.2863],[-63.091,-16.1567],[-63.1175,-16.0669],[-63.1833,-16]]]},"properties":{"name":"San Miguel","scalerank":9,"min_zoom":7.1}},
{"type":"Feature","geometry":{"type":"LineString","coordinates":[[31.3717,58.4222],[31.3565,58.3712]]},"properties":{"name":"Msta","scalerank":9,"min_zoom":7.1}},
{"type":"Feature","geometry":{"type":"LineString","coordinates":[[31.3717,58.4222],[31.9472,58.6283],[32.2481,58.6004],[32.386,58.498],[32.6114,58.6841],[32.7652,58.7516],[32.8445,58.8348],[33.0746,58.8536],[33.3323,58.8099],[33.2955,58.6826],[33.4343,58.5594],[33.6036,58.4999],[33.7278,58.517],[33.9334,58.4001],[33.9546,58.3207],[34.2421,58.225],[34.4277,58.2108],[34.5415,58.125],[34.4963,57.9903],[34.5585,57.9021],[34.4966,57.8396],[34.4807,57.6805],[34.52,57.6328],[34.416,57.5348],[34.1192,57.5316],[33.7852,57.4123],[33.6685,57.3137],[33.627,57.2336],[33.8788,57.0989],[33.9882,57.2029]]},"properties":{"name":"Msta","scalerank":9,"min_zoom":7.1}},
{"type":"Feature","geometry":{"type":"LineString","coordinates":[[-65.8804,-5.4351],[-65.8009,-5.3978],[-65.5959,-5.3775],[-65.4791,-5.3491],[-65.3313,-5.3796],[-65.1165,-5.3311],[-65.0196,-5.4165],[-64.9546,-5.5418],[-64.8745,-5.5832],[-64.7838,-5.5934],[-64.6594,-5.5137],[-64.4589,-5.4258],[-64.3832,-5.3625],[-64.3,-5.3338],[-64.113,-5.1972],[-63.9972,-5.0625],[-63.8768,-4.9457],[-63.8568,-4.8898],[-63.7761,-4.84],[-63.5217,-4.475],[-63.4149,-4.3499],[-63.3703,-4.2604],[-63.3752,-4.1512],[-63.3157,-4.037],[-63.1773,-4.0352]]},"properties":{"name":"Coari","scalerank":9,"min_zoom":7.1}},
{"type":"Feature","geometry":{"type":"LineString","coordinates":[[39.8613,38.6846],[39.8171,38.6431],[39.6889,38.663],[39.5281,38.656],[39.4766,38.7665],[39.4038,38.7774],[39.2485,38.8575],[39.004,38.8967],[38.8126,38.875]]},"properties":{"name":"Murat","scalerank":9,"min_zoom":7.1}},
{"type":"Feature","geometry":{"type":"LineString","coordinates":[[43.5839,39.4124],[43.6795,39.5154],[43.5628,39.6042],[43.405,39.6253],[43.3123,39.6731],[43.042,39.7042],[43.001,39.639],[42.8517,39.5424],[42.726,39.5154],[42.5654,39.3653],[42.5284,39.1694],[42.1657,39.1652],[42.0108,39.0909],[41.7316,39.0376],[41.5361,39.0521],[41.4846,38.8709],[41.2376,38.8346],[41.1301,38.7589],[40.9267,38.8898],[40.6709,38.8302],[40.607,38.7797],[40.4177,38.7135],[40.1464,38.7551],[40.0505,38.7446],[39.8613,38.6846]]},"properties":{"name":"Murat","scalerank":9,"min_zoom":7.1}},
{"type":"Feature","geometry":{"type":"LineString","coordinates":[[-98.7695,24.0295],[-98.6735,23.9588]]},"properties":{"name":"Soto la Marina","scalerank":9,"min_zoom":7.1}},
{"type":"Feature","geometry":{"type":"LineString","coordinates":[[-98.6725,23.9585],[-98.5823,23.9432],[-98.4678,23.9716],[-98.3841,24.0434],[-98.2604,23.972],[-98.236,23.8091],[-98.1745,23.7613],[-98.0377,23.7314],[-97.9976,23.7818],[-97.8222,23.786]]},"properties":{"name":"Soto la Marina","scalerank":9,"min_zoom":7.1}},
{"type":"Feature","geometry":{"type":"LineString","coordinates":[[13.9248,63.2748],[14.0793,63.2009],[14.2256,63.1887],[14.4829,63.2181],[14.4841,63.2934]]},"properties":{"name":"Indalsälven","scalerank":9,"min_zoom":7.1}},
{"type":"Feature","geometry":{"type":"MultiLineString","coordinates":[[[13.3632,63.4113],[13.4081,63.3679],[13.7293,63.2843],[13.9248,63.2748]],[[14.4841,63.2934],[14.638,63.3247],[14.9111,63.3288],[15.0022,63.2994],[15.5864,63.1796],[15.9844,63.1485],[16.3523,63.1522],[16.6641,63.0221],[16.6384,62.8803],[16.7893,62.7125],[17.187,62.5335],[17.4062,62.5356]],[[12.2206,63.097],[12.0986,63.1503],[12.1069,63.2206],[12.2886,63.2971],[12.5195,63.2833],[12.5918,63.3087],[12.6501,63.4449],[12.7644,63.4457],[12.8596,63.3816],[13.1579,63.3384],[13.4412,63.3524]]]},"properties":{"name":"Indalsälven","scalerank":9,"min_zoom":7.1}},
{"type":"Feature","geometry":{"type":"MultiLineString","coordinates":[[[33.2397,68.3506],[33.3379,68.2403]],[[33.2918,68.0817],[33.3082,68.0209],[33.1054,67.7846],[33.1074,67.7056],[33.0108,67.5749],[32.8092,67.5894],[32.6044,67.5313],[32.5447,67.4104]]]},"properties":{"name":"Kola","scalerank":9,"min_zoom":7.1}},
{"type":"Feature","geometry":{"type":"MultiLineString","coordinates":[[[33.2397,68.3506],[33.3268,68.4591],[33.2057,68.4866],[33.1674,68.5848],[33.2494,68.6195],[33.1338,68.7289],[33.1705,68.7871],[33.0234,68.9547]],[[33.3379,68.2403],[33.2918,68.0817]],[[32.5447,67.4104],[32.4243,67.1423]]]},"properties":{"name":"Kola","scalerank":9,"min_zoom":7.1}},
{"type":"Feature","geometry":{"type":"MultiLineString","coordinates":[[[30.9518,61.9083],[30.8867,62.0634],[30.7822,62.0948]],[[31.2029,60.4898],[31.1002,60.7711],[31.1333,61.0657],[31.0805,61.4299],[30.9778,61.6319],[30.9768,61.7311]]]},"properties":{"name":"Yanisyoki","scalerank":9,"min_zoom":7.1}},
{"type":"Feature","geometry":{"type":"MultiLineString","coordinates":[[[31.0825,62.3963],[30.7407,62.5222],[30.4287,62.4276],[30.4526,62.2866],[30.5093,62.2154],[30.7122,62.1688],[30.7822,62.0948]],[[30.9521,61.9074],[31.009,61.7845],[30.9768,61.7311]]]},"properties":{"name":"Yanisyoki","scalerank":9,"min_zoom":7.1}},
{"type":"Feature","geometry":{"type":"LineString","coordinates":[[81.3875,7.1983],[81.5465,7.2139]]},"properties":{"name":null,"scalerank":9,"min_zoom":7.1}},
{"type":"Feature","geometry":{"type":"MultiLineString","coordinates":[[[81.5457,7.2136],[81.626,7.2343],[81.6807,7.2795],[81.8828,7.3011]],[[81.3113,7.0157],[81.2861,7.1219],[81.3875,7.1983]]]},"properties":{"name":null,"scalerank":9,"min_zoom":7.1}},
{"type":"Feature","geometry":{"type":"LineString","coordinates":[[111.229,33.0556],[111.3088,32.9883],[111.469,32.93],[111.5268,32.8721],[111.5584,32.7388],[111.5088,32.6767],[111.4776,32.5695]]},"properties":{"name":"Dan","scalerank":9,"min_zoom":7.1}},
{"type":"Feature","geometry":{"type":"LineString","coordinates":[[109.8738,33.8821],[110.0287,33.8341],[110.1953,33.7426],[110.2984,33.7187],[110.4717,33.4842],[110.7932,33.4417],[110.8965,33.3253],[110.9966,33.2672],[111.229,33.0556]]},"properties":{"name":"Dan","scalerank":9,"min_zoom":7.1}},
{"type":"Feature","geometry":{"type":"MultiLineString","coordinates":[[[-50.9975,-19.6675],[-51.0277,-19.7541],[-50.994,-20.1017],[-51.0292,-20.1893],[-51.1374,-20.2973],[-51.3265,-20.3625],[-51.3967,-20.4414],[-51.3971,-20.4418]],[[-51.9364,-21.4228],[-51.9745,-21.4925],[-52.0764,-21.5197],[-52.0505,-21.6348],[-52.154,-21.721],[-52.2277,-21.8268],[-52.3071,-21.9013],[-52.3876,-22.0667],[-52.4884,-22.1748],[-52.633,-22.2336],[-52.7325,-22.2969],[-52.8417,-22.3366],[-52.9608,-22.4548]],[[-54.6431,-25.4057],[-54.6086,-25.4198]],[[-54.6106,-25.4326],[-54.5043,-25.2785],[-54.4305,-25.1305],[-54.463,-25.0371],[-54.4081,-24.8212],[-54.3221,-24.6284],[-54.3356,-24.5272],[-54.2618,-24.3294],[-54.3354,-24.1489],[-54.2669,-24.0659]]]},"properties":{"name":"Paraná","scalerank":4,"min_zoom":4}},
{"type":"Feature","geometry":{"type":"MultiLineString","coordinates":[[[-50.4897,-19.0204],[-50.5455,-19.1092],[-50.6539,-19.1103],[-50.7467,-19.1825],[-50.8441,-19.2949],[-50.8813,-19.4108],[-50.9531,-19.4593],[-50.9372,-19.5493],[-50.9843,-19.576],[-50.9975,-19.6675]],[[-51.3967,-20.4414],[-51.5148,-20.5742],[-51.5802,-20.5964],[-51.5889,-20.6169],[-51.5982,-20.6616],[-51.6204,-20.6999],[-51.6322,-20.877],[-51.7458,-20.9956],[-51.7881,-21.0838],[-51.875,-21.1718],[-51.8553,-21.2572],[-51.8518,-21.2988],[-51.9364,-21.4228]],[[-52.9608,-22.4548],[-53.0483,-22.539],[-53.1681,-22.7017],[-53.4798,-22.8307],[-53.5969,-22.9201],[-53.6415,-23.106],[-53.7252,-23.2964],[-53.8624,-23.3926],[-53.9478,-23.4245],[-54.0679,-23.8166],[-54.0773,-23.9492],[-54.246,-24.0505]],[[-53.7953,-23.3547],[-53.8701,-23.4272],[-53.9001,-23.558],[-54.0233,-23.8608],[-54.0269,-23.9679],[-54.13,-24.0438],[-54.246,-24.0505]],[[-54.246,-24.0505],[-54.2669,-24.0659]],[[-54.6106,-25.4326],[-54.5841,-25.6447],[-54.6439,-25.6879],[-54.5887,-25.8107],[-54.607,-25.9466],[-54.663,-25.9799],[-54.639,-26.1968],[-54.7072,-26.4417],[-54.7905,-26.5285],[-54.7938,-26.645],[-54.9041,-26.6598],[-54.9759,-26.7878],[-55.0616,-26.8051],[-55.1265,-26.8635],[-55.1391,-26.9536],[-55.2814,-26.9343],[-55.4147,-26.9797],[-55.4626,-27.098],[-55.5346,-27.0993],[-55.5997,-27.1825],[-55.5694,-27.2459],[-55.6082,-27.3456],[-55.7555,-27.4435],[-55.8635,-27.391],[-55.9138,-27.3277],[-56.1252,-27.2988],[-56.2806,-27.3895],[-56.2977,-27.4808],[-56.3683,-27.5805],[-56.4621,-27.5537],[-56.5472,-27.4549],[-56.6137,-27.4462],[-56.7719,-27.5067],[-56.905,-27.4186],[-57.077,-27.4839],[-57.1808,-27.4872],[-57.336,-27.4095],[-57.5364,-27.4072],[-57.6985,-27.3334],[-58.0227,-27.2598],[-58.239,-27.2568],[-58.5115,-27.2783],[-58.6048,-27.3144]]]},"properties":{"name":"Paraná","scalerank":4,"min_zoom":4}},
{"type":"Feature","geometry":{"type":"LineString","coordinates":[[31.3667,2.1934],[31.3689,2.2954],[31.4641,2.3504],[31.4747,2.4004]]},"properties":{"name":"Albert Nile","scalerank":1,"min_zoom":2}},
{"type":"Feature","geometry":{"type":"LineString","coordinates":[[32.0159,3.6136],[31.8858,3.4975],[31.7827,3.5254],[31.6933,3.4864],[31.5969,3.3345],[31.5125,3.1187],[31.4155,2.9939],[31.3711,2.8211],[31.4371,2.7526],[31.4236,2.6175],[31.4778,2.5192],[31.4749,2.4007]]},"properties":{"name":"Albert Nile","scalerank":1,"min_zoom":2}},
{"type":"Feature","geometry":{"type":"LineString","coordinates":[[4.7077,49.7674],[4.7014,49.7674]]},"properties":{"name":"Maas","scalerank":8,"min_zoom":7}},
{"type":"Feature","geometry":{"type":"LineString","coordinates":[[5.6052,48.0013],[5.53,48.0264],[5.5573,48.1567],[5.6917,48.3798],[5.7293,48.5198],[5.6814,48.6159],[5.7278,48.6715],[5.5178,48.8397],[5.5059,48.9688],[5.4121,49.0345],[5.3725,49.2193],[5.1902,49.3577],[5.1967,49.4776],[5.0986,49.5482],[5.0781,49.6165],[4.9404,49.6854],[4.7902,49.6984],[4.7077,49.7674],[4.7637,49.8612],[4.6257,49.9387],[4.7124,49.9894],[4.7424,50.0963],[4.8455,50.154],[4.9268,50.2465],[4.8703,50.3455],[4.8789,50.4663],[5.3106,50.5328],[5.3849,50.5751],[5.5607,50.6102],[5.6882,50.714],[5.6909,50.7681]]},"properties":{"name":"Maas","scalerank":8,"min_zoom":7}},
{"type":"Feature","geometry":{"type":"LineString","coordinates":[[1.809,42.627],[1.8303,42.715],[1.675,42.7835],[1.5967,42.8808],[1.6194,43.0532],[1.5988,43.1934],[1.5336,43.3135],[1.4528,43.3941],[1.4043,43.5176]]},"properties":{"name":"Ariège","scalerank":6,"min_zoom":5}},
{"type":"Feature","geometry":{"type":"LineString","coordinates":[[0.9245,42.6461],[0.9026,42.699],[0.7162,42.7535],[0.7278,42.8858],[0.6499,42.9478],[0.5781,43.0902],[0.6611,43.115],[0.8661,43.1063],[1.1047,43.2225],[1.2488,43.3263],[1.333,43.4789],[1.4043,43.5176],[1.4086,43.6246],[1.2593,43.8142],[1.1484,43.9886],[1.0554,44.0725],[0.9252,44.0766],[0.7886,44.134],[0.6172,44.1756],[0.5712,44.2264],[0.3601,44.2515],[0.2944,44.4015],[0.2228,44.4254],[0.0724,44.536],[-0.0513,44.5869],[-0.2295,44.5681],[-0.3718,44.691],[-0.52,44.7783],[-0.5758,44.8472],[-0.5417,44.898]]},"properties":{"name":"Garonne","scalerank":6,"min_zoom":5}},
{"type":"Feature","geometry":{"type":"LineString","coordinates":[[3.0111,47.174],[2.9802,47.2562],[2.8806,47.3332],[2.9292,47.4199],[2.8779,47.5198],[2.7068,47.6575],[2.459,47.7659],[2.3503,47.7731],[2.2327,47.8598],[1.8836,47.9056],[1.7302,47.8531],[1.5796,47.7077],[1.3095,47.5724],[1.2424,47.4981],[0.9055,47.4007],[0.7078,47.4086],[0.5452,47.3814],[0.4426,47.3259],[0.2109,47.2425],[0.0754,47.2182],[-0.053,47.2577],[-0.3771,47.4237],[-0.6099,47.4134],[-0.6872,47.3721],[-0.8817,47.4003],[-1.1287,47.3815],[-1.3043,47.3409],[-1.5006,47.2182],[-1.7345,47.2108]]},"properties":{"name":"Loire","scalerank":5,"min_zoom":4.7}},
{"type":"Feature","geometry":{"type":"LineString","coordinates":[[169.257,-44.6086],[169.1922,-44.6808]]},"properties":{"name":"Hawea","scalerank":6,"min_zoom":5}},
{"type":"Feature","geometry":{"type":"LineString","coordinates":[[169.1908,-45.0685],[169.0813,-45.0066],[168.9991,-45.0239],[168.8506,-45.0046],[168.7656,-45.0254]]},"properties":{"name":"Kawarau","scalerank":6,"min_zoom":5}},
{"type":"Feature","geometry":{"type":"LineString","coordinates":[[167.646,-45.5591],[167.6507,-45.4888]]},"properties":{"name":"Waiau","scalerank":9,"min_zoom":7.1}},
{"type":"Feature","geometry":{"type":"MultiLineString","coordinates":[[[167.646,-45.5591],[167.7259,-45.628],[167.6414,-45.7351],[167.7342,-45.9183],[167.7199,-45.9659],[167.7899,-46.0592],[167.7015,-46.1909]],[[167.734,-45.4453],[167.6507,-45.4888]]]},"properties":{"name":"Waiau","scalerank":9,"min_zoom":7.1}},
{"type":"Feature","geometry":{"type":"LineString","coordinates":[[176.4383,-38.9593],[176.4022,-38.9539],[176.3193,-38.8229],[176.5311,-38.6238],[176.5561,-38.5788],[176.6887,-38.5253],[176.7132,-38.4275],[176.7861,-38.3382],[176.835,-38.1706],[176.814,-38.0254],[176.8748,-37.9179]]},"properties":{"name":"Rangitaiki","scalerank":9,"min_zoom":7.1}},
{"type":"Feature","geometry":{"type":"LineString","coordinates":[[168.5865,-45.3685],[168.7269,-45.4205],[168.6555,-45.5519],[168.7119,-45.7004],[168.6891,-45.7982],[168.8518,-45.8867],[168.8847,-45.998],[168.961,-46.0251],[168.9825,-46.1222],[168.8854,-46.225],[168.8789,-46.3528],[168.7904,-46.4306],[168.8041,-46.5672]]},"properties":{"name":"Mataura","scalerank":6,"min_zoom":5}},
{"type":"Feature","geometry":{"type":"LineString","coordinates":[[169.1419,-44.6582],[169.337,-44.7617],[169.3389,-44.8712],[169.2199,-45.0159],[169.3095,-45.1179],[169.3079,-45.1785],[169.3836,-45.271],[169.3074,-45.3861],[169.2989,-45.5013],[169.3436,-45.6126],[169.5116,-45.7662],[169.4776,-45.9738],[169.5797,-46.1533],[169.6653,-46.1789],[169.8414,-46.3132],[169.8768,-46.3667]]},"properties":{"name":"Clutha","scalerank":6,"min_zoom":5}},
{"type":"Feature","geometry":{"type":"LineString","coordinates":[[175.5997,-39.0067],[175.5187,-39.0081],[175.3196,-38.8839],[175.2539,-38.8928],[175.151,-38.9432],[174.9423,-39.1959],[174.903,-39.279],[175.0011,-39.3116],[175.018,-39.4332],[175.0677,-39.5513],[175.1657,-39.612],[175.0938,-39.8063],[175.0965,-39.8961],[175.0065,-39.9508]]},"properties":{"name":"Whanganui","scalerank":6,"min_zoom":5}},
{"type":"Feature","geometry":{"type":"LineString","coordinates":[[169.6937,-45.6951],[169.7811,-45.5809],[169.7371,-45.5476],[169.8436,-45.4518],[169.9411,-45.4232],[169.9501,-45.3245],[170.0559,-45.1924],[170.2189,-45.1901],[170.285,-45.2852],[170.1404,-45.5047],[170.1529,-45.61],[170.2529,-45.6291],[170.3522,-45.7451],[170.2398,-45.8509],[170.2594,-45.9116],[170.1571,-45.9842],[170.2562,-46.0764]]},"properties":{"name":"Taieri","scalerank":6,"min_zoom":5}},
{"type":"Feature","geometry":{"type":"LineString","coordinates":[[176.0376,-39.0757],[176.0036,-39.1215],[175.9846,-39.269],[176.0322,-39.3219],[176.0084,-39.4136],[176.0429,-39.6586],[175.9247,-39.7084],[175.8127,-39.7734],[175.7806,-39.8395],[175.6836,-39.8787],[175.62,-39.9816],[175.4492,-40.0863],[175.4332,-40.1577],[175.2372,-40.2859]]},"properties":{"name":"Rangitikei","scalerank":6,"min_zoom":5}},
{"type":"Feature","geometry":{"type":"LineString","coordinates":[[172.7062,-42.1199],[172.7604,-42.2325],[172.7966,-42.4385],[172.907,-42.4576],[172.936,-42.3985],[173.1511,-42.3952],[173.2008,-42.3191],[173.3122,-42.2407],[173.597,-42.1335],[173.7869,-42.0117],[173.8597,-41.9955],[173.853,-42.1156],[173.9387,-42.1781]]},"properties":{"name":"Clarence","scalerank":6,"min_zoom":5}},
{"type":"Feature","geometry":{"type":"LineString","coordinates":[[168.219,-45.2081],[168.2525,-45.2762],[168.2061,-45.3758],[168.1169,-45.4776],[168.1576,-45.6121],[168.2101,-45.6549],[168.4221,-45.6978],[168.3271,-45.9526],[168.3104,-46.1003],[168.2604,-46.1892],[168.2953,-46.2406],[168.2524,-46.3864],[168.3275,-46.4762]]},"properties":{"name":"Oreti","scalerank":6,"min_zoom":5}},
{"type":"Feature","geometry":{"type":"LineString","coordinates":[[176.1218,-40.0183],[176.2426,-40.0543],[176.281,-40.1215],[176.1834,-40.2339],[176.0481,-40.2637],[176.0353,-40.3095],[175.908,-40.3919],[175.8135,-40.3637],[175.7656,-40.3027],[175.5125,-40.4217],[175.428,-40.4378],[175.3224,-40.5436],[175.221,-40.4651]]},"properties":{"name":"Manawatu","scalerank":6,"min_zoom":5}},
{"type":"Feature","geometry":{"type":"LineString","coordinates":[[172.822,-41.8019],[172.6197,-41.6972],[172.4384,-41.6901],[172.3656,-41.7943],[172.1495,-41.7724],[171.9422,-41.8467],[171.7707,-41.8581],[171.6032,-41.8077],[171.5941,-41.759]]},"properties":{"name":"Buller","scalerank":6,"min_zoom":5}},
{"type":"Feature","geometry":{"type":"LineString","coordinates":[[175.9866,-38.0807],[175.8703,-38.0614],[175.8025,-38.0093],[175.7932,-37.8716],[175.8381,-37.8373],[175.8517,-37.7259],[175.7582,-37.5867],[175.659,-37.4897],[175.6504,-37.3498],[175.6115,-37.2505]]},"properties":{"name":"Waihou","scalerank":9,"min_zoom":7.1}},
{"type":"Feature","geometry":{"type":"LineString","coordinates":[[176.3014,-39.0789],[176.4003,-39.1727],[176.5226,-39.2127],[176.6225,-39.1907],[176.7296,-39.0479],[176.7962,-39.0218],[177.0401,-39.0039],[177.1841,-39.1021],[177.2086,-39.1457]]},"properties":{"name":"Mohaka","scalerank":6,"min_zoom":5}},
{"type":"Feature","geometry":{"type":"LineString","coordinates":[[172.8494,-42.1445],[172.9231,-42.0767],[172.8922,-41.9792],[172.9445,-41.8084],[173.0397,-41.7311],[173.2295,-41.6436],[173.2884,-41.6359],[173.5727,-41.5295],[173.6768,-41.5265],[173.8838,-41.4491],[173.9701,-41.4414],[174.0625,-41.5063]]},"properties":{"name":"Wairau","scalerank":6,"min_zoom":5}},
{"type":"Feature","geometry":{"type":"LineString","coordinates":[[175.6301,-39.2819],[175.7163,-39.3057],[175.7003,-39.3873],[175.5587,-39.486],[175.4659,-39.4991],[175.4207,-39.5514],[175.4189,-39.7335],[175.36,-39.8334],[175.2898,-39.8727],[175.2624,-39.9726],[175.0968,-40.0389]]},"properties":{"name":"Whangaehu","scalerank":9,"min_zoom":7.1}},
{"type":"Feature","geometry":{"type":"LineString","coordinates":[[171.4604,-42.9366],[171.4583,-42.9799],[171.6002,-43.0212],[171.7988,-43.0119],[171.9615,-43.1176],[171.9339,-43.2194],[172.0005,-43.345],[172.129,-43.4183],[172.3289,-43.4612],[172.5897,-43.4348],[172.7431,-43.39]]},"properties":{"name":"Waimakariri","scalerank":6,"min_zoom":5}},
{"type":"Feature","geometry":{"type":"LineString","coordinates":[[175.442,-38.486],[175.3097,-38.4817],[175.2193,-38.4241],[175.1145,-38.4103],[175.0199,-38.4708],[175.047,-38.5202],[174.938,-38.5507],[174.8585,-38.7077],[174.6348,-38.7006]]},"properties":{"name":"Mokau","scalerank":9,"min_zoom":7.1}},
{"type":"Feature","geometry":{"type":"LineString","coordinates":[[176.1436,-39.1302],[176.2213,-39.2285],[176.2888,-39.243],[176.3309,-39.3784],[176.3182,-39.4913],[176.411,-39.5616],[176.4791,-39.5616],[176.6518,-39.6435],[176.7418,-39.5873],[176.9123,-39.5669],[176.9492,-39.5664]]},"properties":{"name":"Ngaruroro","scalerank":9,"min_zoom":7.1}},
{"type":"Feature","geometry":{"type":"LineString","coordinates":[[172.6567,-42.1111],[172.6615,-42.1917],[172.6002,-42.3428],[172.6067,-42.438],[172.5377,-42.5653],[172.7804,-42.5789],[172.7662,-42.664],[172.8833,-42.6985],[172.9863,-42.6474],[173.1849,-42.7217],[173.2867,-42.7211],[173.3903,-42.7929]]},"properties":{"name":"Waiau","scalerank":9,"min_zoom":7.1}},
{"type":"Feature","geometry":{"type":"LineString","coordinates":[[170.9024,-43.3025],[171.0329,-43.268],[171.0886,-43.3034],[171.3725,-43.2914],[171.5617,-43.3956],[171.6738,-43.5348],[171.8479,-43.6555],[172.0956,-43.7628],[172.232,-43.8963]]},"properties":{"name":"Rakaia","scalerank":9,"min_zoom":7.1}},
{"type":"Feature","geometry":{"type":"LineString","coordinates":[[171.8896,-42.7306],[171.997,-42.695],[172.2308,-42.7027],[172.279,-42.723],[172.3843,-42.8497],[172.5534,-42.7903],[172.7259,-42.8682],[172.8901,-42.8343],[173.1209,-42.8998],[173.1982,-42.8807],[173.3001,-42.9278]]},"properties":{"name":"Hurunui","scalerank":9,"min_zoom":7.1}},
{"type":"Feature","geometry":{"type":"LineString","coordinates":[[175.6198,-39.5238],[175.4813,-39.815],[175.3389,-39.9175],[175.26,-40.0181],[175.1242,-40.0608]]},"properties":{"name":"Turakina","scalerank":9,"min_zoom":7.1}},
{"type":"Feature","geometry":{"type":"LineString","coordinates":[[174.2352,-35.5409],[174.2471,-35.5927],[174.1394,-35.6551],[174.0234,-35.8705],[173.9584,-35.9022],[173.9161,-35.8704]]},"properties":{"name":"Wairoa","scalerank":9,"min_zoom":7.1}},
{"type":"Feature","geometry":{"type":"LineString","coordinates":[[173.1824,-42.19],[173.1901,-42.1514],[173.4432,-41.9853],[173.7221,-41.8473],[173.863,-41.7626],[173.882,-41.7236],[174.179,-41.6052]]},"properties":{"name":"Awatere","scalerank":9,"min_zoom":7.1}},
{"type":"Feature","geometry":{"type":"LineString","coordinates":[[172.1118,-42.4083],[171.9958,-42.4554],[171.9338,-42.3566],[171.7968,-42.3614],[171.6807,-42.29],[171.4636,-42.3585],[171.3582,-42.445],[171.2254,-42.4507]]},"properties":{"name":"Grey","scalerank":9,"min_zoom":7.1}},
{"type":"Feature","geometry":{"type":"LineString","coordinates":[[170.8361,-43.5255],[170.9764,-43.6718],[171.2287,-43.7598],[171.3274,-44.0097],[171.4464,-44.0749],[171.5325,-44.183]]},"properties":{"name":"Rangitata","scalerank":9,"min_zoom":7.1}},
{"type":"Feature","geometry":{"type":"LineString","coordinates":[[176.1629,-39.9135],[176.2492,-39.8687],[176.3577,-39.9358],[176.5198,-39.9865],[176.6668,-39.9737],[176.7261,-39.9244],[176.7389,-39.8338],[176.9317,-39.7088],[176.9545,-39.6093]]},"properties":{"name":"Tukituki","scalerank":9,"min_zoom":7.1}},
{"type":"Feature","geometry":{"type":"LineString","coordinates":[[172.944,-41.6424],[172.9034,-41.625],[172.7937,-41.3502],[172.8179,-41.2229],[173.0434,-41.0724]]},"properties":{"name":"Motueka","scalerank":9,"min_zoom":7.1}},
{"type":"Feature","geometry":{"type":"LineString","coordinates":[[170.1963,-44.5638],[170.4442,-44.6984],[170.5517,-44.79],[170.7666,-44.8693],[171.1725,-44.9533]]},"properties":{"name":"Waitaki","scalerank":9,"min_zoom":7.1}},
{"type":"Feature","geometry":{"type":"LineString","coordinates":[[174.1021,-39.309],[174.395,-39.3488],[174.4526,-39.3864],[174.5231,-39.5172],[174.5654,-39.5367],[174.5521,-39.6619],[174.4774,-39.7214],[174.4872,-39.7734]]},"properties":{"name":"Patea","scalerank":9,"min_zoom":7.1}},
{"type":"Feature","geometry":{"type":"LineString","coordinates":[[167.8858,-45.6454],[168.0424,-45.7463],[168.1785,-45.7839],[168.1328,-45.8424],[168.1066,-46.0661],[168.0024,-46.1236],[168.0771,-46.2421],[168.0181,-46.3164],[168.0585,-46.3612]]},"properties":{"name":"Aparima","scalerank":9,"min_zoom":7.1}},
{"type":"Feature","geometry":{"type":"LineString","coordinates":[[175.7905,-38.9561],[175.875,-38.8509],[176.0513,-38.752],[176.0591,-38.6939]]},"properties":{"name":"Waikato","scalerank":6,"min_zoom":5}},
{"type":"Feature","geometry":{"type":"LineString","coordinates":[[174.833,-37.2917],[175.0378,-37.2791],[175.0909,-37.4131],[175.1538,-37.4566],[175.1638,-37.6569],[175.3458,-37.8446],[175.6571,-37.9554],[175.6324,-38.1237],[175.6699,-38.1858],[175.6849,-38.3058],[175.778,-38.3629],[175.8323,-38.4346],[176.0332,-38.3861],[176.1307,-38.4232],[176.1998,-38.5095],[176.3336,-38.5264],[176.2652,-38.6024],[176.1468,-38.6068],[176.0598,-38.6938]]},"properties":{"name":"Waikato","scalerank":6,"min_zoom":5}},
{"type":"Feature","geometry":{"type":"LineString","coordinates":[[175.7905,-38.9561],[175.8367,-39.1008],[175.8126,-39.1517]]},"properties":{"name":"Tongariro","scalerank":0,"min_zoom":7.2}},
{"type":"Feature","geometry":{"type":"MultiLineString","coordinates":[[[7.6475,44.8391],[7.4511,44.7392],[7.4441,44.6581],[7.3533,44.6391],[7.2741,44.6821],[7.1041,44.7012]],[[7.6475,44.8391],[7.6973,44.9696],[7.6838,45.0986],[7.8711,45.2203],[7.9772,45.204],[8.0639,45.2183],[8.2902,45.2183],[8.3921,45.1631],[8.5732,45.1369],[8.6689,45.0247],[9.053,45.0873],[9.1669,45.1352],[9.3845,45.101],[9.5459,45.0973],[9.6403,45.1259],[9.8994,45.099],[9.9863,45.1285],[10.0717,45.0374],[10.1834,45.0464],[10.4777,44.9232],[10.6011,44.9223],[10.6633,44.9651],[10.7007,45.0594],[10.8176,45.0452],[10.8649,45.0656],[10.8954,45.0582],[10.9362,45.0799],[10.9736,45.0728],[10.9846,45.0799],[11.0635,45.0532],[11.2725,45.0337],[11.4317,44.9376],[11.6062,44.8986],[11.7971,44.9775],[12.0522,44.9798],[12.1567,45.0314],[12.2942,44.9638],[12.5339,44.97]]]},"properties":{"name":"Po","scalerank":6,"min_zoom":5}},
{"type":"Feature","geometry":null,"properties":{"name":"Loire","scalerank":5,"min_zoom":4.7}},
{"type":"Feature","geometry":{"type":"MultiLineString","coordinates":[[[3.0782,46.9851],[3.0111,47.174]],[[4.1906,44.8274],[4.1084,44.7934],[3.9387,44.8773],[3.8941,45.0037],[3.9292,45.191],[4.0497,45.2185],[4.2401,45.4223],[4.2625,45.5697],[4.197,45.6718],[4.1852,45.8147],[4.0401,45.942],[4.1033,46.0657],[4.0769,46.2016],[3.9871,46.3526],[3.9788,46.4626],[3.741,46.5493],[3.7429,46.6102],[3.5999,46.7619],[3.466,46.8352],[3.3656,46.8423],[3.229,46.963],[3.0782,46.9852]]]},"properties":{"name":"Loire","scalerank":5,"min_zoom":4.7}},
{"type":"Feature","geometry":{"type":"MultiLineString","coordinates":[[[12.2948,46.7327],[12.4776,46.746],[12.6919,46.7842],[12.7719,46.8381]],[[12.7719,46.8381],[12.957,46.7627],[13.1394,46.744],[13.3227,46.7742],[13.438,46.826],[13.8589,46.6248],[14.1718,46.5449],[14.4931,46.5829],[14.5933,46.6455],[14.9187,46.6591],[15.0188,46.5987],[15.1855,46.6179],[15.3718,46.5962],[15.4836,46.5474],[15.6037,46.5742],[15.9423,46.3826],[16.1445,46.4071],[16.2512,46.3905],[16.3613,46.3199],[16.8779,46.3141]]]},"properties":{"name":"Drau","scalerank":7,"min_zoom":6}}
]}